iso3,date,depreciation,reserve_growth,emp,emp_crisis_15,emp_crisis_20
ARG,1990-02-28,2.1983914209115283,-0.25901348936857804,18.794091194434326,1,1
ARG,1990-03-31,-0.2196144174350377,0.2371964286172319,-4.273874266060973,0,0
ARG,1990-04-30,0.0751879699248119,0.3563262664429767,-3.4984128825965546,0,0
ARG,1990-05-31,0.0,0.4255982144062045,-4.826283489171008,0,0
ARG,1990-06-30,0.0519480519480519,0.25568103053077507,-2.5247242404269987,0,0
ARG,1990-07-31,0.0341880341880342,-0.05548159957323551,0.8757577459827062,0,0
ARG,1990-08-31,0.1377410468319559,-0.01927689748470407,1.2121187245153109,0,0
ARG,1990-09-30,-0.0944309927360774,0.19185008288201866,-2.85670546351471,0,0
ARG,1990-10-31,-0.0080213903743316,0.0018536094667342962,-0.07887778501820375,0,0
ARG,1990-11-30,-0.0790655884995508,0.16135369359650253,-2.4000465983254133,0,0
ARG,1990-12-31,0.0897560975609756,0.21179870157699843,-1.7543912695604265,0,0
ARG,1991-01-31,0.6866606982990151,-0.10327673172333363,6.124004542137468,1,1
ARG,1991-02-28,0.0594479830148619,-0.13495190816055835,1.9591496407117144,0,0
ARG,1991-03-31,-0.0355711422845691,-0.3392714718762887,3.590765557188884,1,1
ARG,1991-04-30,0.0187012987012986,0.036962385959584454,-0.28426197823104243,0,0
ARG,1991-05-31,0.0101988781234063,0.22052138860547532,-2.4271484547931177,0,0
ARG,1991-06-30,0.006562342251388,0.09340822722818642,-1.0119154195901918,0,0
ARG,1991-07-31,-0.0015045135406218,0.0706987820477567,-0.8125761196399498,0,0
ARG,1991-08-31,0.0005022601707684,-0.04341519987876552,0.49595111531783437,0,0
ARG,1991-09-30,-0.0055220883534136,0.26239894954164145,-3.0154344506923416,0,0
ARG,1991-10-31,0.0,-0.002286112984155819,0.02592451983193716,0,0
ARG,1991-11-30,0.0,0.14469078373153987,-1.6407933983770109,0,0
ARG,1991-12-31,0.0080767289247853,0.2484181255861464,-2.7588043823277157,0,0
ARG,1992-01-31,-0.0080120180270405,0.0058092896164854135,-0.12366759324547255,0,0
ARG,1992-02-29,0.0,-0.035727103419798456,0.4051453307703648,0,0
ARG,1992-03-31,0.0020191822311963,0.11856409075567953,-1.3299524639319593,0,0
ARG,1992-04-30,-0.0020151133501259,0.08577838682862016,-0.9872617573671094,0,0
ARG,1992-05-31,0.0,0.10110981842444011,-1.1465852786431239,0,0
ARG,1992-06-30,0.0,0.013333539866103639,-0.1512023338673135,0,0
ARG,1992-07-31,0.0,0.08038066194804006,-0.9115166569712153,0,0
ARG,1992-08-31,0.0,0.018855837955259913,-0.21382519079626164,0,0
ARG,1992-09-30,0.0,0.0007800253585183992,-0.008845487085053814,0,0
ARG,1992-10-31,0.0,0.03643287746744117,-0.4131488080358318,0,0
ARG,1992-11-30,0.0,-0.04512753282159143,0.5117461943954396,0,0
ARG,1992-12-31,0.0,0.16104887634836218,-1.8262941585741588,0,0
ARG,1993-01-31,0.008884401817264,0.029942542649038728,-0.2754657055378614,0,0
ARG,1993-02-28,0.0002001400980686,0.015895186949785423,-0.17880781051847536,0,0
ARG,1993-03-31,0.0,0.004839578231383701,-0.05488081416240565,0,0
ARG,1993-04-30,-0.0010005002501251,-0.05109534042870878,0.5722045748071962,0,0
ARG,1993-05-31,0.00100150225338,-0.00019127223517323433,0.00939280860070537,0,0
ARG,1993-06-30,-0.0010005002501251,-0.0023832767496743124,0.019809802696649743,0,0
ARG,1993-07-31,0.000200300450676,0.13106823757168118,-1.4848689770022259,0,0
ARG,1993-08-31,0.0008010413537598,0.12797500306306708,-1.4454585879467179,0,0
ARG,1993-09-30,0.0,-0.08070894050938182,0.9152393356545906,0,0
ARG,1993-10-31,0.0,0.014743553067908755,-0.16719188270712643,0,0
ARG,1993-11-30,-0.0010005002501251,0.011178185934706875,-0.13397717578951632,0,0
ARG,1993-12-31,0.0,0.15281237611935583,-1.7328922510514306,0,0
ARG,1994-01-31,0.0,0.0013954032346592538,-0.01582387182137951,0,0
ARG,1994-02-28,0.00100150225338,-0.010769454271555623,0.12934938637645416,0,0
ARG,1994-03-31,0.0,-0.03181558244634153,0.3607886853411069,0,0
ARG,1994-04-30,-0.0010005002501251,-0.030069619961362593,0.33377291766066075,0,0
ARG,1994-05-31,0.0,0.026208532809498974,-0.2972047459136087,0,0
ARG,1994-06-30,0.0,0.0061867872197756135,-0.07015816326080421,0,0
ARG,1994-07-31,0.0,0.04258034731470728,-0.4828611123166002,0,0
ARG,1994-08-31,0.00100150225338,-0.016272947267674365,0.1917589935619418,0,0
ARG,1994-09-30,0.0,-0.03807580901947871,0.43177965082378805,0,0
ARG,1994-10-31,0.0,-0.006305920724533287,0.07150913713136248,0,0
ARG,1994-11-30,-0.0008004002001,-0.004312174667581381,0.043126814732675295,0,0
ARG,1994-12-31,0.0008010413537598,0.10799233223402527,-1.2188551130559695,0,0
ARG,1995-01-31,0.0005002501250623,-0.15897327825023766,1.8063651545083284,0,0
ARG,1995-02-28,0.0,-0.05812287502668512,0.6591133669952512,0,0
ARG,1995-03-31,0.0,-0.2554258425147574,2.8965288967589156,1,0
ARG,1995-04-30,0.0,0.1544885278994783,-1.7518998112054043,0,0
ARG,1995-05-31,0.0,-0.06218361530449068,0.7051621592438941,0,0
ARG,1995-06-30,0.0,0.18523633245424143,-2.1005798959138304,0,0
ARG,1995-07-31,0.0,0.018670305186563096,-0.2117212493135396,0,0
ARG,1995-08-31,0.0,-0.13285250657421976,1.5065473427061264,0,0
ARG,1995-09-30,0.0,0.1667905605878368,-1.8914048543125614,0,0
ARG,1995-10-31,0.0,-0.05754771507681877,0.6525910535181018,0,0
ARG,1995-11-30,0.0,0.0021267650101770563,-0.024117513905186395,0,0
ARG,1995-12-31,0.0,0.35358814156350205,-4.00968930749751,0,0
ARG,1996-01-31,0.0,-0.0882848496775509,1.00115014095439,0,0
ARG,1996-02-29,0.0,0.05767644091727431,-0.6540508044695643,0,0
ARG,1996-03-31,0.0,0.04678841297194136,-0.5305805742772008,0,0
ARG,1996-04-30,-0.0004999999999999,-0.038351051039275275,0.4312944222090555,0,0
ARG,1996-05-31,0.0,0.010292739690310526,-0.11671966174714436,0,0
ARG,1996-06-30,0.0,0.1171816973882176,-1.328840376191069,0,0
ARG,1996-07-31,0.0,-0.0832987331605124,0.9446075827229357,0,0
ARG,1996-08-31,0.0,0.01864284913989911,-0.21140989776128466,0,0
ARG,1996-09-30,0.0,0.03935502425631188,-0.4462859508213989,0,0
ARG,1996-10-31,0.0,-0.07803727488580647,0.8849426491291608,0,0
ARG,1996-11-30,0.0,0.063007292522272,-0.7145026583860972,0,0
ARG,1996-12-31,0.0,0.21586432153094726,-2.4479012731749012,0,0
ARG,1997-01-31,0.0,-0.027797068795684443,0.3152187430183135,0,0
ARG,1997-02-28,0.0,0.06449249919109534,-0.7313449010955729,0,0
ARG,1997-03-31,0.0,-0.06925514490162865,0.7853533005189304,0,0
ARG,1997-04-30,0.0,-0.008643128042728265,0.09801306667982637,0,0
ARG,1997-05-31,0.0,0.10570498827297792,-1.198694501894628,0,0
ARG,1997-06-30,0.0,0.03270745686883725,-0.37090254074275747,0,0
ARG,1997-07-31,0.0,-0.00486294995150649,0.055145849454199626,0,0
ARG,1997-08-31,0.0,0.009585621795138444,-0.10870094525152217,0,0
ARG,1997-09-30,0.0,-0.023608894834446725,0.2677248528780572,0,0
ARG,1997-10-31,0.0,0.012401535588250523,-0.14063340593063262,0,0
ARG,1997-11-30,0.0,0.017925505648857865,-0.2032752230148058,0,0
ARG,1997-12-31,0.0,0.1184666214409269,-1.3434114141571982,0,0
ARG,1998-01-31,0.0,-0.05556177243195359,0.6300704651487966,0,0
ARG,1998-02-28,0.0,0.020436552051990686,-0.23175048767936898,0,0
ARG,1998-03-31,0.0,-0.021169192138395854,0.24005862580785106,0,0
ARG,1998-04-30,0.0,0.010343504662478686,-0.11729533650025686,0,0
ARG,1998-05-31,0.0,0.05157460879778353,-0.5848560319936523,0,0
ARG,1998-06-30,0.0,0.01783230754486098,-0.20221835657289705,0,0
ARG,1998-07-31,0.0,-0.011921894369869568,0.13519427480968182,0,0
ARG,1998-08-31,0.0,0.08284407256724013,-0.9394517318753278,0,0
ARG,1998-09-30,0.0,-0.016203772931767668,0.18375077506369894,0,0
ARG,1998-10-31,0.0,-0.05213556268913322,0.5912172487759749,0,0
ARG,1998-11-30,0.0,0.009734084924971853,-0.11038451705237039,0,0
ARG,1998-12-31,0.0,0.07907946645498476,-0.8967611008815868,0,0
ARG,1999-01-31,0.0,-0.03592522316465985,0.4073920085550387,0,0
ARG,1999-02-28,0.0,0.010509980400918995,-0.1191831712716104,0,0
ARG,1999-03-31,0.0,0.010688581024345112,-0.12120850223123332,0,0
ARG,1999-04-30,0.0,-0.027781596275868403,0.31504328465313164,0,0
ARG,1999-05-31,0.0,-0.013339160059292476,0.15126606685461252,0,0
ARG,1999-06-30,0.0,-0.017000752954914544,0.19278852803519456,0,0
ARG,1999-07-31,0.0,0.051626864799102945,-0.5854486150164215,0,0
ARG,1999-08-31,0.0,-0.008664252268566486,0.09825261538781793,0,0
ARG,1999-09-30,0.0,-0.09159466391429305,1.0386834323599916,0,0
ARG,1999-10-31,0.0,0.02913414497221889,-0.33038118603649086,0,0
ARG,1999-11-30,0.0,0.09349757561126282,-1.0602624498313151,0,0
ARG,1999-12-31,0.0,0.07187763199857433,-0.815092302582677,0,0
ARG,2000-01-31,0.0,-0.07473535721405966,0.8474989047657415,0,0
ARG,2000-02-29,0.0,0.014913848802149632,-0.16912303622850505,0,0
ARG,2000-03-31,0.0,-0.0031647704252948383,0.03588849467314522,0,0
ARG,2000-04-30,0.0,0.004003809420956017,-0.045403196367042035,0,0
ARG,2000-05-31,0.0,-0.045818092951594336,0.5195771458442439,0,0
ARG,2000-06-30,0.0,0.09074329247033752,-1.0290288807100345,0,0
ARG,2000-07-31,0.0,0.01682714733155355,-0.19081984037323288,0,0
ARG,2000-08-31,0.0,-0.05655536892908941,0.6413378488141986,0,0
ARG,2000-09-30,0.0,0.009481911433212753,-0.10752486981117697,0,0
ARG,2000-10-31,0.0,-0.06516846181071878,0.7390103167856671,0,0
ARG,2000-11-30,0.0,-0.03476848602970872,0.394274610157316,0,0
ARG,2000-12-31,0.0,0.1206927894886538,-1.3686561584469614,0,0
ARG,2001-01-31,0.0,0.011512232877153306,-0.13054871373465674,0,0
ARG,2001-02-28,0.0,-0.0027668146334709487,0.031375676239028184,0,0
ARG,2001-03-31,0.0,-0.1358767092381351,1.5408417990518268,0,0
ARG,2001-04-30,0.0,-0.06290967756284471,0.7133957048063287,0,0
ARG,2001-05-31,0.0,-0.016477110939985273,0.18685042790849313,0,0
ARG,2001-06-30,0.0,0.043337279504801485,-0.49144472288595054,0,0
ARG,2001-07-31,0.0,-0.20773089480569096,2.3556682191211986,1,0
ARG,2001-08-31,0.0,-0.13771180596559607,1.5616517948106987,0,0
ARG,2001-09-30,0.0,0.42750613290427464,-4.8479192837637255,0,0
ARG,2001-10-31,0.0,-0.12156699152043737,1.3785696089488235,0,0
ARG,2001-11-30,0.0,-0.18459404680788016,2.093296377079782,0,0
ARG,2001-12-31,0.0,-0.0115605843251263,0.13109701912488295,0,0
ARG,2002-01-31,0.4007003501750874,-0.05502057415463146,3.5141632246687196,1,1
ARG,2002-02-28,0.5000000000000002,0.010920805216506846,3.4826310252325428,1,1
ARG,2002-03-31,0.4047619047619049,-0.07809833323027415,3.805160771871,1,1
ARG,2002-04-30,-0.0067796610169491,-0.046517205346922164,0.47860375184558385,0,0
ARG,2002-05-31,0.2116040955631397,-0.16463895725548994,3.3932945672206625,1,1
ARG,2002-06-30,0.0563380281690142,-0.054982575782240084,1.0298655247553128,0,0
ARG,2002-07-31,-0.0266666666666667,-0.06689509473571864,0.5662451091095931,0,0
ARG,2002-08-31,-0.0191780821917807,0.013280793735887864,-0.28893466208518137,0,0
ARG,2002-09-30,0.0307262569832402,0.032326728500426505,-0.14495825197082823,0,0
ARG,2002-10-31,-0.0596205962059619,0.05075540310531035,-1.0056063748644744,0,0
ARG,2002-11-30,0.0345821325648414,0.014860000606750301,0.08092665354745068,0,0
ARG,2002-12-31,-0.075208913649025,0.04461801927022413,-1.048446136333847,0,0
ARG,2003-01-31,-0.0481927710843372,-0.11044776419790925,0.9048657273918796,0,0
ARG,2003-02-28,-0.0063291139240506,0.10316743524114491,-1.2155702084017421,0,0
ARG,2003-03-31,-0.0668789808917197,0.02385621500699342,-0.7529239344559786,0,0
ARG,2003-04-30,-0.0546075085324232,0.04362430985457655,-0.8885806516165755,0,0
ARG,2003-05-31,0.0108303249097472,0.03518714709174797,-0.320903678696859,0,0
ARG,2003-06-30,-0.0178571428571427,0.07005538764731933,-0.9232306581070553,0,0
ARG,2003-07-31,0.0436363636363636,0.10676318941336826,-0.8959477720226059,0,0
ARG,2003-08-31,0.0125435540069687,0.008369195768931137,-0.004430698426267074,0,0
ARG,2003-09-30,-0.0141087405368203,-0.012308068317338439,0.03780790493644845,0,0
ARG,2003-10-31,-0.0174520069808028,-0.038350335738067454,0.3090124014563792,0,0
ARG,2003-11-30,0.0444049733570159,0.046408977765099335,-0.20598710878048215,0,0
ARG,2003-12-31,-0.0119047619047619,0.04731791550436393,-0.6224535362319948,0,0
ARG,2004-01-31,0.0010327022375216,0.03843557620400828,-0.42841058510536445,0,0
ARG,2004-02-29,-0.0017193947730398,-0.0018243136678942617,0.008285814392519552,0,0
ARG,2004-03-31,-0.0217016879090596,-0.0029428878585674445,-0.12316075430881598,0,0
ARG,2004-04-30,-0.0070422535211267,0.05038135551571821,-0.6221199341673311,0,0
ARG,2004-05-31,0.0425531914893617,0.05318044003196998,-0.29613228914387824,0,0
ARG,2004-06-30,-0.0006802721088434,0.04601746071249657,-0.5267447420479556,0,0
ARG,2004-07-31,0.0074880871341047,0.02890653194920234,-0.27378888710801846,0,0
ARG,2004-08-31,0.0057432432432431,-0.0032195761995666983,0.0779356949197699,0,0
ARG,2004-09-30,-0.0053745381256298,0.00814771926752167,-0.13116138420818518,0,0
ARG,2004-10-31,-0.0037149611617696,0.02021846114970094,-0.2560731508596788,0,0
ARG,2004-11-30,-0.0088135593220339,0.01830161765706073,-0.27111205952639245,0,0
ARG,2004-12-31,0.0119699042407661,0.038664681423264735,-0.35211919181125634,0,0
ARG,2005-01-31,-0.0185873605947956,0.027414729742422317,-0.4449526447712725,0,0
ARG,2005-02-28,0.0048209366391185,0.03244434330093493,-0.3331456778828301,0,0
ARG,2005-03-31,-0.0071967100753942,-0.022212634761185956,0.19998178408055736,0,0
ARG,2005-04-30,-0.0024162927166032,0.028304570031413068,-0.3384023953606023,0,0
ARG,2005-05-31,-0.0093425605536332,0.061439297741408216,-0.7641089823715597,0,0
ARG,2005-06-30,0.0013971358714635,0.042385026344582855,-0.47056870718085425,0,0
ARG,2005-07-31,-0.0090687129403557,0.09268089983111749,-1.1164134828028367,0,0
ARG,2005-08-31,0.0175994368180216,0.005657678845970349,0.06278571099906749,0,0
ARG,2005-09-30,-0.0003459010722932,0.012073578672017193,-0.1394093404235563,0,0
ARG,2005-10-31,0.0318339100346021,0.03822627505816656,-0.2038696647664179,0,0
ARG,2005-11-30,-0.0120724346076458,-0.0031423910930600263,-0.051443104638633844,0,0
ARG,2005-12-31,0.0224032586558045,0.05961064174701036,-0.514391148034399,0,0
ARG,2006-01-31,0.0116201859229747,-0.31288887084414785,3.6319753750158044,1,1
ARG,2006-02-28,0.002297341647522,0.04650666091402256,-0.5108149050981485,0,0
ARG,2006-03-31,0.0026195153896528,0.050207181934766254,-0.5504549894214568,0,0
ARG,2006-04-30,-0.0111038536903983,0.034930393341811916,-0.4762021349196248,0,0
ARG,2006-05-31,0.0122192866578598,0.08403789604029499,-0.8648526357328783,0,0
ARG,2006-06-30,0.000326264274062,0.060132853966306854,-0.6795532003745979,0,0
ARG,2006-07-31,-0.004566210045662,0.028430672603328322,-0.3553396358309451,0,0
ARG,2006-08-31,0.0081913499344692,0.04629433487335266,-0.4658939650238663,0,0
ARG,2006-09-30,0.0022749431264219,0.02626175537537878,-0.281399248082987,0,0
ARG,2006-10-31,-0.004863813229572,0.03806027356146857,-0.46668590042882185,0,0
ARG,2006-11-30,-0.0068426197458455,0.04276282656894259,-0.5342858729836099,0,0
ARG,2006-12-31,-0.0019685039370079,0.05906172039902868,-0.6839585853394751,0,0
ARG,2007-01-31,0.0147928994082842,0.05410913628310987,-0.5068971889897927,0,0
ARG,2007-02-28,-0.0022675736961451,0.03574804196160675,-0.4217386602145862,0,0
ARG,2007-03-31,0.0,0.05663267824207652,-0.642214536375845,0,0
ARG,2007-04-30,-0.0032467532467532,0.049037323375847874,-0.5795018723893013,0,0
ARG,2007-05-31,-0.0042345276872963,0.0537290486650277,-0.6398307978785698,0,0
ARG,2007-06-30,0.0052338894340857,0.0651624581882495,-0.7011904743794832,0,0
ARG,2007-07-31,0.0091116173120728,0.02415925009748987,-0.20824427849462748,0,0
ARG,2007-08-31,0.0112866817155756,-0.02408647419755372,0.3545508271587586,0,0
ARG,2007-09-30,-0.0019132653061225,-0.009149617506996277,0.08995637774848932,0,0
ARG,2007-10-31,-0.0025559105431309,0.0005310653941266175,-0.024457925713329928,0,0
ARG,2007-11-30,0.0009609224855862,0.04551865214684225,-0.5092504054008566,0,0
ARG,2007-12-31,0.0012799999999999,0.02748910415212613,-0.30249385339895946,0,0
ARG,2008-01-31,0.0028763183125599,0.029788529103814243,-0.31705517330792327,0,0
ARG,2008-02-29,0.0009560229445506,0.033080975084268216,-0.3682424952980821,0,0
ARG,2008-03-31,0.0022285896211398,0.026738706560170078,-0.2871422195505319,0,0
ARG,2008-04-30,-0.0012706480304955,-0.0029017613454377367,0.023740856368554768,0,0
ARG,2008-05-31,-0.0206743002544529,-0.0347321342384983,0.24473977162572566,0,0
ARG,2008-06-30,-0.0240337772003897,-0.02392030757136432,0.09790193842013983,0,0
ARG,2008-07-31,0.0063227953410982,0.0007894800060859186,0.03665327794516681,0,0
ARG,2008-08-31,-0.0046296296296297,-0.007575422910336305,0.05251202308386897,0,0
ARG,2008-09-30,0.0348837209302326,-0.0004906834615903133,0.25717874198887436,0,0
ARG,2008-10-31,0.0812199036918137,-0.04502467814401001,1.0964145936920355,0,0
ARG,2008-11-30,-0.0044536817102136,0.02467368121826019,-0.31192369504308637,0,0
ARG,2008-12-31,0.0238592305398148,0.007061015878056631,0.09202342337594831,0,0
ARG,2009-01-31,0.0101951645790854,0.013601079636785363,-0.08069906415841992,0,0
ARG,2009-02-28,0.0227797001153402,-0.00037629531849914244,0.16857593321463302,0,0
ARG,2009-03-31,0.0431350436989004,-0.011375154059702575,0.44012497659417205,0,0
ARG,2009-04-30,-0.0016216216216217,-0.0028711273346715416,0.02086191318045539,0,0
ARG,2009-05-31,0.0094748240389821,0.00245394920291675,0.04051361074946274,0,0
ARG,2009-06-30,0.0128720836685438,-0.011364077968834985,0.22171428027832213,0,0
ARG,2009-07-31,0.0087370929308974,0.0018397030545418414,0.04215794712275975,0,0
ARG,2009-08-31,0.005511811023622,0.03038935797666431,-0.3048589060129524,0,0
ARG,2009-09-30,-0.0020882276168102,0.010491598110511369,-0.13403698893522975,0,0
ARG,2009-10-31,-0.0062777923097043,0.0169074837717762,-0.23701223185292747,0,0
ARG,2009-11-30,-0.0021058173203474,0.013490159834247839,-0.16816755061509703,0,0
ARG,2009-12-31,-0.0029016090741229,-0.034377996338225913,0.36891730802384376,0,0
ARG,2010-01-31,0.0132275132275132,0.0035870940016109465,0.054731693524195824,0,0
ARG,2010-02-28,0.010443864229765,-0.009258963323094616,0.18032766604892198,0,0
ARG,2010-03-31,-0.0031007751937984,-0.007248873542835876,0.059836497791175156,0,0
ARG,2010-04-30,0.0025920165889061,0.012387436889225167,-0.12177745126645201,0,0
ARG,2010-05-31,0.0105997931747672,0.01704199944797047,-0.11680052852746482,0,0
ARG,2010-06-30,0.0005116398055768,0.008773859589760624,-0.09580513210507055,0,0
ARG,2010-07-31,0.0023012017386856,0.04176036356238533,-0.4569640534258715,0,0
ARG,2010-08-31,0.0025510204081633,-0.01786669009120123,0.2210086268193559,0,0
ARG,2010-09-30,0.0025445292620864,0.01615826184212077,-0.16488112742847588,0,0
ARG,2010-10-31,-0.0007614213197969,0.013798540881794885,-0.16196753588506588,0,0
ARG,2010-11-30,0.0078740157480314,-0.005206327453191828,0.11583459971271057,0,0
ARG,2010-12-31,-0.0030241935483871,0.0036863599708480965,-0.06361666425197478,0,0
ARG,2011-01-31,0.0080889787664306,0.010920102501664086,-0.06548858941838936,0,0
ARG,2011-02-28,0.0055165496489468,-0.007809298440682899,0.1283480136750876,0,0
ARG,2011-03-31,0.0059850374064838,-0.021183668200525085,0.28339253536185044,0,0
ARG,2011-04-30,0.0064452156668319,0.008826022803281708,-0.05359810123752179,0,0
ARG,2011-05-31,0.0024630541871923,0.0030538493551202084,-0.01686477320638851,0,0
ARG,2011-06-30,0.0049140049140048,-0.00732256034169021,0.11848228135731537,0,0
ARG,2011-07-31,0.008557457212714,0.00018574695816120368,0.05961810551993258,0,0
ARG,2011-08-31,0.0133333333333331,-0.04582828925655458,0.6158653839271384,0,0
ARG,2011-09-30,0.0011961722488038,-0.030787380783076967,0.3577568048300132,0,0
ARG,2011-10-31,0.0074074074074075,-0.028029645021282024,0.37128538615715834,0,0
ARG,2011-11-30,0.0106736242884251,-0.03431361105859976,0.4661046028072464,0,0
ARG,2011-12-31,0.0053977939450833,0.0151352026155398,-0.13269919263442065,0,0
ARG,2012-01-31,0.0077030812324931,-0.002082643737993939,0.07917908689384857,0,0
ARG,2012-02-29,0.0088024090803799,0.001966409190801155,0.04119222146820725,0,0
ARG,2012-03-31,0.0009184845005738,0.017184898913729096,-0.18825176408270358,0,0
ARG,2012-04-30,0.0087175957788483,0.013057016325313864,-0.08518701036014328,0,0
ARG,2012-05-31,0.0122811007505114,-0.015166709375787568,0.26057339027531384,0,0
ARG,2012-06-30,0.0166254774208045,-0.016110425904455328,0.30261088901810784,0,0
ARG,2012-07-31,0.011049723756906,0.010388083198636044,-0.03809979741182809,0,0
ARG,2012-08-31,0.0093989071038251,-0.04135923153556631,0.5368074685860476,0,0
ARG,2012-09-30,0.0127760935469898,-0.007196138547342357,0.17375747825267127,0,0
ARG,2012-10-31,0.0147530468248879,0.008788621539232988,0.006749965757489179,0,0
ARG,2012-11-30,0.0187526337968815,-0.001555277435634994,0.15289857820861125,0,0
ARG,2012-12-31,0.0130299896587382,-0.0449677407895821,0.6039187633280688,0,0
ARG,2013-01-31,0.0136790526745611,-0.018810641877229695,0.3119789341947955,0,0
ARG,2013-02-28,0.0122860020140986,-0.018740628534189674,0.3011369838789268,0,0
ARG,2013-03-31,0.0151213688818145,-0.03128335457425113,0.46382283726767143,0,0
ARG,2013-04-30,0.0143081144649155,-0.017662792430077956,0.30349971083239796,0,0
ARG,2013-05-31,0.0171980676328502,-0.022069879145747096,0.37432114732492294,0,0
ARG,2013-06-30,0.0210866261398174,-0.03432455076479923,0.5413370780724169,0,0
ARG,2013-07-31,0.0204651162790698,-0.0038360666800184573,0.1911147703323665,0,0
ARG,2013-08-31,0.0304466727438468,-0.017649317164366796,0.41975344908648365,0,0
ARG,2013-09-30,0.0217622080679404,-0.05122665167125784,0.7378798278370062,0,0
ARG,2013-10-31,0.0202597402597402,-0.04698580113411377,0.6789513663424066,0,0
ARG,2013-11-30,0.0388662593346911,-0.07568742347403656,1.1386355614574009,0,0
ARG,2013-12-31,0.0620813592550235,-0.003755176947064176,0.4903731899289934,0,0
ARG,2014-01-31,0.2136594370096907,-0.10299761010543695,2.709106795172622,1,0
ARG,2014-02-28,-0.0083650190114068,-0.014256731613132345,0.10133489813381709,0,0
ARG,2014-03-31,0.016359918200409,-0.01850354760084638,0.3278334232910902,0,0
ARG,2014-04-30,0.0,0.04869822465762019,-0.5522378376162342,0,0
ARG,2014-05-31,0.0098088531187121,0.017220134424468014,-0.1245255868851349,0,0
ARG,2014-06-30,0.0066002490660026,0.021086058198998225,-0.1915086475511859,0,0
ARG,2014-07-31,0.0107633304466163,-0.006568587969982276,0.15212310374087776,0,0
ARG,2014-08-31,0.0221542227662179,-0.015526510842867491,0.3358678336470125,0,0
ARG,2014-09-30,0.0034726380074241,-0.02189286679736202,0.2733130460701694,0,0
ARG,2014-10-31,0.0077565632458234,0.011820671813203898,-0.07809874002267722,0,0
ARG,2014-11-30,0.0041444641799881,0.03146686912529639,-0.32694048058336217,0,0
ARG,2014-12-31,0.0035377358490564,0.09249559501430427,-1.023382493193761,0,0
ARG,2015-01-31,0.009988249118684,-0.004045119015149479,0.11791634766174142,0,0
ARG,2015-02-28,0.0098894706224548,0.004271951073623104,0.02288829402958286,0,0
ARG,2015-03-31,0.0103686635944699,0.0031242548687755445,0.03935956126798003,0,0
ARG,2015-04-30,0.0102622576966933,0.08297594486833693,-0.8669260541173984,0,0
ARG,2015-05-31,0.0095936794582394,-0.019793524255533712,0.29365724377138763,0,0
ARG,2015-06-30,0.0106204583566236,0.019283176768453147,-0.14206642112230194,0,0
ARG,2015-07-31,0.0116150442477875,0.0071852233395075515,0.0022982575340303735,0,0
ARG,2015-08-31,0.0114816839803171,-0.012675114470156124,0.22655255566601257,0,0
ARG,2015-09-30,0.0135135135135135,-0.009709668014774464,0.2075798711884722,0,0
ARG,2015-10-31,0.0138666666666666,-0.2047360232296871,2.42172589376491,1,0
ARG,2015-11-30,0.0147290899526564,-0.04891284131411067,0.660911719343342,0,0
ARG,2015-12-31,0.3582166925868326,-0.002001722570351805,2.606497156576643,1,0
ARG,2016-01-31,0.0519083969465647,0.18980040532112308,-1.7779240205165312,0,0
ARG,2016-02-29,0.1393323657474601,-0.06853718930047226,1.7822085006047705,0,0
ARG,2016-03-31,-0.0700636942675159,0.04401564090237553,-1.004502976974591,0,0
ARG,2016-04-30,-0.0205479452054794,0.17376157366624212,-2.118667355436401,0,0
ARG,2016-05-31,-0.020979020979021,-0.12786205239094006,1.298635051999799,0,0
ARG,2016-06-30,0.0714285714285714,0.005853748954514071,0.44882891184206375,0,0
ARG,2016-07-31,0.0,0.07021685829834756,-0.7962591298452467,0,0
ARG,2016-08-31,-0.0066666666666665,-0.043833243201944816,0.4489826449105479,0,0
ARG,2016-09-30,0.0268456375838925,-0.04277290931721678,0.6786808968317863,0,0
ARG,2016-10-31,-0.0065359477124183,0.27399229821463367,-3.1542159302078594,0,0
ARG,2016-11-30,0.0460526315789473,0.0032462749375812283,0.2953623843079855,0,0
ARG,2016-12-31,0.0,0.03997236060576026,-0.4532865446438254,0,0
BRA,1990-02-28,0.7278213298741065,-0.024288210595244553,6.35792263417349,1,1
BRA,1990-03-31,0.3892153022610041,-0.20568580922826618,6.2335310897124305,1,1
BRA,1990-04-30,0.2040178571466329,0.2539704096149793,-2.052415456871848,0,0
BRA,1990-05-31,0.0775910856107933,0.13489762158149698,-1.3438773844570537,0,0
BRA,1990-06-30,0.1050906390927128,0.02080578317793602,0.5605174013951377,0,0
BRA,1990-07-31,0.1305758578849682,0.031253261795596066,0.6170140523212085,0,0
BRA,1990-08-31,0.038904189013013,-0.009850219824168116,0.4656018320767841,0,0
BRA,1990-09-30,0.1750844099688873,-0.057892992149747635,2.2948327271612783,1,0
BRA,1990-10-31,0.26984315448433,-0.03249008766977257,2.702566788615765,1,0
BRA,1990-11-30,0.3530621785879739,-0.136559864052189,4.918990582574789,1,1
BRA,1990-12-31,0.2235505493739977,0.1661937255926491,-0.6006578130919267,0,0
BRA,1991-01-31,0.2433073534404242,-0.014065527172256842,2.212858915273809,0,0
BRA,1991-02-28,0.0149450349769479,0.03447556237850602,-0.3837268804882355,0,0
BRA,1991-03-31,0.0693729579739241,-0.14060801949698198,2.639542225374077,1,0
BRA,1991-04-30,0.0912401121670956,0.059828047492134884,-0.1274815583894845,0,0
BRA,1991-05-31,0.0919341847881995,0.1103718066622068,-0.8649804984360686,0,0
BRA,1991-06-30,0.096663154197732,0.07233518299629771,-0.2666807620877951,0,0
BRA,1991-07-31,0.1100185766446377,-0.03318088919591977,1.3949953298414828,0,0
BRA,1991-08-31,0.1361629685201271,-0.09304495099908494,2.490823861353296,1,0
BRA,1991-09-30,0.1807446160098209,-0.14537308035730423,3.627852532554728,1,1
BRA,1991-10-31,0.3873486331278539,0.04053222662106859,2.5976238923436523,1,0
BRA,1991-11-30,0.3029053362687943,0.003716293551846439,2.442762179203908,1,0
BRA,1991-12-31,0.2717753450736255,0.21646393760583083,-0.942250785025252,0,0
BRA,1992-01-31,0.2345153443115217,0.2435294287756804,-1.6474387500077166,0,0
BRA,1992-02-29,0.2360074273370154,0.22065825700927877,-1.298827264556283,0,0
BRA,1992-03-31,0.2189962289603355,0.2031272464430447,-1.1812970031418437,0,0
BRA,1992-04-30,0.2052816901408707,0.09275845535553318,0.3285482488616638,0,0
BRA,1992-05-31,0.1890572179792673,0.12939338799988964,-0.3439189744135236,0,0
BRA,1992-06-30,0.2097504475097613,0.0792699321436976,0.563734665863928,0,0
BRA,1992-07-31,0.2198914904111275,0.046882802772342025,1.1235830524025687,0,0
BRA,1992-08-31,0.2203301146363405,0.01847591806643334,1.5449089038984987,0,0
BRA,1992-09-30,0.2473202104853256,-0.054048736193045954,2.8338780074744503,1,0
BRA,1992-10-31,0.2553281250000108,0.09965025443658582,0.6398329373428453,0,0
BRA,1992-11-30,0.2384585703438944,0.015925175437829564,1.7318826998925518,0,0
BRA,1992-12-31,0.2449873868079113,-0.03248541048153475,2.49756598498448,1,0
BRA,1993-01-31,0.2690211907164554,-0.01871695294726894,2.4932625565320605,1,0
BRA,1993-02-28,0.2632315521628563,-0.02296322027107789,2.50796716777818,1,0
BRA,1993-03-31,0.2650317252492586,-0.028999512904404945,2.6115700767420473,1,0
BRA,1993-04-30,0.2845030054536193,0.016992824083734703,2.095812815773543,0,0
BRA,1993-05-31,0.2923019709929353,0.06622682403977675,1.4361520122726574,0,0
BRA,1993-06-30,0.3030215827338129,0.01743522819785981,2.241990333772602,0,0
BRA,1993-07-31,0.3095001472320355,0.05491539504723053,1.7442774391829152,0,0
BRA,1993-08-31,0.3302601436341399,0.04718719620930134,2.02907987069664,0,0
BRA,1993-09-30,0.3530617419600219,-0.006692029566753854,3.009343466351347,1,1
BRA,1993-10-31,0.3586319981260251,0.07967666840793552,1.7852595697871305,0,0
BRA,1993-11-30,0.3562068965517238,0.07070076348345244,1.8972513041127532,0,0
BRA,1993-12-31,0.381917959149076,0.03769120502547274,2.5946246551204113,1,0
BRA,1994-01-31,0.4064795081338912,0.10151922512149625,1.8585708175617737,0,0
BRA,1994-02-28,0.3898094449047189,0.030511358642568487,2.7652649147429185,1,0
BRA,1994-03-31,0.4328104165032571,0.04767540123455549,2.867412470664687,1,0
BRA,1994-04-30,0.4258358013674999,0.0036983186850332306,3.4565694972897236,1,1
BRA,1994-05-31,0.4399898639309514,0.08275473674824863,2.4107813096501958,1,0
BRA,1994-06-30,0.4664554970750871,0.034821985005947464,3.333814299211998,1,1
BRA,1994-07-31,-0.06,0.004348337505851507,-0.5586310774041192,0,0
BRA,1994-08-31,-0.0542553191489361,-0.0047184555224154545,-0.3779442628351215,0,0
BRA,1994-09-30,-0.0404949381327334,0.008854772488313234,-0.46407974661485407,0,0
BRA,1994-10-31,-0.0082063305978897,-0.012599749905669144,0.117613262214253,0,0
BRA,1994-11-30,-0.0011820330969266,-0.02199905144216019,0.31373969797041334,0,0
BRA,1994-12-31,0.0011834319526626,-0.07710507671541278,1.1435499714489672,0,0
BRA,1995-01-31,-0.0047281323877068,-0.013498654796124554,0.15950843838955964,0,0
BRA,1995-02-28,0.0118764845605701,-0.008405484991040213,0.2215183905397632,0,0
BRA,1995-03-31,0.0516431924882629,-0.11893656359943894,2.174694755184361,0,0
BRA,1995-04-30,0.0189732142857144,-0.058715051408231744,1.0198076213373195,0,0
BRA,1995-05-31,-0.0076670317634173,0.05832894501916486,-0.9209123571516155,0,0
BRA,1995-06-30,0.0176600441501104,-0.007376934713182015,0.2540786276295365,0,0
BRA,1995-07-31,0.0151843817787418,0.25906741115719756,-3.684267704945613,0,0
BRA,1995-08-31,0.0160256410256409,0.14413745802018996,-1.9873424338912753,0,0
BRA,1995-09-30,0.003154574132492,0.02174219747575412,-0.29369948385073386,0,0
BRA,1995-10-31,0.0083857442348007,0.01997855799470183,-0.22463581804325028,0,0
BRA,1995-11-30,0.0051975051975052,0.03252914277466834,-0.43547262625434363,0,0
BRA,1995-12-31,0.0062047569803516,0.013767135333837999,-0.15128176907102192,0,0
BRA,1996-01-31,0.0061664953751283,0.03504835143904517,-0.46452719098803424,0,0
BRA,1996-02-29,0.0051072522982635,0.04293277696441833,-0.5891971423793093,0,0
BRA,1996-03-31,0.0033536382113821,-0.0016113270386567402,0.051344020054215456,0,0
BRA,1996-04-30,0.0052669098605675,0.01934102082129896,-0.24097545866545672,0,0
BRA,1996-05-31,0.0059445843828713,0.04757589079442148,-0.6505682033879447,0,0
BRA,1996-06-30,0.0060096153846154,0.012963778908035906,-0.14107771528825516,0,0
BRA,1996-07-31,0.0067702110712863,-0.00791107089613241,0.1721478220202454,0,0
BRA,1996-08-31,0.0056368670886073,0.000944712535376091,0.032583573047758926,0,0
BRA,1996-09-30,0.0045235519716788,-0.014320009846645498,0.2478647978454167,0,0
BRA,1996-10-31,0.0050905531081741,-0.0031147649454433823,0.08777194467380514,0,0
BRA,1996-11-30,0.0063309632804129,0.02976056281586592,-0.38541681113170195,0,0
BRA,1996-12-31,0.0060007742934573,0.0023186099691105966,0.015381437277429931,0,0
BRA,1997-01-31,0.006349817202232,-0.016706039218713276,0.2980074818042456,0,0
BRA,1997-02-28,0.0052581261950286,0.0056631231793027315,-0.03992102802048441,0,0
BRA,1997-03-31,0.0074179743223963,-0.007860986193809816,0.17675206034787497,0,0
BRA,1997-04-30,0.004248088360238,-0.054372367172601854,0.8345441301007637,0,0
BRA,1997-05-31,0.007426207933822,0.0614064830108112,-0.8417245926195216,0,0
BRA,1997-06-30,0.0048521041336193,-0.028294033139964925,0.45605489520517484,0,0
BRA,1997-07-31,0.0060358436252205,0.05341893643139284,-0.7357349368392525,0,0
BRA,1997-08-31,0.0075687649990769,0.04830002522359256,-0.6478251265431725,0,0
BRA,1997-09-30,0.0043972150971052,-0.01841581107629675,0.3070499400053994,0,0
BRA,1997-10-31,0.0061109084275812,-0.1351579482232027,2.0378155844207537,0,0
BRA,1997-11-30,0.0060737920406126,-0.03253117231970526,0.5284326028699343,0,0
BRA,1997-12-31,0.0059470174806273,0.00607601471305852,-0.0403125937815593,0,0
BRA,1998-01-31,0.0065388749552131,0.02629120482973457,-0.3326873845207586,0,0
BRA,1998-02-28,0.0059624454925693,0.08358898894747502,-1.1799760821543865,0,0
BRA,1998-03-31,0.0061924982307146,0.1850311614353919,-2.6697372762052294,0,0
BRA,1998-04-30,0.0060664673817478,0.08947908944330707,-1.265729508398295,0,0
BRA,1998-05-31,0.0054181595735383,-0.02468545597494054,0.4076595593565404,0,0
BRA,1998-06-30,0.0055627987831377,-0.024513562547618162,0.40632447818757766,0,0
BRA,1998-07-31,0.0047540841905091,-0.02330732364690835,0.38191959127670344,0,0
BRA,1998-08-31,0.0124741913282862,-0.03370784084160772,0.5985052623995686,0,0
BRA,1998-09-30,0.0073923018098394,-0.3293468613659062,4.903834258444118,1,1
BRA,1998-10-31,0.0064102564102563,-0.07644944503548712,1.1770035990733507,0,0
BRA,1998-11-30,0.0067046597385183,-0.028721493661019948,0.4776145343166745,0,0
BRA,1998-12-31,0.0062437562437562,0.08428534308820179,-1.1878962676405136,0,0
BRA,1999-01-31,0.640109208240258,-0.2245993649236402,8.58022788594222,1,1
BRA,1999-02-28,0.0411622276029055,-0.020625981131136006,0.6426713606083987,0,0
BRA,1999-03-31,-0.1660852713178294,-0.04773235683888444,-0.6674666709357714,0,0
BRA,1999-04-30,-0.0356146874273762,0.3378140343429048,-5.261029211475955,0,0
BRA,1999-05-31,0.038134827399241,0.004629930744956434,0.2463349716606029,0,0
BRA,1999-06-30,0.0264043639740017,-0.06871018858529665,1.228049965656251,0,0
BRA,1999-07-31,0.0111381240459094,0.023210525712159535,-0.24946738238729094,0,0
BRA,1999-08-31,0.0708454484455378,-0.006292779256768077,0.6766422247883451,0,0
BRA,1999-09-30,0.0033418620437575,0.03332447938499894,-0.4624671611987717,0,0
BRA,1999-10-31,0.0159771012230027,-0.05772807416666925,0.9805921027484503,0,0
BRA,1999-11-30,-0.015520950722262,0.05778113481802771,-0.9776114423206599,0,0
BRA,1999-12-31,-0.0695665747437431,-0.137739880990435,1.4518323033192702,0,0
BRA,2000-01-31,0.0074935689520188,0.035827651943900474,-0.46504490692498174,0,0
BRA,2000-02-29,-0.0188166074600355,0.02071994345874706,-0.45981678823077443,0,0
BRA,2000-03-31,-0.0119929852350512,0.02331000208565226,-0.4416426156354871,0,0
BRA,2000-04-30,0.0340108789006585,-0.2751790204250798,4.326788554068647,1,1
BRA,2000-05-31,0.0110194362921534,-0.004952370885298429,0.16367578972818703,0,0
BRA,2000-06-30,-0.0145689560740498,-0.01343481287486814,0.07743357784731182,0,0
BRA,2000-07-31,-0.0140062249888839,0.03656760269610282,-0.6531880581499222,0,0
BRA,2000-08-31,0.0273957158962796,0.07744178300722315,-0.9128703425274092,0,0
BRA,2000-09-30,0.0111379348183913,0.0016153258963398365,0.06807799642906986,0,0
BRA,2000-10-31,0.0354332844972598,-0.031991850865094595,0.7625666968200653,0,0
BRA,2000-11-30,0.0265171365684939,0.07959507604830818,-0.9517772253486377,0,0
BRA,2000-12-31,-0.0021441698999388,0.021517950754559756,-0.3340893840254457,0,0
BRA,2001-01-31,0.0080323339813772,0.08133458543592265,-1.1297602558843198,0,0
BRA,2001-02-28,0.0376084860173577,-0.0006007491421916589,0.318909977643585,0,0
BRA,2001-03-31,0.0569360203482685,-0.025928687794199323,0.8506976145935364,0,0
BRA,2001-04-30,0.0106904850055533,0.006340179680630387,-0.005087842492601524,0,0
BRA,2001-05-31,0.0802692430972114,0.02318542020327885,0.3208773545730106,0,0
BRA,2001-06-30,-0.0233553747032891,0.05294156969064301,-0.9710416197998024,0,0
BRA,2001-07-31,0.0548587300898397,-0.04766101695990854,1.1531340315880307,0,0
BRA,2001-08-31,0.0495371322773092,0.021037768983559024,0.09907593988427815,0,0
BRA,2001-09-30,0.0468854129914932,0.10368088341185033,-1.1380139959840063,0,0
BRA,2001-10-31,0.0134057292641827,-0.06408185162927282,1.0528207474623446,0,0
BRA,2001-11-30,-0.065920260133762,-0.00668040552899718,-0.4452704056138968,0,0
BRA,2001-12-31,-0.0824004114086791,-0.03705491689254192,-0.13450429179473977,0,0
BRA,2002-01-31,0.0422055526814968,0.008280619393195687,0.22621587721871744,0,0
BRA,2002-02-28,-0.0289968976215098,-0.007731787442283866,-0.12538283084212087,0,0
BRA,2002-03-31,-0.0104796796455652,0.02292131931838326,-0.4234502494156462,0,0
BRA,2002-04-30,0.0167470294472189,-0.10239458312141603,1.6437393935481135,0,0
BRA,2002-05-31,0.0675360968793665,-0.0042553511280980505,0.6193977315381057,0,0
BRA,2002-06-30,0.1278756147866095,0.28031538741446416,-3.0675867963271584,0,0
BRA,2002-07-31,0.2054086369390915,-0.07012586433542123,2.7247298231729076,1,0
BRA,2002-08-31,-0.1185051200513463,-0.03679786818781039,-0.43596190524378575,0,0
BRA,2002-09-30,0.2887969551547245,0.019573561052153243,2.093267293240748,0,0
BRA,2002-10-31,-0.0641740068308466,-0.06625078377662641,0.445080706240246,0,0
BRA,2002-11-30,-0.0023324735195653,-0.007534485920838718,0.09156007124588503,0,0
BRA,2002-12-31,-0.0283851802954038,0.06287693455642152,-1.1586063240657074,0,0
BRA,2003-01-31,-0.0021231422505308,0.02451230943178495,-0.37794660624540904,0,0
BRA,2003-02-28,0.0106099290780141,-0.005977952424531363,0.17538014406556807,0,0
BRA,2003-03-31,-0.0589770940938692,0.10021409729339736,-1.9598568735223088,0,0
BRA,2003-04-30,-0.1382036213942666,-0.01995758054550245,-0.8460013175111913,0,0
BRA,2003-05-31,0.0262374524056767,0.04487829796219067,-0.4435897957031083,0,0
BRA,2003-06-30,-0.0315704263356718,0.10697162639834579,-1.833259249973996,0,0
BRA,2003-07-31,0.0325647812761216,-0.00667823860816763,0.3666919332362614,0,0
BRA,2003-08-31,0.000337302256552,0.0026346264572394418,-0.03595989832567134,0,0
BRA,2003-09-30,-0.0145328253026266,0.10281846290433916,-1.6317165634208717,0,0
BRA,2003-10-31,-0.0229932252104291,0.02711427336717831,-0.5882778868380518,0,0
BRA,2003-11-30,0.0326399103453105,0.005968944531515197,0.1813406671926057,0,0
BRA,2003-12-31,-0.0204164688326663,-0.09538045131166728,1.234192590745048,0,0
BRA,2004-01-31,0.0178991829386512,0.0815538770506008,-1.051634162255203,0,0
BRA,2004-02-29,-0.0092173735587226,-0.005641737595576957,0.006963170448379699,0,0
BRA,2004-03-31,-0.0017851012701681,-0.02622376172163099,0.37088980806140165,0,0
BRA,2004-04-30,0.0124148841048215,-0.021037373980567597,0.41170321372030627,0,0
BRA,2004-05-31,0.0626379972145791,0.0007290529282621971,0.5057203999685008,0,0
BRA,2004-06-30,-0.0069047086276891,-0.014720026127335473,0.15952257102867476,0,0
BRA,2004-07-31,-0.025976116136093,-0.0027119786343448027,-0.17429080024177415,0,0
BRA,2004-08-31,-0.0307336417713152,-0.0018003889290283404,-0.22692036070245158,0,0
BRA,2004-09-30,-0.0256392771905897,-0.0021846470615265456,-0.1792677693227982,0,0
BRA,2004-10-31,-0.0007348309888725,-0.0018388767229200464,0.02098122044861347,0,0
BRA,2004-11-30,-0.044052246384424,0.014070173080419357,-0.570099148724412,0,0
BRA,2004-12-31,-0.027949741748782,0.056718763659600935,-1.0644632832712362,0,0
BRA,2005-01-31,-0.0111546578233342,0.021054815615501044,-0.4015693102932394,0,0
BRA,2005-02-28,-0.0113567073170732,0.09298243727449962,-1.4608959670992596,0,0
BRA,2005-03-31,0.0274458407216098,0.05039867115920038,-0.5148012279582285,0,0
BRA,2005-04-30,-0.0506115404817287,-0.0061196240766286936,-0.3272983573878059,0,0
BRA,2005-05-31,-0.0503852993479548,-0.014115112052827228,-0.20786326097824306,0,0
BRA,2005-06-30,-0.0222222222222221,-0.014042260717561983,0.0232657872076264,0,0
BRA,2005-07-31,0.0170667347633639,-0.0873247317364988,1.424780460020091,0,0
BRA,2005-08-31,-0.011214796836423,0.007073412653953559,-0.19647539817099197,0,0
BRA,2005-09-30,-0.0598840407973252,0.03459248894879985,-1.002400589040253,0,0
BRA,2005-10-31,0.0144503466282523,0.05734571356890572,-0.7240999913009216,0,0
BRA,2005-11-30,-0.0209895717772353,0.06704158030949792,-1.1588697513602007,0,0
BRA,2005-12-31,0.0606019399873085,-0.16467137609863602,2.921066502137763,1,0
BRA,2006-01-31,-0.0532928757639216,0.05754815276760139,-1.2856093370836177,0,0
BRA,2006-02-28,-0.036339833875045,0.009003006244546974,-0.43200124883434377,0,0
BRA,2006-03-31,0.0172858012835528,0.04188132919212828,-0.47332582692603575,0,0
BRA,2006-04-30,-0.0383127647817278,-0.05641409671984665,0.5136590054356942,0,0
BRA,2006-05-31,0.1011779352614441,0.12208342835345931,-0.9609808967820664,0,0
BRA,2006-06-30,-0.0592251163195199,-0.010653223032523362,-0.3316516076886986,0,0
BRA,2006-07-31,0.0055003466605036,0.06657743403779981,-0.9336393529827133,0,0
BRA,2006-08-31,-0.0171922405074927,0.07058381144237158,-1.179648122736827,0,0
BRA,2006-09-30,0.0165575304022451,0.027418506653048125,-0.2666615191550815,0,0
BRA,2006-10-31,-0.0143553878715377,0.06561306968061498,-1.0831663571446253,0,0
BRA,2006-11-30,0.0111100737559517,0.06316814769640189,-0.837256103392628,0,0
BRA,2006-12-31,-0.0132963988919667,0.03325544297820149,-0.5986319476791331,0,0
BRA,2007-01-31,-0.0062230956391541,0.06138429714175975,-0.9539347942270419,0,0
BRA,2007-02-28,-0.0030604077404774,0.1102947424994114,-1.647063288992206,0,0
BRA,2007-03-31,-0.0320204023802777,0.08434558106729328,-1.5042642118124936,0,0
BRA,2007-04-30,-0.008050351288056,0.11287346716991742,-1.726123510878505,0,0
BRA,2007-05-31,-0.0516452707687768,0.12058254030195603,-2.1989151793535964,0,0
BRA,2007-06-30,-0.0014003423058969,0.07882654872804618,-1.1706517753334373,0,0
BRA,2007-07-31,-0.0252415082580242,0.06005733081509668,-1.091226320351279,0,0
BRA,2007-08-31,0.0449701619778346,0.033377981413868385,-0.12003487473095614,0,0
BRA,2007-09-30,-0.0627676932490312,0.011155299644068473,-0.6815433643729722,0,0
BRA,2007-10-31,-0.0516293999238344,0.029934876258630894,-0.8658543937420252,0,0
BRA,2007-11-30,0.0227742083524551,0.05508157923784651,-0.6221780189676834,0,0
BRA,2007-12-31,-0.0069549610185651,0.018271664850006752,-0.3260185661554286,0,0
BRA,2008-01-31,-0.0062129341993786,0.03942223049317084,-0.6309094768971565,0,0
BRA,2008-02-29,-0.0437624325092355,0.02866198611607329,-0.7822752105784414,0,0
BRA,2008-03-31,0.0391084695393757,0.012356791151552748,0.14074276864978874,0,0
BRA,2008-04-30,-0.0354058227992908,0.003103325365805931,-0.3375485236318935,0,0
BRA,2008-05-31,-0.034274193548387,0.010899140839951471,-0.44285209774238304,0,0
BRA,2008-06-30,-0.0230259118261083,0.014585544471366063,-0.4043185014162537,0,0
BRA,2008-07-31,-0.0159009490289735,0.013750705524783857,-0.33329836395046997,0,0
BRA,2008-08-31,0.0433005492400049,0.008131413280130895,0.23743796099035402,0,0
BRA,2008-09-30,0.171339373163565,0.0064742437537923525,1.3174664838202221,0,0
BRA,2008-10-31,0.105043114711262,-0.04426898138177815,1.5170184197184442,0,0
BRA,2008-11-30,0.1030030740127689,-0.01349651075154501,1.0477043390867171,0,0
BRA,2008-12-31,0.00167216910346,-0.004875170909802384,0.08547380380836171,0,0
BRA,2009-01-31,-0.0089033473161543,-0.029741464093767656,0.3639270581662455,0,0
BRA,2009-02-28,0.0268636088796754,-0.006714507528294056,0.3202199499563762,0,0
BRA,2009-03-31,-0.0592614401076716,0.019078374263706843,-0.7691398093226798,0,0
BRA,2009-04-30,-0.0264675638217014,0.001024360338901742,-0.23328376410238547,0,0
BRA,2009-05-31,-0.0752698048220438,0.024359778076527894,-0.9787868254705803,0,0
BRA,2009-06-30,-0.0326281287246721,0.03216993361874554,-0.74205723421414,0,0
BRA,2009-07-31,-0.0347040402484726,0.029386900142299943,-0.7182496518929034,0,0
BRA,2009-08-31,-0.0037759931925757,0.04052899455777359,-0.6270916973267932,0,0
BRA,2009-09-30,-0.0433482810164423,0.027204707479676404,-0.7574320189234055,0,0
BRA,2009-10-31,-0.0454799107142858,0.04282920666918555,-1.004757664125626,0,0
BRA,2009-11-30,0.0192926045016077,0.023438972033186234,-0.18559412238881537,0,0
BRA,2009-12-31,-0.0017780326928592,0.00838857633878698,-0.1380095557434248,0,0
BRA,2010-01-31,0.0659618478510686,0.008231273836571296,0.4228085237791713,0,0
BRA,2010-02-28,-0.0105648986632169,0.002367943656768734,-0.12192544717076076,0,0
BRA,2010-03-31,-0.022444977119198,0.011155451198829436,-0.34909092515242135,0,0
BRA,2010-04-30,-0.0360008916629513,0.014250689049175813,-0.5063713521529862,0,0
BRA,2010-05-31,0.0590819747947739,0.010257958078252694,0.33628360700356397,0,0
BRA,2010-06-30,-0.0137554585152839,0.012988413051263858,-0.3043999795678245,0,0
BRA,2010-07-31,-0.023965021031658,0.016945742667979102,-0.44676688383939045,0,0
BRA,2010-08-31,-0.0029486815990927,0.015379029130589306,-0.25045259582714974,0,0
BRA,2010-09-30,-0.03059773644998,0.05315891813050855,-1.0339497953670451,0,0
BRA,2010-10-31,-0.0015840422411264,0.03536146203729018,-0.5330333354777995,0,0
BRA,2010-11-30,0.014396521330356,0.0017325642016314813,0.09322061468753037,0,0
BRA,2010-12-31,-0.023460580432138,0.010880880966704698,-0.35342699806584477,0,0
BRA,2011-01-31,-0.0049827974848736,0.03207257284006215,-0.5126940356126338,0,0
BRA,2011-02-28,-0.0093597233814236,0.03283949525679386,-0.5600583467465592,0,0
BRA,2011-03-31,-0.0159475236203887,0.03137022392901767,-0.5927688365165329,0,0
BRA,2011-04-30,-0.0310053816046966,0.03425897621913121,-0.7593962889640637,0,0
BRA,2011-05-31,0.0066266961186494,0.01517788901919781,-0.16854739367134228,0,0
BRA,2011-06-30,-0.0142946708463949,0.00841085968806321,-0.24153500135416922,0,0
BRA,2011-07-31,-0.0045159648899631,0.030625285518270484,-0.48756341371031514,0,0
BRA,2011-08-31,0.0161651012714842,0.020496772175416567,-0.16811628946795776,0,0
BRA,2011-09-30,0.150088028169014,-0.009905332392587063,1.3831060959648642,0,0
BRA,2011-10-31,-0.0729320430812967,0.008932788580147122,-0.7326659371341143,0,0
BRA,2011-11-30,0.0906410332016276,-0.00250028881685882,0.7840870808668109,0,0
BRA,2011-12-31,0.0050827295339028,0.000488570783290676,0.03472213632812685,0,0
BRA,2012-01-31,-0.058048203141812,0.008084802233614852,-0.5974817103927685,0,0
BRA,2012-02-29,-0.0277000399794391,0.0034778671991348986,-0.27952297111244867,0,0
BRA,2012-03-31,0.0769501879699248,0.02539636704424808,0.26100134843320644,0,0
BRA,2012-04-30,0.0282535180538889,0.024951975467262244,-0.1339607333388554,0,0
BRA,2012-05-31,0.0650328877572672,-0.004726613866036344,0.6056888426547676,0,0
BRA,2012-06-30,0.0411395557326426,0.003930391800077038,0.28139488111080235,0,0
BRA,2012-07-31,-0.028272101033295,0.005957121559830414,-0.32069576044205383,0,0
BRA,2012-08-31,0.0098459114852558,0.0027785624688438926,0.0403206307666508,0,0
BRA,2012-09-30,-0.0098474138351289,0.0033740050112101017,-0.13080353802651395,0,0
BRA,2012-10-31,0.0005908128600267,-0.004931164435027835,0.07738154351502,0,0
BRA,2012-11-30,0.032869163017271,-4.913569578657295e-05,0.2717237714317983,0,0
BRA,2012-12-31,-0.0242008479824688,-0.014045033122572659,0.006993085322541143,0,0
BRA,2013-01-31,-0.0284626275447931,0.0006848837899153803,-0.24474092336800507,0,0
BRA,2013-02-28,-0.0046733668341708,0.0013265516554075152,-0.05803749814032927,0,0
BRA,2013-03-31,0.0190841621648911,0.008578707796115914,0.031200280146027104,0,0
BRA,2013-04-30,-0.0091156799603664,0.005364744613927552,-0.154043363699726,0,0
BRA,2013-05-31,0.0446477676116192,-0.010883458162717408,0.528150033545732,0,0
BRA,2013-06-30,0.0617880731310425,-0.012490549361593661,0.6931007448058264,0,0
BRA,2013-07-31,0.0191120126211403,0.006467174624395833,0.06247897405901674,0,0
BRA,2013-08-31,0.0428590384360212,-0.01397052373785368,0.5587960352392303,0,0
BRA,2013-09-30,-0.0427093052845873,0.004940746185965406,-0.42478300897037014,0,0
BRA,2013-10-31,-0.0339816578795798,-0.01130309447480049,-0.11396708405187017,0,0
BRA,2013-11-30,0.0566868464501923,-0.005362560800192706,0.5462282914088951,0,0
BRA,2013-12-31,0.0216145833333334,-0.00970178068736971,0.32086893476302036,0,0
BRA,2014-01-31,0.0291443623077576,0.0056625035014150615,0.15702647145945756,0,0
BRA,2014-02-28,-0.0325297225891678,0.0044509595269,-0.33365182109670827,0,0
BRA,2014-03-31,-0.0355436081242532,0.00362400365535831,-0.34634086440397,0,0
BRA,2014-04-30,-0.0178737335751891,0.007734340919655303,-0.26109594938422576,0,0
BRA,2014-05-31,0.0083337087256183,0.0058924684501304725,-0.01793572833534411,0,0
BRA,2014-06-30,-0.0163062902072907,0.012562746164758165,-0.31917197418411547,0,0
BRA,2014-07-31,0.0194377582996501,0.009025000249975879,0.027553112482153835,0,0
BRA,2014-08-31,0.0023165679155343,0.00631993729470004,-0.07383186207972497,0,0
BRA,2014-09-30,0.0899151073381039,-0.009219813379402364,0.8769092819411402,0,0
BRA,2014-10-31,-0.016434222330968,0.001108237571549875,-0.15179376202448014,0,0
BRA,2014-11-30,0.0463534972428374,-0.0012006396850852141,0.39983236592782895,0,0
BRA,2014-12-31,0.0525022784007609,-0.03192862454681844,0.9023682457067795,0,0
BRA,2015-01-31,-0.0226639560274075,-0.005318438917042867,-0.1086558091580141,0,0
BRA,2015-02-28,0.1066255778120184,0.0024274355914928325,0.8434174251193766,0,0
BRA,2015-03-31,0.1109370648844334,0.0007307395904663228,0.9039140726800702,0,0
BRA,2015-04-30,-0.079586401378662,0.004840347269124079,-0.7273527456955068,0,0
BRA,2015-05-31,0.0807829787234042,0.0059483805489728425,0.5785753343852806,0,0
BRA,2015-06-30,-0.0112763008693461,0.005628133720164907,-0.17573036385987634,0,0
BRA,2015-07-31,0.0720611659764256,-0.0006523929058399602,0.6037264855785363,0,0
BRA,2015-08-31,0.0635326280755972,-0.0004868278549988725,0.5309754326642341,0,0
BRA,2015-09-30,0.1503772003352892,-0.018445030770836812,1.5110623991792147,0,0
BRA,2015-10-31,-0.0447877198095794,-0.0005497725693659472,-0.3611838056996379,0,0
BRA,2015-11-30,-0.0571348657445076,-0.01126487054197478,-0.3054238293364362,0,0
BRA,2015-12-31,0.0530460343572178,-0.0015467468951504415,0.46010065620725127,0,0
BRA,2016-01-31,0.045841016185208,0.0026251584316385745,0.3393505317963152,0,0
BRA,2016-02-29,-0.0308536167295165,0.00451324725323432,-0.32074849375976777,0,0
BRA,2016-03-31,-0.0876244378189903,-0.004702761338740147,-0.6532983514441962,0,0
BRA,2016-04-30,-0.0311271116034339,0.012341120999361577,-0.43810850412172453,0,0
BRA,2016-05-31,0.0287257760246955,0.003928015338467983,0.179080098313692,0,0
BRA,2016-06-30,-0.0989691867411296,0.001321666263245369,-0.8354203684168792,0,0
BRA,2016-07-31,0.0094051620463164,0.014182172594219056,-0.13099783718771768,0,0
BRA,2016-08-31,-0.0102951060059877,0.0007948923141476438,-0.09657009068894737,0,0
BRA,2016-09-30,0.0018211562799024,0.002318498349374476,-0.01907723686901502,0,0
BRA,2016-10-31,-0.020057924574809,-0.007590413967548337,-0.05376118465676924,0,0
BRA,2016-11-30,0.0677880836346487,-0.004833405117737999,0.6299753275919713,0,0
BRA,2016-12-31,-0.040517063690704,-0.0013978301983054164,-0.31350261879326297,0,0
IDN,1990-02-28,0.0038781163434902,-0.04100542862658141,1.0510582393538346,0,0
IDN,1990-03-31,0.0060706401766004,0.058768508625474336,-1.3740916144857487,0,0
IDN,1990-04-30,0.0032912781130005,-0.11425206189116166,2.843057067284706,1,1
IDN,1990-05-31,0.003827227993439,-0.13671123398213392,3.4006698365305255,1,1
IDN,1990-06-30,0.0043572984749455,0.17141106910973414,-4.159676581173512,0,0
IDN,1990-07-31,0.0027114967462038,0.14887249345484066,-3.624930688660743,0,0
IDN,1990-08-31,0.0048674959437533,0.053660206730908655,-1.2623354782755922,0,0
IDN,1990-09-30,0.0032292787944026,-0.045185509077314334,1.1463256599468368,0,0
IDN,1990-10-31,0.0042918454935623,0.057450600188730494,-1.3619617559066033,0,0
IDN,1990-11-30,0.0064102564102563,0.05752385832867524,-1.339664450241255,0,0
IDN,1990-12-31,0.0090233545647557,0.22967764908415877,-5.537419337891043,0,0
IDN,1991-01-31,0.0057864281956865,-0.017023323678947766,0.4838504287373211,0,0
IDN,1991-02-28,0.0041841004184099,0.15837026699028622,-3.841411447595112,0,0
IDN,1991-03-31,0.00625,-0.049920078463043915,1.2969494189956776,0,0
IDN,1991-04-30,0.0036231884057971,0.0025959709143308363,-0.022535075104692937,0,0
IDN,1991-05-31,0.0041258380608562,0.039869152873758695,-0.9321129126851949,0,0
IDN,1991-06-30,0.0035952747817153,0.030970319334162166,-0.7196245512771275,0,0
IDN,1991-07-31,0.0025588536335721,-0.015513423832300588,0.4100600658682271,0,0
IDN,1991-08-31,0.003062787136294,-0.008360499095800056,0.24014204126136215,0,0
IDN,1991-09-30,0.0015267175572519,0.0013506981282189745,-0.015802354024863133,0,0
IDN,1991-10-31,0.0045731707317073,0.01039502319137564,-0.20324600276257337,0,0
IDN,1991-11-30,0.0040465351542742,0.08379358672300175,-2.01164110833021,0,0
IDN,1991-12-31,0.0035264483627204,-0.0028943114747809195,0.11118613040741643,0,0
IDN,1992-01-31,0.0060240963855422,0.02567581684022935,-0.5619835215205826,0,0
IDN,1992-02-29,0.0029940119760478,-0.025896690641899367,0.6699855522453964,0,0
IDN,1992-03-31,0.0034825870646766,0.04000363823955544,-0.9427321687411693,0,0
IDN,1992-04-30,0.0024789291026277,0.04866669891610442,-1.1668820835979674,0,0
IDN,1992-05-31,0.0024727992087043,0.053786743587959096,-1.2926816954775413,0,0
IDN,1992-06-30,0.0029600394671929,0.007881676688527905,-0.15987611427575305,0,0
IDN,1992-07-31,0.000983767830792,0.02903777198790891,-0.7018732130450175,0,0
IDN,1992-08-31,-0.0004914004914005,0.016972335387323012,-0.4223690542422627,0,0
IDN,1992-09-30,0.0019665683382497,-0.04356101624366815,1.0920710205456514,0,0
IDN,1992-10-31,0.0058881256133465,-0.029010875537662573,0.7793783733491808,0,0
IDN,1992-11-30,0.004390243902439,0.03182297285877045,-0.7315201305171033,0,0
IDN,1992-12-31,0.0014570179698882,-0.027527805690313767,0.6925570460995211,0,0
IDN,1993-01-31,0.0019398642095054,0.0409529523678398,-0.9835919005096613,0,0
IDN,1993-02-28,0.0004840271055179,0.005446551437001013,-0.1282420612729723,0,0
IDN,1993-03-31,0.0019351717464926,0.01011406601121756,-0.2263531187580098,0,0
IDN,1993-04-30,0.0014485755673587,0.013741744926171195,-0.3209707478093933,0,0
IDN,1993-05-31,0.0019286403085825,-0.015296005399142998,0.39755257132776867,0,0
IDN,1993-06-30,0.0048123195380174,0.0033207437156965725,-0.02680689391906934,0,0
IDN,1993-07-31,0.0038314176245211,-0.008686536871857053,0.2568912882604516,0,0
IDN,1993-08-31,0.0028625954198473,0.012192536026848888,-0.26684371402786455,0,0
IDN,1993-09-30,0.0028544243577546,0.012181028718256659,-0.2666540791851255,0,0
IDN,1993-10-31,-0.0009487666034155,-0.005332932788289724,0.12016572926185001,0,0
IDN,1993-11-30,0.0,0.002000397852895741,-0.04912257814576644,0,0
IDN,1993-12-31,0.0018993352326686,0.005705895365149427,-0.11851192793613204,0,0
IDN,1994-01-31,0.0056872037914692,0.009180232558848367,-0.16074333511620714,0,0
IDN,1994-02-28,0.0070688030160226,0.02733863706200279,-0.5909331954802082,0,0
IDN,1994-03-31,0.00280767430978,-0.0031437597548554796,0.10913585295890993,0,0
IDN,1994-04-30,0.0027998133457769,-0.07397137432842671,1.8483179657271247,0,0
IDN,1994-05-31,0.0027919962773383,-0.015796617539011404,0.41966620969821083,0,0
IDN,1994-06-30,0.0023201856148491,0.02885339273359455,-0.6821441869056835,0,0
IDN,1994-07-31,0.0041666666666666,-0.024806467335864446,0.6565521687656487,0,0
IDN,1994-08-31,0.0027662517289073,0.06283868702633355,-1.51162694622403,0,0
IDN,1994-09-30,0.0027586206896552,0.0029588097622703646,-0.041279280084651815,0,0
IDN,1994-10-31,0.0022925263640531,0.008585810818881878,-0.1847598695049561,0,0
IDN,1994-11-30,0.0032021957913999,0.0792830760595562,-1.910483281924917,0,0
IDN,1994-12-31,0.0031919744642043,-0.017689672308830895,0.47070245459204807,0,0
IDN,1995-01-31,0.0031818181818181,-0.0147697268335929,0.3988835688543886,0,0
IDN,1995-02-28,0.002265518803806,-0.0011836487752321379,0.05483572610272,0,0
IDN,1995-03-31,0.0031645569620253,0.029185509667549958,-0.680695324360997,0,0
IDN,1995-04-30,0.0036052275799909,0.003419085877185646,-0.04295211757892804,0,0
IDN,1995-05-31,0.0040413111809609,0.011217073699953728,-0.22948234346621732,0,0
IDN,1995-06-30,0.0044722719141323,0.0302175105983582,-0.6911627073967933,0,0
IDN,1995-07-31,0.0044523597506678,0.035349084173120326,-0.8174021966845852,0,0
IDN,1995-08-31,0.0044326241134751,-0.008392592008649613,0.256511595330483,0,0
IDN,1995-09-30,0.0039717563989407,0.004688991254559349,-0.0699672764914203,0,0
IDN,1995-10-31,0.0043956043956043,0.0012464631787745262,0.019389972757461606,0,0
IDN,1995-11-30,0.0048140043763675,0.023316098442878852,-0.5178017413052869,0,0
IDN,1995-12-31,0.005226480836237,0.009818886651427272,-0.18166696276483138,0,0
IDN,1996-01-31,0.0012998266897747,0.0016905621719631725,-0.026729005553059404,0,0
IDN,1996-02-29,0.0047598442232799,0.08921475849354743,-2.1366519255741254,0,0
IDN,1996-03-31,0.0064599483204135,-0.00021645468582986993,0.0787952421068342,0,0
IDN,1996-04-30,0.0021394950791613,-0.00010755701212106228,0.026977301375857753,0,0
IDN,1996-05-31,0.005123825789923,-0.0003309706343291863,0.06640936578472456,0,0
IDN,1996-06-30,-0.0050977060322854,0.0423350821163655,-1.0975821994133383,0,0
IDN,1996-07-31,0.0046968403074294,-0.005252843981070732,0.1824160504581538,0,0
IDN,1996-08-31,0.0042498937526562,-0.0013378342126840748,0.0811936109300595,0,0
IDN,1996-09-30,-0.0097333897587812,0.0008347820219998248,-0.13121351145911386,0,0
IDN,1996-10-31,0.0051282051282051,0.010720282995466457,-0.2049198711595026,0,0
IDN,1996-11-30,0.0068027210884353,0.080356775694022,-1.8958946340280203,0,0
IDN,1996-12-31,0.0063344594594594,0.07905950632767622,-1.8693646928647967,0,0
IDN,1997-01-31,0.0054553084347461,0.03869806961016842,-0.8882330087326173,0,0
IDN,1997-02-28,0.0041736227045074,0.0002867279136733458,0.040432647443523186,0,0
IDN,1997-03-31,0.0054031587697422,0.0025821251561355396,-0.0019484664353782502,0,0
IDN,1997-04-30,0.0057875155022737,0.025975793920675505,-0.5720409135589517,0,0
IDN,1997-05-31,0.0028771064529387,0.033627673363728405,-0.7930485511157224,0,0
IDN,1997-06-30,0.0040983606557376,0.008667083105053264,-0.16621482388015152,0,0
IDN,1997-07-31,0.0608163265306123,-0.005071987860083782,0.8163164924685936,0,0
IDN,1997-08-31,0.1677568295498268,-0.04730126589390904,3.069730513127216,1,1
IDN,1997-09-30,0.0790774299835255,0.0518296188535734,-0.37326801400038256,0,0
IDN,1997-10-31,0.1206106870229006,-0.09601282136461886,3.729638518560496,1,1
IDN,1997-11-30,-0.0059945504087193,-0.013850247210186906,0.2719261305795273,0,0
IDN,1997-12-31,0.274671052631579,-0.08231183889565263,5.1455801694690155,1,1
IDN,1998-01-31,1.2311827956989243,0.09409002158861157,11.693806949793904,1,1
IDN,1998-02-28,-0.1566265060240963,-0.14705964587314868,1.8296785398796833,0,0
IDN,1998-03-31,-0.0485714285714286,0.018811293994562606,-1.014422559051546,0,0
IDN,1998-04-30,-0.099099099099099,0.0705565481361774,-2.859836394798028,0,0
IDN,1998-05-31,0.4033333333333333,0.076177884815948,2.7171356946664407,1,1
IDN,1998-06-30,0.4156769596199525,-0.012042181459119172,5.023908188196168,1,1
IDN,1998-07-31,-0.1275167785234899,0.03671159993384254,-2.3519683908547178,0,0
IDN,1998-08-31,-0.1480769230769231,0.01949371137058864,-2.1630241796956873,0,0
IDN,1998-09-30,-0.0338600451467269,0.03575617498699368,-1.263190516019994,0,0
IDN,1998-10-31,-0.2943925233644859,0.05923229282403519,-4.803155074902203,0,0
IDN,1998-11-30,-0.0331125827814569,0.04713913159420624,-1.5342128481242245,0,0
IDN,1998-12-31,0.0993150684931507,0.04213392793956516,0.09502010426939211,0,0
IDN,1999-01-31,0.115264797507788,0.04568482090642667,0.18924612459199053,0,0
IDN,1999-02-28,-0.0245810055865921,-0.006711576075841386,-0.11478908215845668,0,0
IDN,1999-03-31,-0.0051546391752577,0.06651169869248474,-1.6919205638573627,0,0
IDN,1999-04-30,-0.0489349453080023,-0.009399835993376238,-0.32579353868556205,0,0
IDN,1999-05-31,-0.0187651331719128,0.01893761559342866,-0.6784872678172258,0,0
IDN,1999-06-30,-0.1701418877236273,0.036320606399473876,-2.8272142920751513,0,0
IDN,1999-07-31,0.0221528397264347,-0.01062176931413994,0.5128140890681634,0,0
IDN,1999-08-31,0.1003636363636364,0.0054503832177759115,1.0077631861233074,0,0
IDN,1999-09-30,0.1085261070720422,-0.005675996291869656,1.3738326116122928,0,0
IDN,1999-10-31,-0.1772000953970903,0.008933323220662537,-2.234966004179551,0,0
IDN,1999-11-30,0.076086956521739,-0.00039454514300418797,0.8751539626558488,0,0
IDN,1999-12-31,-0.0457912457912458,0.007252841688862421,-0.6989648225349706,0,0
IDN,2000-01-31,0.0479887085391672,0.023289489253119244,-0.02604954786751612,0,0
IDN,2000-02-29,0.0107744107744107,0.019362362573389857,-0.3529144452692292,0,0
IDN,2000-03-31,0.011325782811459,0.031757052748209835,-0.651011781960199,0,0
IDN,2000-04-30,0.0467720685111989,-0.013219752731557066,0.8566472535788295,0,0
IDN,2000-05-31,0.0849590937696664,-0.011246148974188408,1.2425481206433995,0,0
IDN,2000-06-30,0.0133410672853828,0.03305210157652372,-0.6598902932895023,0,0
IDN,2000-07-31,0.0306811677160847,-0.012095292395686408,0.6460055831030039,0,0
IDN,2000-08-31,-0.0791958236143507,0.0975829981589964,-3.2971152857132693,0,0
IDN,2000-09-30,0.0591073582629675,-0.07219760808720677,2.445241371917647,1,0
IDN,2000-10-31,0.0700455580865604,-0.02569383741001141,1.4276945891746502,0,0
IDN,2000-11-30,0.0143693453964874,-0.003994052442652607,0.2615263793490252,0,0
IDN,2000-12-31,0.0068205666316893,0.017720190300791527,-0.3575623407680743,0,0
IDN,2001-01-31,-0.0151120375195413,0.00847769279679067,-0.38007635477191076,0,0
IDN,2001-02-28,0.0407407407407407,-0.008214835584589686,0.6651400168054917,0,0
IDN,2001-03-31,0.0574478901881037,-0.014683599816602166,1.0140282095169681,0,0
IDN,2001-04-30,0.1225961538461537,0.0018150959960960833,1.3499207068854384,0,0
IDN,2001-05-31,-0.052847965738758,-0.005392833450107104,-0.4687004971371377,0,0
IDN,2001-06-30,0.03454512570085,-0.0007344451740938229,0.4109753417502212,0,0
IDN,2001-07-31,-0.1673951048951049,0.008625514287705416,-2.115878620795428,0,0
IDN,2001-08-31,-0.0692913385826772,-0.018047362550709378,-0.34498899357341567,0,0
IDN,2001-09-30,0.0913705583756345,0.016317025440410582,0.6386240761940418,0,0
IDN,2001-10-31,0.0785529715762274,-0.01184353300281038,1.184350086298581,0,0
IDN,2001-11-30,-0.0004791566842357,-0.020122325344218095,0.48868169614064205,0,0
IDN,2001-12-31,-0.0028763183125599,-0.0004467631630883373,-0.02174632513924672,0,0
IDN,2002-01-31,-0.0076923076923076,-0.009457666168474654,0.14474867669885128,0,0
IDN,2002-02-28,-0.0126937984496123,0.00437517688914979,-0.2518266023912152,0,0
IDN,2002-03-31,-0.0524094611836294,0.0023264710288239954,-0.6532710054359411,0,0
IDN,2002-04-30,-0.0351113412739513,0.004290045325830105,-0.5047286212857705,0,0
IDN,2002-05-31,-0.0569987118935165,0.018288523551865943,-1.0974429109775254,0,0
IDN,2002-06-30,-0.0062606715993169,0.01958831263294769,-0.5522317046554412,0,0
IDN,2002-07-31,0.043298969072165,0.03811346263346893,-0.4434173502298553,0,0
IDN,2002-08-31,-0.0264602547211242,-0.008670498777229585,-0.08806085622076412,0,0
IDN,2002-09-30,0.0166911018382767,-0.004656875809592509,0.3042121917890789,0,0
IDN,2002-10-31,0.024181919023849,-5.866872557769298e-06,0.27520584115149394,0,0
IDN,2002-11-30,-0.0278349398895266,-0.00011537056474675289,-0.31378065639192165,0,0
IDN,2002-12-31,-0.0040106951871657,0.0674046389074685,-1.7008359592893068,0,0
IDN,2003-01-31,-0.007158836689038,0.002517496493887661,-0.14325019150724058,0,0
IDN,2003-02-28,0.0032672374943667,0.00274861127579773,-0.030332203891265834,0,0
IDN,2003-03-31,0.0003368893879842,0.0136456982817168,-0.3312572704702518,0,0
IDN,2003-04-30,-0.0261562640323305,0.03317248134397732,-1.1121161880257995,0,0
IDN,2003-05-31,-0.0456484149855908,0.01374849490968666,-0.8568500524952855,0,0
IDN,2003-06-30,0.0007247252083584,-0.00194446965074635,0.05599270537293655,0,0
IDN,2003-07-31,0.0265540132770065,-0.012474494826908433,0.6083723392839723,0,0
IDN,2003-08-31,0.0035273368606703,-0.007009865611942057,0.21225944750633177,0,0
IDN,2003-09-30,-0.0171060339777386,0.015206260466045007,-0.5679868684124498,0,0
IDN,2003-10-31,0.01263559423054,0.023022347322737557,-0.42162012979488805,0,0
IDN,2003-11-30,0.0049440847557387,0.0074385851598419706,-0.12642748449227753,0,0
IDN,2003-12-31,-0.0084338760688766,0.03292706418909286,-0.9045030004842546,0,0
IDN,2004-01-31,-0.0028352037802716,-0.00830713963726426,0.1717439213243478,0,0
IDN,2004-02-29,0.0007108162539983,0.001855882626333294,-0.03748849108219755,0,0
IDN,2004-03-31,0.0165739315733397,0.03848910043525855,-0.7566306136726828,0,0
IDN,2004-04-30,0.0086176778851752,-0.006453082124737275,0.2564878855503473,0,0
IDN,2004-05-31,0.0633875995843435,-0.016989089801313084,1.1382050915326667,0,0
IDN,2004-06-30,0.0222584147665581,-0.046046760103767626,1.383925363160766,0,0
IDN,2004-07-31,-0.0262347318109399,-0.000543533770514304,-0.28506464085054156,0,0
IDN,2004-08-31,0.0174520069808028,-0.0012847498163401916,0.23005996124587247,0,0
IDN,2004-09-30,-0.0169382504288164,-0.0013501784063197908,-0.1595117786658743,0,0
IDN,2004-10-31,-0.0087241003271537,0.01544947840470523,-0.4786175505561324,0,0
IDN,2004-11-30,-0.0079207920792079,0.014445939042014633,-0.44483685210053403,0,0
IDN,2004-12-31,0.0301618984253715,0.012777042394540139,0.029323951818723826,0,0
IDN,2005-01-31,-0.0134553283100107,-0.003519266968414425,-0.06662961262682061,0,0
IDN,2005-02-28,0.0103655210038189,0.010729378985209648,-0.14557040457680542,0,0
IDN,2005-03-31,0.0237580993520518,-0.013870582562094724,0.6108525867930967,0,0
IDN,2005-04-30,0.009493670886076,0.010952742841053631,-0.16097244032380603,0,0
IDN,2005-05-31,-0.0078369905956112,-0.050559840127928246,1.1524245492706537,0,0
IDN,2005-06-30,0.0229594523433385,-0.021584628491339575,0.7911974561583393,0,0
IDN,2005-07-31,0.0109132091012045,-0.049970989116113085,1.35124214780518,0,0
IDN,2005-08-31,0.0428760566249109,-0.03619344789597678,1.3764826792892388,0,0
IDN,2005-09-30,0.0068359375,-0.0332004310262346,0.8930398551668844,0,0
IDN,2005-10-31,-0.0213385063045586,0.08078978132053827,-2.2266253624360797,0,0
IDN,2005-11-30,-0.0054509415262635,0.016564620326439572,-0.46877026780356124,0,0
IDN,2005-12-31,-0.020428500249128,0.04515814624380532,-1.341289496304926,0,0
IDN,2006-01-31,-0.0442522889114954,0.006085914851129859,-0.652804141917599,0,0
IDN,2006-02-28,-0.0175625332623735,0.014269623071943682,-0.5501789587196885,0,0
IDN,2006-03-31,-0.0167930660888407,0.1334367744636391,-3.4677432416159726,0,0
IDN,2006-04-30,-0.0330578512396694,0.06559655432171563,-1.9868382260900415,0,0
IDN,2006-05-31,0.0507122507122506,0.03454925408182841,-0.2715694425967754,0,0
IDN,2006-06-30,0.0086767895878525,-0.08916036954208573,2.2881538390491736,1,0
IDN,2006-07-31,-0.0247311827956989,0.023027894543864225,-0.8467917608627995,0,0
IDN,2006-08-31,0.0033076074972435,0.02681564252440305,-0.6208727538673995,0,0
IDN,2006-09-30,0.0148351648351647,0.009744352126151323,-0.07054088513962675,0,0
IDN,2006-10-31,-0.0135354629128315,-0.06053627316707477,1.3325915292102584,0,0
IDN,2006-11-30,0.0060373216245883,0.04508987633830408,-1.038572579876224,0,0
IDN,2006-12-31,-0.0158210583742498,0.025461324858325973,-0.8051981783363,0,0
IDN,2007-01-31,0.0077605321507761,0.01578136891169679,-0.2992600451207674,0,0
IDN,2007-02-28,0.0077007700770077,0.05630962058052558,-1.2951679476941778,0,0
IDN,2007-03-31,-0.0045851528384279,0.035517757473247036,-0.9243430878203318,0,0
IDN,2007-04-30,-0.0038385610879578,0.04488176646552344,-1.145797229296434,0,0
IDN,2007-05-31,-0.0295056699328415,0.018067595095984323,-0.779292942013162,0,0
IDN,2007-06-30,0.0271128757799206,0.016969320090846285,-0.10830499336884952,0,0
IDN,2007-07-31,0.0145791915175612,0.018657004068350913,-0.2923151848159282,0,0
IDN,2007-08-31,0.0243849335946004,-0.009213724311040616,0.503626937107775,0,0
IDN,2007-09-30,-0.0290116896918172,0.025958273984470592,-0.9674407709842849,0,0
IDN,2007-10-31,-0.0037211338513735,0.022642595386339615,-0.5983474580927682,0,0
IDN,2007-11-30,0.029990113149511,0.013686909541553494,0.005026882600968008,0,0
IDN,2007-12-31,0.0045861774744027,0.036657927713167116,-0.8480205528407525,0,0
IDN,2008-01-31,-0.0135895530311073,-0.020628788059896763,0.35199193793162387,0,0
IDN,2008-02-29,-0.0258314497901194,0.019155253030319175,-0.7642088039296902,0,0
IDN,2008-03-31,0.0183405148602364,0.035614005223883805,-0.6659342808617326,0,0
IDN,2008-04-30,0.0018444179234025,-0.0021766901981766784,0.07443136170955936,0,0
IDN,2008-05-31,0.00909681611436,-0.02315219597384699,0.6720081218758431,0,0
IDN,2008-06-30,-0.0099806825499033,0.03436665934278493,-0.9574487212299473,0,0
IDN,2008-07-31,-0.0115989159891598,0.020280700073617153,-0.6299551121715369,0,0
IDN,2008-08-31,0.0038385610879578,-0.03538240085728328,0.9125269682078745,0,0
IDN,2008-09-30,0.024582104228122,-0.024277728512437147,0.8757874668032929,0,0
IDN,2008-10-31,0.172424824056302,-0.11295315625929891,4.735001845181776,1,1
IDN,2008-11-30,0.1051386994088221,-0.01096153750603579,1.4650957942655276,0,0
IDN,2008-12-31,-0.0988396016788741,0.027483564183218734,-1.799167090643096,0,0
IDN,2009-01-31,0.036986301369863,-0.01660215000145704,0.8283967248459342,0,0
IDN,2009-02-28,0.0550418317921619,-0.008363058630818099,0.8314502833410463,0,0
IDN,2009-03-31,-0.0338063439065108,0.08885582790442181,-2.5665162187056563,0,0
IDN,2009-04-30,-0.0744708423326133,0.03407738289984108,-1.683900545834636,0,0
IDN,2009-05-31,-0.0348175114347054,0.022600331919519157,-0.9510211964702399,0,0
IDN,2009-06-30,-0.0111218568665377,-0.005525093754596866,0.009168789040328529,0,0
IDN,2009-07-31,-0.0298288508557457,-0.002716763262761268,-0.27257992006257037,0,0
IDN,2009-08-31,0.0141129032258064,0.05222855988375863,-1.1220157611188555,0,0
IDN,2009-09-30,-0.0376739562624254,0.032057162920017035,-1.2157381277945323,0,0
IDN,2009-10-31,-0.0140481355231897,0.035241161366529106,-1.025189352819384,0,0
IDN,2009-11-30,-0.0068098480880042,0.016337079360641438,-0.4786398173565802,0,0
IDN,2009-12-31,-0.0084388185654008,0.007248672593798577,-0.2739902577826898,0,0
IDN,2010-01-31,-0.0037234042553191,0.05413524406887715,-1.3717194921763698,0,0
IDN,2010-02-28,-0.0032034169781099,0.0020840376761552815,-0.08761433848234074,0,0
IDN,2010-03-31,-0.0235672201392608,0.030957286047899712,-1.0282693918666341,0,0
IDN,2010-04-30,-0.0113000548546352,0.09573490982176303,-2.4794397299066206,0,0
IDN,2010-05-31,0.0186418109187749,-0.054005792661038,1.5382328447653708,0,0
IDN,2010-06-30,-0.0105664488017429,0.023382708397692742,-0.6943852906657582,0,0
IDN,2010-07-31,-0.0144225476164262,0.0357973930837745,-1.0431072242255508,0,0
IDN,2010-08-31,0.0099419124218051,0.03100866376827316,-0.6483751329160159,0,0
IDN,2010-09-30,-0.0129410463444309,0.06466781862525361,-1.7352094479500946,0,0
IDN,2010-10-31,0.0004482294935006,0.062088816987359685,-1.5195796130112478,0,0
IDN,2010-11-30,0.0095206093189963,0.010044013570311039,-0.1383509008283088,0,0
IDN,2010-12-31,-0.0024409186730278,0.03734063857833503,-0.9447164994212022,0,0
IDN,2011-01-31,0.0073406740073407,-0.00728401544555235,0.26236709996514473,0,0
IDN,2011-02-28,-0.0258363696588274,0.044479393612456564,-1.3861345969024363,0,0
IDN,2011-03-31,-0.0129207752465148,0.06270691603527401,-1.6868261540387708,0,0
IDN,2011-04-30,-0.0155012056493283,0.07656376925212105,-2.0564522313704447,0,0
IDN,2011-05-31,-0.0043153720550501,0.02274984909609956,-0.6077404973994616,0,0
IDN,2011-06-30,0.0070282300573971,0.03025407543843528,-0.6629873832648081,0,0
IDN,2011-07-31,-0.0103524485285564,0.02367202042448513,-0.699055567491727,0,0
IDN,2011-08-31,0.0082275505406677,0.014019601852926833,-0.25068519296116965,0,0
IDN,2011-09-30,0.0285614362322219,-0.08189813996759943,2.336001236026786,1,0
IDN,2011-10-31,0.0013600816048962,-0.007400361062376182,0.19719676035749029,0,0
IDN,2011-11-30,0.0379173740803622,-0.023430968080739856,1.0066786026137018,0,0
IDN,2011-12-31,-0.011123227917121,-0.006913264132516361,0.04324166660408724,0,0
IDN,2012-01-31,-0.0074988972209969,0.013147781994902408,-0.4081598608287483,0,0
IDN,2012-02-29,0.0094444444444443,0.0009483275501631638,0.08414008950016988,0,0
IDN,2012-03-31,0.0104567969179967,-0.013246248335383903,0.4442230247678698,0,0
IDN,2012-04-30,0.0010893246187364,0.05534311896708033,-1.3466372694178386,0,0
IDN,2012-05-31,0.0408052230685527,-0.0408827136222375,1.4680790990998374,0,0
IDN,2012-06-30,-0.0088865656037637,-0.04682897477497927,1.0488693240997715,0,0
IDN,2012-07-31,0.0005274261603376,-0.0009207196073784951,0.028608870540929074,0,0
IDN,2012-08-31,0.0079072219293621,0.022705626228257003,-0.4676263558671745,0,0
IDN,2012-09-30,0.0029288702928871,0.008969299215907833,-0.18693875224289536,0,0
IDN,2012-10-31,0.0028160200250313,0.0023498404458426325,-0.025672283930519464,0,0
IDN,2012-11-30,-0.001040041601664,0.008927093780306983,-0.23104747099333195,0,0
IDN,2012-12-31,0.0067673086933888,0.014922937410229098,-0.2894776606693567,0,0
IDN,2013-01-31,0.0028955532574974,-0.03807738378742531,0.9679796388560977,0,0
IDN,2013-02-28,-0.0031965353681171,-0.032657277674109864,0.7655857182854112,0,0
IDN,2013-03-31,0.0053791248577634,-0.0037020446955142727,0.15209476998011628,0,0
IDN,2013-04-30,0.0003086737318653,0.027166976511380447,-0.6636121876358427,0,0
IDN,2013-05-31,0.0082287595145031,-0.01937744325773072,0.5694398960461866,0,0
IDN,2013-06-30,0.0129565394817383,-0.06524098357588326,1.7494605477201712,0,0
IDN,2013-07-31,0.0351495618894148,-0.059542876491198826,1.8619742216268826,0,0
IDN,2013-08-31,0.0628526950768633,0.001313014383782063,0.68268685267253,0,0
IDN,2013-09-30,0.063072134749176,0.03186034567982188,-0.06494970278252377,0,0
IDN,2013-10-31,-0.0326358391457849,0.013785203752474162,-0.7097375060285482,0,0
IDN,2013-11-30,0.0661385081004095,0.0026622576304873302,0.6869293865041489,0,0
IDN,2013-12-31,0.0177005928028721,0.026956817029583746,-0.46062378214167043,0,0
IDN,2014-01-31,0.0030355238329642,0.011470362714661508,-0.24714272764637596,0,0
IDN,2014-02-28,-0.0484213970227384,0.019901434475810387,-1.0394859273140709,0,0
IDN,2014-03-31,-0.0197696407082689,-0.0006902192689206554,-0.20792418156660009,0,0
IDN,2014-04-30,0.0112241318835495,0.029835159096554653,-0.6049732322461945,0,0
IDN,2014-05-31,0.0068505029483176,0.015574357868274546,-0.3045278960607553,0,0
IDN,2014-06-30,0.0308328309361811,0.004596220467725232,0.23784716900948094,0,0
IDN,2014-07-31,-0.0315815857632216,0.027885614109108614,-1.0440010787279796,0,0
IDN,2014-08-31,0.0108705029764473,0.006878133579925505,-0.045253653778137407,0,0
IDN,2014-09-30,0.0422463087821114,0.0006613693862240755,0.46429770615166055,0,0
IDN,2014-10-31,-0.0106452669505404,0.007914406694128573,-0.3154359542585344,0,0
IDN,2014-11-30,0.0094355239198808,-0.007390509225992714,0.28881046737578814,0,0
IDN,2014-12-31,0.0200065595277139,0.006386069410534656,0.07074946101711385,0,0
IDN,2015-01-31,0.0148713826366559,0.02050091685677069,-0.3342714698065623,0,0
IDN,2015-02-28,0.0188514851485148,0.01274036806729062,-0.09842787501105313,0,0
IDN,2015-03-31,0.0171810619606622,-0.03477220235170386,1.049309464881662,0,0
IDN,2015-04-30,-0.0112350963008254,-0.006632480764968918,0.035074168845799086,0,0
IDN,2015-05-31,0.0211795624951689,-0.0004862057032526401,0.2528503683553139,0,0
IDN,2015-06-30,0.0091590341382181,-0.025177019177131887,0.7224382093751519,0,0
IDN,2015-07-31,0.011176117611761,-0.0024744221854320347,0.18788775644445285,0,0
IDN,2015-08-31,0.0405014464802313,-0.022275023139866512,1.0076857674708302,0,0
IDN,2015-09-30,0.0449133813359947,-0.03525123187879553,1.376519173879072,0,0
IDN,2015-10-31,-0.0694548679811694,-0.010517405987398143,-0.5317577460125475,0,0
IDN,2015-11-30,0.0147371508175087,-0.002580060512970994,0.2309874937744275,0,0
IDN,2015-12-31,-0.0032514450867051,0.05825189518553975,-1.4674412527086944,0,0
IDN,2016-01-31,0.0036969916636462,-0.03809611045593497,0.977555609910676,0,0
IDN,2016-02-29,-0.0325725841398237,0.021315767250971396,-0.8939415608846424,0,0
IDN,2016-03-31,-0.0088839119074281,0.029494858394378376,-0.8253393848711861,0,0
IDN,2016-04-30,-0.0054233202771919,0.001164418060630945,-0.09028249382494749,0,0
IDN,2016-05-31,0.0311269312329596,-0.038565261879530355,1.3010832724089325,0,0
IDN,2016-06-30,-0.0319500550863018,0.05913061531530839,-1.8154571795598917,0,0
IDN,2016-07-31,-0.006525037936267,0.01473857021507552,-0.4361465542625724,0,0
IDN,2016-08-31,0.0157323965174889,0.020169155533910077,-0.31633084085860447,0,0
IDN,2016-09-30,-0.0227067669172932,0.019336510425206788,-0.7331175425839547,0,0
IDN,2016-10-31,0.004077550392368,-0.0045520226696648125,0.1581621698441994,0,0
IDN,2016-11-30,0.0392307102903992,-0.029995631999904293,1.1828219319133901,0,0
IDN,2016-12-31,-0.0093637100936371,0.04610900709756849,-1.2387806895393312,0,0
KOR,1990-02-28,0.0112195832726214,-0.015002654363858614,0.7740116138075903,0,0
KOR,1990-03-31,0.0116714697406339,0.010884636808106363,0.010222462014943201,0,0
KOR,1990-04-30,0.0069790628115653,0.040090127164259304,-1.0016095788968913,0,0
KOR,1990-05-31,0.0074964639321073,0.02898581828755087,-0.653456494090894,0,0
KOR,1990-06-30,0.0051944405447144,-0.012993266909530732,0.5398215772330186,0,0
KOR,1990-07-31,-0.0012569832402233,0.0653084367766339,-1.9960666313643995,0,0
KOR,1990-08-31,-0.001538246399105,0.013796011493321325,-0.45838890551738404,0,0
KOR,1990-09-30,-0.0015406162464985,0.0047026884365064525,-0.18558302456015882,0,0
KOR,1990-10-31,0.0012624491513535,0.014731590398981531,-0.40563293873141126,0,0
KOR,1990-11-30,-0.0009806668534602,-0.00037809289354728826,-0.016957184794159613,0,0
KOR,1990-12-31,0.0046276819520403,-0.08208839504373733,2.596884908663662,1,0
KOR,1991-01-31,0.0036292573981016,-0.020869739766969486,0.7310075421958695,0,0
KOR,1991-02-28,0.0075104311543809,-0.026104834295160417,1.000118058287048,0,0
KOR,1991-03-31,0.0004141358365545,-0.07970288202224496,2.4036925961945896,1,0
KOR,1991-04-30,0.0005519525320822,0.015917161940789182,-0.4617154861144726,0,0
KOR,1991-05-31,-0.0028961522548613,0.03161382873423668,-1.032260154221869,0,0
KOR,1991-06-30,0.0001383125864453,-0.016278068112701605,0.49246740599786704,0,0
KOR,1991-07-31,0.0041488037615819,0.023246526659939315,-0.5778476500327987,0,0
KOR,1991-08-31,0.0130835973006473,-0.025343311555497294,1.1381135437296572,0,0
KOR,1991-09-30,0.0080206634040238,0.03823021447969599,-0.9157352585759765,0,0
KOR,1991-10-31,0.0118678354686445,-0.022423470720666527,1.0154062092890879,0,0
KOR,1991-11-30,0.0055977608956419,0.0026483129455128207,0.08208613361316361,0,0
KOR,1991-12-31,0.0083499005964213,0.008662001562582233,-0.018944215461523528,0,0
KOR,1992-01-31,0.001577287066246,0.021138258206501614,-0.5887989698529781,0,0
KOR,1992-02-29,0.0081364829396326,0.03500701800559902,-0.8156702538144978,0,0
KOR,1992-03-31,0.0089820359281436,-0.003735483901837089,0.37132612344639887,0,0
KOR,1992-04-30,0.0047735776028898,0.041741958116448874,-1.1148306699027228,0,0
KOR,1992-05-31,0.0060349255264509,0.017784842215149643,-0.359516868528193,0,0
KOR,1992-06-30,0.0085513720485004,-0.05049984599067503,1.7622111474268518,0,0
KOR,1992-07-31,-0.0026575550493546,0.046660238454401703,-1.47688969462502,0,0
KOR,1992-08-31,-0.0006344372541555,0.0511640286659083,-1.5536510429671997,0,0
KOR,1992-09-30,-0.0012696800406297,-0.036803337627509536,1.067757702104613,0,0
KOR,1992-10-31,-0.0053394355453852,0.018178520060923686,-0.699606410042357,0,0
KOR,1992-11-30,0.0034509202453987,0.07038009631278452,-2.012382989447249,0,0
KOR,1992-12-31,0.0042032862055787,0.020697706695458784,-0.4997897246762861,0,0
KOR,1993-01-31,0.0071029934043633,0.04083408906208574,-1.0203577712321708,0,0
KOR,1993-02-28,0.0011335012594457,0.012571574255624496,-0.34453630873572627,0,0
KOR,1993-03-31,-0.0011322178890426,0.033220218615583,-1.029556032824489,0,0
KOR,1993-04-30,0.0023929471032744,0.028221014091569074,-0.7777989375902793,0,0
KOR,1993-05-31,0.0065334841060435,-0.0022451571652516433,0.2559363264865733,0,0
KOR,1993-06-30,0.0032455373860942,-0.012117741156740691,0.45730123642111437,0,0
KOR,1993-07-31,0.0036083115590395,-0.006981757149721046,0.313649632384696,0,0
KOR,1993-08-31,0.0022315893875526,0.008404424307652869,-0.18779565656171643,0,0
KOR,1993-09-30,0.0004948045522017,0.039475530367327316,-1.170309120649294,0,0
KOR,1993-10-31,-0.0007418397626112,0.014991761948835114,-0.4712860971034435,0,0
KOR,1993-11-30,-0.0007423904974016,0.07356058261306542,-2.228847006778334,0,0
KOR,1993-12-31,0.0006191183754333,-0.056099909772026946,1.7013258424960769,0,0
KOR,1994-01-31,0.0,0.013955708716787862,-0.41878572944278364,0,0
KOR,1994-02-28,-0.0001237470610073,0.009804895513469525,-0.29779875724343147,0,0
KOR,1994-03-31,-0.0018564356435643,0.0004970038343876659,-0.0684928691759137,0,0
KOR,1994-04-30,0.0012399256044637,0.012478654467267702,-0.33867643484074267,0,0
KOR,1994-05-31,-0.0017337461300309,0.018578709012924577,-0.6075513869463942,0,0
KOR,1994-06-30,-0.0007443245254931,0.014718060718854176,-0.4631445281034314,0,0
KOR,1994-07-31,-0.0036002482929856,-0.007930690512156002,0.13407882711003594,0,0
KOR,1994-08-31,-0.0018689259905307,0.022472434672470065,-0.7282965263658151,0,0
KOR,1994-09-30,-0.0027462239420796,0.015780496537270094,-0.552803231491017,0,0
KOR,1994-10-31,-0.0025034422330704,0.05985558299622573,-1.8684104047994297,0,0
KOR,1994-11-30,-0.0032626427406199,0.013021225368433198,-0.48490685180998233,0,0
KOR,1994-12-31,-0.0070502329094799,0.06878966096763728,-2.2677311657634136,0,0
KOR,1995-01-31,-0.0025358184354,0.023765246878615365,-0.7863387111356437,0,0
KOR,1995-02-28,-0.0008897928053896,0.004486311300391899,-0.16030648934330421,0,0
KOR,1995-03-31,-0.0184478371501272,0.0064163228223712565,-0.7249662202188911,0,0
KOR,1995-04-30,-0.0125729099157485,0.027322883240730178,-1.1827779582300373,0,0
KOR,1995-05-31,-0.0022315568390652,-0.0077633120568902925,0.16855796987185312,0,0
KOR,1995-06-30,-0.0026312327325351,0.04815748816532239,-1.5210597770993284,0,0
KOR,1995-07-31,-0.0021105395066614,0.09053704567952181,-2.7777663574097624,0,0
KOR,1995-08-31,0.0272306675479181,0.007284082486377352,0.5673233738585737,0,0
KOR,1995-09-30,-0.0111954703384378,0.00036971548489272976,-0.3342075001586757,0,0
KOR,1995-10-31,-0.0037740760020822,0.031383546669944806,-1.050687602585291,0,0
KOR,1995-11-30,0.0048334421946441,0.032853884542490164,-0.846387805819813,0,0
KOR,1995-12-31,0.0071502860114405,-0.01539134335697645,0.6682312894814607,0,0
KOR,1996-01-31,0.0123918936362461,0.016848583310332677,-0.1479526623219965,0,0
KOR,1996-02-29,-0.0045900803264056,0.055666394006300024,-1.8029229358888872,0,0
KOR,1996-03-31,0.0025618035096708,-0.047311661681657124,1.4936742448148772,0,0
KOR,1996-04-30,-0.0051105148843746,0.07407025448695492,-2.370209989599982,0,0
KOR,1996-05-31,0.0118145627327597,0.008637152599215492,0.08179523633202523,0,0
KOR,1996-06-30,0.0288107627871558,0.008933438472631838,0.5634323698950381,0,0
KOR,1996-07-31,0.0033308660251665,-0.04099136012011195,1.326209307319086,0,0
KOR,1996-08-31,0.0075003073896471,-0.04302985296735229,1.5077152588999405,0,0
KOR,1996-09-30,0.0021967293141322,-0.02068579216420363,0.684143344012905,0,0
KOR,1996-10-31,0.012299074525085,0.006159558910955321,0.17012688670899329,0,0
KOR,1996-11-30,-0.0031276314206662,0.0027340611221629008,-0.17231097858882313,0,0
KOR,1996-12-31,0.0187039942077953,0.027640669614612312,-0.28962993513916613,0,0
KOR,1997-01-31,0.0202558635394454,-0.06741152559567587,2.6075041359380697,1,0
KOR,1997-02-28,0.0030186926738651,-0.03876783883812296,1.2504757810523637,0,0
KOR,1997-03-31,0.0384303738858664,-0.020285547647046487,1.7178736688254619,0,0
KOR,1997-04-30,-0.0055735146583435,0.025875158310223023,-0.9373244555595632,0,0
KOR,1997-05-31,-0.000336285169824,0.06487741017638204,-1.9565599870783104,0,0
KOR,1997-06-30,-0.0041489123121775,0.04329130469731002,-1.4188361821957918,0,0
KOR,1997-07-31,0.0043913973651614,-0.019360734991121897,0.7077211796356575,0,0
KOR,1997-08-31,0.0112107623318384,-0.06900972784497206,2.3944122151118052,1,0
KOR,1997-09-30,0.014190687361419,-0.023000047450757344,1.0997481796136166,0,0
KOR,1997-10-31,0.054984696108439,0.002761651891750594,1.5040437270216016,0,0
KOR,1997-11-30,0.2058854004766344,-0.20036138107557422,11.954553200103472,1,1
KOR,1997-12-31,0.2160164976800138,-0.1641358347291647,11.159883758762673,1,1
KOR,1998-01-31,0.1114330130016958,0.15271753035818803,-1.3667050349256429,0,0
KOR,1998-02-28,0.042723631508678,0.1361725483699756,-2.8532446041368207,0,0
KOR,1998-03-31,-0.1593195536857509,0.11275590474347386,-7.981731225830934,0,0
KOR,1998-04-30,-0.0294458949811429,0.19523149160092523,-6.708385460437461,0,0
KOR,1998-05-31,0.0542519802720071,0.09068031464364723,-1.1553842313525187,0,0
KOR,1998-06-30,-0.0181457329174935,0.05528608513848332,-2.1827408860961626,0,0
KOR,1998-07-31,-0.1077100779670805,0.05194775300828147,-4.667484372385534,0,0
KOR,1998-08-31,0.0775080906148866,0.04825127255959227,0.7890307531638805,0,0
KOR,1998-09-30,0.0313860940081092,0.04181570627832332,-0.3489786150816201,0,0
KOR,1998-10-31,-0.0435352358765287,0.03957432548130213,-2.444026880113041,0,0
KOR,1998-11-30,-0.053356675293043,0.02420510663289943,-2.2662812839692146,0,0
KOR,1998-12-31,-0.0288654820294284,0.04055297157294979,-2.050009824862059,0,0
KOR,1999-01-31,-0.0269084285477727,0.029955257955567305,-1.6755088776252773,0,0
KOR,1999-02-28,0.0400748745001278,0.03472936271956639,0.11443712347417612,0,0
KOR,1999-03-31,0.0018815445026176,0.03601011627170747,-1.0262955058414696,0,0
KOR,1999-04-30,-0.039438229770556,0.031576745164913156,-2.0857899840977154,0,0
KOR,1999-05-31,0.0084155049302956,0.03623144067142503,-0.844360109812798,0,0
KOR,1999-06-30,-0.0256258956419117,0.009428660241319387,-1.0225273389790237,0,0
KOR,1999-07-31,0.0441214637944458,0.04776230591456798,-0.1598692650572915,0,0
KOR,1999-08-31,-0.0182285193470875,-0.0024708795348561408,-0.4519475130518759,0,0
KOR,1999-09-30,0.0285256139758629,0.010779424070245014,0.499807967331713,0,0
KOR,1999-10-31,-0.0149339460080414,0.011191213427816482,-0.7668375233782012,0,0
KOR,1999-11-30,-0.0358184089962515,0.05240557609655805,-2.6063539349963074,0,0
KOR,1999-12-31,-0.0104535637149026,0.06282648141789493,-2.1870105605086225,0,0
KOR,2000-01-31,-0.0203422385192947,0.03695016247273242,-1.695906263540146,0,0
KOR,2000-02-29,0.0086445058372695,0.038302374003791106,-0.8998958899637067,0,0
KOR,2000-03-31,-0.0207633857572009,0.04922934208439944,-2.076537119060304,0,0
KOR,2000-04-30,0.0018045655508436,0.011535441738516061,-0.294076216121436,0,0
KOR,2000-05-31,0.0211654507790686,0.026083177106447808,-0.1718521695417803,0,0
KOR,2000-06-30,-0.0167578056094549,0.038744502814122894,-1.6463007022958065,0,0
KOR,2000-07-31,0.0012558306422678,0.0019312911770177354,-0.021709988174526955,0,0
KOR,2000-08-31,-0.0066296362659022,0.0119819815380251,-0.5508959734164536,0,0
KOR,2000-09-30,0.0055916305916305,0.012035190072742674,-0.1997741005295444,0,0
KOR,2000-10-31,0.0194618834080717,0.0017381082169829476,0.5095328419052266,0,0
KOR,2000-11-30,0.0515527403888447,0.0069918311720635895,1.2780538140839894,0,0
KOR,2000-12-31,0.053877687609805,0.030606438601721964,0.6365223113150826,0,0
KOR,2001-01-31,0.0046042708581408,-0.008103288678681486,0.3760492061218377,0,0
KOR,2001-02-28,-0.0156459897273804,-0.0008577443008660479,-0.42582029091623536,0,0
KOR,2001-03-31,0.0660672714136629,-0.009344370219870557,2.187178420938611,0,0
KOR,2001-04-30,-0.002484939759036,-0.010274751929945758,0.23660886894022806,0,0
KOR,2001-05-31,-0.0240054351928737,0.0016742385732546605,-0.743062899117218,0,0
KOR,2001-06-30,0.0060329491840049,0.006645014221630108,-0.02528769659964858,0,0
KOR,2001-07-31,0.0005381717536712,0.029768250897385773,-0.877759492338777,0,0
KOR,2001-08-31,-0.0135238973413248,0.02027747501655419,-0.9988044168654739,0,0
KOR,2001-09-30,0.019707119489017,0.010685367899022191,0.24811943418058596,0,0
KOR,2001-10-31,-0.0099304865938431,0.003899301407652045,-0.40361527216471926,0,0
KOR,2001-11-30,-0.0170511534603811,0.011739640539284668,-0.8443996602560324,0,0
KOR,2001-12-31,0.0408948194662479,0.011504928126708114,0.8350251241783619,0,0
KOR,2002-01-31,-0.0085212276600558,0.014406372970543924,-0.6782409112071858,0,0
KOR,2002-02-28,0.0098113781563735,0.007582815293077472,0.05561999788381786,0,0
KOR,2002-03-31,-0.0009791368532047,0.00951712216088163,-0.3138506418510607,0,0
KOR,2002-04-30,-0.0257840772014475,0.014741630621137869,-1.186525314111269,0,0
KOR,2002-05-31,-0.0455811793839963,0.01835768561978135,-1.866401733595811,0,0
KOR,2002-06-30,-0.0255412308440768,0.02563427144779018,-1.5063850825647886,0,0
KOR,2002-07-31,-0.0039940089865201,0.027185118052647228,-0.9310478039352292,0,0
KOR,2002-08-31,0.0029239766081872,0.009058661231480025,-0.1874451098980593,0,0
KOR,2002-09-30,0.0208246563931695,0.0013032977699327652,0.5619117778178592,0,0
KOR,2002-10-31,0.0064463484292125,0.002608868877980175,0.10776090442661145,0,0
KOR,2002-11-30,-0.020593481433436,0.011419788673141307,-0.9370367772644017,0,0
KOR,2002-12-31,-0.0062913907284767,0.026073681820345307,-0.9640004446797313,0,0
KOR,2003-01-31,-0.0249083638787072,0.01227640043782241,-1.0872741842732652,0,0
KOR,2003-02-28,0.0139256727894061,0.008809883167791632,0.1375407504792716,0,0
KOR,2003-03-31,0.055695989214695,-0.0012786034294839377,1.6458131900105561,0,0
KOR,2003-04-30,-0.0317663021789449,-0.001664059560668285,-0.866873325650643,0,0
KOR,2003-05-31,-0.0053581732750803,0.0382067326888651,-1.301157855406253,0,0
KOR,2003-06-30,-0.0111884634510194,0.025851872279576193,-1.0986789884100667,0,0
KOR,2003-07-31,-0.0109798005196546,0.009439389599785075,-0.6001476582419691,0,0
KOR,2003-08-31,-8.47457627117798e-05,0.024784932128618653,-0.7461971070812635,0,0
KOR,2003-09-30,-0.0251716247139588,0.03929137038783881,-1.9055428492989086,0,0
KOR,2003-10-31,0.0235611198052512,0.01253462251747961,0.3038571144594576,0,0
KOR,2003-11-30,0.0214898496559925,0.04905800862908771,-0.8519230686331015,0,0
KOR,2003-12-31,-0.0039913520705138,0.03334875901538714,-1.115930907041573,0,0
KOR,2004-01-31,-0.0202037067957923,0.01346092428902046,-0.9870382832080984,0,0
KOR,2004-02-29,0.0007668711656443,0.03533334374722852,-1.0381574193772078,0,0
KOR,2004-03-31,-0.0177948063005535,0.0033923289579991245,-0.6153744463139278,0,0
KOR,2004-04-30,0.0122226074895979,0.0004953380841832278,0.3378930520004222,0,0
KOR,2004-05-31,-0.0017127686905883,0.017744882240418258,-0.5819243136521144,0,0
KOR,2004-06-30,-0.0113236681822082,0.002922044221421949,-0.41449822112324897,0,0
KOR,2004-07-31,0.0137093275488069,0.005856330771831342,0.21992759777350593,0,0
KOR,2004-08-31,-0.0124111957545151,0.014801514938673321,-0.802366965903633,0,0
KOR,2004-09-30,-0.0051135378748482,0.023206956092741038,-0.8439810919502706,0,0
KOR,2004-10-31,-0.0190783169265615,0.022609712357186673,-1.2290970350586048,0,0
KOR,2004-11-30,-0.0693605683836589,0.07970818631771093,-4.393718044950523,0,0
KOR,2004-12-31,-0.0039125870789198,0.033575446961795485,-1.1204601646035193,0,0
KOR,2005-01-31,-0.0166698601264608,0.0031614601770142414,-0.5759793640893067,0,0
KOR,2005-02-28,-0.0178293063133282,0.012360042908333702,-0.8854751265937875,0,0
KOR,2005-03-31,0.016069834341831,0.016239870942120982,-0.023537076446985827,0,0
KOR,2005-04-30,-0.0212828272966904,0.004526649075448974,-0.750081294034216,0,0
KOR,2005-05-31,0.0,-0.0013704995351931926,0.041126227208830725,0,0
KOR,2005-06-30,0.0218453865336658,-0.0053909090137626015,0.7922522299980899,0,0
KOR,2005-07-31,0.0038071065989846,0.0034187140995940446,0.007287620967467254,0,0
KOR,2005-08-31,0.0026256928911796,0.004993292721150899,-0.07405949007434925,0,0
KOR,2005-09-30,0.0067895247332687,8.952695160213686e-05,0.19326625411145748,0,0
KOR,2005-10-31,0.0045279383429672,0.0027762035867546775,0.047372165696729085,0,0
KOR,2005-11-30,-0.0061379111920975,0.004463532395260206,-0.31108913028555263,0,0
KOR,2005-12-31,-0.0224838367268165,0.010383833120812147,-0.9605072477829113,0,0
KOR,2006-01-31,-0.0414610069101678,0.031107989764315613,-2.1301029446911026,0,0
KOR,2006-02-28,-0.0020597322348094,-0.004534486288224615,0.07662575133303036,0,0
KOR,2006-03-31,0.0071207430340556,0.006458100481044893,0.011716118888401794,0,0
KOR,2006-04-30,-0.030945793626396,0.025531750650688023,-1.6592899618459138,0,0
KOR,2006-05-31,0.0017976102358041,0.008069955895663838,-0.1902839538012369,0,0
KOR,2006-06-30,0.0136162127929069,0.004567368187672782,0.25591965825766916,0,0
KOR,2006-07-31,-0.0074976569821929,4.547126930543044e-06,-0.21652668667723182,0,0
KOR,2006-08-31,0.0068198510124855,0.005797649475929756,0.022851007235297288,0,0
KOR,2006-09-30,-0.0150062526052521,0.005279991058105615,-0.5915392112276083,0,0
KOR,2006-10-31,-0.0010579771476936,0.005418819297447586,-0.1931433542209754,0,0
KOR,2006-11-30,-0.015145096377886,0.020915096176433723,-1.064727784253523,0,0
KOR,2006-12-31,-0.0003226153349822,0.020065508998768244,-0.6114408684540187,0,0
KOR,2007-01-31,0.012155765920826,0.005324013453187115,0.1910640673194746,0,0
KOR,2007-02-28,-0.0027633117228186,0.01075748384733588,-0.40256482213977146,0,0
KOR,2007-03-31,0.0021315144410103,0.004542959339509878,-0.07480830269452053,0,0
KOR,2007-04-30,-0.0115920450919918,0.013716880793959607,-0.7461774988234016,0,0
KOR,2007-05-31,0.0005379814934365,0.014086746932280292,-0.40719124118581224,0,0
KOR,2007-06-30,-0.0033336917948166,-0.00015708644694933938,-0.09149995593794859,0,0
KOR,2007-07-31,-0.003884333189469,0.016505520496122417,-0.6074069223122072,0,0
KOR,2007-08-31,0.0180892547660311,0.0018195820644169025,0.467472457544461,0,0
KOR,2007-09-30,-0.0204277050750079,0.0078043406705468055,-0.8237592030657562,0,0
KOR,2007-10-31,-0.0144455305745628,0.011060328849078038,-0.748813731362417,0,0
KOR,2007-11-30,0.024465505840864,0.006878663992415879,0.49968379017213604,0,0
KOR,2007-12-31,0.0092512908777968,0.001131988312310206,0.2330330128303085,0,0
KOR,2008-01-31,0.0060754636538051,-0.0013459049179055382,0.21573243308634965,0,0
KOR,2008-02-29,-0.0069922661298866,0.0018906652649834932,-0.2585395917143178,0,0
KOR,2008-03-31,0.0580390483303105,0.00716258206743392,1.4601315293824748,0,0
KOR,2008-04-30,0.0080669557325803,-0.014245151905501352,0.6602921931297856,0,0
KOR,2008-05-31,0.0317095128538562,-0.008770498235425861,1.17835664676277,0,0
KOR,2008-06-30,0.011634671320535,-0.0003870853257725848,0.3474045383373139,0,0
KOR,2008-07-31,-0.0334483419589803,-0.04098931858197641,0.2646615695524288,0,0
KOR,2008-08-31,0.0726822012890431,-0.01747049604659623,2.621942654561009,1,0
KOR,2008-09-30,0.0978924015529674,-0.014509928755797041,3.2606941441569273,1,1
KOR,2008-10-31,0.0873116106760967,-0.11445521925734048,5.954499923630937,1,1
KOR,2008-11-30,0.1481338082700944,-0.05535837721746284,5.936502280641611,1,1
KOR,2008-12-31,-0.1518850745262022,0.0035733146824468154,-4.490791125812324,0,0
KOR,2009-01-31,0.0882703777335984,0.002562530391687856,2.470678649359903,1,0
KOR,2009-02-28,0.1080745341614908,-0.0010010442734272873,3.149183821293939,1,1
KOR,2009-03-31,-0.0918623054603008,0.02387052477286189,-3.367553911652461,0,0
KOR,2009-04-30,-0.0211313630092222,0.029743380235418115,-1.5024186442528997,0,0
KOR,2009-05-31,-0.0557121661721067,0.06730476266880281,-3.6276064129036936,0,0
KOR,2009-06-30,0.0092701704768638,0.021879718179913077,-0.3890241758510493,0,0
KOR,2009-07-31,-0.0344049194364443,0.024930030251279822,-1.7410674093129284,0,0
KOR,2009-08-31,0.003546956872229,0.03349859838898239,-0.9028638235224825,0,0
KOR,2009-09-30,-0.0451441882882159,0.03587385601521942,-2.379418496278867,0,0
KOR,2009-10-31,0.0100109363169849,0.039055968826517296,-0.8830733005917604,0,0
KOR,2009-11-30,-0.0276528402465432,0.025353473010445216,-1.5589020858949199,0,0
KOR,2009-12-31,0.0001713208840155,-0.003251852261567989,0.10252674048907019,0,0
KOR,2010-01-31,-0.0095066803699896,0.013612311888381745,-0.6828537633077751,0,0
KOR,2010-02-28,0.0016428880242109,-0.011025955795337716,0.3782845808730466,0,0
KOR,2010-03-31,-0.0238259668508288,0.006126021805647364,-0.8714732662661091,0,0
KOR,2010-04-30,-0.0135302440749911,0.02407599244373171,-1.1129742693790379,0,0
KOR,2010-05-31,0.075930076199014,-0.031063888246455562,3.123592989293653,1,1
KOR,2010-06-30,0.0084152641226462,0.014839186614720168,-0.20242397387483776,0,0
KOR,2010-07-31,-0.0190861769809137,0.04274549857885801,-1.833562629471201,0,0
KOR,2010-08-31,0.0016004043126682,-0.002084721451085847,0.10874808805677756,0,0
KOR,2010-09-30,-0.0396097889159867,0.015540702655367777,-1.6095285541694184,0,0
KOR,2010-10-31,-0.0134851138353766,0.012314493963114126,-0.7587303384425498,0,0
KOR,2010-11-30,0.0272501331439729,-0.010706485458324089,1.1077497724796845,0,0
KOR,2010-12-31,-0.0158990754342002,0.004675471882537918,-0.5991664797816824,0,0
KOR,2011-01-31,-0.0215997892703486,0.015019770973871971,-1.0741088726221493,0,0
KOR,2011-02-28,0.0122049717311316,0.005844078327908786,0.17687798662271406,0,0
KOR,2011-03-31,-0.0183526908413866,0.0032177137069808737,-0.6262356888759184,0,0
KOR,2011-04-30,-0.0315209537572255,0.028694237000165268,-1.7707902157255748,0,0
KOR,2011-05-31,0.0077403711647858,-0.006810783638800277,0.42777459394765005,0,0
KOR,2011-06-30,-0.0023135295206366,-0.002016954740415633,-0.006245700039840242,0,0
KOR,2011-07-31,-0.0236527223819682,0.017361612571888507,-1.203633129283913,0,0
KOR,2011-08-31,0.0181455443663312,0.0037990494113742113,0.4096967779259302,0,0
KOR,2011-09-30,0.1005878510777269,-0.02841982324688641,3.7558985682747714,1,1
KOR,2011-10-31,-0.0635862653666807,0.02506955912122444,-2.5874586358123404,0,0
KOR,2011-11-30,0.0414667270258035,-0.010208168180165567,1.5031019605434022,0,0
KOR,2011-12-31,0.0026080153003564,-0.007175435186013823,0.29059196405987897,0,0
KOR,2012-01-31,-0.0245382814532211,0.016214796621380145,-1.1947774068895396,0,0
KOR,2012-02-29,0.0013333333333334,0.014403793830244815,-0.39375056125117214,0,0
KOR,2012-03-31,0.0100310696848646,0.0005071730210355341,0.2742878297700239,0,0
KOR,2012-04-30,-0.0031640007031111,0.0027847462151806557,-0.17488160270451794,0,0
KOR,2012-05-31,0.0384411920296243,-0.01898762819997646,1.6792376625416283,0,0
KOR,2012-06-30,-0.0203769740193581,0.0049859796288933556,-0.737721103553932,0,0
KOR,2012-07-31,-0.0152539434910728,0.003645373378821981,-0.5496358918011528,0,0
KOR,2012-08-31,-0.0014082027812005,0.008162051326749076,-0.28557069442506194,0,0
KOR,2012-09-30,-0.0141018861272694,0.016350755450302845,-0.8976519839226853,0,0
KOR,2012-10-31,-0.0219023779724656,0.004534275354936446,-0.7681910265585696,0,0
KOR,2012-11-30,-0.0085915364226303,0.0057432280217391,-0.42030469017989736,0,0
KOR,2012-12-31,-0.0125380289480964,0.002716863209086595,-0.44338883176352556,0,0
KOR,2013-01-31,0.0108299878629447,0.0060159379536548485,0.13203731325352017,0,0
KOR,2013-02-28,0.0024937655860348,-0.00783776950339099,0.30717005974864364,0,0
KOR,2013-03-31,0.0245992260917631,4.8904922733017386e-05,0.7084918880560858,0,0
KOR,2013-04-30,-0.0035967988490244,0.0042941249984520535,-0.23266635439577482,0,0
KOR,2013-05-31,0.0182294016785489,-0.0021464035158051953,0.5905293416017711,0,0
KOR,2013-06-30,0.018966586900647,-0.005188913388667782,0.7031055309910414,0,0
KOR,2013-07-31,-0.0313994955205707,0.010144750689703663,-1.2106480672921176,0,0
KOR,2013-08-31,-0.0024245689655171,0.004267135210314299,-0.19802465682764694,0,0
KOR,2013-09-30,-0.0317760374471151,0.017890887378127385,-1.453963098034702,0,0
KOR,2013-10-31,-0.013201933804388,0.01889867819903923,-0.9481369981433903,0,0
KOR,2013-11-30,0.0006595063124172,0.005341629068804865,-0.1412586422157897,0,0
KOR,2013-12-31,-0.0064024103191789,0.004255543505215398,-0.3124814795266399,0,0
KOR,2014-01-31,0.0226475883634986,0.005615919295099525,0.48510948544116284,0,0
KOR,2014-02-28,-0.0106560415122313,0.010003234910015202,-0.6077236181913737,0,0
KOR,2014-03-31,0.0010302519434297,0.007300422586984823,-0.1893384069071352,0,0
KOR,2014-04-30,-0.0347118263473053,0.004272609275216999,-1.1300329980879213,0,0
KOR,2014-05-31,-0.0097896675390133,0.01444231047719624,-0.7159278349869718,0,0
KOR,2014-06-30,-0.0070477682067345,0.015840765733253992,-0.6787588757870979,0,0
KOR,2014-07-31,0.0097594637223974,0.004054664478871706,0.15999515606235162,0,0
KOR,2014-08-31,-0.0104461583520452,-0.0013328671545571602,-0.26149012704137564,0,0
KOR,2014-09-30,0.0365035516969216,-0.008672335783188045,1.313771951623791,0,0
KOR,2014-10-31,0.0032362459546926,-0.001876151072653598,0.14970136957174077,0,0
KOR,2014-11-30,0.0446869070208728,-0.0017238285928301567,1.3414399507568415,0,0
KOR,2014-12-31,-0.0017255471800925,0.001392215079187853,-0.09157897106521179,0,0
KOR,2015-01-31,-0.0076419213973799,-0.003914284910890631,-0.10309320454280928,0,0
KOR,2015-02-28,0.0077007700770077,0.000437232564629797,0.20913172906333066,0,0
KOR,2015-03-31,0.0052765647743813,0.0010949596072804546,0.11942941815523767,0,0
KOR,2015-04-30,-0.0333936651583711,0.020104783494505174,-1.567084570898286,0,0
KOR,2015-05-31,0.0373560528040446,0.004315097122548739,0.9486465136248823,0,0
KOR,2015-06-30,0.0145306859205776,0.008867815858193406,0.1532636074093629,0,0
KOR,2015-07-31,0.0375411440263322,-0.010642138376435017,1.4028281878766746,0,0
KOR,2015-08-31,0.0085741232958929,-0.007925065089662509,0.4852751370672166,0,0
KOR,2015-09-30,0.0154722434753038,0.0005153474377432854,0.43108050636431666,0,0
KOR,2015-10-31,-0.0437002930096275,0.0041387591639319155,-1.3854329616970258,0,0
KOR,2015-11-30,0.0070909568414603,-0.0031656390671068735,0.29964758073824327,0,0
KOR,2015-12-31,0.0187760778859527,-0.0013765433575955166,0.58320487036671,0,0
KOR,2016-01-31,0.0310580204778156,-0.0018475744046739795,0.951809395902254,0,0
KOR,2016-02-29,0.022343594836147,-0.004277953241380472,0.773233241674145,0,0
KOR,2016-03-31,-0.0662943176299175,0.011387285239484513,-2.25503541965734,0,0
KOR,2016-04-30,-0.0083224967490246,0.0072492104961583426,-0.45773174998287613,0,0
KOR,2016-05-31,0.0408252469621468,-0.004365621749710447,1.3092638590212056,0,0
KOR,2016-06-30,-0.0217537376112882,-0.0027002571756886695,-0.5468057947871645,0,0
KOR,2016-07-31,-0.033485017601099,0.004093766492759832,-1.089259261998852,0,0
KOR,2016-08-31,-0.0063960202540641,0.011078776051857586,-0.5170499976778555,0,0
KOR,2016-09-30,-0.0198480107286544,0.006226400388295472,-0.7596774658045108,0,0
KOR,2016-10-31,0.0446045790385845,-0.006942030816580291,1.4956527465452214,0,0
KOR,2016-11-30,0.0203457911281872,-0.008591936682008416,0.8450294211296108,0,0
KOR,2016-12-31,0.0342319212665811,-0.0023824725541231606,1.0594628297064934,0,0
MEX,1990-02-28,0.010467289719626,0.42460354656189514,-3.971877527058302,0,0
MEX,1990-03-31,0.0110987791342953,-0.45491698063632846,4.777308580235594,1,1
MEX,1990-04-30,0.0113428466886205,0.16425345671408031,-1.3658931628335211,0,0
MEX,1990-05-31,0.0110709117221419,0.09155508471281126,-0.6502941065410687,0,0
MEX,1990-06-30,0.0083017247548844,0.18574451236932044,-1.6504447644755336,0,0
MEX,1990-07-31,0.0090851018525091,0.04889285824695433,-0.27306501364369284,0,0
MEX,1990-08-31,0.0052050362242386,0.04510275823329857,-0.32617377546146914,0,0
MEX,1990-09-30,0.0113358057518717,0.06232651490926888,-0.3538331597929866,0,0
MEX,1990-10-31,0.0091330519615304,0.07892157968217384,-0.5701553079561452,0,0
MEX,1990-11-30,0.0058964689749743,0.15313886724880832,-1.382896509440957,0,0
MEX,1990-12-31,0.0038170540522117,0.046081829318201706,-0.3683592419281514,0,0
MEX,1991-01-31,0.0046173694574591,0.07095491676807542,-0.5966530501488189,0,0
MEX,1991-02-28,0.0037850625211219,0.08664559005128813,-0.7719414860518993,0,0
MEX,1991-03-31,0.0036361187798801,0.011535546556339593,-0.029515853754568333,0,0
MEX,1991-04-30,0.0045622274404564,0.13332544119630185,-1.2173371925534773,0,0
MEX,1991-05-31,0.0041407867494824,0.03809128810714135,-0.2814345709896904,0,0
MEX,1991-06-30,0.0037246425008314,0.024845984278010214,-0.15962986053076333,0,0
MEX,1991-07-31,0.0043734676297131,0.02860168545574182,-0.18175243357682436,0,0
MEX,1991-08-31,0.0039585669987465,-0.03264011979272696,0.41672907086546535,0,0
MEX,1991-09-30,0.0040743904843267,0.18055797929582296,-1.697807704457112,0,0
MEX,1991-10-31,0.0040578571896066,0.051718771383661544,-0.41870710662534066,0,0
MEX,1991-11-30,0.0015839906133889,0.13866311134598086,-1.3400006194462166,0,0
MEX,1991-12-31,-0.0006703416138961,-0.09990579886813966,0.9764748476679207,0,0
MEX,1992-01-31,-0.0016281341582548,0.013223747222013582,-0.16940265605400265,0,0
MEX,1992-02-29,-0.0017123287671232,0.06282364519877248,-0.6639426714930936,0,0
MEX,1992-03-31,0.0074328187535734,-0.029895616737121933,0.47073027332236095,0,0
MEX,1992-04-30,-0.0014755959137343,0.046336280287384124,-0.49467179748578693,0,0
MEX,1992-05-31,0.011201870767632,-0.02672462769847761,0.5273909444582379,0,0
MEX,1992-06-30,0.0028328793874299,0.004528674986804315,0.02128224276054965,0,0
MEX,1992-07-31,-0.0026263027422444,0.0009795484345602734,-0.07115231402053522,0,0
MEX,1992-08-31,-0.0106163657732991,-0.006371007997415856,-0.1850280953086843,0,0
MEX,1992-09-30,0.0114605647517038,0.019730169681491105,0.07210411146666665,0,0
MEX,1992-10-31,0.0050765167778559,-0.03242144188347962,0.44070425499838123,0,0
MEX,1992-11-30,-0.0051817772570104,0.01743710753461647,-0.29435841718255484,0,0
MEX,1992-12-31,-0.0001604672807213,0.0014820675159121777,-0.01847128437093524,0,0
MEX,1993-01-31,-0.0069012004878988,0.12026853524353687,-1.355779679379694,0,0
MEX,1993-02-28,-3.2321665212275974e-05,0.01635296127896635,-0.16315531436427202,0,0
MEX,1993-03-31,0.0012282629775679,-0.013888914358125115,0.1666560810754806,0,0
MEX,1993-04-30,0.0014850206611569,0.15299232936389995,-1.484617157825891,0,0
MEX,1993-05-31,0.0066082135258849,-0.011766966151650293,0.27141069583425775,0,0
MEX,1993-06-30,-0.0004803535402055,-0.05167061795911709,0.5019003230667535,0,0
MEX,1993-07-31,-0.0007368960656157,-0.0017921359375975277,0.0005628116474331,0,0
MEX,1993-08-31,-0.0014107537914007,0.0015463255363421524,-0.04835139237580793,0,0
MEX,1993-09-30,0.0010595601220098,0.003943449756018902,-0.014380724376469714,0,0
MEX,1993-10-31,-6.414779652319513e-05,0.006875394203081697,-0.06977904756922922,0,0
MEX,1993-11-30,-0.0016358737490377,-0.17351120181302482,1.6848595241034325,0,0
MEX,1993-12-31,-0.0021204819277107,0.308167419740331,-3.1099693123915566,0,0
MEX,1994-01-31,0.0001287871470427,0.06053290325145322,-0.5981331641653905,0,0
MEX,1994-02-28,0.0325789524514696,0.10087282572946732,-0.23979284670079182,0,0
MEX,1994-03-31,0.0474824629773966,-0.11702047429861817,2.272646831166603,0,0
MEX,1994-04-30,-0.0275314006786118,-0.3173836073813209,2.5079896174790703,1,0
MEX,1994-05-31,0.0144461788020688,-0.013357664096763089,0.4705237459710401,0,0
MEX,1994-06-30,0.0233217679891386,-0.05303946325228115,1.0721832900636228,0,0
MEX,1994-07-31,0.0029777699156789,0.012120666743221875,-0.0507242191166426,0,0
MEX,1994-08-31,-0.006613951027367,0.02204483628391607,-0.37361322607944797,0,0
MEX,1994-09-30,0.00727939870983,-0.0411631500437718,0.5790386233650219,0,0
MEX,1994-10-31,0.0076380728554641,0.07892420191643779,-0.6051462409870346,0,0
MEX,1994-11-30,0.0057725947521864,-0.27046374504548265,2.820954874845189,1,0
MEX,1994-12-31,0.5435677430575685,-0.5128834894790637,17.806465593841043,1,1
MEX,1995-01-31,0.0694835680751173,-0.292814345562487,4.533002011879163,1,1
MEX,1995-02-28,0.0250219490781387,1.1563054246841853,-10.897916811671562,0,0
MEX,1995-03-31,0.1678800856531048,-0.27509275112265963,6.658329759711884,1,1
MEX,1995-04-30,-0.1514484781811513,0.2975099666742653,-6.496646577039647,0,0
MEX,1995-05-31,0.067847882454624,0.2211292294934799,-0.6091679946039295,0,0
MEX,1995-06-30,0.0213193039255361,-0.0842528135947419,1.3353254056220538,0,0
MEX,1995-07-31,-0.0350282127686553,0.4135852786119216,-4.926514950119044,0,0
MEX,1995-08-31,0.0366610820932296,0.11204507947082276,-0.2552694838173981,0,0
MEX,1995-09-30,0.0171277371106253,0.040669680411026476,-0.0032987068890678595,0,0
MEX,1995-10-31,0.1171742347534854,-0.11698339568924576,3.9022447112283247,1,1
MEX,1995-11-30,0.0669297377190902,0.005147203546380652,1.5142507751257852,0,0
MEX,1995-12-31,-0.0012023471908203,0.1522585547232238,-1.5401828622999503,0,0
MEX,1996-01-31,-0.0329342492639843,-0.047063676134447174,-0.30288935651449,0,0
MEX,1996-02-29,0.0200519564864425,0.027437578042089683,0.1965000421724135,0,0
MEX,1996-03-31,0.0011805279214751,0.02322579365601296,-0.20304223208928665,0,0
MEX,1996-04-30,-0.0190384080340226,-0.029762088990504476,-0.1497105040621165,0,0
MEX,1996-05-31,0.0007158099457065,0.029683755059860317,-0.27804442403071894,0,0
MEX,1996-06-30,0.0271678250894122,-0.0230980513552117,0.8647909974846022,0,0
MEX,1996-07-31,0.0003547590266463,0.08913414416794407,-0.8768837030932093,0,0
MEX,1996-08-31,-0.0158271491429696,-0.027312179253381474,-0.09893466290534225,0,0
MEX,1996-09-30,0.0059255304951286,-0.017790143455954532,0.3152594363404756,0,0
MEX,1996-10-31,0.0503887282086661,0.06739540453408033,0.5092064084000506,0,0
MEX,1996-11-30,-0.0059617036325974,0.024961088776290552,-0.3873192905692629,0,0
MEX,1996-12-31,-0.0024269377382465,0.03633529027372551,-0.41760330821420855,0,0
MEX,1997-01-31,-0.0014775376071534,0.0453990987620958,-0.4854101688230528,0,0
MEX,1997-02-28,-0.0070031763040067,0.04932622247503948,-0.6536448033002311,0,0
MEX,1997-03-31,0.0136298237500642,-0.012246581419838587,0.44039662530880563,0,0
MEX,1997-04-30,0.0045877954502249,0.07148109318704532,-0.6025701305714675,0,0
MEX,1997-05-31,-0.0022960374430721,0.08551104112298558,-0.9029004818124956,0,0
MEX,1997-06-30,0.0062590883226907,-0.02921555681008381,0.43652521777103126,0,0
MEX,1997-07-31,-0.0187484292535813,0.033261377165961115,-0.7688071760800343,0,0
MEX,1997-08-31,-0.0069152750742751,0.05193331834165815,-0.6774797182029934,0,0
MEX,1997-09-30,0.0083948006396037,0.043531732441101534,-0.23596920572408484,0,0
MEX,1997-10-31,0.0362408726454304,0.04211862047179271,0.42933414947149734,0,0
MEX,1997-11-30,0.0119334098453713,-0.03915510294619129,0.6679459502100661,0,0
MEX,1997-12-31,-0.0142317073170731,0.0665061267701863,-0.9933188806056171,0,0
MEX,1998-01-31,0.0342681825492066,0.013476128784599473,0.6676417248075772,0,0
MEX,1998-02-28,0.0266617226654544,-0.004736418780484142,0.6706069146655187,0,0
MEX,1998-03-31,-0.0077709945008853,0.03686361863561349,-0.5478380216881151,0,0
MEX,1998-04-30,-0.0040744437268832,0.03388972620161379,-0.4318489174450969,0,0
MEX,1998-05-31,0.0469711617816972,-0.0054590100694019705,1.1527844025719611,0,0
MEX,1998-06-30,0.0180739172541157,-0.010426562520187588,0.5262616398731541,0,0
MEX,1998-07-31,-0.0135940801044166,0.03371091521973901,-0.6527204633008085,0,0
MEX,1998-08-31,0.1168673888178699,-0.06014502090647522,3.330612802301326,1,1
MEX,1998-09-30,0.0146787148594376,-0.017056581917854752,0.5126958744942576,0,0
MEX,1998-10-31,0.0050760919039798,0.048143153559837115,-0.3593833674432912,0,0
MEX,1998-11-30,-0.0213733694314546,-0.029639068996154982,-0.2055427792940101,0,0
MEX,1998-12-31,-0.0075852078387187,0.0683142445755085,-0.8558253344241273,0,0
MEX,1999-01-31,0.0313735428281805,-0.003725816234471324,0.7707717979886674,0,0
MEX,1999-02-28,-0.023470440807902,-0.005885430580859108,-0.49048417192656946,0,0
MEX,1999-03-31,-0.0422617430075384,-0.006669237146093576,-0.9221952850938145,0,0
MEX,1999-04-30,-0.024033712352088,0.005931458214890828,-0.6210102443853822,0,0
MEX,1999-05-31,0.0498217958243154,-0.01029351511969534,1.2674665537336904,0,0
MEX,1999-06-30,-0.0269031159613529,0.006440053879450236,-0.6931712760914335,0,0
MEX,1999-07-31,-0.011046113306983,0.02278003068422496,-0.4845747185492011,0,0
MEX,1999-08-31,-8.526330373981317e-05,0.00020517851122114905,-0.004031760511934658,0,0
MEX,1999-09-30,-0.0025261407604003,0.016141501800176705,-0.2193813105103401,0,0
MEX,1999-10-31,0.0312239533243572,-0.0097303054454001,0.8269030549274846,0,0
MEX,1999-11-30,-0.0306101301500455,-0.019130299019804564,-0.525935499763605,0,0
MEX,1999-12-31,0.0170283270978086,0.0041710213571442,0.35684023483018595,0,0
MEX,2000-01-31,-0.0002102098945797,0.058540450220819995,-0.5862748789192425,0,0
MEX,2000-02-29,-0.0144549688298307,-0.009835072068068551,-0.2404049468726841,0,0
MEX,2000-03-31,-0.0151149891197679,0.09184662898561169,-1.2656308633781292,0,0
MEX,2000-04-30,0.0188669027737162,-0.04637025533752792,0.9017608141254583,0,0
MEX,2000-05-31,0.0127666811943916,-0.03225787961188775,0.6189391514860002,0,0
MEX,2000-06-30,0.0447551273170014,-0.017629090435047123,1.2218149747404694,0,0
MEX,2000-07-31,-0.0595551447688318,0.04089730486858234,-1.7990349048287861,0,0
MEX,2000-08-31,-0.0138126268561051,-0.04197634776370751,0.09380957888524105,0,0
MEX,2000-09-30,0.0191838989568551,0.03728515094134632,0.0784026182742118,0,0
MEX,2000-10-31,0.0250297593742028,0.034086056441934076,0.24689669304936263,0,0
MEX,2000-11-30,-0.0247296330474995,-0.016466239523843074,-0.4148576394108442,0,0
MEX,2000-12-31,0.0176912118054819,0.023606158564181134,0.17933582330680437,0,0
MEX,2001-01-31,0.0100812770314033,0.11018548290377006,-0.8584562259772452,0,0
MEX,2001-02-28,-0.0007136429923361,-0.0080023978123831,0.06278005238580726,0,0
MEX,2001-03-31,-0.0128133474093853,0.02884497920792617,-0.5861374714932985,0,0
MEX,2001-04-30,-0.0284021807506815,0.001874403577959427,-0.6828907794234977,0,0
MEX,2001-05-31,-0.0196393693820071,0.0062432138038364116,-0.5213304173702702,0,0
MEX,2001-06-30,-0.0026747091391399,0.004873213017616784,-0.11095198614220628,0,0
MEX,2001-07-31,0.0144799576196361,0.0015141919745333965,0.3236230884988989,0,0
MEX,2001-08-31,-0.0052436901653611,0.008508637343092706,-0.20713884407290292,0,0
MEX,2001-09-30,0.0417769417528817,0.03979384480633463,0.5818999993741065,0,0
MEX,2001-10-31,-0.0297822755044195,0.013173316755007214,-0.827376932272238,0,0
MEX,2001-11-30,0.0027158329816816,0.011264298088654812,-0.04834595817407254,0,0
MEX,2001-12-31,-0.0134776415745856,0.02011858574724057,-0.5150133210545057,0,0
MEX,2002-01-31,0.0031830064644564,0.05547138596402679,-0.47643508465055023,0,0
MEX,2002-02-28,-0.0098022112218417,-0.0034764131962548017,-0.19473236046931874,0,0
MEX,2002-03-31,-0.0056928921433684,-0.018285321429199697,0.04844283136073868,0,0
MEX,2002-04-30,0.0320937340804889,-0.024181580261951274,0.9907596136457831,0,0
MEX,2002-05-31,0.0315249581527106,-0.003760652305404122,0.7746590850631967,0,0
MEX,2002-06-30,0.0401938960201384,0.013656104539287117,0.8044462637958406,0,0
MEX,2002-07-31,-0.0305406108122162,0.01167211404200219,-0.8302047704448157,0,0
MEX,2002-08-31,0.0211049678164712,0.009396828857625161,0.4002886919094658,0,0
MEX,2002-09-30,0.0270431356702698,0.0025630717054678787,0.6070370875002837,0,0
MEX,2002-10-31,-0.0007278664660116,-0.011596574384061364,0.09814074283872604,0,0
MEX,2002-11-30,-0.0009547901922376,0.015273188520526615,-0.17400710763432964,0,0
MEX,2002-12-31,0.0160498935918658,0.08174878428140997,-0.4364593747108573,0,0
MEX,2003-01-31,0.0653381818181817,0.01791846781544204,1.3501971751048245,0,0
MEX,2003-02-28,0.0041961351865507,0.00878873500550692,0.010860198083030584,0,0
MEX,2003-03-31,-0.0220713534679671,0.03714030102389909,-0.8850455846882188,0,0
MEX,2003-04-30,-0.0332285960570586,0.021375417501722893,-0.9894343308954213,0,0
MEX,2003-05-31,-0.002310553765915,0.011922883709870158,-0.1724445069997699,0,0
MEX,2003-06-30,0.0071591247609621,-0.008856884441001633,0.2553958408304646,0,0
MEX,2003-07-31,0.0006678879474848,-0.01925764772180938,0.20686618019864836,0,0
MEX,2003-08-31,0.0425160662865424,-0.0036461175190116712,1.0305840473750323,0,0
MEX,2003-09-30,-0.0005944922578816,0.01580339547525167,-0.1708458062651698,0,0
MEX,2003-10-31,0.0165275642433559,0.02508790281818718,0.13740515366264552,0,0
MEX,2003-11-30,0.022002556761915,0.019357032972480592,0.3223680588219594,0,0
MEX,2003-12-31,-0.0102359014111801,0.02976224342547451,-0.5349648566871292,0,0
MEX,2004-01-31,-0.0286133855464578,0.06779803738309753,-1.342510470106089,0,0
MEX,2004-02-29,0.0163727151953823,0.0017468108133313898,0.36558119777424103,0,0
MEX,2004-03-31,0.0054808351061912,-0.023340046302012918,0.3599742489070702,0,0
MEX,2004-04-30,0.0165590819436973,-0.020904827650986224,0.5948907866803671,0,0
MEX,2004-05-31,0.0099482303967826,-0.00043207765095121253,0.2369622590922158,0,0
MEX,2004-06-30,-0.0034842597039688,0.002181903467023627,-0.10315884428194183,0,0
MEX,2004-07-31,0.0060026639559747,-0.0021612529214262155,0.1618547448090094,0,0
MEX,2004-08-31,-0.0092507904983405,0.012473422803579215,-0.3402315921125456,0,0
MEX,2004-09-30,0.003226685657514,0.01931093806698181,-0.11630827780623225,0,0
MEX,2004-10-31,0.0088689464182425,-0.020885700060823686,0.4148422940024155,0,0
MEX,2004-11-30,-0.0230024844073037,0.04563232414507312,-0.9911563748527039,0,0
MEX,2004-12-31,0.0015826442606916,0.007096261877726828,-0.03345693313474894,0,0
MEX,2005-01-31,0.0030448831759108,0.013702234233581967,-0.06486092373762192,0,0
MEX,2005-02-28,-0.018019134267331,-0.015591502229826193,-0.2665979698598302,0,0
MEX,2005-03-31,0.0179081609661575,0.0007564687298711181,0.4113275054954082,0,0
MEX,2005-04-30,-0.0169024809194099,-0.020282952304348845,-0.19389119346108694,0,0
MEX,2005-05-31,-0.0180396818963731,-0.013910023828508478,-0.283777109866364,0,0
MEX,2005-06-30,-0.0055214161240025,0.05928326022985142,-0.7178712695248333,0,0
MEX,2005-07-31,-0.0184269745822112,0.013533399451674422,-0.5653726588416594,0,0
MEX,2005-08-31,0.0235459926712391,0.026211520070808403,0.2903951497463477,0,0
MEX,2005-09-30,-0.0040482485128882,0.02568268065878554,-0.3497330374768837,0,0
MEX,2005-10-31,0.0055025577215539,0.017494514539529105,-0.04504100181766044,0,0
MEX,2005-11-30,-0.0313680196531368,0.022163808328786283,-0.9537481891451712,0,0
MEX,2005-12-31,0.0199394340872527,0.018196556475861714,0.28563986123366913,0,0
MEX,2006-01-31,-0.029496089147035,0.03630827748436749,-1.050434165354976,0,0
MEX,2006-02-28,0.0015583471959312,-0.015284970512755014,0.1882402338703311,0,0
MEX,2006-03-31,0.0453317551378853,0.005022608816444674,1.0103498627697718,0,0
MEX,2006-04-30,0.0188841201716738,0.031903292535193195,0.12483794153677663,0,0
MEX,2006-05-31,-0.0024646435677283,0.038406779856054785,-0.439056903851863,0,0
MEX,2006-06-30,0.0239885717366108,0.04290030272262291,0.1350119122713987,0,0
MEX,2006-07-31,-0.0439139094346905,-0.02218912177961041,-0.8067103273420434,0,0
MEX,2006-08-31,0.0007249834813889,0.007790853597766212,-0.06041399745159869,0,0
MEX,2006-09-30,0.010133245297899,-0.002959730035591135,0.266391250951955,0,0
MEX,2006-10-31,-0.0277707168276563,-0.07043657558731165,0.04999001034923878,0,0
MEX,2006-11-30,0.031383937325502,-0.006594100462051444,0.7994995058585211,0,0
MEX,2006-12-31,-0.0148840241186376,-0.009535036085031812,-0.2534194066449375,0,0
MEX,2007-01-31,0.0187942284716478,0.0064491226605361,0.37551795411985367,0,0
MEX,2007-02-28,-0.0005863515403002,-0.0022574509839035084,0.008704769231306232,0,0
MEX,2007-03-31,0.0002075999638957,-0.01065716775646397,0.11069049367011059,0,0
MEX,2007-04-30,-0.0135453421529965,0.02276255225615964,-0.5428536425013888,0,0
MEX,2007-05-31,-0.0131641539812646,0.005678680662133839,-0.36428037761188603,0,0
MEX,2007-06-30,0.0073048863014841,-0.0009494690539589845,0.18027731475716463,0,0
MEX,2007-07-31,0.0120742492706673,0.003957533580449812,0.2430933226597268,0,0
MEX,2007-08-31,0.0099024305966008,0.01567714907708284,0.07591221487052757,0,0
MEX,2007-09-30,-0.0163782391817182,0.03366617498921842,-0.7173926627954467,0,0
MEX,2007-10-31,-0.0195069706983515,0.019123971037016352,-0.6461511598427346,0,0
MEX,2007-11-30,0.0208473373664948,0.02163853084960765,0.272692248155306,0,0
MEX,2007-12-31,-0.0062462846952308,0.019419865793492752,-0.3389458885219273,0,0
MEX,2008-01-31,-0.0020062211260605,0.04096593022466899,-0.4537498479939691,0,0
MEX,2008-02-29,-0.0101434841946073,-0.004754688353192704,-0.1900197231052204,0,0
MEX,2008-03-31,-0.0035586525562678,0.008813680047178973,-0.17075816695759458,0,0
MEX,2008-04-30,-0.0233540883678314,0.018401635257198512,-0.728954939757709,0,0
MEX,2008-05-31,-0.0097354112421504,0.012527422893808371,-0.3521022746484645,0,0
MEX,2008-06-30,-0.0058580722495577,0.0009627053206457958,-0.14657036528127879,0,0
MEX,2008-07-31,-0.0216936824807226,0.015157678164488875,-0.6579056478626055,0,0
MEX,2008-08-31,0.0080608289434449,0.016877651813832717,0.02091838656153605,0,0
MEX,2008-09-30,0.0640695713905405,0.017947015595386917,1.3202431376712909,0,0
MEX,2008-10-31,0.1966567518231265,-0.14042224880669762,5.993967406351329,1,1
MEX,2008-11-30,0.023036657322947,0.043180926472095926,0.10996149180954284,0,0
MEX,2008-12-31,0.0247205128787362,0.0743404320212524,-0.16009758143533048,0,0
MEX,2009-01-31,0.0452789493511003,-0.05150853923535248,1.5705191269323457,0,0
MEX,2009-02-28,0.0548500844445385,-0.0025214312940738948,1.3078855801349467,0,0
MEX,2009-03-31,-0.0399129124099816,-0.050309253641408924,-0.43387637163590764,0,0
MEX,2009-04-30,-0.032445557749604,-0.016766398388871062,-0.5923384980004596,0,0
MEX,2009-05-31,-0.0510359350097715,-0.013026373742233588,-1.0642759804801172,0,0
MEX,2009-06-30,0.0032905235960178,-0.02064477642317364,0.2819803599650959,0,0
MEX,2009-07-31,0.0046961514281602,0.009075727597395167,0.019704594910054163,0,0
MEX,2009-08-31,-0.0013645650354712,0.02936384081885146,-0.32352364886872415,0,0
MEX,2009-09-30,0.0194772840512751,0.03724248486882864,0.0856880836125456,0,0
MEX,2009-10-31,-0.0164319248826292,0.009632034184025917,-0.4799680010975822,0,0
MEX,2009-11-30,-0.0252064777937556,0.022740264509384156,-0.8153654465183877,0,0
MEX,2009-12-31,0.0085885306043638,0.10201987914611599,-0.8122772324196215,0,0
MEX,2010-01-31,-0.0098937872835733,-0.01213658481480362,-0.11087099766938956,0,0
MEX,2010-02-28,-0.0058470938551375,0.013155900290405809,-0.26740281014942846,0,0
MEX,2010-03-31,-0.0303332062642466,0.01643693603455887,-0.8726728448724795,0,0
MEX,2010-04-30,-0.0075577663671374,0.021574510707501826,-0.3910166327063199,0,0
MEX,2010-05-31,0.0416174877524293,0.00048572981932903936,0.9685350015790952,0,0
MEX,2010-06-30,-0.0176877823137698,0.016387156791609625,-0.5764246058455681,0,0
MEX,2010-07-31,0.0018251202920192,0.0381305140237691,-0.335983422727232,0,0
MEX,2010-08-31,0.0264199750784712,0.018122695100805997,0.4379416524432064,0,0
MEX,2010-09-30,-0.0394704490272612,0.019128693407860053,-1.113108169413491,0,0
MEX,2010-10-31,-0.0018798345745573,0.022705882259683507,-0.2694554664463713,0,0
MEX,2010-11-30,0.0009136372379303,0.009879733230951926,-0.07674614513440436,0,0
MEX,2010-12-31,-0.010561293938666,0.02714483360995046,-0.5165820125509322,0,0
MEX,2011-01-31,-0.0269642553673598,0.024657442705544153,-0.8755160004305166,0,0
MEX,2011-02-28,0.0124003027303953,0.016082417659720738,0.1303083085435232,0,0
MEX,2011-03-31,-0.0168569785591061,-0.012679430485884602,-0.2683366708371114,0,0
MEX,2011-04-30,-0.0318354250572369,0.019431105454622122,-0.9375418105820048,0,0
MEX,2011-05-31,0.0033486381054304,-0.0006925249781626341,0.08519605162664029,0,0
MEX,2011-06-30,0.0183474401321221,0.02245544270991573,0.20611145828085,0,0
MEX,2011-07-31,-0.0157278125501525,0.03257697099111634,-0.691363586243751,0,0
MEX,2011-08-31,0.065401151664421,0.032295428925623204,1.2088939883282612,0,0
MEX,2011-09-30,0.0811048103876019,-0.012082199418354644,2.0168836238957244,0,0
MEX,2011-10-31,-0.0167191935447819,0.03144819889779793,-0.7033405123530005,0,0
MEX,2011-11-30,0.0634296409113985,0.009752282740843166,1.3866572511959794,0,0
MEX,2011-12-31,-0.0031351536225275,0.019574044742857843,-0.26771322114840285,0,0
MEX,2012-01-31,-0.0743366880146385,0.02908682065653534,-2.027460254498439,0,0
MEX,2012-02-29,-0.0055982826785272,0.005385933856926428,-0.18442092242414643,0,0
MEX,2012-03-31,-0.0057462785081418,0.002815744139939458,-0.16235802361676188,0,0
MEX,2012-04-30,0.0316622279149321,0.021962593411871678,0.5224149996665133,0,0
MEX,2012-05-31,0.053568319290197,-0.0023133520360285598,1.2758409707742449,0,0
MEX,2012-06-30,-0.0180859243078559,0.025959183102085337,-0.6807951231032783,0,0
MEX,2012-07-31,-0.0279176301847028,0.01483584647461611,-0.8002765981525481,0,0
MEX,2012-08-31,-0.0006850500989935,0.0008256637999588534,-0.024221670385942,0,0
MEX,2012-09-30,-0.0269386648185255,-0.00173184245573077,-0.6128485424189516,0,0
MEX,2012-10-31,0.0133932027560579,0.012867335840339722,0.18545907320500493,0,0
MEX,2012-11-30,-0.0040336134453781,0.005451029781412542,-0.14847256296368794,0,0
MEX,2012-12-31,-0.0020786671984782,-0.005910086966448569,0.010076076353964666,0,0
MEX,2013-01-31,-0.0228053589134594,0.026061274050309446,-0.7921881251314629,0,0
MEX,2013-02-28,0.0121603976906257,0.00485379534673136,0.23620750837216212,0,0
MEX,2013-03-31,-0.0396409698476841,-0.002928278000225326,-0.8980511132999198,0,0
MEX,2013-04-30,-0.0164186471811554,0.011710403986117113,-0.5002975096472296,0,0
MEX,2013-05-31,0.0393089263677499,-0.01379504560339695,1.0563626029510695,0,0
MEX,2013-06-30,0.0439807485276424,-0.002341193755967308,1.0518813026626628,0,0
MEX,2013-07-31,-0.0345985866367413,0.02088754938954529,-1.0166310025300536,0,0
MEX,2013-08-31,0.0409830271518445,0.0023526919521397183,0.9351555158441442,0,0
MEX,2013-09-30,-0.0182587766619636,0.010468318982643554,-0.5309998499486146,0,0
MEX,2013-10-31,-0.0093452916176731,0.012811921782927005,-0.3458033987958842,0,0
MEX,2013-11-30,0.0156862136645383,0.011999721133399754,0.24770468543295593,0,0
MEX,2013-12-31,-0.0012220737063204,0.008395537108440543,-0.11195723055006444,0,0
MEX,2014-01-31,0.0222230719229152,0.014943068296232376,0.3713600877139295,0,0
MEX,2014-02-28,-0.0050796358222801,0.0026227313206472758,-0.14484965352146206,0,0
MEX,2014-03-31,-0.0162039821944177,0.010349998830657237,-0.48176685254495843,0,0
MEX,2014-04-30,0.0039667678103287,0.018793403508551743,-0.09385950182702713,0,0
MEX,2014-05-31,-0.0205243765035476,0.010282905116284935,-0.5821468612172107,0,0
MEX,2014-06-30,0.0129255401834291,0.009028811870517739,0.21264121854165063,0,0
MEX,2014-07-31,0.0019566768720793,0.002530789970715208,0.020630195605099752,0,0
MEX,2014-08-31,0.0017843740905818,0.002571125208771008,0.016199776614692973,0,0
MEX,2014-09-30,0.0285144215700514,0.0012488147256117799,0.6544995717966541,0,0
MEX,2014-10-31,-0.0022446689113356,0.0207173419591975,-0.2582403262708877,0,0
MEX,2014-11-30,0.0221992118534852,-0.0019462749010014102,0.538528158453772,0,0
MEX,2014-12-31,0.0725919879900014,-0.005852713588620606,1.7559196043683016,0,0
MEX,2015-01-31,-0.0020519092267972,0.017119532679800153,-0.21800259332640137,0,0
MEX,2015-02-28,0.0159996731981646,-0.003875687786248805,0.41269279526953007,0,0
MEX,2015-03-31,0.0155064733159995,-0.0017922904270478712,0.38046775229290997,0,0
MEX,2015-04-30,0.0045070013593591,0.0030265101150646068,0.07535479216498735,0,0
MEX,2015-05-31,0.0089078666447692,-0.009844921303728715,0.3061078709031407,0,0
MEX,2015-06-30,0.0136410102812196,-0.010771440942096366,0.42600880871599095,0,0
MEX,2015-07-31,0.0415221357177726,-0.003583822864436703,1.0067191450735122,0,0
MEX,2015-08-31,0.0414641667694584,-0.03338801810907899,1.3013453729770053,0,0
MEX,2015-09-30,0.0071655720909851,-0.028165675501071075,0.4473000046053145,0,0
MEX,2015-10-31,-0.0327506423712171,-0.027663074818652045,-0.4912602484081376,0,0
MEX,2015-11-30,0.006012048412491,-0.02390369132924819,0.3779958732489114,0,0
MEX,2015-12-31,0.0397179319846277,0.0292518562770665,0.6384347069700503,0,0
MEX,2016-01-31,0.0724435533083429,-0.008501019786620323,1.7787480049539255,0,0
MEX,2016-02-29,-0.0154446431474557,0.009612512626948622,-0.45668337782941065,0,0
MEX,2016-03-31,-0.0421895640686922,0.007228663848348749,-1.0585255969997294,0,0
MEX,2016-04-30,-0.000126425882826,0.01267401681880198,-0.12882107177793847,0,0
MEX,2016-05-31,0.060542665509532,-0.013997235448769851,1.554989771481634,0,0
MEX,2016-06-30,0.0248527315785767,-0.005399554997144951,0.6348833723140519,0,0
MEX,2016-07-31,-0.0027020881695072,0.004267631284874618,-0.1055783705832338,0,0
MEX,2016-08-31,-0.0149998409348786,-0.009649500820839485,-0.2549914191186184,0,0
MEX,2016-09-30,0.0496789092063969,0.01513437294374409,1.011603273561521,0,0
MEX,2016-10-31,-0.0336355524558722,-0.01963407877231904,-0.591691746949535,0,0
MEX,2016-11-30,0.0906268739088211,-0.0033434123883867573,2.15280380356782,0,0
MEX,2016-12-31,0.0087241693062996,0.012810594480784365,0.07682220950821758,0,0
RUS,1994-03-31,0.4057738572574176,-0.21133759963700038,6.728235017111658,1,1
RUS,1994-06-30,0.1323445521962352,0.7487633643816352,-5.3076121184378575,0,0
RUS,1994-09-30,0.3078085642317381,-0.4829124687899702,8.063575110236004,1,1
RUS,1994-12-31,0.3674884437596302,-0.04346569324297245,4.7361898718680635,1,1
RUS,1995-01-31,0.1278873239436619,-0.4741777658888362,5.859855829558311,1,1
RUS,1995-02-28,0.1006493506493508,0.485810486381687,-3.2692007380983945,0,0
RUS,1995-03-31,0.11118674835489,0.333862576510944,-1.7507582786716631,0,0
RUS,1995-04-30,0.0414539513988154,0.4055082159044434,-3.231127985684946,0,0
RUS,1995-05-31,-0.0205882352941175,0.48560353305664905,-4.698249631152772,0,0
RUS,1995-06-30,-0.0914914914914915,0.16444246556539177,-2.5885639067041373,0,0
RUS,1995-07-31,-0.0271044513001322,0.023322509325523377,-0.5338856789300404,0,0
RUS,1995-08-31,0.0045300113250281,0.05770410637636281,-0.47594888741562996,0,0
RUS,1995-09-30,0.0164599774520857,0.021809402545556633,-0.0058195228253766496,0,0
RUS,1995-10-31,-0.0008873114463177,0.13883141019034895,-1.2842045537746838,0,0
RUS,1995-11-30,0.0164298401420961,-0.028426318403004913,0.45472071116919865,0,0
RUS,1995-12-31,0.0135430318916556,0.16537341608491785,-1.357399572862938,0,0
RUS,1996-01-31,0.0198275862068966,-0.17279413002965194,1.819350150449161,0,0
RUS,1996-02-29,0.0175401521555367,0.06649677958649503,-0.40306213540862945,0,0
RUS,1996-03-31,0.0080996884735202,0.2870650949767388,-2.538126932442158,0,0
RUS,1996-04-30,0.0160692212608157,-0.1262690935407823,1.3481391259793207,0,0
RUS,1996-05-31,0.0166261151662612,-0.15871795867090943,1.6524195406516538,0,0
RUS,1996-06-30,0.0187475069804545,0.06564995323821554,-0.38104257311261747,0,0
RUS,1996-07-31,0.0162490211433046,-0.023095279341999064,0.40367603319825396,0,0
RUS,1996-08-31,0.0296667308803697,-0.032668218064898724,0.6498716027255722,0,0
RUS,1996-09-30,0.0095416276894293,-0.057087236071697744,0.6363745883167204,0,0
RUS,1996-10-31,0.0109340252038547,-0.07753060844283344,0.8403699358028321,0,0
RUS,1996-11-30,0.0102658111824014,0.10823990132429828,-0.8718991876642646,0,0
RUS,1996-12-31,0.0088913082925057,-0.032309207868236434,0.40136885118530563,0,0
RUS,1997-01-31,0.012410071942446,-0.11945049169422994,1.2423923866705027,0,0
RUS,1997-02-28,0.0083496180493871,0.12058707564726001,-1.0077969005813185,0,0
RUS,1997-03-31,0.0088090204369273,0.11700758195381034,-0.9695339909175413,0,0
RUS,1997-04-30,0.0062871114215856,0.1318694198598518,-1.1356520678554256,0,0
RUS,1997-05-31,0.0019090593543908,0.12911831164949072,-1.1620850105951717,0,0
RUS,1997-06-30,0.0015589814654426,0.28403262206510305,-2.58750391466936,0,0
RUS,1997-07-31,0.0027672085783465,-0.010278564626588271,0.12696330841750203,0,0
RUS,1997-08-31,0.0055191445325974,-0.02883978636111839,0.3297369655882161,0,0
RUS,1997-09-30,0.0051457975986277,-0.04422368140770372,0.46647250444839705,0,0
RUS,1997-10-31,0.004607508532423,-0.015436995623710703,0.19601095047362865,0,0
RUS,1997-11-30,0.0054357057924239,-0.33859493664183005,3.170652066630266,1,1
RUS,1997-12-31,0.0069268457509714,0.05681983642647359,-0.43954655722604885,0,0
RUS,1998-01-31,0.0110738255033557,-0.18728663004607293,1.848994769550114,0,0
RUS,1998-02-28,0.0076335877862596,-0.025531985409073532,0.3243454298330729,0,0
RUS,1998-03-31,0.0055994729907773,0.1663076055183721,-1.4597269895930496,0,0
RUS,1998-04-30,0.0044218801179167,-0.08008614579656903,0.7869543410775084,0,0
RUS,1998-05-31,0.0050546225338332,-0.1214828297988485,1.1742232292605639,0,0
RUS,1998-06-30,0.0055158987670345,0.1594588987480734,-1.3978788083787275,0,0
RUS,1998-07-31,0.0064536947402387,0.23696668551696942,-2.0979181774885096,0,0
RUS,1998-08-31,0.2672330875280537,-0.4061882740256141,6.880750491752062,1,1
RUS,1998-09-30,1.0321948134092342,0.07839221389241913,11.46360611187298,1,1
RUS,1998-10-31,-0.0033925736873228,0.09228466774447397,-0.8867229631567493,0,0
RUS,1998-11-30,0.1168019987507806,-0.15340196133692985,2.786006796610672,1,0
RUS,1998-12-31,0.1549217002237135,-0.04568336096443426,2.2476453334711386,0,0
RUS,1999-01-31,0.0944309927360775,-0.09269884858611821,1.9650346713575302,0,0
RUS,1999-02-28,0.011504424778761,0.029108849820863147,-0.13127909728478995,0,0
RUS,1999-03-31,0.0577427821522309,-0.08314987877657598,1.4444010503567069,0,0
RUS,1999-04-30,0.0020678246484697,0.05926094676520122,-0.5192931685058386,0,0
RUS,1999-05-31,0.0086669418076765,0.13561321986167907,-1.1419114276785993,0,0
RUS,1999-06-30,-0.0090016366612112,0.01939373981112391,-0.2841759388671234,0,0
RUS,1999-07-31,-0.0012386457473161,-0.044274674881693676,0.3915858001855834,0,0
RUS,1999-08-31,0.0231500620090945,-0.12816874346231044,1.4491417969784695,0,0
RUS,1999-09-30,0.0133333333333331,-0.027883149700453247,0.41318975086743287,0,0
RUS,1999-10-31,0.038676236044657,0.06744472394826007,-0.16229342785470424,0,0
RUS,1999-11-30,0.0142034548944338,0.07310516836870362,-0.5030743906662446,0,0
RUS,1999-12-31,0.0219530658591975,0.11300925111194537,-0.777713600080285,0,0
RUS,2000-01-31,0.0574074074074073,0.0538206669224186,0.1837837256065218,0,0
RUS,2000-02-29,0.0038528896672505,0.07784520473771228,-0.6687286866858261,0,0
RUS,2000-03-31,-0.0069783670621074,0.19260580475851374,-1.8494583850165236,0,0
RUS,2000-04-30,-0.0021082220660576,0.17051333531629265,-1.5892858322853938,0,0
RUS,2000-05-31,-0.005281690140845,0.18403014205383417,-1.7507539442696958,0,0
RUS,2000-06-30,-0.0063716814159291,0.11380428036704116,-1.11932013909023,0,0
RUS,2000-07-31,-0.0096188101175632,0.1283931762958257,-1.2914937153407855,0,0
RUS,2000-08-31,-0.0017985611510791,0.01672326925663148,-0.17465852921302658,0,0
RUS,2000-09-30,0.0,0.05840574073395821,-0.535853139090202,0,0
RUS,2000-10-31,0.0028828828828828,0.037998403384053914,-0.314596443107271,0,0
RUS,2000-11-30,0.0007186489399928,0.0783000814834256,-0.709894965148084,0,0
RUS,2000-12-31,0.0111310592459603,0.009533011878364972,0.04391589624995998,0,0
RUS,2001-01-31,0.0074573863636364,0.0669374572926249,-0.5261104600682118,0,0
RUS,2001-02-28,0.0123369756785336,-0.05013104279071101,0.6055468815228314,0,0
RUS,2001-03-31,0.0006963788300835,0.054958025036228486,-0.4960022538397375,0,0
RUS,2001-04-30,0.0031315240083507,0.07424661139862376,-0.64422695846144,0,0
RUS,2001-05-31,0.0090183836281652,0.0674718595570638,-0.512589223856734,0,0
RUS,2001-06-30,0.0006875214850463,0.050508091289029444,-0.45528014167443076,0,0
RUS,2001-07-31,0.005496392992099,0.04618773387033093,-0.3588839744618038,0,0
RUS,2001-08-31,0.0034164673727365,0.030316413288469235,-0.23781894156046687,0,0
RUS,2001-09-30,0.0006809669731018,0.010634655493192868,-0.08953206463209991,0,0
RUS,2001-10-31,0.0105478053759782,-0.0008117366290008032,0.13194145319243042,0,0
RUS,2001-11-30,0.0067340067340067,-0.02173840244485281,0.27892296511122655,0,0
RUS,2001-12-31,0.0080267558528428,-0.02207241370419577,0.2972455155040424,0,0
RUS,2002-01-31,0.0180822826808226,-0.006937111433256149,0.2770679357327253,0,0
RUS,2002-02-28,0.0078996252240508,0.013975649511546173,-0.034983911500140824,0,0
RUS,2002-03-31,0.0062016205694626,0.012540273604244812,-0.041856091911765425,0,0
RUS,2002-04-30,0.0024775701174837,0.055615896042209956,-0.48101488759865885,0,0
RUS,2002-05-31,0.0035517032468592,0.09911307135115766,-0.8674091050419,0,0
RUS,2002-06-30,0.004471829073916,0.03512289478522068,-0.2694605384135803,0,0
RUS,2002-07-31,-0.0002225960422422,-0.007138611774816672,0.06286711063883547,0,0
RUS,2002-08-31,0.004045788658433,0.02610262638180516,-0.19173107851081717,0,0
RUS,2002-09-30,0.002169967022837,0.03180339850021574,-0.2661737756466355,0,0
RUS,2002-10-31,0.0033190246492897,0.02738280228239809,-0.2120541423493902,0,0
RUS,2002-11-30,0.0032009275128541,0.03335398686915392,-0.26823164544243333,0,0
RUS,2002-12-31,-0.0018214707434113,-0.009356834145798354,0.06434729953979292,0,0
RUS,2003-01-31,0.0011892626571525,0.033596233405313036,-0.2941975313688212,0,0
RUS,2003-02-28,-0.0077304523257347,0.08328559734107821,-0.8553587817460315,0,0
RUS,2003-03-31,-0.006197705867077,0.04995554267459612,-0.5314759178937659,0,0
RUS,2003-04-30,-0.0089386721052883,0.08342875894464208,-0.8709326642496866,0,0
RUS,2003-05-31,-0.012572347266881,0.0897080650900488,-0.9714308784998373,0,0
RUS,2003-06-30,-0.0117457422905337,-0.007420388696794844,-0.07055351200379079,0,0
RUS,2003-07-31,-0.0029227337280836,0.0003160710402188016,-0.03739639962719569,0,0
RUS,2003-08-31,0.0080635566894473,-0.027990229105597342,0.351973847089432,0,0
RUS,2003-09-30,0.0035504006084527,-0.011527865119006386,0.14766911151747952,0,0
RUS,2003-10-31,-0.0246146106579466,0.0489190665625856,-0.739338345089426,0,0
RUS,2003-11-30,-0.0040089221123703,0.05280623307122556,-0.5317961882589983,0,0
RUS,2003-12-31,-0.0095565710673298,0.13599806538404136,-1.3605314320409132,0,0
RUS,2004-01-31,-0.0326198034256225,0.09637109207345573,-1.2691788058211004,0,0
RUS,2004-02-29,0.0007685909516839,0.029057148428991653,-0.2575180647888323,0,0
RUS,2004-03-31,-0.0010625762740394,-0.03536085730513361,0.3118826244136755,0,0
RUS,2004-04-30,0.013975629535234,-0.009220058562966704,0.24954304922286147,0,0
RUS,2004-05-31,0.0035175914192926,0.037320839294124,-0.30088865696275335,0,0
RUS,2004-06-30,0.0014628255994479,0.03194209365457956,-0.2757925331680915,0,0
RUS,2004-07-31,0.0025665405789012,0.004663650015837684,-0.012494965872606616,0,0
RUS,2004-08-31,0.0049068961133122,0.0010709122543521854,0.04809003949500331,0,0
RUS,2004-09-30,-0.0009437607498111,0.075102215581067,-0.7001767676568552,0,0
RUS,2004-10-31,-0.0154567017260439,0.1344475577251394,-1.4159443308018214,0,0
RUS,2004-11-30,-0.0183831325720046,0.09744029149311983,-1.1109552291724725,0,0
RUS,2004-12-31,-0.017282472810208,0.06249757815002588,-0.7773766106771542,0,0
RUS,2005-01-31,0.0121014678165103,0.0032258574271033513,0.11323550451707888,0,0
RUS,2005-02-28,-0.0110630418914347,0.07614022816088495,-0.829136424788413,0,0
RUS,2005-03-31,0.0018650670776054,0.024724479772167296,-0.20482574840622048,0,0
RUS,2005-04-30,-0.0019047208326146,0.051422611454351896,-0.49426637521927236,0,0
RUS,2005-05-31,0.0114969430301807,0.02209283465927525,-0.06699781035310973,0,0
RUS,2005-06-30,0.0206536403732036,0.028875209775657495,-0.02114881593512022,0,0
RUS,2005-07-31,-0.0013253301990436,-0.04655935469323369,0.4115238508447719,0,0
RUS,2005-08-31,-0.0031116745418923,0.03641020416073326,-0.3707780382188317,0,0
RUS,2005-09-30,-0.0016149938693291,0.06714382945297293,-0.6350836923474235,0,0
RUS,2005-10-31,-0.0026141359841959,0.03472011493922733,-0.3493996676783359,0,0
RUS,2005-11-30,0.0107935435752382,0.021244705831953592,-0.06751862200946837,0,0
RUS,2005-12-31,0.0017855153978949,0.06816907799673566,-0.604354343913344,0,0
RUS,2006-01-31,-0.0229931381916094,0.031322989215788244,-0.5587622426426413,0,0
RUS,2006-02-28,5.689758789784172e-05,0.04216648831849601,-0.3861918759072352,0,0
RUS,2006-03-31,-0.0127905612272111,0.05092145130398418,-0.6181522121805322,0,0
RUS,2006-04-30,-0.0176028181798534,0.0998818141699882,-1.1241454586549617,0,0
RUS,2006-05-31,-0.0106292096106533,0.0949557974717552,-0.9966425286304025,0,0
RUS,2006-06-30,0.0035168989030536,0.016314788490899623,-0.10817333937840047,0,0
RUS,2006-07-31,-0.0076480211530011,0.06038793085657734,-0.6443074274248393,0,0
RUS,2006-08-31,-0.0049829188963895,-0.022007745438462845,0.14310111862461197,0,0
RUS,2006-09-30,0.0015708039898421,0.025857720300022313,-0.21869599090638847,0,0
RUS,2006-10-31,-0.0012023943330633,0.024165194283695346,-0.2358992420533422,0,0
RUS,2006-11-30,-0.0161883077797343,0.06043467609564468,-0.7455359212987033,0,0
RUS,2006-12-31,0.0006232258015481,0.05195698648607383,-0.46933214211996427,0,0
RUS,2007-01-31,0.007671536699948,-2.3179688291019573e-05,0.09075857293289705,0,0
RUS,2007-02-28,-0.0140654503243119,0.034878401508176005,-0.4860099052877702,0,0
RUS,2007-03-31,-0.0056804498488144,0.07998514895275521,-0.8008824238115683,0,0
RUS,2007-04-30,-0.0125407034634946,0.09104714308830064,-0.9833429846231316,0,0
RUS,2007-05-31,0.0084874109892505,0.09527677372077714,-0.7739569969330096,0,0
RUS,2007-06-30,-0.0033548108141496,0.006710728700354496,-0.1011649811192443,0,0
RUS,2007-07-31,-0.008378460036721,0.02540715416495698,-0.331991751627587,0,0
RUS,2007-08-31,0.0019336013031299,-0.0009428604812552477,0.03147241308544788,0,0
RUS,2007-09-30,-0.0272949854577494,0.02002622995009906,-0.5058922618572622,0,0
RUS,2007-10-31,-0.0090383297326979,0.04995234099469248,-0.5649739676575343,0,0
RUS,2007-11-30,-0.0150947669856575,0.03705290290612373,-0.5181090865085316,0,0
RUS,2007-12-31,0.0080326562795167,0.03226284611258845,-0.20119268064618306,0,0
RUS,2008-01-31,-0.0028436173419916,0.01782871660471086,-0.19713526816317367,0,0
RUS,2008-02-29,-0.014728473141475,0.01250087454385107,-0.28852913000776903,0,0
RUS,2008-03-31,-0.0248922909781513,0.037169095033249944,-0.6348137016660684,0,0
RUS,2008-04-30,0.0055920325230909,0.04182903718078568,-0.3177655720600685,0,0
RUS,2008-05-31,0.0038609385506045,0.02568826658368817,-0.19011122186310583,0,0
RUS,2008-06-30,-0.0118415731473056,0.04140305519134335,-0.5196233581659764,0,0
RUS,2008-07-31,-0.0004987786318119,0.04952861639700323,-0.460295495530998,0,0
RUS,2008-08-31,0.0482521240659228,-0.023265498269528173,0.7829651832542335,0,0
RUS,2008-09-30,0.0272410271433745,-0.04618231635290082,0.7452287461829985,0,0
RUS,2008-10-31,0.0513578173521769,-0.13048777026986524,1.803349667020231,0,0
RUS,2008-11-30,0.0400482236371171,-0.06274051808166858,1.0483059786860043,0,0
RUS,2008-12-31,0.0642758820546258,-0.069264281037558,1.3941144563743624,0,0
RUS,2009-01-31,0.2053818191719649,-0.09792745354042187,3.3225400349417846,1,1
RUS,2009-02-28,0.0086376805046506,-0.008806279192338118,0.18274381270809864,0,0
RUS,2009-03-31,-0.0477904844557047,-0.00025029984038682507,-0.561766942123627,0,0
RUS,2009-04-30,-0.0224705557221565,0.0007688659384970098,-0.2722704231576382,0,0
RUS,2009-05-31,-0.0681161294591431,0.05139809759904912,-1.2755240172432294,0,0
RUS,2009-06-30,0.0098791968835829,0.02223188391665909,-0.08736753693829573,0,0
RUS,2009-07-31,0.0148639838416895,-0.027823080074743545,0.4307046525566611,0,0
RUS,2009-08-31,-0.0058824455606115,0.018188033995098607,-0.23629868308789564,0,0
RUS,2009-09-30,-0.0467710105262491,0.006738814697172746,-0.613857044772386,0,0
RUS,2009-10-31,-0.0346734369703776,0.04944717658528863,-0.8629062782095742,0,0
RUS,2009-11-30,0.0264761367078847,0.025762086276402085,0.07613503371097971,0,0
RUS,2009-12-31,0.0142967814634833,-0.018934451751664527,0.34245986229892683,0,0
RUS,2010-01-31,0.0061830036833507,-0.007536317851866925,0.14212018855523414,0,0
RUS,2010-02-28,-0.0158652961434317,-0.00042616858611221886,-0.18334557042083469,0,0
RUS,2010-03-31,-0.0195202414820157,0.024157934842479634,-0.45203522668305895,0,0
RUS,2010-04-30,-0.002560976440379,0.028919968166311705,-0.2955578272326365,0,0
RUS,2010-05-31,0.0412105733971579,-0.015087329064783717,0.6248229319589118,0,0
RUS,2010-06-30,0.0229475727645955,0.009328551418760878,0.18526015070942412,0,0
RUS,2010-07-31,-0.0323284843278175,0.034750394128092,-0.7003911172676534,0,0
RUS,2010-08-31,0.0158048689994667,-0.002162394807174728,0.20638156207454797,0,0
RUS,2010-09-30,-0.0085116097051918,0.025155213144014255,-0.331251821019243,0,0
RUS,2010-10-31,0.0124691642272145,0.011881562352837216,0.03816216775099343,0,0
RUS,2010-11-30,0.0170228801803646,-0.03231078050556013,0.49735890757842693,0,0
RUS,2010-12-31,-0.0264868508054341,-0.011564164784531261,-0.20652267206735486,0,0
RUS,2011-01-31,-0.0265282886382801,0.016167659174751048,-0.46144196681143823,0,0
RUS,2011-02-28,-0.0245345215785144,0.016160032593913076,-0.43783988530416784,0,0
RUS,2011-03-31,-0.0176741936041188,0.0161687029626556,-0.3569480913939217,0,0
RUS,2011-04-30,-0.032600513560097,0.03817685119927794,-0.7350384320509722,0,0
RUS,2011-05-31,0.0205910799863284,-0.006375487612246489,0.3015261538735554,0,0
RUS,2011-06-30,0.0002600780234069,0.008056161424727648,-0.07084292806612648,0,0
RUS,2011-07-31,-0.0141117973486062,0.01290071416166283,-0.28491900013045834,0,0
RUS,2011-08-31,0.0425331290914607,0.01247044876477088,0.3875994472690443,0,0
RUS,2011-09-30,0.1045919693383559,-0.04809766651608138,1.675762105090405,0,0
RUS,2011-10-31,-0.0620358838089919,0.009457063418998768,-0.818964898506765,0,0
RUS,2011-11-30,0.0476257370968336,-0.029925700568526503,0.8366771679335683,0,0
RUS,2011-12-31,0.0279200296281161,-0.018879287810685264,0.5027467465524192,0,0
RUS,2012-01-31,-0.0568826659129522,0.005720146494293532,-0.7238573379691612,0,0
RUS,2012-02-29,-0.0465804042193731,0.015910481893770312,-0.6957543286815377,0,0
RUS,2012-03-31,0.0130534053187705,0.003993047489595503,0.11743235665251103,0,0
RUS,2012-04-30,0.0011763422235255,0.023178112701752296,-0.1987672557473437,0,0
RUS,2012-05-31,0.1051742516866636,-0.023774821302264715,1.4594807187311245,0,0
RUS,2012-06-30,0.0112785777898301,0.006156074740970796,0.07663930268158556,0,0
RUS,2012-07-31,-0.0191029621932601,-0.013093980422694385,-0.10533628200820265,0,0
RUS,2012-08-31,0.0032121776949363,0.00648432758331019,-0.021578723210702387,0,0
RUS,2012-09-30,-0.0426248087844575,0.024786143399325278,-0.7304983015539994,0,0
RUS,2012-10-31,0.0196753232051078,-0.002353385128850638,0.25381617947204993,0,0
RUS,2012-11-30,-0.014867471102483,0.0020674065543957454,-0.19444612083735718,0,0
RUS,2012-12-31,-0.0220179350538535,0.021704973587173715,-0.4590100007955852,0,0
RUS,2013-01-31,-0.0113588847879838,-0.013119289504530118,-0.013701986387789342,0,0
RUS,2013-02-28,0.019731780988887,-0.009463309456807623,0.31971371956018046,0,0
RUS,2013-03-31,0.015127268927048,0.003398044293419611,0.14736878878309165,0,0
RUS,2013-04-30,0.0055495859526306,0.0190283388286836,-0.10907777973334291,0,0
RUS,2013-05-31,0.0106667861107823,-0.026637087701509188,0.3702847230978965,0,0
RUS,2013-06-30,0.0354455464350271,0.0038677034249245956,0.3828731669130476,0,0
RUS,2013-07-31,0.0055367024366379,-0.01056479501795371,0.16227726466930087,0,0
RUS,2013-08-31,0.010863451312097,-0.012763795571765102,0.24532311490349562,0,0
RUS,2013-09-30,-0.0271389642498359,0.03284932728266887,-0.621698398476713,0,0
RUS,2013-10-31,-0.0087741265292115,0.0016401740812901355,-0.11860764517701587,0,0
RUS,2013-11-30,0.0352543409032073,-0.011009573634572112,0.5171104406797596,0,0
RUS,2013-12-31,-0.01393123561383,-0.011255848775424404,-0.06115947270468855,0,0
RUS,2014-01-31,0.0768610292949414,-0.02639582595861556,1.149351174798066,0,0
RUS,2014-02-28,0.0228487606682405,-0.0185254072239196,0.4396446430957698,0,0
RUS,2014-03-31,-0.0100693201960604,-0.013290074362529936,0.0030854299029891563,0,0
RUS,2014-04-30,0.0003138388941663,-0.03343163065731247,0.3104282207344144,0,0
RUS,2014-05-31,-0.0269788757447835,-0.009822347018749955,-0.22831055835673353,0,0
RUS,2014-06-30,-0.0318005942099079,0.019324076304736426,-0.5526292084405398,0,0
RUS,2014-07-31,0.0623390602605959,-0.021542362254391878,0.9334218163652064,0,0
RUS,2014-08-31,0.0337139034514417,-0.008074863762621676,0.4720039249082493,0,0
RUS,2014-09-30,0.0664742388631955,-0.0238885319637826,1.003753983152982,0,0
RUS,2014-10-31,0.1017528804212599,-0.0633920207127372,1.7825733827246775,0,0
RUS,2014-11-30,0.0983677579774302,-0.025109898230159744,1.3913936585477844,0,0
RUS,2014-12-31,0.1803394254231278,-0.09176142799500886,2.970397489001039,1,0
RUS,2015-01-31,0.2252232555493936,-0.036019263104089316,2.988738355974486,1,0
RUS,2015-02-28,-0.1110895108161865,-0.04192305042795119,-0.9265415632991222,0,0
RUS,2015-03-31,-0.0458204263625354,-0.01384249856227715,-0.4138107872957294,0,0
RUS,2015-04-30,-0.1156500633720065,-0.004451143392178447,-1.3241612432288863,0,0
RUS,2015-05-31,0.0245382754158858,0.00382950508606128,0.2544868679598988,0,0
RUS,2015-06-30,0.0481843100831389,0.014393608377060385,0.4366550763200957,0,0
RUS,2015-07-31,0.0624342626611915,-0.0021682778830348637,0.7567947299094587,0,0
RUS,2015-08-31,0.1269236115584517,0.019185856950029834,1.322035040052718,0,0
RUS,2015-09-30,-0.0036282734562915,0.011652747896377713,-0.14973398986596492,0,0
RUS,2015-10-31,-0.0281188525394531,-0.010278513165117742,-0.23758034826846425,0,0
RUS,2015-11-30,0.0289727872346374,-0.006369489890584279,0.40039906196269814,0,0
RUS,2015-12-31,0.1002939342656097,0.008855064422693237,1.102510832058706,0,0
RUS,2016-01-31,0.0314148625119541,0.0010734847345350573,0.3609356784399052,0,0
RUS,2016-02-29,-0.0010908273393258,0.00967011861431244,-0.10159496306909371,0,0
RUS,2016-03-31,-0.0996493555093001,0.01730985843235877,-1.3349573903164849,0,0
RUS,2016-04-30,-0.0484294665096824,0.0065161122853119036,-0.6313883123904999,0,0
RUS,2016-05-31,0.0271880547274043,-0.0037083413706937574,0.3549190050787029,0,0
RUS,2016-06-30,-0.0276169939091287,-0.0016000794462071033,-0.3112787191292025,0,0
RUS,2016-07-31,0.0434766369684473,0.00040362279829442294,0.5094446109936346,0,0
RUS,2016-08-31,-0.0319755649414177,0.0033294968122445923,-0.40794944177861364,0,0
RUS,2016-09-30,-0.0269477037986541,0.005274312940685366,-0.3664494473955991,0,0
RUS,2016-10-31,-0.0040279869090424,-0.01782684757902464,0.11601368676405824,0,0
RUS,2016-11-30,0.0324496015337731,-0.008207799218178491,0.4583012121825087,0,0
RUS,2016-12-31,-0.0660251998232348,-0.018804301569981696,-0.6067615777172917,0,0
TUR,1990-02-28,0.0259357776690145,0.046632565267446635,-0.25467773216340156,0,0
TUR,1990-03-31,0.0314943644501968,-0.05820974245420851,1.4626611210721712,0,0
TUR,1990-04-30,0.0142529086953198,0.03204899713988474,-0.2390520153365076,0,0
TUR,1990-05-31,0.0283352167965265,0.005393324289572066,0.4246472347635857,0,0
TUR,1990-06-30,0.0246509421957961,0.09430114116848554,-1.0132293121759142,0,0
TUR,1990-07-31,0.0056409793251899,0.06519719928817325,-0.9048822903468884,0,0
TUR,1990-08-31,0.0074766215250361,0.07238574189094749,-0.9828999015614388,0,0
TUR,1990-09-30,0.0163242717220528,-0.020311879916052433,0.6059987644526117,0,0
TUR,1990-10-31,0.0153348000555504,0.015303486128397381,0.038721333043246264,0,0
TUR,1990-11-30,0.0129471388155004,-0.02442278901287709,0.6088998153192395,0,0
TUR,1990-12-31,0.041177034954996,-0.046366559422920894,1.453468828924025,0,0
TUR,1991-01-31,0.0392072544341943,-0.13123124758829308,2.727619800655414,1,0
TUR,1991-02-28,0.0948192909571585,-0.17601134690309417,4.415335205773718,1,1
TUR,1991-03-31,0.1111747713480937,-0.13172201978061782,4.0251011542413435,1,1
TUR,1991-04-30,0.0682316989220608,0.13187645732728615,-0.8118947803783081,0,0
TUR,1991-05-31,0.0247407152821299,0.07684099489452345,-0.7422114086799597,0,0
TUR,1991-06-30,0.0689825250188658,0.10781726571343908,-0.42720568659408786,0,0
TUR,1991-07-31,0.0149815671817397,-0.017408033378828125,0.5371266661307372,0,0
TUR,1991-08-31,0.0447313392126555,-0.004967773639760531,0.8783939320464846,0,0
TUR,1991-09-30,0.0276020363762945,0.014309888109732105,0.2739241190140342,0,0
TUR,1991-10-31,0.0435715087217118,-0.08660221347296615,2.1172195219639534,0,0
TUR,1991-11-30,0.0281716429265561,0.06817595977425972,-0.547016329231067,0,0
TUR,1991-12-31,0.0023658574605409,0.04714532313791708,-0.6850446826360692,0,0
TUR,1992-01-31,0.0810229294949527,-0.08243309879744909,2.724150380074483,1,0
TUR,1992-02-29,0.0694909050516161,-0.0905155226571116,2.6421675475241067,1,0
TUR,1992-03-31,0.0637872204211731,-0.11793900946584723,2.9630801531069055,1,0
TUR,1992-04-30,0.0564443199551838,-0.0803042051540811,2.2507673367389867,0,0
TUR,1992-05-31,0.0343570086661413,0.05054316313773444,-0.16408017372792894,0,0
TUR,1992-06-30,0.0070234079420903,0.1992981243290306,-2.9492724062722915,0,0
TUR,1992-07-31,0.0277536973900092,0.17516440927936716,-2.2053317919633644,0,0
TUR,1992-08-31,-0.0011307782556576,0.1333603248021349,-2.0780081330131894,0,0
TUR,1992-09-30,0.0377914802336092,-0.020931997383848877,1.0003343427473737,0,0
TUR,1992-10-31,0.0711950162942494,-0.00047166331149373075,1.2833406009285386,0,0
TUR,1992-11-30,0.0565309100641717,-0.007569645955734283,1.130030084448164,0,0
TUR,1992-12-31,0.0331411269406611,0.08525571322662273,-0.7214852744922697,0,0
TUR,1993-01-31,0.0302110006153357,0.05413392516436111,-0.2937963016901124,0,0
TUR,1993-02-28,0.0421197823458008,0.11083850191230438,-0.9552971421603389,0,0
TUR,1993-03-31,0.0289000304519946,-0.004755746678421269,0.5913701317565798,0,0
TUR,1993-04-30,0.0210136218583949,-0.05101634806193067,1.1638160983157881,0,0
TUR,1993-05-31,0.0491260781027256,0.04273553711461009,0.22110416647374453,0,0
TUR,1993-06-30,0.0727526691471309,-0.03361993279820419,1.8227346894972203,0,0
TUR,1993-07-31,0.0618455136177322,0.027471833829697534,0.6845986816886463,0,0
TUR,1993-08-31,0.0056118404809655,0.006188915573948517,0.005089201657055231,0,0
TUR,1993-09-30,0.0418461729307568,-0.014359085195885912,0.9715889867465839,0,0
TUR,1993-10-31,0.0732611817936015,-0.012419422118015722,1.5047265861912846,0,0
TUR,1993-11-30,0.0583389381055945,0.05067883125057593,0.2636662500221252,0,0
TUR,1993-12-31,0.0535238129902273,-0.13589790815718217,3.0562286874254525,1,0
TUR,1994-01-31,0.189893674356643,-0.11652202928925626,5.201483491411472,1,1
TUR,1994-02-28,0.0614345708319492,-0.18848306883518628,4.009402458533169,1,1
TUR,1994-03-31,0.212329535289963,-0.25499656670685233,7.740264921845215,1,1
TUR,1994-04-30,0.5397616045617699,0.009839960224914401,9.52257958178315,1,1
TUR,1994-05-31,-0.0691257894002609,0.0799181916401972,-2.472107313142918,0,0
TUR,1994-06-30,-0.0178649407582155,0.17135896312673515,-2.9642590355895226,0,0
TUR,1994-07-31,-0.00470783893972,0.2848443689753475,-4.479509918690339,0,0
TUR,1994-08-31,0.0623574783753628,0.1420186619376993,-1.0736748093305324,0,0
TUR,1994-09-30,0.033013289174536,0.0814855429533845,-0.6656031047204479,0,0
TUR,1994-10-31,0.0524199583833486,0.004637882834208851,0.8679861699694388,0,0
TUR,1994-11-30,0.0139574444351489,0.06746069457709902,-0.7907478221957978,0,0
TUR,1994-12-31,0.065086153549966,-0.01550314738803893,1.4057832519433224,0,0
TUR,1995-01-31,0.0440918246139545,0.3067887626430901,-3.9434503245064176,0,0
TUR,1995-02-28,0.0232480492660789,0.16030785412112492,-2.056853087541967,0,0
TUR,1995-03-31,0.0110578026997958,0.04895308943301768,-0.5571484346443215,0,0
TUR,1995-04-30,0.012980803710167,0.08274417067008577,-1.0440756140052463,0,0
TUR,1995-05-31,0.0075754000094396,0.003920803022601893,0.07527985388184182,0,0
TUR,1995-06-30,0.0285279306710388,0.08778815483348446,-0.8432452325609571,0,0
TUR,1995-07-31,0.0245940837565186,0.08982116360327863,-0.9451226677172333,0,0
TUR,1995-08-31,0.0660102682639522,0.0594060427324925,0.26650295442263505,0,0
TUR,1995-09-30,0.0217459291537227,0.04361107309081813,-0.2831530062206026,0,0
TUR,1995-10-31,0.0429947353385298,0.03160997701009549,0.28287575876180554,0,0
TUR,1995-11-30,0.0682018273237727,-0.12055362028304839,3.0825485627296247,1,0
TUR,1995-12-31,0.0925108518471033,-0.15584601470073112,4.062810240225567,1,1
TUR,1996-01-31,0.0504610226320199,0.10601869716928247,-0.7314237838784797,0,0
TUR,1996-02-29,0.0525295244174912,0.050821953247637275,0.15733294330262348,0,0
TUR,1996-03-31,0.0727807555552186,-0.03293512172795965,1.8126715080935614,0,0
TUR,1996-04-30,0.0518716917662525,0.10764399536633018,-0.731217915048586,0,0
TUR,1996-05-31,0.051107542847161,-0.01844818672658899,1.2006795751123538,0,0
TUR,1996-06-30,0.0416746564397572,0.047308416331950154,0.016989503599574407,0,0
TUR,1996-07-31,0.0186291955574644,-0.025840635458667327,0.7326193522377036,0,0
TUR,1996-08-31,0.036317964410925,0.047478430486179724,-0.08164439699427173,0,0
TUR,1996-09-30,0.0644054988810416,0.06440172493996976,0.16065685999205448,0,0
TUR,1996-10-31,0.0471288534527483,0.005429966273002629,0.7609293325021644,0,0
TUR,1996-11-30,0.0594800385929228,0.012015392055814367,0.8806929576531577,0,0
TUR,1996-12-31,0.0610386413979817,-0.06598959111738645,2.1122400815493703,0,0
TUR,1997-01-31,0.0726977499420089,0.01897855746396493,1.0101592566098607,0,0
TUR,1997-02-28,0.0534123345731338,-0.029383112074874873,1.4107146235341774,0,0
TUR,1997-03-31,0.0457363386295519,-0.03807512668834323,1.4072512067373024,0,0
TUR,1997-04-30,0.0596757096305602,-0.019176549574856927,1.3654895800563898,0,0
TUR,1997-05-31,0.0377903745693011,0.03940755546879027,0.06927937242367,0,0
TUR,1997-06-30,0.0570490164578201,0.007156188586946444,0.9120977422870623,0,0
TUR,1997-07-31,0.0743017325813095,0.02305569826142606,0.9759982145235891,0,0
TUR,1997-08-31,0.0425351315665378,0.08690276809665409,-0.578525908763585,0,0
TUR,1997-09-30,0.0471624148121343,0.13370674240948888,-1.217770969390925,0,0
TUR,1997-10-31,0.0405747854633415,0.03787555634948192,0.14282436284104005,0,0
TUR,1997-11-30,0.073114708731147,-0.06849337199774574,2.367318470623525,0,0
TUR,1997-12-31,0.0604482038321685,-0.04647512760877326,1.8005505516072806,0,0
TUR,1998-01-31,0.0442596240363803,0.05102992374002113,0.0058985302861873645,0,0
TUR,1998-02-28,0.0668126033394658,-0.004220722269871802,1.2626402062930866,0,0
TUR,1998-03-31,0.0574765335079676,0.08895077540766927,-0.3423245142471709,0,0
TUR,1998-04-30,0.0280948743884563,0.158192969396038,-1.9373485600167035,0,0
TUR,1998-05-31,0.0302586137659626,0.04692577517313068,-0.1817216491585778,0,0
TUR,1998-06-30,0.0349437742394418,0.026031902775171423,0.22464377330059343,0,0
TUR,1998-07-31,0.0165335944561615,-0.030671163649751865,0.7695935934657447,0,0
TUR,1998-08-31,0.0251009595791191,-0.13941215755329772,2.60101670259452,0,0
TUR,1998-09-30,0.0006867014836364,-0.02202287339434128,0.3521195070294109,0,0
TUR,1998-10-31,0.0321264108352146,-0.022444508839944977,0.922134499243837,0,0
TUR,1998-11-30,0.0606081814046262,-0.05795208257418072,1.9805065335929355,0,0
TUR,1998-12-31,0.0375268072189778,-0.019474546117203784,0.9731021068461554,0,0
TUR,1999-01-31,0.0538662613208507,0.011455676681345173,0.7887108698036274,0,0
TUR,1999-02-28,0.0608202098351553,0.028901566154252212,0.6441609923382038,0,0
TUR,1999-03-31,0.0475311398655702,0.05379827745281274,0.02181999051858219,0,0
TUR,1999-04-30,0.0571375814961345,0.023983799513056736,0.6540362565869047,0,0
TUR,1999-05-31,0.0418868205624807,0.001807144175519193,0.7228737260143624,0,0
TUR,1999-06-30,0.0363198871844938,-0.013850824121592331,0.8646962488284337,0,0
TUR,1999-07-31,0.0157273700487687,0.08620816966821776,-1.0482968374853832,0,0
TUR,1999-08-31,0.0399568110436316,-0.007795160144865809,0.8364441233086661,0,0
TUR,1999-09-30,0.0348542073460489,0.015020930612078542,0.39293696596950817,0,0
TUR,1999-10-31,0.041290802769115,0.014228942406355305,0.5205235166511852,0,0
TUR,1999-11-30,0.0761615148285159,-0.05503268283389129,2.2142303481007426,0,0
TUR,1999-12-31,0.051443841751293,0.029874681885361243,0.46108868264777353,0,0
TUR,2000-01-31,0.0329275951237533,-0.01779423988506068,0.8647411841884711,0,0
TUR,2000-02-29,0.0254082867958806,0.009548370998364586,0.30807436114729225,0,0
TUR,2000-03-31,0.0279752230414553,-0.0016476282100884587,0.526836304878671,0,0
TUR,2000-04-30,0.0361268783567836,-0.03504513298065215,1.1882635866976368,0,0
TUR,2000-05-31,0.0089231041268946,0.033096101303860204,-0.35073743747568076,0,0
TUR,2000-06-30,0.0054590538505479,0.07391637945572738,-1.0426793796770761,0,0
TUR,2000-07-31,0.028176788446516,-0.0048668796672767245,0.5801218882710344,0,0
TUR,2000-08-31,0.0282208820085205,-0.0032798613793778575,0.556424615510878,0,0
TUR,2000-09-30,0.0190328903979088,-0.011645307522744619,0.5208220366964844,0,0
TUR,2000-10-31,0.0252303027306737,-0.025805812477912693,0.850396887173311,0,0
TUR,2000-11-30,-0.0008563095105885,-0.19581148337196141,3.006009677551708,1,0
TUR,2000-12-31,-0.0151532879168579,0.18344246370310957,-3.1021043475189782,0,0
TUR,2001-01-31,0.0069455066566674,0.11698355293858098,-1.6805604903508553,0,0
TUR,2001-02-28,0.3610834997389618,-0.1374753618486677,8.593110388596521,1,1
TUR,2001-03-31,0.1084864107556731,-0.14334214061227513,4.156214026855747,1,1
TUR,2001-04-30,0.1147737925223431,-0.011355352576430389,2.232358758063781,0,0
TUR,2001-05-31,0.0601690404643131,0.08545107170399402,-0.24006521627537292,0,0
TUR,2001-06-30,0.0386566048222747,-0.16716897267640696,3.2722668679810996,1,0
TUR,2001-07-31,0.0561437624323732,0.03964148478823759,0.3946265471058078,0,0
TUR,2001-08-31,0.0265468043028005,0.09641656237975194,-1.0118896583749617,0,0
TUR,2001-09-30,0.1401541526013803,0.0041828285328342485,2.447510216805903,0,0
TUR,2001-10-31,0.0250610534235975,-0.008455460198871223,0.5796486065527346,0,0
TUR,2001-11-30,-0.0714590958452318,-0.07412766650019909,-0.13701129575764015,0,0
TUR,2001-12-31,-0.0185425076005534,0.08306867712203636,-1.614090351057205,0,0
TUR,2002-01-31,-0.0976735141129017,0.016577664017173532,-2.0064420662112874,0,0
TUR,2002-02-28,0.0687098391425826,0.07468836592224326,0.07908347855758557,0,0
TUR,2002-03-31,-0.0410284941153922,-0.006268240113553536,-0.6386551203873059,0,0
TUR,2002-04-30,-0.0044175329227006,0.09823183947724123,-1.594888119899448,0,0
TUR,2002-05-31,0.079681161504491,-0.052943080713887536,2.2450722684804805,0,0
TUR,2002-06-30,0.0911904309326954,0.05197035271106443,0.8325514301053856,0,0
TUR,2002-07-31,0.0718380446136408,0.04707586784607343,0.5612107724306652,0,0
TUR,2002-08-31,-0.0359838497962244,0.07042823605984894,-1.7316588647024378,0,0
TUR,2002-09-30,0.017953468282247,0.0023604420101481782,0.2853672770789907,0,0
TUR,2002-10-31,0.007304604106777,0.035314846727241056,-0.41398168908750044,0,0
TUR,2002-11-30,-0.0764940855830799,0.004038486968156008,-1.4333542382927968,0,0
TUR,2002-12-31,0.068001393074393,0.03355555891812867,0.701062040199523,0,0
TUR,2003-01-31,-0.0025704219568181,0.09753756863323537,-1.5510689012040095,0,0
TUR,2003-02-28,-0.0287067681463688,-0.06249852059430072,0.44982252361846053,0,0
TUR,2003-03-31,0.0701848142124199,-0.032945457198254036,1.7663026657168426,0,0
TUR,2003-04-30,-0.0781112011515262,0.023025563874345067,-1.7553078778820046,0,0
TUR,2003-05-31,-0.0846149537445466,0.04722673387350995,-2.245300185149582,0,0
TUR,2003-06-30,-0.0188307954187507,0.011852176303115192,-0.5203917612550715,0,0
TUR,2003-07-31,0.0029619954615101,-0.003445689451596734,0.10625603518901924,0,0
TUR,2003-08-31,-0.0134766889847277,0.033597302409886565,-0.7599533113826669,0,0
TUR,2003-09-30,-0.0060398281272271,0.1453973267817983,-2.35172553217424,0,0
TUR,2003-10-31,0.0682855612079267,-0.03533627693911989,1.7691516155943587,0,0
TUR,2003-11-30,-0.0159752846164612,-0.053929737238950226,0.5457993505691124,0,0
TUR,2003-12-31,-0.0426081260931542,0.0811936277041756,-2.0164982403918468,0,0
TUR,2004-01-31,-0.0403916404966784,-0.008009088746738335,-0.6003793088024478,0,0
TUR,2004-02-29,-0.0117386962119435,-0.006780823027773164,-0.1057707224425105,0,0
TUR,2004-03-31,-0.0083915128279272,-0.010747911831392232,0.015434379194592479,0,0
TUR,2004-04-30,0.0817270116725681,0.03403217192572794,0.9397188652330396,0,0
TUR,2004-05-31,0.052718451317187,-0.026228775075716415,1.3496066137240637,0,0
TUR,2004-06-30,-0.0040919621694085,0.018456806053786856,-0.35812947486467833,0,0
TUR,2004-07-31,-0.015652284834793,-0.03576621162455762,0.2713266808649052,0,0
TUR,2004-08-31,0.0269837080142218,0.03352733704223754,-0.033682396727177544,0,0
TUR,2004-09-30,-0.003177166902209,0.03322535744398536,-0.5696108876275,0,0
TUR,2004-10-31,-0.0181630423195822,0.03855247094963232,-0.9204070091199894,0,0
TUR,2004-11-30,-0.0300237904916746,-0.022200384021081154,-0.1955805851336298,0,0
TUR,2004-12-31,-0.0629276114203205,0.004055810820049022,-1.190463036196038,0,0
TUR,2005-01-31,-0.0050765210899589,0.053253988990117795,-0.9126943436224576,0,0
TUR,2005-02-28,-0.0383432130261873,-0.014880521199030383,-0.4576386175643832,0,0
TUR,2005-03-31,0.0529416354556804,0.03302796698528554,0.4392793945972593,0,0
TUR,2005-04-30,0.0283819333802659,-0.010832970858589142,0.6758551775836843,0,0
TUR,2005-05-31,-0.0212574310934967,-0.056115205857881656,0.4848465034008445,0,0
TUR,2005-06-30,-0.0157187557518866,0.1265246089078511,-2.234000915132686,0,0
TUR,2005-07-31,-0.0093499887800134,0.07323557377248702,-1.297604261095008,0,0
TUR,2005-08-31,0.0197447900936271,-0.046962203355429444,1.078519035958398,0,0
TUR,2005-09-30,-0.0037762393099106,0.019345296074325002,-0.36617996059901997,0,0
TUR,2005-10-31,-0.0003716228771042,0.07290005350453077,-1.1315035920406367,0,0
TUR,2005-11-30,0.006171233131343,0.06614816546743096,-0.9100516365251423,0,0
TUR,2005-12-31,-0.0060594864215777,0.054656020231813374,-0.9519457545410308,0,0
TUR,2006-01-31,-0.0163190959443887,0.05610643632579704,-1.158213541471902,0,0
TUR,2006-02-28,-0.010543420754289,0.06309714055882631,-1.162559394618106,0,0
TUR,2006-03-31,0.0273459878547148,0.031015993103155726,0.011560785232464121,0,0
TUR,2006-04-30,-0.0195546302836536,0.032414286675003234,-0.8506373548906629,0,0
TUR,2006-05-31,0.1858719144579683,-0.008178547533271296,3.457667058396737,1,1
TUR,2006-06-30,0.0062350119904075,-0.04218895324119443,0.7627257978752311,0,0
TUR,2006-07-31,-0.0564664760088973,0.0030619489553445067,-1.0593217466979103,0,0
TUR,2006-08-31,-0.0224632068164213,0.011443488826228476,-0.5791912159330858,0,0
TUR,2006-09-30,0.034038448287742,0.005211323956825442,0.5296772764249392,0,0
TUR,2006-10-31,-0.0287865662690743,-0.013228063312438199,-0.3118475060690199,0,0
TUR,2006-11-30,-0.0056260720411663,0.00735072358699651,-0.21425998240636254,0,0
TUR,2006-12-31,-0.027806527289036,0.04604777761027479,-1.2089039422623447,0,0
TUR,2007-01-31,0.0056068133427962,0.034740482823098384,-0.43554962229231375,0,0
TUR,2007-02-28,-0.0003528830545557,0.026089528371690207,-0.40888452390457924,0,0
TUR,2007-03-31,-0.0232632024851736,0.04304170534780427,-1.0810882359626497,0,0
TUR,2007-04-30,-0.0140590552603997,-0.002547861099589488,-0.21267395664858818,0,0
TUR,2007-05-31,-0.0324046920821115,-0.013759448076249181,-0.36849770256931924,0,0
TUR,2007-06-30,-0.0091301712380664,0.03072750710947858,-0.6377678177488988,0,0
TUR,2007-07-31,-0.0230166316191933,0.02498252094753073,-0.7980168525660105,0,0
TUR,2007-08-31,0.013188275349274,0.029480187312203476,-0.21849739700020998,0,0
TUR,2007-09-30,-0.0670529161838547,-0.004859950897280307,-1.1268332873712554,0,0
TUR,2007-10-31,-0.0275316717727912,0.008558333040404431,-0.6255180204945011,0,0
TUR,2007-11-30,-8.514623866484605e-05,0.0006859934128231604,-0.01211094861229094,0,0
TUR,2007-12-31,-0.0030229488653297,0.01271365207191466,-0.2503525588419118,0,0
TUR,2008-01-31,0.0,0.015111090711892317,-0.23316309099564117,0,0
TUR,2008-02-29,0.0193457464981208,0.008136384284994636,0.22119936372536006,0,0
TUR,2008-03-31,0.0972809920817798,0.0197651494021569,1.4386395901638678,0,0
TUR,2008-04-30,-0.0164560345156733,-0.026235886065316016,0.10986841652340157,0,0
TUR,2008-05-31,-0.0608695652173912,-0.00913820834679091,-0.9499928653323,0,0
TUR,2008-06-30,0.0098792989417988,0.027895660571092495,-0.25335665017861325,0,0
TUR,2008-07-31,-0.0510417093037534,-0.0010464227723854247,-0.8986991239563978,0,0
TUR,2008-08-31,0.0157436162870945,-0.00035617800102683006,0.2876762861130596,0,0
TUR,2008-09-30,0.0484946282220051,0.01101102945429644,0.6992933560157706,0,0
TUR,2008-10-31,0.2668988700336154,-0.07439817185113473,5.931716803114894,1,1
TUR,2008-11-30,0.0013426680732713,-0.004293362220172181,0.09031157618231306,0,0
TUR,2008-12-31,-0.0259872936819589,-0.0034616146105991286,-0.4123704155663694,0,0
TUR,2009-01-31,0.0740765020157985,-0.04655203611854608,2.046003854531711,0,0
TUR,2009-02-28,0.032347645640697,0.002079987544429507,0.5476885046793698,0,0
TUR,2009-03-31,-0.0113807679801354,0.0019093314384217575,-0.2334438869172814,0,0
TUR,2009-04-30,-0.0537017103217317,-0.04392722322698317,-0.28472781108908674,0,0
TUR,2009-05-31,-0.0279322548028311,0.05444554770330612,-1.340734432878289,0,0
TUR,2009-06-30,-0.0063710830841243,-0.027358292441713616,0.30794455422773437,0,0
TUR,2009-07-31,-0.0364760533891651,0.01567588110088103,-0.8956557953327334,0,0
TUR,2009-08-31,0.0178929141343837,0.04545736299313097,-0.3807005927551106,0,0
TUR,2009-09-30,-0.0123082054703136,0.012935006566919593,-0.42019220902883003,0,0
TUR,2009-10-31,0.0038161494039377,0.0037886818619599083,0.00993959920534268,0,0
TUR,2009-11-30,-6.72856950612033e-05,0.0003075388746949237,-0.005951297901864687,0,0
TUR,2009-12-31,0.0032299306910705,-0.007285397756311651,0.1703048037019771,0,0
TUR,2010-01-31,-0.0028170903481118,-0.0034400169664222657,0.002587146291465628,0,0
TUR,2010-02-28,0.0357166879666375,-0.03856062483482148,1.2351553427024635,0,0
TUR,2010-03-31,-0.0132809455773477,0.022158066568765733,-0.579938284455258,0,0
TUR,2010-04-30,-0.0275775825188403,0.05410521668759727,-1.3291261850291514,0,0
TUR,2010-05-31,0.0628447663203493,-0.011977052437458502,1.3112023768928238,0,0
TUR,2010-06-30,0.0045851111252626,-0.014859848691806787,0.31146761835414744,0,0
TUR,2010-07-31,-0.0439619651347067,0.04032275893941817,-1.4101290596160356,0,0
TUR,2010-08-31,0.0108742499088285,0.03195310817593011,-0.2981297982277277,0,0
TUR,2010-09-30,-0.0509330622150798,0.01736332622159109,-1.1808129509467133,0,0
TUR,2010-10-31,-0.0092266224341696,0.018793917731058096,-0.4553620955676274,0,0
TUR,2010-11-30,0.0482368944229358,-0.0018921636778415074,0.8937692510143024,0,0
TUR,2010-12-31,0.0256870965595261,0.020465120966466133,0.14462690238123072,0,0
TUR,2011-01-31,0.0400311425420101,0.02711410910048717,0.2991287779670285,0,0
TUR,2011-02-28,-0.0039301310043667,0.0019857688507214366,-0.10108192438898272,0,0
TUR,2011-03-31,-0.0355107409031126,0.04497967289288396,-1.3305095237304554,0,0
TUR,2011-04-30,-0.0144155844155844,0.039388501141230714,-0.8661393887254136,0,0
TUR,2011-05-31,0.0473711951508761,0.01819999302521791,0.5682323054886909,0,0
TUR,2011-06-30,0.0188085802352644,0.02039668704731179,0.022395842916158926,0,0
TUR,2011-07-31,0.035687824154112,-0.007836540904444855,0.7605674993977568,0,0
TUR,2011-08-31,0.0430428043400501,-0.04195861780247012,1.418895683915288,0,0
TUR,2011-09-30,0.0606424325560126,-0.017745794347592603,1.3607401699383526,0,0
TUR,2011-10-31,-0.0569596378725009,-0.031464446041193916,-0.5354210248302922,0,0
TUR,2011-11-30,0.0544857142857142,0.0034255696558764814,0.9237176257041937,0,0
TUR,2011-12-31,0.0260655160267699,-0.07916412356033353,1.6886818932022587,0,0
TUR,2012-01-31,-0.0661226861020887,-0.024258652093891664,-0.8108396955883372,0,0
TUR,2012-02-29,-0.0150148451859183,0.02573820347826339,-0.6662570760129506,0,0
TUR,2012-03-31,0.0203823850261237,0.024589817942398007,-0.014095810643750428,0,0
TUR,2012-04-30,-0.0135606572135943,0.0003367558054923059,-0.24825036686573393,0,0
TUR,2012-05-31,0.0523358621869831,-0.021536198752012292,1.2703431527336237,0,0
TUR,2012-06-30,-0.018429682630024,0.06269295637312533,-1.297672163699589,0,0
TUR,2012-07-31,-0.0111273711240578,0.01783049998086894,-0.47456466818716925,0,0
TUR,2012-08-31,0.0138214106215446,0.09397445277418193,-1.2022914888401894,0,0
TUR,2012-09-30,-0.0145693905092402,0.02142967030326992,-0.5917926046753559,0,0
TUR,2012-10-31,0.0003353828954724,0.04891122214763399,-0.7486855651468743,0,0
TUR,2012-11-30,-0.004414394278051,0.005486730790958072,-0.16378121242420104,0,0
TUR,2012-12-31,0.0001122523432677,-0.002670531580256985,0.04321807200767932,0,0
TUR,2013-01-31,-0.012823390762669,0.04453791037612276,-0.9170567588277619,0,0
TUR,2013-02-28,0.0270316363946447,-0.0038020472589630483,0.5431664807850631,0,0
TUR,2013-03-31,0.004843352153216,0.015901804355387128,-0.15855399428958475,0,0
TUR,2013-04-30,-0.010163329385518,0.07706206380062475,-1.371224638057266,0,0
TUR,2013-05-31,0.0394568423395849,-0.04409902514603525,1.3876490828615515,0,0
TUR,2013-06-30,0.0327122818288896,-0.02949852373842654,1.0414783147324642,0,0
TUR,2013-07-31,-0.0015812120897921,-0.010500798538843892,0.1336857671161062,0,0
TUR,2013-08-31,0.0683853882701144,0.03973913146383423,0.6125324733226769,0,0
TUR,2013-09-30,-0.0104736215401812,0.010878794964079841,-0.3555828661883498,0,0
TUR,2013-10-31,-0.0223231827111983,0.026144403432725838,-0.803515597745494,0,0
TUR,2013-11-30,0.0144181256436664,0.01440173495311936,0.03620529082688889,0,0
TUR,2013-12-31,0.0579175436424415,-0.029363329762450707,1.4911584349013196,0,0
TUR,2014-01-31,0.0680647879412039,-0.05681351118853384,2.0965868372590366,0,0
TUR,2014-02-28,-0.0198983169705468,0.017537173217619717,-0.6272445803249306,0,0
TUR,2014-03-31,-0.0198551113496109,-0.00441875557223137,-0.28769171294274937,0,0
TUR,2014-04-30,-0.0328040879642304,0.029410294471930554,-1.0417624291844496,0,0
TUR,2014-05-31,-0.0124534176140382,0.01127250500927035,-0.3971426320754041,0,0
TUR,2014-06-30,0.0151898734177216,0.013765009089448998,0.059862337459062026,0,0
TUR,2014-07-31,-0.0148449630640381,-0.002758361792042918,-0.2235121528455916,0,0
TUR,2014-08-31,0.0318089552238807,0.012383186227791665,0.37905564713130263,0,0
TUR,2014-09-30,0.0558242877311545,-0.013571980404218253,1.2099805570065236,0,0
TUR,2014-10-31,-0.0271158946930005,-0.04000818917956006,0.13131225366358273,0,0
TUR,2014-11-30,-0.0031319003199495,0.05815358159671713,-0.9534403378689719,0,0
TUR,2014-12-31,0.0491829215921162,-0.05523915155394021,1.7338657116362721,0,0
TUR,2015-01-31,0.0425687757168402,0.025571593364207112,0.36841292209848303,0,0
TUR,2015-02-28,0.037297241450563,-0.009181955510554674,0.8101735224598133,0,0
TUR,2015-03-31,0.0408565737051793,-0.06836066582105926,1.7870925961591189,0,0
TUR,2015-04-30,0.0207651528200416,0.02215150617770245,0.03038770542879754,0,0
TUR,2015-05-31,-0.0021373931303434,-0.020482760202426675,0.27773804643592137,0,0
TUR,2015-06-30,0.0103716508210891,-0.005702027755788208,0.2738780332564677,0,0
TUR,2015-07-31,0.0328411499981404,0.017668764094490585,0.31600007241205397,0,0
TUR,2015-08-31,0.0505041411595246,-0.00095459245646623,0.9199395563576797,0,0
TUR,2015-09-30,0.0441511697660468,-0.008770357561601383,0.9266688817052402,0,0
TUR,2015-10-31,-0.0421857815859885,-0.013953689385747592,-0.5408117920159143,0,0
TUR,2015-11-30,0.0015766653527788,-0.009214629911219685,0.17044044531521482,0,0
TUR,2015-12-31,-0.0040894546823398,-0.0632689761428894,0.9029386697658037,0,0
TUR,2016-01-31,0.0183320733970173,-0.0007153576271183848,0.33961257748552076,0,0
TUR,2016-02-29,-0.0106797590727336,0.009334371695577381,-0.3354472244658123,0,0
TUR,2016-03-31,-0.0327262184931274,0.021178034841969007,-0.913343536588886,0,0
TUR,2016-04-30,-0.011301327597454,0.005136189724340712,-0.2818102398885465,0,0
TUR,2016-05-31,0.05519098398659,0.01924845515414053,0.6922124815984535,0,0
TUR,2016-06-30,-0.0211075997498859,0.03681917794799383,-0.946439150736656,0,0
TUR,2016-07-31,0.0411055866307574,-0.01701621170567935,0.9993143780677813,0,0
TUR,2016-08-31,-0.0193018820993283,0.038098041655713955,-0.9338071750495583,0,0
TUR,2016-09-30,0.014051165857865,-0.04559913021659934,0.9554373175897605,0,0
TUR,2016-10-31,0.0346828519975987,0.020494041048873868,0.30541596296772927,0,0
TUR,2016-11-30,0.1032682266486173,-0.016732185663860033,2.109103075670172,0,0
TUR,2016-12-31,0.0290242477359041,-0.08481061059604567,1.8288375860186858,0,0
ZAF,1990-02-28,-0.0011759893649622,-0.06944134297346782,0.566081668996525,0,0
ZAF,1990-03-31,0.0383308558080268,0.030639749374411496,0.642491966322106,0,0
ZAF,1990-04-30,0.0033826075376199,-0.17520041592947677,1.5780581824084559,0,0
ZAF,1990-05-31,-0.0041114058355455,0.01938431690771325,-0.26278481399532,0,0
ZAF,1990-06-30,0.0024462880238276,-0.018242332000843797,0.21372655677831492,0,0
ZAF,1990-07-31,-0.0259518259518271,0.048709210684116266,-1.0289362751228386,0,0
ZAF,1990-08-31,-0.0063822121570865,0.1877159627609568,-1.7558686267931647,0,0
ZAF,1990-09-30,-0.0028995920043093,-0.0886682039222969,0.6898287819483608,0,0
ZAF,1990-10-31,-0.0081948438653182,0.19893209179784677,-1.8945575077799528,0,0
ZAF,1990-11-30,-0.0090287760712228,0.04940151828628947,-0.6355160947511473,0,0
ZAF,1990-12-31,0.0160670356703558,-0.17910899700858962,1.910802568855405,0,0
ZAF,1991-01-31,-0.008788417576834,0.16397073989620692,-1.6095901303800537,0,0
ZAF,1991-02-28,0.0102383823869027,-0.0008759668352825711,0.2490904013760478,0,0
ZAF,1991-03-31,0.0644905763452623,-0.03678705732509424,1.8363987147901168,0,0
ZAF,1991-04-30,0.020317159499456,-0.15909693652307066,1.8399601808628967,0,0
ZAF,1991-05-31,0.0066490854000682,0.03184658421199593,-0.11543673051664918,0,0
ZAF,1991-06-30,0.0299352750809034,-0.12554471900488584,1.7799991033879574,0,0
ZAF,1991-07-31,-0.0081394015820234,-0.03613504446275706,0.1169421346803142,0,0
ZAF,1991-08-31,0.0026148673888672,0.0742794623526768,-0.5735013259994513,0,0
ZAF,1991-09-30,-0.0238422484642781,0.05973544613143833,-1.073447210549543,0,0
ZAF,1991-10-31,0.0101722770032885,0.030659080666228133,-0.022143450778111973,0,0
ZAF,1991-11-30,-0.0118160945287584,0.17276973269104845,-1.7562806649217575,0,0
ZAF,1991-12-31,-0.0203533026113658,-0.20932454824570867,1.3097663499902776,0,0
ZAF,1992-01-31,0.0211325599999991,0.4134334214425075,-3.0368276983144136,0,0
ZAF,1992-02-29,0.0157086754730453,0.010327468111452909,0.28236838585743074,0,0
ZAF,1992-03-31,0.0105448154657292,-0.1703794795126975,1.7058413458268187,0,0
ZAF,1992-04-30,0.0,0.25370984038310707,-2.169615599651236,0,0
ZAF,1992-05-31,-0.0154782608695652,0.20286388965127333,-2.1000504495723264,0,0
ZAF,1992-06-30,-0.0206677265500795,-0.022046916786332527,-0.2991696488620573,0,0
ZAF,1992-07-31,-0.0018037518037518,0.2225187179859076,-1.9454466694723904,0,0
ZAF,1992-08-31,-0.0106613661004698,0.12249853126493448,-1.2991347117537146,0,0
ZAF,1992-09-30,0.0275799086757992,-0.19610231948293844,2.327796250733871,1,0
ZAF,1992-10-31,0.0515463917525773,-0.021435624386132446,1.3996704785649703,0,0
ZAF,1992-11-30,0.0214672075726842,-0.18349524771796433,2.0757420474505164,0,0
ZAF,1992-12-31,0.0104252854542445,-0.2835904897605096,2.67115179359488,1,0
ZAF,1993-01-31,0.0065509335080249,-0.10357575686444986,1.0403197734694947,0,0
ZAF,1993-02-28,0.0224536283761795,-0.006911122108101964,0.5889488273205135,0,0
ZAF,1993-03-31,0.0106938255887969,-0.18465448986351607,1.8314312474477532,0,0
ZAF,1993-04-30,-0.0053848091699206,0.23210990560617573,-2.1119700635357357,0,0
ZAF,1993-05-31,0.0063321196770618,-0.17689784849001544,1.662174790837778,0,0
ZAF,1993-06-30,0.0467201510146295,-0.1941282564544894,2.7625754640345344,1,0
ZAF,1993-07-31,0.0163811241358582,-0.1917918170986097,2.0266721803820156,0,0
ZAF,1993-08-31,-0.0005914534969687,0.0897455631880455,-0.7814215905695643,0,0
ZAF,1993-09-30,0.0162745968338511,-0.0018533544749689268,0.39988774349944683,0,0
ZAF,1993-10-31,-0.023584218954724,0.13269634578765532,-1.6912880829092745,0,0
ZAF,1993-11-30,0.0035783509765916,0.014738359334460993,-0.04159611525599449,0,0
ZAF,1993-12-31,0.0095082454315851,0.7155959722746539,-5.895093642151519,0,0
ZAF,1994-01-31,0.0073583517292126,0.018603225078433372,0.014551547913643936,0,0
ZAF,1994-02-28,0.0151935719503286,-0.07963731919363182,1.0395527829136721,0,0
ZAF,1994-03-31,0.0014390559792776,-0.38483653809880836,3.32491179603608,1,1
ZAF,1994-04-30,0.0114959045839919,-0.09571781132402413,1.0898106706773776,0,0
ZAF,1994-05-31,0.0352322773121183,-0.15944285397869684,2.1948767705993455,0,0
ZAF,1994-06-30,0.0021956909564979,0.061618966945151676,-0.4751257928083909,0,0
ZAF,1994-07-31,0.0057510612077227,0.3066982619449645,-2.4870391405956047,0,0
ZAF,1994-08-31,-0.0234172906739278,0.4614677809549248,-4.498858535861963,0,0
ZAF,1994-09-30,-0.0061341140387565,0.06405213712544255,-0.6924951939575695,0,0
ZAF,1994-10-31,-0.0173937438630943,0.3613239724219979,-3.5003322545211155,0,0
ZAF,1994-11-30,0.0142755174875091,-0.003835266700919049,0.36966305430417473,0,0
ZAF,1994-12-31,-0.002533427163969,0.28872509603911967,-2.52883312399789,0,0
ZAF,1995-01-31,-0.0025398617186397,0.0030402410988106254,-0.08593302249073437,0,0
ZAF,1995-02-28,0.0183901541943698,0.11753390578444423,-0.5711381767943411,0,0
ZAF,1995-03-31,-0.0025003472704542,-0.02867261438124058,0.18619388798603181,0,0
ZAF,1995-04-30,0.0072413312909065,-0.32264774118826833,2.9300191899776817,1,0
ZAF,1995-05-31,0.0176966680492187,0.5111551264331329,-3.953579203887244,0,0
ZAF,1995-06-30,-0.011954897432414,-0.047693436442515336,0.12574855015752961,0,0
ZAF,1995-07-31,-0.0046748246940739,-0.03368898053092062,0.17777957775813066,0,0
ZAF,1995-08-31,0.0102224064097251,-0.042690262363197284,0.6062909780121873,0,0
ZAF,1995-09-30,-0.0019143990154518,0.005620961405190306,-0.09324290129570076,0,0
ZAF,1995-10-31,-0.0005480202767502,0.05502624049489069,-0.4834922143587336,0,0
ZAF,1995-11-30,0.0043865661411925,0.24534389592908923,-1.994562012029018,0,0
ZAF,1995-12-31,-0.0043674082161867,0.28994546075464345,-2.5825463896303913,0,0
ZAF,1996-01-31,0.0013708019191227,-0.06916640314866873,0.6238282340000975,0,0
ZAF,1996-02-29,0.0569472963723478,-0.2008691719301211,3.0615551762416446,1,1
ZAF,1996-03-31,0.0310840564693692,-0.13025307122028795,1.847371161316707,0,0
ZAF,1996-04-30,0.0915714106268055,-0.4282825617925302,5.823335158618955,1,1
ZAF,1996-05-31,0.0046029919447641,-0.16015567899157213,1.4782001077980647,0,0
ZAF,1996-06-30,-0.0069873997709049,0.22031579475572172,-2.0489290056930187,0,0
ZAF,1996-07-31,0.0387587957088475,-0.20007537571053224,2.6255650990945365,1,0
ZAF,1996-08-31,-0.0033314825097169,-0.0035085535163182913,-0.0486108114805506,0,0
ZAF,1996-09-30,0.0094707520891366,0.05135675924073779,-0.21569513155696735,0,0
ZAF,1996-10-31,0.0380794701986753,-0.032397730666013924,1.1756288729243884,0,0
ZAF,1996-11-30,-0.0208399787347155,0.2614794161306182,-2.727827561914644,0,0
ZAF,1996-12-31,0.0169399500488653,-0.13894177762768822,1.5879086114182923,0,0
ZAF,1997-01-31,-0.024773091297384,0.4510181627886598,-4.4414913821399375,0,0
ZAF,1997-02-28,-0.0194897624000874,0.17570738332644242,-1.9624810121635465,0,0
ZAF,1997-03-31,-0.0122836404243439,0.13560332508384132,-1.4494826828495322,0,0
ZAF,1997-04-30,0.0056529112492933,0.12316437757151877,-0.9198537133986022,0,0
ZAF,1997-05-31,0.0053962900505901,0.8053986469854777,-6.760078423773497,0,0
ZAF,1997-06-30,0.0131946774013194,0.14652702266597584,-0.9416745349355344,0,0
ZAF,1997-07-31,0.0172166427546629,0.0030030389049073847,0.3805878542465777,0,0
ZAF,1997-08-31,0.0184441792340239,0.022994782254772472,0.238593914809401,0,0
ZAF,1997-09-30,-0.0068179397038456,0.03958631270543256,-0.49941069175138997,0,0
ZAF,1997-10-31,0.0330365762093747,0.01647046978213118,0.6387300542178975,0,0
ZAF,1997-11-30,0.0083065102273907,-0.04314909178989457,0.5650044597353903,0,0
ZAF,1997-12-31,0.0024714241581711,0.09085486780667096,-0.7186318361520533,0,0
ZAF,1998-01-31,0.0143810991268618,-0.05658662171312279,0.8232610279286083,0,0
ZAF,1998-02-28,0.0002025316455696,0.1474718475124721,-1.256335519426199,0,0
ZAF,1998-03-31,0.0194391009415815,0.048913640043293016,0.040424773912117906,0,0
ZAF,1998-04-30,0.0033767007647234,-0.010528758470660593,0.16971879926115752,0,0
ZAF,1998-05-31,0.0209838661783627,-0.01875134946010859,0.6555186623191559,0,0
ZAF,1998-06-30,0.1374697043141057,-0.12875102040912034,4.344954203418851,1,1
ZAF,1998-07-31,0.046024034773715,-0.07674143553274437,1.7423081539002296,0,0
ZAF,1998-08-31,0.045221217306282,-0.04778634510532365,1.4757524542024845,0,0
ZAF,1998-09-30,-0.084424695977549,0.02269733212825109,-2.1863035479895188,0,0
ZAF,1998-10-31,-0.0367816091954021,0.04373017553476166,-1.2419128006745177,0,0
ZAF,1998-11-30,0.0053036329885971,0.007541125209372002,0.06066370565465072,0,0
ZAF,1998-12-31,0.0305108590521412,-0.0004134406766085341,0.7235134376919866,0,0
ZAF,1999-01-31,0.033532423208191,-0.0014866162634930014,0.8039919159390885,0,0
ZAF,1999-02-28,0.0198134235944853,-0.0186369805322123,0.6269211918198022,0,0
ZAF,1999-03-31,0.0021047518821337,0.007919753773976579,-0.018059534606613463,0,0
ZAF,1999-04-30,-0.0138944987478794,0.04703540613238677,-0.7301006907394418,0,0
ZAF,1999-05-31,0.0178586057180305,0.007907596157673114,0.3537949019048798,0,0
ZAF,1999-06-30,-0.0284909456740443,0.06980568307979351,-1.2692607818966972,0,0
ZAF,1999-07-31,0.0193853036202469,0.002043964354332406,0.43996426427102603,0,0
ZAF,1999-08-31,-0.0115400243803331,0.07333093498907961,-0.8994090085718816,0,0
ZAF,1999-09-30,-0.0123324837622297,0.04884302970215626,-0.7086991570232128,0,0
ZAF,1999-10-31,0.0228918671439275,0.129718577282522,-0.5691073005631305,0,0
ZAF,1999-11-30,0.004638671875,0.06330943747874596,-0.43193388524999843,0,0
ZAF,1999-12-31,-0.0029161603888214,-0.0349383287124696,0.22996341561998726,0,0
ZAF,2000-01-31,0.0248598586400194,-0.0013116199979120724,0.5978451853618629,0,0
ZAF,2000-02-29,0.0058660325009909,0.001833580435137927,0.12274331584224708,0,0
ZAF,2000-03-31,0.0342028528646858,0.003410429658331271,0.7779349380252958,0,0
ZAF,2000-04-30,0.0391678731997258,-0.007673675013936898,0.9898830756930457,0,0
ZAF,2000-05-31,0.0205323751558259,-0.0028896937381999166,0.5092226913930942,0,0
ZAF,2000-06-30,-0.0268736078177768,0.03094720112267657,-0.8987950206928903,0,0
ZAF,2000-07-31,0.027468064682862,-0.04151711926493784,1.0032119926047147,0,0
ZAF,2000-08-31,0.0024434063959755,-0.02877726180325768,0.3037486701791396,0,0
ZAF,2000-09-30,0.0404330059502473,0.009574373793827862,0.8722391874689907,0,0
ZAF,2000-10-31,0.0440983945428237,-0.0036061572883754334,1.0714470773340579,0,0
ZAF,2000-11-30,0.0194020985943377,-0.00023021282943735955,0.45980835120998365,0,0
ZAF,2000-12-31,-0.0200686217388489,-0.0013629033277616776,-0.46191295208594935,0,0
ZAF,2001-01-31,0.0400343529100879,-0.004928629139700824,0.98685533855571,0,0
ZAF,2001-02-28,-0.0158800736835419,0.008291540316321289,-0.44563456060085416,0,0
ZAF,2001-03-31,0.0345962692829018,0.008397469848821393,0.7445715678647842,0,0
ZAF,2001-04-30,-0.0009981907792125,-0.007997923674806562,0.04484000805485458,0,0
ZAF,2001-05-31,0.002123274839193,-0.008029945929290294,0.11877241614018774,0,0
ZAF,2001-06-30,0.0051099894061195,0.00042686628530841375,0.11693224571802292,0,0
ZAF,2001-07-31,0.0252960505921009,0.0006561076025692891,0.5913110487150905,0,0
ZAF,2001-08-31,0.0163270242486543,-0.0033772628559985973,0.41415669379430686,0,0
ZAF,2001-09-30,0.0711608258463736,-0.009522518422210635,1.7606450502862212,0,0
ZAF,2001-10-31,0.041104260401044,0.020846697653790214,0.7916830837642637,0,0
ZAF,2001-11-30,0.1015845915808568,-8.376249915786893e-05,2.397851632829488,1,0
ZAF,2001-12-31,0.1746500702281204,-0.01040102567221679,4.210237904619971,1,1
ZAF,2002-01-31,-0.0505504473673359,-0.01071112652493722,-1.1012637952176219,0,0
ZAF,2002-02-28,-0.0082511833934078,0.007701573340488821,-0.26056721315667963,0,0
ZAF,2002-03-31,-0.0028024696764022,-0.00512354022904471,-0.02231680786726232,0,0
ZAF,2002-04-30,-0.0610371931673473,-0.006781469398438045,-1.3823287588513375,0,0
ZAF,2002-05-31,-0.0841790207173923,-0.006955047509941137,-1.926932060383499,0,0
ZAF,2002-06-30,0.0469795230557117,0.008486813424401829,1.0360205100775906,0,0
ZAF,2002-07-31,-0.0066331756328341,0.0011165095604015463,-0.1660738020001843,0,0
ZAF,2002-08-31,0.033190946138361,0.006708104325093833,0.7258562678762578,0,0
ZAF,2002-09-30,0.0016157392006843,-0.006354047466933244,0.09246432849294695,0,0
ZAF,2002-10-31,-0.0431750249086682,-0.0036227056417683645,-0.9878398522619657,0,0
ZAF,2002-11-30,-0.0786929141667081,-0.0006264926528033454,-1.8515930761851245,0,0
ZAF,2002-12-31,-0.0699677072120558,-0.007185480542359124,-1.5896110161076629,0,0
ZAF,2003-01-31,-0.0092592592592593,0.0008424813200489378,-0.22569925800726945,0,0
ZAF,2003-02-28,-0.0490654205607477,0.028016465668453394,-1.3974024101046578,0,0
ZAF,2003-03-31,-0.027027027027027,0.004787462189079772,-0.6787086729275178,0,0
ZAF,2003-04-30,-0.0833333333333333,-0.027565110034618034,-1.7307277698913341,0,0
ZAF,2003-05-31,0.1170798898071625,0.005354571734269564,2.7169945987043,1,0
ZAF,2003-06-30,-0.0684340320591861,0.07745618426740286,-2.27723872437275,0,0
ZAF,2003-07-31,-0.0145598941098609,0.006838676001403421,-0.4020574547182296,0,0
ZAF,2003-08-31,-0.0154466084620551,-0.0019013464589507922,-0.3482407851614199,0,0
ZAF,2003-09-30,-0.0552523874488404,0.007028466942041733,-1.3639187444225822,0,0
ZAF,2003-10-31,-0.0028880866425992,-0.010127042179166379,0.018450612217720347,0,0
ZAF,2003-11-30,-0.0716871832005793,0.004198862105719847,-1.727540150717277,0,0
ZAF,2003-12-31,0.0358814352574101,0.004283302534858757,0.8100807421530322,0,0
ZAF,2004-01-31,0.0542168674698795,0.0031623076718867438,1.25233608600882,0,0
ZAF,2004-02-29,-0.0499999999999999,0.03868073284154194,-1.5106522324478235,0,0
ZAF,2004-03-31,-0.0421052631578947,0.22209506902886944,-2.8928359192619184,0,0
ZAF,2004-04-30,0.0761381475667191,0.03980161389142989,1.4562986447593191,0,0
ZAF,2004-05-31,-0.0488694383661562,0.030933052106495218,-1.4177191056053173,0,0
ZAF,2004-06-30,-0.0383435582822085,0.10251253947291672,-1.7814518546050166,0,0
ZAF,2004-07-31,-0.0039872408293459,0.047919802979831116,-0.5038778363215303,0,0
ZAF,2004-08-31,0.0696557245796636,0.016080177814603802,1.506185466503548,0,0
ZAF,2004-09-30,-0.0344311377245508,0.024991820783645924,-1.026205498705132,0,0
ZAF,2004-10-31,-0.0426356589147287,0.05145383717063989,-1.4461027081684041,0,0
ZAF,2004-11-30,-0.063157894736842,0.1241648933755497,-2.5521678940737242,0,0
ZAF,2004-12-31,-0.0267934312878133,0.0420855438636083,-0.9921532965772824,0,0
ZAF,2005-01-31,0.0568383658969804,0.022606367852832987,1.147919613596713,0,0
ZAF,2005-02-28,-0.0176470588235294,0.02414695421186619,-0.622919435074951,0,0
ZAF,2005-03-31,0.0667236954662104,0.028020927816971408,1.3348850415265585,0,0
ZAF,2005-04-30,-0.0216519647153168,0.010989394632507032,-0.6049072279268801,0,0
ZAF,2005-05-31,0.1008196721311476,0.08489310161905106,1.6531165204511162,0,0
ZAF,2005-06-30,-0.0096798212956067,0.09015838734708592,-0.9994140090854421,0,0
ZAF,2005-07-31,-0.0045112781954887,0.014293025347314803,-0.2286822753475269,0,0
ZAF,2005-08-31,-0.0173716012084592,0.003546389227497171,-0.44025232069663855,0,0
ZAF,2005-09-30,-0.0222905457340506,0.02365842500883364,-0.7283161063025255,0,0
ZAF,2005-10-31,0.0526729559748426,0.009262026160240078,1.1637416170015613,0,0
ZAF,2005-11-30,-0.0351008215085885,0.012605704358612524,-0.9360876643809166,0,0
ZAF,2005-12-31,-0.0208978328173374,0.03131777068447339,-0.760951034686642,0,0
ZAF,2006-01-31,-0.0363636363636363,0.06921910505623807,-1.4500198940112603,0,0
ZAF,2006-02-28,0.0057424118129614,0.024744890257537344,-0.07610131650687774,0,0
ZAF,2006-03-31,0.0122349102773247,0.012305864511119813,0.1834780725270756,0,0
ZAF,2006-04-30,-0.0088638195004028,0.055995181179288034,-0.6880096649917236,0,0
ZAF,2006-05-31,0.0796747967479674,-0.013966983096624586,1.9995600045090869,0,0
ZAF,2006-06-30,0.0798192771084338,0.002536421557298496,1.8618394706220294,0,0
ZAF,2006-07-31,-0.0411436541143653,0.004337862864194797,-1.0079800217219104,0,0
ZAF,2006-08-31,0.0356363636363636,0.01458166430292862,0.7162305955825371,0,0
ZAF,2006-09-30,0.0905898876404494,0.014086553054896589,2.0172265300065884,0,0
ZAF,2006-10-31,-0.0405666452028331,-0.0047821051418314164,-0.9163741161364093,0,0
ZAF,2006-11-30,-0.0436241610738254,0.0329698657171944,-1.3113619788504915,0,0
ZAF,2006-12-31,-0.0217543859649123,0.008975037307593858,-0.5900982033379961,0,0
ZAF,2007-01-31,0.0258249641319943,0.02506731526880923,0.395038077004488,0,0
ZAF,2007-02-28,0.0167832167832167,-0.0009493851837120149,0.4041595173252258,0,0
ZAF,2007-03-31,0.0006877579092161,0.010028829001067718,-0.06953284027902945,0,0
ZAF,2007-04-30,-0.0288659793814433,0.017996467464678867,-0.8350608595773998,0,0
ZAF,2007-05-31,0.0077848549186128,0.03781434565984054,-0.1396691743304089,0,0
ZAF,2007-06-30,-0.0014044943820223,0.011838839738887996,-0.13438303841823995,0,0
ZAF,2007-07-31,-0.0028129395218003,0.04485535638078608,-0.4499615357770978,0,0
ZAF,2007-08-31,0.0063469675599434,0.017963681273122978,-0.00384542072812194,0,0
ZAF,2007-09-30,-0.0371408549404344,0.015367903756134282,-1.0078483326141614,0,0
ZAF,2007-10-31,-0.0480349344978165,0.038244908170740555,-1.4605547539852188,0,0
ZAF,2007-11-30,0.0313455657492354,0.019282151640725553,0.5747822789110464,0,0
ZAF,2007-12-31,0.0096367679762785,0.01546672557342288,0.09513828887071804,0,0
ZAF,2008-01-31,0.0910425844346549,0.010001712104571236,2.062840784491207,0,0
ZAF,2008-02-29,0.0397039030955586,0.014047419267871453,0.8167827048889739,0,0
ZAF,2008-03-31,0.0485436893203883,0.01026636717938656,1.0577128492312167,0,0
ZAF,2008-04-30,-0.0623456790123456,0.004833965099343418,-1.512535778576693,0,0
ZAF,2008-05-31,0.0019749835418039,0.0022107779144644457,0.027698930846034635,0,0
ZAF,2008-06-30,0.0269382391590013,0.008797630442228588,0.5604397363947623,0,0
ZAF,2008-07-31,-0.0620601407549584,0.006338599099213971,-1.5186647813560017,0,0
ZAF,2008-08-31,0.0511596180081854,-0.010654923628781177,1.2983517739027768,0,0
ZAF,2008-09-30,0.0733290071382217,-0.00433205900487621,1.767422018494155,0,0
ZAF,2008-10-31,0.2224909310761789,-0.029099067057704597,5.499056762869862,1,1
ZAF,2008-11-30,0.0024727992087043,0.00011453172656827881,0.057372282056978106,0,0
ZAF,2008-12-31,-0.0818944252590034,0.02154850035109024,-2.1167713538021298,0,0
ZAF,2009-01-31,0.0961848468565287,-0.018780259402263577,2.4303157973068115,1,0
ZAF,2009-02-28,-0.014705882352941,-0.002579734513105336,-0.324960274375401,0,0
ZAF,2009-03-31,-0.0552238805970151,0.014839385278691886,-1.4300416136242604,0,0
ZAF,2009-04-30,-0.1084781463928382,0.00329048740650828,-2.5879443219250624,0,0
ZAF,2009-05-31,-0.0608387477849969,0.046878074193919206,-1.8365189075403523,0,0
ZAF,2009-06-30,-0.0333333333333334,0.0013981430167606668,-0.7985373219539421,0,0
ZAF,2009-07-31,0.0156148340923878,0.00037638686881447114,0.3652512652716852,0,0
ZAF,2009-08-31,-0.002562459961563,0.06762515147588477,-0.6387681914849489,0,0
ZAF,2009-09-30,-0.0443159922928708,0.02825398017533498,-1.2873592271623944,0,0
ZAF,2009-10-31,0.036290322580645,0.01368962851031208,0.7392906462572666,0,0
ZAF,2009-11-30,-0.0363164721141374,0.005206527391512061,-0.9014993694428178,0,0
ZAF,2009-12-31,-0.0067294751009421,-0.014397037140192026,-0.03568115517846418,0,0
ZAF,2010-01-31,0.0237127371273713,-0.004151008009143475,0.5950572697908577,0,0
ZAF,2010-02-28,0.0211780277961615,-0.003932738216940956,0.5333780948812155,0,0
ZAF,2010-03-31,-0.0492546986390148,0.07276140611504034,-1.7845080487157339,0,0
ZAF,2010-04-30,-0.0006816632583503,0.002551540110582451,-0.03790515647230723,0,0
ZAF,2010-05-31,0.0361527967257844,-0.014699106863677258,0.9788134390950238,0,0
ZAF,2010-06-30,0.0059249506254115,0.004393979739451659,0.10223821707709403,0,0
ZAF,2010-07-31,-0.0399214659685863,0.03212975495910175,-1.2168036289055497,0,0
ZAF,2010-08-31,0.0109066121336061,-0.007150256075993622,0.31851388397723746,0,0
ZAF,2010-09-30,-0.0586648685097774,0.01683906019951964,-1.5283404319075293,0,0
ZAF,2010-10-31,-0.0021489971346705,-0.00036804803941636877,-0.04756342450513389,0,0
ZAF,2010-11-30,0.0237616654702081,-0.023671844601669934,0.7631455104195297,0,0
ZAF,2010-12-31,-0.0699670429843629,0.009031290034210437,-1.7282740719071097,0,0
ZAF,2011-01-31,0.0824310875203571,0.05130719503335879,1.5064051593414705,0,0
ZAF,2011-02-28,-0.0298680040399819,0.03750413297500743,-1.025527090873914,0,0
ZAF,2011-03-31,-0.0246128219303977,0.044978083163941474,-0.9654322500689998,0,0
ZAF,2011-04-30,-0.0294591789413245,0.021018098870012603,-0.8748985152465018,0,0
ZAF,2011-05-31,0.0406607658877335,-0.010360440009584582,1.048087546273274,0,0
ZAF,2011-06-30,-0.0064209084018425,0.00041110399312915824,-0.15503252086909572,0,0
ZAF,2011-07-31,-0.0122866343424267,-0.008489903630710116,-0.21733105616423382,0,0
ZAF,2011-08-31,0.0452871104773786,0.011528787907937543,0.9700702865699274,0,0
ZAF,2011-09-30,0.1485328596802844,-0.02051991284594956,3.6804711434986905,1,1
ZAF,2011-10-31,-0.0312762903944178,0.0012286125022471506,-0.7485466434926895,0,0
ZAF,2011-11-30,0.0636973180076627,-0.011608716105377614,1.6023656935264738,0,0
ZAF,2011-12-31,-0.0223142728500675,-0.0038336626079782388,-0.4937756951289783,0,0
ZAF,2012-01-31,-0.0445173095580196,0.04396667096577733,-1.4264778573062886,0,0
ZAF,2012-02-29,-0.0449077168268984,0.005540243911710929,-1.1070844665935562,0,0
ZAF,2012-03-31,0.032606647826672,-0.016370140764083496,0.9094233882750271,0,0
ZAF,2012-04-30,0.0092984765355192,-0.016072127751431187,0.3568619608325191,0,0
ZAF,2012-05-31,0.1016830973639866,-0.015016552893322044,2.527874809065094,1,0
ZAF,2012-06-30,-0.0386010560058133,0.006836198472807142,-0.969345913268413,0,0
ZAF,2012-07-31,-0.0025479104695956,-0.0011700865658831328,-0.050118071451915665,0,0
ZAF,2012-08-31,0.0280986079028098,0.01046269657667831,0.5735825397037514,0,0
ZAF,2012-09-30,-0.0126786181316721,0.012325925781953018,-0.40458873607975193,0,0
ZAF,2012-10-31,0.04466505722353,-0.0021670273403117113,1.0725120505802053,0,0
ZAF,2012-11-30,0.016516637659778,0.002303658733666225,0.3700503260830024,0,0
ZAF,2012-12-31,-0.0360852212168627,0.003204414919624421,-0.8789212522098175,0,0
ZAF,2013-01-31,0.0532810266846248,0.011235453395454398,1.1612146365983846,0,0
ZAF,2013-02-28,-0.0006254118225171,-0.011471449682444512,0.08334070888614685,0,0
ZAF,2013-03-31,0.0278705928367883,-0.009329097543114617,0.7374527377838196,0,0
ZAF,2013-04-30,-0.0241957403320323,0.023630698771019976,-0.7730367006233996,0,0
ZAF,2013-05-31,0.1304015999376067,-0.04705019116135756,3.4794953407432185,1,1
ZAF,2013-06-30,-0.0055786905847275,-0.016007734328290057,0.005248380326594915,0,0
ZAF,2013-07-31,-0.0217312657656988,0.00858867859904544,-0.58624865533686,0,0
ZAF,2013-08-31,0.0454513216952554,0.004011395145324004,1.0382307046727846,0,0
ZAF,2013-09-30,-0.0261423656539225,0.056264618486379536,-1.0980430657942764,0,0
ZAF,2013-10-31,-0.0186142555044158,0.003801394823438553,-0.4717564653282743,0,0
ZAF,2013-11-30,0.0303294563817597,-0.006817592615500523,0.7739983074419094,0,0
ZAF,2013-12-31,0.0323842610818045,0.006024800326128066,0.7126638903442005,0,0
ZAF,2014-01-31,0.0753394948450167,-0.009924960360665147,1.8626924087279804,0,0
ZAF,2014-02-28,-0.0502785867209214,0.01089526397500351,-1.279616984927579,0,0
ZAF,2014-03-31,-0.0124894987398487,-0.01236233530589026,-0.18900279251929536,0,0
ZAF,2014-04-30,-0.0028263006654567,0.0021503503840036853,-0.08508228939484534,0,0
ZAF,2014-05-31,-0.0107495284047283,0.00025212327481183294,-0.2558172966684499,0,0
ZAF,2014-06-30,0.0159641238417385,-0.021936765556903604,0.5643059271321476,0,0
ZAF,2014-07-31,0.0095826456024523,0.030628717520015503,-0.03579758439091815,0,0
ZAF,2014-08-31,-0.0072822563316859,-0.00487919512337065,-0.130117794289568,0,0
ZAF,2014-09-30,0.0666751363381845,-0.007279465386397899,1.635612695582535,0,0
ZAF,2014-10-31,-0.0365031121384428,-0.006612911121317233,-0.8048289252828398,0,0
ZAF,2014-11-30,0.0048164528564496,0.0007921976682092602,0.10688138319293836,0,0
ZAF,2014-12-31,0.0553560851141385,0.005867211188013144,1.256087543183219,0,0
ZAF,2015-01-31,0.0007382814017848,-0.039360333556094584,0.3540139030742309,0,0
ZAF,2015-02-28,0.0030113464774148,-0.005141138134353462,0.11502480394414985,0,0
ZAF,2015-03-31,0.0475207322528474,-0.015360890622205248,1.2527267921093646,0,0
ZAF,2015-04-30,-0.0287596084357139,0.012454605129041285,-0.7851591955223949,0,0
ZAF,2015-05-31,0.0299663470481794,-0.012270356362644397,0.8120595111045631,0,0
ZAF,2015-06-30,0.0014202446432969,0.010902269576444246,-0.05971731734835107,0,0
ZAF,2015-07-31,0.0374888304107949,-0.015698310616002686,1.0188851545355362,0,0
ZAF,2015-08-31,0.0543198267960429,0.0018002393365315061,1.2664134742736293,0,0
ZAF,2015-09-30,0.0401669783145532,0.0020511031300312066,0.9302973393968393,0,0
ZAF,2015-10-31,-0.005501116795158,-0.004322735705939218,-0.09284607557123074,0,0
ZAF,2015-11-30,0.0462990802490825,-0.013197145397981447,1.2053955410574824,0,0
ZAF,2015-12-31,0.0763968230886944,0.017987895631515816,1.6489441011256778,0,0
ZAF,2016-01-31,0.0341492441299453,-0.02392271061175255,1.0104109715833463,0,0
ZAF,2016-02-29,-0.0009237458672479,0.0035401678838888895,-0.05207199635328172,0,0
ZAF,2016-03-31,-0.0827408006973413,0.025265136189092763,-2.168526683610469,0,0
ZAF,2016-04-30,-0.0382939295823406,-0.006658429891518436,-0.8466983587117173,0,0
ZAF,2016-05-31,0.1143531703598614,-0.011100192604352466,2.793364974682159,1,0
ZAF,2016-06-30,-0.06415908184012,-0.002772605238155146,-1.4902793627128266,0,0
ZAF,2016-07-31,-0.0422533781382929,-0.005426120862068062,-0.9506693384434673,0,0
ZAF,2016-08-31,0.0271397124554355,-0.008247173426875531,0.7109536969497631,0,0
ZAF,2016-09-30,-0.044534190121707,0.035964858698917634,-1.3584481961718962,0,0
ZAF,2016-10-31,-0.0030638843284657,-0.0002243161973420893,-0.070381543266786,0,0
ZAF,2016-11-30,0.0113217359272808,0.00937785420174353,0.18696856798628403,0,0
ZAF,2016-12-31,-0.022664943078747,0.00813709627727266,-0.6044193062507686,0,0
