iso3,date,year,month,target
AGO,1990-01-31,1990,1,1
AGO,1990-02-28,1990,2,1
AGO,1990-03-31,1990,3,1
AGO,1990-04-30,1990,4,1
AGO,1990-05-31,1990,5,1
AGO,1990-06-30,1990,6,1
AGO,1990-07-31,1990,7,1
AGO,1990-08-31,1990,8,1
AGO,1990-09-30,1990,9,1
AGO,1990-10-31,1990,10,1
AGO,1990-11-30,1990,11,1
AGO,1990-12-31,1990,12,1
AGO,1991-01-31,1991,1,0
AGO,1991-02-28,1991,2,0
AGO,1991-03-31,1991,3,0
AGO,1991-04-30,1991,4,0
AGO,1991-05-31,1991,5,0
AGO,1991-06-30,1991,6,0
AGO,1991-07-31,1991,7,0
AGO,1991-08-31,1991,8,0
AGO,1991-09-30,1991,9,0
AGO,1991-10-31,1991,10,0
AGO,1991-11-30,1991,11,0
AGO,1991-12-31,1991,12,0
AGO,1992-01-31,1992,1,0
AGO,1992-02-29,1992,2,0
AGO,1992-03-31,1992,3,0
AGO,1992-04-30,1992,4,0
AGO,1992-05-31,1992,5,0
AGO,1992-06-30,1992,6,0
AGO,1992-07-31,1992,7,0
AGO,1992-08-31,1992,8,0
AGO,1992-09-30,1992,9,0
AGO,1992-10-31,1992,10,0
AGO,1992-11-30,1992,11,0
AGO,1992-12-31,1992,12,0
AGO,1993-01-31,1993,1,0
AGO,1993-02-28,1993,2,0
AGO,1993-03-31,1993,3,0
AGO,1993-04-30,1993,4,0
AGO,1993-05-31,1993,5,0
AGO,1993-06-30,1993,6,0
AGO,1993-07-31,1993,7,0
AGO,1993-08-31,1993,8,0
AGO,1993-09-30,1993,9,0
AGO,1993-10-31,1993,10,0
AGO,1993-11-30,1993,11,0
AGO,1993-12-31,1993,12,0
AGO,1994-01-31,1994,1,0
AGO,1994-02-28,1994,2,0
AGO,1994-03-31,1994,3,0
AGO,1994-04-30,1994,4,0
AGO,1994-05-31,1994,5,0
AGO,1994-06-30,1994,6,0
AGO,1994-07-31,1994,7,0
AGO,1994-08-31,1994,8,0
AGO,1994-09-30,1994,9,0
AGO,1994-10-31,1994,10,0
AGO,1994-11-30,1994,11,0
AGO,1994-12-31,1994,12,0
AGO,1995-01-31,1995,1,1
AGO,1995-02-28,1995,2,1
AGO,1995-03-31,1995,3,1
AGO,1995-04-30,1995,4,1
AGO,1995-05-31,1995,5,1
AGO,1995-06-30,1995,6,1
AGO,1995-07-31,1995,7,1
AGO,1995-08-31,1995,8,1
AGO,1995-09-30,1995,9,1
AGO,1995-10-31,1995,10,1
AGO,1995-11-30,1995,11,1
AGO,1995-12-31,1995,12,1
AGO,1996-01-31,1996,1,0
AGO,1996-02-29,1996,2,0
AGO,1996-03-31,1996,3,0
AGO,1996-04-30,1996,4,0
AGO,1996-05-31,1996,5,0
AGO,1996-06-30,1996,6,0
AGO,1996-07-31,1996,7,0
AGO,1996-08-31,1996,8,0
AGO,1996-09-30,1996,9,0
AGO,1996-10-31,1996,10,0
AGO,1996-11-30,1996,11,0
AGO,1996-12-31,1996,12,0
AGO,1997-01-31,1997,1,0
AGO,1997-02-28,1997,2,0
AGO,1997-03-31,1997,3,0
AGO,1997-04-30,1997,4,0
AGO,1997-05-31,1997,5,0
AGO,1997-06-30,1997,6,0
AGO,1997-07-31,1997,7,0
AGO,1997-08-31,1997,8,0
AGO,1997-09-30,1997,9,0
AGO,1997-10-31,1997,10,0
AGO,1997-11-30,1997,11,0
AGO,1997-12-31,1997,12,0
AGO,1998-01-31,1998,1,0
AGO,1998-02-28,1998,2,0
AGO,1998-03-31,1998,3,0
AGO,1998-04-30,1998,4,0
AGO,1998-05-31,1998,5,0
AGO,1998-06-30,1998,6,0
AGO,1998-07-31,1998,7,0
AGO,1998-08-31,1998,8,0
AGO,1998-09-30,1998,9,0
AGO,1998-10-31,1998,10,0
AGO,1998-11-30,1998,11,0
AGO,1998-12-31,1998,12,0
AGO,1999-01-31,1999,1,0
AGO,1999-02-28,1999,2,0
AGO,1999-03-31,1999,3,0
AGO,1999-04-30,1999,4,0
AGO,1999-05-31,1999,5,0
AGO,1999-06-30,1999,6,0
AGO,1999-07-31,1999,7,0
AGO,1999-08-31,1999,8,0
AGO,1999-09-30,1999,9,0
AGO,1999-10-31,1999,10,0
AGO,1999-11-30,1999,11,0
AGO,1999-12-31,1999,12,0
AGO,2000-01-31,2000,1,0
AGO,2000-02-29,2000,2,0
AGO,2000-03-31,2000,3,0
AGO,2000-04-30,2000,4,0
AGO,2000-05-31,2000,5,0
AGO,2000-06-30,2000,6,0
AGO,2000-07-31,2000,7,0
AGO,2000-08-31,2000,8,0
AGO,2000-09-30,2000,9,0
AGO,2000-10-31,2000,10,0
AGO,2000-11-30,2000,11,0
AGO,2000-12-31,2000,12,0
AGO,2001-01-31,2001,1,0
AGO,2001-02-28,2001,2,0
AGO,2001-03-31,2001,3,0
AGO,2001-04-30,2001,4,0
AGO,2001-05-31,2001,5,0
AGO,2001-06-30,2001,6,0
AGO,2001-07-31,2001,7,0
AGO,2001-08-31,2001,8,0
AGO,2001-09-30,2001,9,0
AGO,2001-10-31,2001,10,0
AGO,2001-11-30,2001,11,0
AGO,2001-12-31,2001,12,0
AGO,2002-01-31,2002,1,0
AGO,2002-02-28,2002,2,0
AGO,2002-03-31,2002,3,0
AGO,2002-04-30,2002,4,0
AGO,2002-05-31,2002,5,0
AGO,2002-06-30,2002,6,0
AGO,2002-07-31,2002,7,0
AGO,2002-08-31,2002,8,0
AGO,2002-09-30,2002,9,0
AGO,2002-10-31,2002,10,0
AGO,2002-11-30,2002,11,0
AGO,2002-12-31,2002,12,0
AGO,2003-01-31,2003,1,0
AGO,2003-02-28,2003,2,0
AGO,2003-03-31,2003,3,0
AGO,2003-04-30,2003,4,0
AGO,2003-05-31,2003,5,0
AGO,2003-06-30,2003,6,0
AGO,2003-07-31,2003,7,0
AGO,2003-08-31,2003,8,0
AGO,2003-09-30,2003,9,0
AGO,2003-10-31,2003,10,0
AGO,2003-11-30,2003,11,0
AGO,2003-12-31,2003,12,0
AGO,2004-01-31,2004,1,0
AGO,2004-02-29,2004,2,0
AGO,2004-03-31,2004,3,0
AGO,2004-04-30,2004,4,0
AGO,2004-05-31,2004,5,0
AGO,2004-06-30,2004,6,0
AGO,2004-07-31,2004,7,0
AGO,2004-08-31,2004,8,0
AGO,2004-09-30,2004,9,0
AGO,2004-10-31,2004,10,0
AGO,2004-11-30,2004,11,0
AGO,2004-12-31,2004,12,0
AGO,2005-01-31,2005,1,0
AGO,2005-02-28,2005,2,0
AGO,2005-03-31,2005,3,0
AGO,2005-04-30,2005,4,0
AGO,2005-05-31,2005,5,0
AGO,2005-06-30,2005,6,0
AGO,2005-07-31,2005,7,0
AGO,2005-08-31,2005,8,0
AGO,2005-09-30,2005,9,0
AGO,2005-10-31,2005,10,0
AGO,2005-11-30,2005,11,0
AGO,2005-12-31,2005,12,0
AGO,2006-01-31,2006,1,0
AGO,2006-02-28,2006,2,0
AGO,2006-03-31,2006,3,0
AGO,2006-04-30,2006,4,0
AGO,2006-05-31,2006,5,0
AGO,2006-06-30,2006,6,0
AGO,2006-07-31,2006,7,0
AGO,2006-08-31,2006,8,0
AGO,2006-09-30,2006,9,0
AGO,2006-10-31,2006,10,0
AGO,2006-11-30,2006,11,0
AGO,2006-12-31,2006,12,0
AGO,2007-01-31,2007,1,0
AGO,2007-02-28,2007,2,0
AGO,2007-03-31,2007,3,0
AGO,2007-04-30,2007,4,0
AGO,2007-05-31,2007,5,0
AGO,2007-06-30,2007,6,0
AGO,2007-07-31,2007,7,0
AGO,2007-08-31,2007,8,0
AGO,2007-09-30,2007,9,0
AGO,2007-10-31,2007,10,0
AGO,2007-11-30,2007,11,0
AGO,2007-12-31,2007,12,0
AGO,2008-01-31,2008,1,0
AGO,2008-02-29,2008,2,0
AGO,2008-03-31,2008,3,0
AGO,2008-04-30,2008,4,0
AGO,2008-05-31,2008,5,0
AGO,2008-06-30,2008,6,0
AGO,2008-07-31,2008,7,0
AGO,2008-08-31,2008,8,0
AGO,2008-09-30,2008,9,0
AGO,2008-10-31,2008,10,0
AGO,2008-11-30,2008,11,0
AGO,2008-12-31,2008,12,0
AGO,2009-01-31,2009,1,0
AGO,2009-02-28,2009,2,0
AGO,2009-03-31,2009,3,0
AGO,2009-04-30,2009,4,0
AGO,2009-05-31,2009,5,0
AGO,2009-06-30,2009,6,0
AGO,2009-07-31,2009,7,0
AGO,2009-08-31,2009,8,0
AGO,2009-09-30,2009,9,0
AGO,2009-10-31,2009,10,0
AGO,2009-11-30,2009,11,0
AGO,2009-12-31,2009,12,0
AGO,2010-01-31,2010,1,0
AGO,2010-02-28,2010,2,0
AGO,2010-03-31,2010,3,0
AGO,2010-04-30,2010,4,0
AGO,2010-05-31,2010,5,0
AGO,2010-06-30,2010,6,0
AGO,2010-07-31,2010,7,0
AGO,2010-08-31,2010,8,0
AGO,2010-09-30,2010,9,0
AGO,2010-10-31,2010,10,0
AGO,2010-11-30,2010,11,0
AGO,2010-12-31,2010,12,0
AGO,2011-01-31,2011,1,0
AGO,2011-02-28,2011,2,0
AGO,2011-03-31,2011,3,0
AGO,2011-04-30,2011,4,0
AGO,2011-05-31,2011,5,0
AGO,2011-06-30,2011,6,0
AGO,2011-07-31,2011,7,0
AGO,2011-08-31,2011,8,0
AGO,2011-09-30,2011,9,0
AGO,2011-10-31,2011,10,0
AGO,2011-11-30,2011,11,0
AGO,2011-12-31,2011,12,0
AGO,2012-01-31,2012,1,0
AGO,2012-02-29,2012,2,0
AGO,2012-03-31,2012,3,0
AGO,2012-04-30,2012,4,0
AGO,2012-05-31,2012,5,0
AGO,2012-06-30,2012,6,0
AGO,2012-07-31,2012,7,0
AGO,2012-08-31,2012,8,0
AGO,2012-09-30,2012,9,0
AGO,2012-10-31,2012,10,0
AGO,2012-11-30,2012,11,0
AGO,2012-12-31,2012,12,0
AGO,2013-01-31,2013,1,0
AGO,2013-02-28,2013,2,0
AGO,2013-03-31,2013,3,0
AGO,2013-04-30,2013,4,0
AGO,2013-05-31,2013,5,0
AGO,2013-06-30,2013,6,0
AGO,2013-07-31,2013,7,0
AGO,2013-08-31,2013,8,0
AGO,2013-09-30,2013,9,0
AGO,2013-10-31,2013,10,0
AGO,2013-11-30,2013,11,0
AGO,2013-12-31,2013,12,0
AGO,2014-01-31,2014,1,1
AGO,2014-02-28,2014,2,1
AGO,2014-03-31,2014,3,1
AGO,2014-04-30,2014,4,1
AGO,2014-05-31,2014,5,1
AGO,2014-06-30,2014,6,1
AGO,2014-07-31,2014,7,1
AGO,2014-08-31,2014,8,1
AGO,2014-09-30,2014,9,1
AGO,2014-10-31,2014,10,1
AGO,2014-11-30,2014,11,1
AGO,2014-12-31,2014,12,1
AGO,2015-01-31,2015,1,0
AGO,2015-02-28,2015,2,0
AGO,2015-03-31,2015,3,0
AGO,2015-04-30,2015,4,0
AGO,2015-05-31,2015,5,0
AGO,2015-06-30,2015,6,0
AGO,2015-07-31,2015,7,0
AGO,2015-08-31,2015,8,0
AGO,2015-09-30,2015,9,0
AGO,2015-10-31,2015,10,0
AGO,2015-11-30,2015,11,0
AGO,2015-12-31,2015,12,0
AGO,2016-01-31,2016,1,0
AGO,2016-02-29,2016,2,0
AGO,2016-03-31,2016,3,0
AGO,2016-04-30,2016,4,0
AGO,2016-05-31,2016,5,0
AGO,2016-06-30,2016,6,0
AGO,2016-07-31,2016,7,0
AGO,2016-08-31,2016,8,0
AGO,2016-09-30,2016,9,0
AGO,2016-10-31,2016,10,0
AGO,2016-11-30,2016,11,0
AGO,2016-12-31,2016,12,0
ALB,1992-01-31,1992,1,0
ALB,1992-02-29,1992,2,0
ALB,1992-03-31,1992,3,0
ALB,1992-04-30,1992,4,0
ALB,1992-05-31,1992,5,0
ALB,1992-06-30,1992,6,0
ALB,1992-07-31,1992,7,0
ALB,1992-08-31,1992,8,0
ALB,1992-09-30,1992,9,0
ALB,1992-10-31,1992,10,0
ALB,1992-11-30,1992,11,0
ALB,1992-12-31,1992,12,0
ALB,1993-01-31,1993,1,0
ALB,1993-02-28,1993,2,0
ALB,1993-03-31,1993,3,0
ALB,1993-04-30,1993,4,0
ALB,1993-05-31,1993,5,0
ALB,1993-06-30,1993,6,0
ALB,1993-07-31,1993,7,0
ALB,1993-08-31,1993,8,0
ALB,1993-09-30,1993,9,0
ALB,1993-10-31,1993,10,0
ALB,1993-11-30,1993,11,0
ALB,1993-12-31,1993,12,0
ALB,1994-01-31,1994,1,0
ALB,1994-02-28,1994,2,0
ALB,1994-03-31,1994,3,0
ALB,1994-04-30,1994,4,0
ALB,1994-05-31,1994,5,0
ALB,1994-06-30,1994,6,0
ALB,1994-07-31,1994,7,0
ALB,1994-08-31,1994,8,0
ALB,1994-09-30,1994,9,0
ALB,1994-10-31,1994,10,0
ALB,1994-11-30,1994,11,0
ALB,1994-12-31,1994,12,0
ALB,1995-01-31,1995,1,0
ALB,1995-02-28,1995,2,0
ALB,1995-03-31,1995,3,0
ALB,1995-04-30,1995,4,0
ALB,1995-05-31,1995,5,0
ALB,1995-06-30,1995,6,0
ALB,1995-07-31,1995,7,0
ALB,1995-08-31,1995,8,0
ALB,1995-09-30,1995,9,0
ALB,1995-10-31,1995,10,0
ALB,1995-11-30,1995,11,0
ALB,1995-12-31,1995,12,0
ALB,1996-01-31,1996,1,1
ALB,1996-02-29,1996,2,1
ALB,1996-03-31,1996,3,1
ALB,1996-04-30,1996,4,1
ALB,1996-05-31,1996,5,1
ALB,1996-06-30,1996,6,1
ALB,1996-07-31,1996,7,1
ALB,1996-08-31,1996,8,1
ALB,1996-09-30,1996,9,1
ALB,1996-10-31,1996,10,1
ALB,1996-11-30,1996,11,1
ALB,1996-12-31,1996,12,1
ALB,1997-01-31,1997,1,0
ALB,1997-02-28,1997,2,0
ALB,1997-03-31,1997,3,0
ALB,1997-04-30,1997,4,0
ALB,1997-05-31,1997,5,0
ALB,1997-06-30,1997,6,0
ALB,1997-07-31,1997,7,0
ALB,1997-08-31,1997,8,0
ALB,1997-09-30,1997,9,0
ALB,1997-10-31,1997,10,0
ALB,1997-11-30,1997,11,0
ALB,1997-12-31,1997,12,0
ALB,1998-01-31,1998,1,0
ALB,1998-02-28,1998,2,0
ALB,1998-03-31,1998,3,0
ALB,1998-04-30,1998,4,0
ALB,1998-05-31,1998,5,0
ALB,1998-06-30,1998,6,0
ALB,1998-07-31,1998,7,0
ALB,1998-08-31,1998,8,0
ALB,1998-09-30,1998,9,0
ALB,1998-10-31,1998,10,0
ALB,1998-11-30,1998,11,0
ALB,1998-12-31,1998,12,0
ALB,1999-01-31,1999,1,0
ALB,1999-02-28,1999,2,0
ALB,1999-03-31,1999,3,0
ALB,1999-04-30,1999,4,0
ALB,1999-05-31,1999,5,0
ALB,1999-06-30,1999,6,0
ALB,1999-07-31,1999,7,0
ALB,1999-08-31,1999,8,0
ALB,1999-09-30,1999,9,0
ALB,1999-10-31,1999,10,0
ALB,1999-11-30,1999,11,0
ALB,1999-12-31,1999,12,0
ALB,2000-01-31,2000,1,0
ALB,2000-02-29,2000,2,0
ALB,2000-03-31,2000,3,0
ALB,2000-04-30,2000,4,0
ALB,2000-05-31,2000,5,0
ALB,2000-06-30,2000,6,0
ALB,2000-07-31,2000,7,0
ALB,2000-08-31,2000,8,0
ALB,2000-09-30,2000,9,0
ALB,2000-10-31,2000,10,0
ALB,2000-11-30,2000,11,0
ALB,2000-12-31,2000,12,0
ALB,2001-01-31,2001,1,0
ALB,2001-02-28,2001,2,0
ALB,2001-03-31,2001,3,0
ALB,2001-04-30,2001,4,0
ALB,2001-05-31,2001,5,0
ALB,2001-06-30,2001,6,0
ALB,2001-07-31,2001,7,0
ALB,2001-08-31,2001,8,0
ALB,2001-09-30,2001,9,0
ALB,2001-10-31,2001,10,0
ALB,2001-11-30,2001,11,0
ALB,2001-12-31,2001,12,0
ALB,2002-01-31,2002,1,0
ALB,2002-02-28,2002,2,0
ALB,2002-03-31,2002,3,0
ALB,2002-04-30,2002,4,0
ALB,2002-05-31,2002,5,0
ALB,2002-06-30,2002,6,0
ALB,2002-07-31,2002,7,0
ALB,2002-08-31,2002,8,0
ALB,2002-09-30,2002,9,0
ALB,2002-10-31,2002,10,0
ALB,2002-11-30,2002,11,0
ALB,2002-12-31,2002,12,0
ALB,2003-01-31,2003,1,0
ALB,2003-02-28,2003,2,0
ALB,2003-03-31,2003,3,0
ALB,2003-04-30,2003,4,0
ALB,2003-05-31,2003,5,0
ALB,2003-06-30,2003,6,0
ALB,2003-07-31,2003,7,0
ALB,2003-08-31,2003,8,0
ALB,2003-09-30,2003,9,0
ALB,2003-10-31,2003,10,0
ALB,2003-11-30,2003,11,0
ALB,2003-12-31,2003,12,0
ALB,2004-01-31,2004,1,0
ALB,2004-02-29,2004,2,0
ALB,2004-03-31,2004,3,0
ALB,2004-04-30,2004,4,0
ALB,2004-05-31,2004,5,0
ALB,2004-06-30,2004,6,0
ALB,2004-07-31,2004,7,0
ALB,2004-08-31,2004,8,0
ALB,2004-09-30,2004,9,0
ALB,2004-10-31,2004,10,0
ALB,2004-11-30,2004,11,0
ALB,2004-12-31,2004,12,0
ALB,2005-01-31,2005,1,0
ALB,2005-02-28,2005,2,0
ALB,2005-03-31,2005,3,0
ALB,2005-04-30,2005,4,0
ALB,2005-05-31,2005,5,0
ALB,2005-06-30,2005,6,0
ALB,2005-07-31,2005,7,0
ALB,2005-08-31,2005,8,0
ALB,2005-09-30,2005,9,0
ALB,2005-10-31,2005,10,0
ALB,2005-11-30,2005,11,0
ALB,2005-12-31,2005,12,0
ALB,2006-01-31,2006,1,0
ALB,2006-02-28,2006,2,0
ALB,2006-03-31,2006,3,0
ALB,2006-04-30,2006,4,0
ALB,2006-05-31,2006,5,0
ALB,2006-06-30,2006,6,0
ALB,2006-07-31,2006,7,0
ALB,2006-08-31,2006,8,0
ALB,2006-09-30,2006,9,0
ALB,2006-10-31,2006,10,0
ALB,2006-11-30,2006,11,0
ALB,2006-12-31,2006,12,0
ALB,2007-01-31,2007,1,0
ALB,2007-02-28,2007,2,0
ALB,2007-03-31,2007,3,0
ALB,2007-04-30,2007,4,0
ALB,2007-05-31,2007,5,0
ALB,2007-06-30,2007,6,0
ALB,2007-07-31,2007,7,0
ALB,2007-08-31,2007,8,0
ALB,2007-09-30,2007,9,0
ALB,2007-10-31,2007,10,0
ALB,2007-11-30,2007,11,0
ALB,2007-12-31,2007,12,0
ALB,2008-01-31,2008,1,0
ALB,2008-02-29,2008,2,0
ALB,2008-03-31,2008,3,0
ALB,2008-04-30,2008,4,0
ALB,2008-05-31,2008,5,0
ALB,2008-06-30,2008,6,0
ALB,2008-07-31,2008,7,0
ALB,2008-08-31,2008,8,0
ALB,2008-09-30,2008,9,0
ALB,2008-10-31,2008,10,0
ALB,2008-11-30,2008,11,0
ALB,2008-12-31,2008,12,0
ALB,2009-01-31,2009,1,0
ALB,2009-02-28,2009,2,0
ALB,2009-03-31,2009,3,0
ALB,2009-04-30,2009,4,0
ALB,2009-05-31,2009,5,0
ALB,2009-06-30,2009,6,0
ALB,2009-07-31,2009,7,0
ALB,2009-08-31,2009,8,0
ALB,2009-09-30,2009,9,0
ALB,2009-10-31,2009,10,0
ALB,2009-11-30,2009,11,0
ALB,2009-12-31,2009,12,0
ALB,2010-01-31,2010,1,0
ALB,2010-02-28,2010,2,0
ALB,2010-03-31,2010,3,0
ALB,2010-04-30,2010,4,0
ALB,2010-05-31,2010,5,0
ALB,2010-06-30,2010,6,0
ALB,2010-07-31,2010,7,0
ALB,2010-08-31,2010,8,0
ALB,2010-09-30,2010,9,0
ALB,2010-10-31,2010,10,0
ALB,2010-11-30,2010,11,0
ALB,2010-12-31,2010,12,0
ALB,2011-01-31,2011,1,0
ALB,2011-02-28,2011,2,0
ALB,2011-03-31,2011,3,0
ALB,2011-04-30,2011,4,0
ALB,2011-05-31,2011,5,0
ALB,2011-06-30,2011,6,0
ALB,2011-07-31,2011,7,0
ALB,2011-08-31,2011,8,0
ALB,2011-09-30,2011,9,0
ALB,2011-10-31,2011,10,0
ALB,2011-11-30,2011,11,0
ALB,2011-12-31,2011,12,0
ALB,2012-01-31,2012,1,0
ALB,2012-02-29,2012,2,0
ALB,2012-03-31,2012,3,0
ALB,2012-04-30,2012,4,0
ALB,2012-05-31,2012,5,0
ALB,2012-06-30,2012,6,0
ALB,2012-07-31,2012,7,0
ALB,2012-08-31,2012,8,0
ALB,2012-09-30,2012,9,0
ALB,2012-10-31,2012,10,0
ALB,2012-11-30,2012,11,0
ALB,2012-12-31,2012,12,0
ALB,2013-01-31,2013,1,0
ALB,2013-02-28,2013,2,0
ALB,2013-03-31,2013,3,0
ALB,2013-04-30,2013,4,0
ALB,2013-05-31,2013,5,0
ALB,2013-06-30,2013,6,0
ALB,2013-07-31,2013,7,0
ALB,2013-08-31,2013,8,0
ALB,2013-09-30,2013,9,0
ALB,2013-10-31,2013,10,0
ALB,2013-11-30,2013,11,0
ALB,2013-12-31,2013,12,0
ALB,2014-01-31,2014,1,0
ALB,2014-02-28,2014,2,0
ALB,2014-03-31,2014,3,0
ALB,2014-04-30,2014,4,0
ALB,2014-05-31,2014,5,0
ALB,2014-06-30,2014,6,0
ALB,2014-07-31,2014,7,0
ALB,2014-08-31,2014,8,0
ALB,2014-09-30,2014,9,0
ALB,2014-10-31,2014,10,0
ALB,2014-11-30,2014,11,0
ALB,2014-12-31,2014,12,0
ALB,2015-01-31,2015,1,0
ALB,2015-02-28,2015,2,0
ALB,2015-03-31,2015,3,0
ALB,2015-04-30,2015,4,0
ALB,2015-05-31,2015,5,0
ALB,2015-06-30,2015,6,0
ALB,2015-07-31,2015,7,0
ALB,2015-08-31,2015,8,0
ALB,2015-09-30,2015,9,0
ALB,2015-10-31,2015,10,0
ALB,2015-11-30,2015,11,0
ALB,2015-12-31,2015,12,0
ALB,2016-01-31,2016,1,0
ALB,2016-02-29,2016,2,0
ALB,2016-03-31,2016,3,0
ALB,2016-04-30,2016,4,0
ALB,2016-05-31,2016,5,0
ALB,2016-06-30,2016,6,0
ALB,2016-07-31,2016,7,0
ALB,2016-08-31,2016,8,0
ALB,2016-09-30,2016,9,0
ALB,2016-10-31,2016,10,0
ALB,2016-11-30,2016,11,0
ALB,2016-12-31,2016,12,0
ARG,1990-01-31,1990,1,0
ARG,1990-02-28,1990,2,0
ARG,1990-03-31,1990,3,0
ARG,1990-04-30,1990,4,0
ARG,1990-05-31,1990,5,0
ARG,1990-06-30,1990,6,0
ARG,1990-07-31,1990,7,0
ARG,1990-08-31,1990,8,0
ARG,1990-09-30,1990,9,0
ARG,1990-10-31,1990,10,0
ARG,1990-11-30,1990,11,0
ARG,1990-12-31,1990,12,0
ARG,1991-01-31,1991,1,0
ARG,1991-02-28,1991,2,0
ARG,1991-03-31,1991,3,0
ARG,1991-04-30,1991,4,0
ARG,1991-05-31,1991,5,0
ARG,1991-06-30,1991,6,0
ARG,1991-07-31,1991,7,0
ARG,1991-08-31,1991,8,0
ARG,1991-09-30,1991,9,0
ARG,1991-10-31,1991,10,0
ARG,1991-11-30,1991,11,0
ARG,1991-12-31,1991,12,0
ARG,1992-01-31,1992,1,0
ARG,1992-02-29,1992,2,0
ARG,1992-03-31,1992,3,0
ARG,1992-04-30,1992,4,0
ARG,1992-05-31,1992,5,0
ARG,1992-06-30,1992,6,0
ARG,1992-07-31,1992,7,0
ARG,1992-08-31,1992,8,0
ARG,1992-09-30,1992,9,0
ARG,1992-10-31,1992,10,0
ARG,1992-11-30,1992,11,0
ARG,1992-12-31,1992,12,0
ARG,1993-01-31,1993,1,0
ARG,1993-02-28,1993,2,0
ARG,1993-03-31,1993,3,0
ARG,1993-04-30,1993,4,0
ARG,1993-05-31,1993,5,0
ARG,1993-06-30,1993,6,0
ARG,1993-07-31,1993,7,0
ARG,1993-08-31,1993,8,0
ARG,1993-09-30,1993,9,0
ARG,1993-10-31,1993,10,0
ARG,1993-11-30,1993,11,0
ARG,1993-12-31,1993,12,0
ARG,1994-01-31,1994,1,0
ARG,1994-02-28,1994,2,0
ARG,1994-03-31,1994,3,0
ARG,1994-04-30,1994,4,0
ARG,1994-05-31,1994,5,0
ARG,1994-06-30,1994,6,0
ARG,1994-07-31,1994,7,0
ARG,1994-08-31,1994,8,0
ARG,1994-09-30,1994,9,0
ARG,1994-10-31,1994,10,0
ARG,1994-11-30,1994,11,0
ARG,1994-12-31,1994,12,0
ARG,1995-01-31,1995,1,0
ARG,1995-02-28,1995,2,0
ARG,1995-03-31,1995,3,0
ARG,1995-04-30,1995,4,0
ARG,1995-05-31,1995,5,0
ARG,1995-06-30,1995,6,0
ARG,1995-07-31,1995,7,0
ARG,1995-08-31,1995,8,0
ARG,1995-09-30,1995,9,0
ARG,1995-10-31,1995,10,0
ARG,1995-11-30,1995,11,0
ARG,1995-12-31,1995,12,0
ARG,1996-01-31,1996,1,0
ARG,1996-02-29,1996,2,0
ARG,1996-03-31,1996,3,0
ARG,1996-04-30,1996,4,0
ARG,1996-05-31,1996,5,0
ARG,1996-06-30,1996,6,0
ARG,1996-07-31,1996,7,0
ARG,1996-08-31,1996,8,0
ARG,1996-09-30,1996,9,0
ARG,1996-10-31,1996,10,0
ARG,1996-11-30,1996,11,0
ARG,1996-12-31,1996,12,0
ARG,1997-01-31,1997,1,0
ARG,1997-02-28,1997,2,0
ARG,1997-03-31,1997,3,0
ARG,1997-04-30,1997,4,0
ARG,1997-05-31,1997,5,0
ARG,1997-06-30,1997,6,0
ARG,1997-07-31,1997,7,0
ARG,1997-08-31,1997,8,0
ARG,1997-09-30,1997,9,0
ARG,1997-10-31,1997,10,0
ARG,1997-11-30,1997,11,0
ARG,1997-12-31,1997,12,0
ARG,1998-01-31,1998,1,0
ARG,1998-02-28,1998,2,0
ARG,1998-03-31,1998,3,0
ARG,1998-04-30,1998,4,0
ARG,1998-05-31,1998,5,0
ARG,1998-06-30,1998,6,0
ARG,1998-07-31,1998,7,0
ARG,1998-08-31,1998,8,0
ARG,1998-09-30,1998,9,0
ARG,1998-10-31,1998,10,0
ARG,1998-11-30,1998,11,0
ARG,1998-12-31,1998,12,0
ARG,1999-01-31,1999,1,0
ARG,1999-02-28,1999,2,0
ARG,1999-03-31,1999,3,0
ARG,1999-04-30,1999,4,0
ARG,1999-05-31,1999,5,0
ARG,1999-06-30,1999,6,0
ARG,1999-07-31,1999,7,0
ARG,1999-08-31,1999,8,0
ARG,1999-09-30,1999,9,0
ARG,1999-10-31,1999,10,0
ARG,1999-11-30,1999,11,0
ARG,1999-12-31,1999,12,0
ARG,2000-01-31,2000,1,0
ARG,2000-02-29,2000,2,0
ARG,2000-03-31,2000,3,0
ARG,2000-04-30,2000,4,0
ARG,2000-05-31,2000,5,0
ARG,2000-06-30,2000,6,0
ARG,2000-07-31,2000,7,0
ARG,2000-08-31,2000,8,0
ARG,2000-09-30,2000,9,0
ARG,2000-10-31,2000,10,0
ARG,2000-11-30,2000,11,0
ARG,2000-12-31,2000,12,0
ARG,2001-01-31,2001,1,1
ARG,2001-02-28,2001,2,1
ARG,2001-03-31,2001,3,1
ARG,2001-04-30,2001,4,1
ARG,2001-05-31,2001,5,1
ARG,2001-06-30,2001,6,1
ARG,2001-07-31,2001,7,1
ARG,2001-08-31,2001,8,1
ARG,2001-09-30,2001,9,1
ARG,2001-10-31,2001,10,1
ARG,2001-11-30,2001,11,1
ARG,2001-12-31,2001,12,1
ARG,2002-01-31,2002,1,0
ARG,2002-02-28,2002,2,0
ARG,2002-03-31,2002,3,0
ARG,2002-04-30,2002,4,0
ARG,2002-05-31,2002,5,0
ARG,2002-06-30,2002,6,0
ARG,2002-07-31,2002,7,0
ARG,2002-08-31,2002,8,0
ARG,2002-09-30,2002,9,0
ARG,2002-10-31,2002,10,0
ARG,2002-11-30,2002,11,0
ARG,2002-12-31,2002,12,0
ARG,2003-01-31,2003,1,0
ARG,2003-02-28,2003,2,0
ARG,2003-03-31,2003,3,0
ARG,2003-04-30,2003,4,0
ARG,2003-05-31,2003,5,0
ARG,2003-06-30,2003,6,0
ARG,2003-07-31,2003,7,0
ARG,2003-08-31,2003,8,0
ARG,2003-09-30,2003,9,0
ARG,2003-10-31,2003,10,0
ARG,2003-11-30,2003,11,0
ARG,2003-12-31,2003,12,0
ARG,2004-01-31,2004,1,0
ARG,2004-02-29,2004,2,0
ARG,2004-03-31,2004,3,0
ARG,2004-04-30,2004,4,0
ARG,2004-05-31,2004,5,0
ARG,2004-06-30,2004,6,0
ARG,2004-07-31,2004,7,0
ARG,2004-08-31,2004,8,0
ARG,2004-09-30,2004,9,0
ARG,2004-10-31,2004,10,0
ARG,2004-11-30,2004,11,0
ARG,2004-12-31,2004,12,0
ARG,2005-01-31,2005,1,0
ARG,2005-02-28,2005,2,0
ARG,2005-03-31,2005,3,0
ARG,2005-04-30,2005,4,0
ARG,2005-05-31,2005,5,0
ARG,2005-06-30,2005,6,0
ARG,2005-07-31,2005,7,0
ARG,2005-08-31,2005,8,0
ARG,2005-09-30,2005,9,0
ARG,2005-10-31,2005,10,0
ARG,2005-11-30,2005,11,0
ARG,2005-12-31,2005,12,0
ARG,2006-01-31,2006,1,0
ARG,2006-02-28,2006,2,0
ARG,2006-03-31,2006,3,0
ARG,2006-04-30,2006,4,0
ARG,2006-05-31,2006,5,0
ARG,2006-06-30,2006,6,0
ARG,2006-07-31,2006,7,0
ARG,2006-08-31,2006,8,0
ARG,2006-09-30,2006,9,0
ARG,2006-10-31,2006,10,0
ARG,2006-11-30,2006,11,0
ARG,2006-12-31,2006,12,0
ARG,2007-01-31,2007,1,0
ARG,2007-02-28,2007,2,0
ARG,2007-03-31,2007,3,0
ARG,2007-04-30,2007,4,0
ARG,2007-05-31,2007,5,0
ARG,2007-06-30,2007,6,0
ARG,2007-07-31,2007,7,0
ARG,2007-08-31,2007,8,0
ARG,2007-09-30,2007,9,0
ARG,2007-10-31,2007,10,0
ARG,2007-11-30,2007,11,0
ARG,2007-12-31,2007,12,0
ARG,2008-01-31,2008,1,0
ARG,2008-02-29,2008,2,0
ARG,2008-03-31,2008,3,0
ARG,2008-04-30,2008,4,0
ARG,2008-05-31,2008,5,0
ARG,2008-06-30,2008,6,0
ARG,2008-07-31,2008,7,0
ARG,2008-08-31,2008,8,0
ARG,2008-09-30,2008,9,0
ARG,2008-10-31,2008,10,0
ARG,2008-11-30,2008,11,0
ARG,2008-12-31,2008,12,0
ARG,2009-01-31,2009,1,0
ARG,2009-02-28,2009,2,0
ARG,2009-03-31,2009,3,0
ARG,2009-04-30,2009,4,0
ARG,2009-05-31,2009,5,0
ARG,2009-06-30,2009,6,0
ARG,2009-07-31,2009,7,0
ARG,2009-08-31,2009,8,0
ARG,2009-09-30,2009,9,0
ARG,2009-10-31,2009,10,0
ARG,2009-11-30,2009,11,0
ARG,2009-12-31,2009,12,0
ARG,2010-01-31,2010,1,0
ARG,2010-02-28,2010,2,0
ARG,2010-03-31,2010,3,0
ARG,2010-04-30,2010,4,0
ARG,2010-05-31,2010,5,0
ARG,2010-06-30,2010,6,0
ARG,2010-07-31,2010,7,0
ARG,2010-08-31,2010,8,0
ARG,2010-09-30,2010,9,0
ARG,2010-10-31,2010,10,0
ARG,2010-11-30,2010,11,0
ARG,2010-12-31,2010,12,0
ARG,2011-01-31,2011,1,0
ARG,2011-02-28,2011,2,0
ARG,2011-03-31,2011,3,0
ARG,2011-04-30,2011,4,0
ARG,2011-05-31,2011,5,0
ARG,2011-06-30,2011,6,0
ARG,2011-07-31,2011,7,0
ARG,2011-08-31,2011,8,0
ARG,2011-09-30,2011,9,0
ARG,2011-10-31,2011,10,0
ARG,2011-11-30,2011,11,0
ARG,2011-12-31,2011,12,0
ARG,2012-01-31,2012,1,1
ARG,2012-02-29,2012,2,1
ARG,2012-03-31,2012,3,1
ARG,2012-04-30,2012,4,1
ARG,2012-05-31,2012,5,1
ARG,2012-06-30,2012,6,1
ARG,2012-07-31,2012,7,1
ARG,2012-08-31,2012,8,1
ARG,2012-09-30,2012,9,1
ARG,2012-10-31,2012,10,1
ARG,2012-11-30,2012,11,1
ARG,2012-12-31,2012,12,1
ARG,2013-01-31,2013,1,0
ARG,2013-02-28,2013,2,0
ARG,2013-03-31,2013,3,0
ARG,2013-04-30,2013,4,0
ARG,2013-05-31,2013,5,0
ARG,2013-06-30,2013,6,0
ARG,2013-07-31,2013,7,0
ARG,2013-08-31,2013,8,0
ARG,2013-09-30,2013,9,0
ARG,2013-10-31,2013,10,0
ARG,2013-11-30,2013,11,0
ARG,2013-12-31,2013,12,0
ARG,2014-01-31,2014,1,0
ARG,2014-02-28,2014,2,0
ARG,2014-03-31,2014,3,0
ARG,2014-04-30,2014,4,0
ARG,2014-05-31,2014,5,0
ARG,2014-06-30,2014,6,0
ARG,2014-07-31,2014,7,0
ARG,2014-08-31,2014,8,0
ARG,2014-09-30,2014,9,0
ARG,2014-10-31,2014,10,0
ARG,2014-11-30,2014,11,0
ARG,2014-12-31,2014,12,0
ARG,2015-01-31,2015,1,0
ARG,2015-02-28,2015,2,0
ARG,2015-03-31,2015,3,0
ARG,2015-04-30,2015,4,0
ARG,2015-05-31,2015,5,0
ARG,2015-06-30,2015,6,0
ARG,2015-07-31,2015,7,0
ARG,2015-08-31,2015,8,0
ARG,2015-09-30,2015,9,0
ARG,2015-10-31,2015,10,0
ARG,2015-11-30,2015,11,0
ARG,2015-12-31,2015,12,0
ARG,2016-01-31,2016,1,0
ARG,2016-02-29,2016,2,0
ARG,2016-03-31,2016,3,0
ARG,2016-04-30,2016,4,0
ARG,2016-05-31,2016,5,0
ARG,2016-06-30,2016,6,0
ARG,2016-07-31,2016,7,0
ARG,2016-08-31,2016,8,0
ARG,2016-09-30,2016,9,0
ARG,2016-10-31,2016,10,0
ARG,2016-11-30,2016,11,0
ARG,2016-12-31,2016,12,0
AZE,1992-12-31,1992,12,0
AZE,1993-03-31,1993,3,0
AZE,1993-06-30,1993,6,0
AZE,1993-09-30,1993,9,0
AZE,1993-12-31,1993,12,0
AZE,1994-03-31,1994,3,0
AZE,1994-06-30,1994,6,0
AZE,1994-09-30,1994,9,0
AZE,1994-12-31,1994,12,0
AZE,1995-01-31,1995,1,0
AZE,1995-02-28,1995,2,0
AZE,1995-03-31,1995,3,0
AZE,1995-04-30,1995,4,0
AZE,1995-05-31,1995,5,0
AZE,1995-06-30,1995,6,0
AZE,1995-07-31,1995,7,0
AZE,1995-08-31,1995,8,0
AZE,1995-09-30,1995,9,0
AZE,1995-10-31,1995,10,0
AZE,1995-11-30,1995,11,0
AZE,1995-12-31,1995,12,0
AZE,1996-01-31,1996,1,0
AZE,1996-02-29,1996,2,0
AZE,1996-03-31,1996,3,0
AZE,1996-04-30,1996,4,0
AZE,1996-05-31,1996,5,0
AZE,1996-06-30,1996,6,0
AZE,1996-07-31,1996,7,0
AZE,1996-08-31,1996,8,0
AZE,1996-09-30,1996,9,0
AZE,1996-10-31,1996,10,0
AZE,1996-11-30,1996,11,0
AZE,1996-12-31,1996,12,0
AZE,1997-01-31,1997,1,0
AZE,1997-02-28,1997,2,0
AZE,1997-03-31,1997,3,0
AZE,1997-04-30,1997,4,0
AZE,1997-05-31,1997,5,0
AZE,1997-06-30,1997,6,0
AZE,1997-07-31,1997,7,0
AZE,1997-08-31,1997,8,0
AZE,1997-09-30,1997,9,0
AZE,1997-10-31,1997,10,0
AZE,1997-11-30,1997,11,0
AZE,1997-12-31,1997,12,0
AZE,1998-01-31,1998,1,0
AZE,1998-02-28,1998,2,0
AZE,1998-03-31,1998,3,0
AZE,1998-04-30,1998,4,0
AZE,1998-05-31,1998,5,0
AZE,1998-06-30,1998,6,0
AZE,1998-07-31,1998,7,0
AZE,1998-08-31,1998,8,0
AZE,1998-09-30,1998,9,0
AZE,1998-10-31,1998,10,0
AZE,1998-11-30,1998,11,0
AZE,1998-12-31,1998,12,0
AZE,1999-01-31,1999,1,0
AZE,1999-02-28,1999,2,0
AZE,1999-03-31,1999,3,0
AZE,1999-04-30,1999,4,0
AZE,1999-05-31,1999,5,0
AZE,1999-06-30,1999,6,0
AZE,1999-07-31,1999,7,0
AZE,1999-08-31,1999,8,0
AZE,1999-09-30,1999,9,0
AZE,1999-10-31,1999,10,0
AZE,1999-11-30,1999,11,0
AZE,1999-12-31,1999,12,0
AZE,2000-01-31,2000,1,0
AZE,2000-02-29,2000,2,0
AZE,2000-03-31,2000,3,0
AZE,2000-04-30,2000,4,0
AZE,2000-05-31,2000,5,0
AZE,2000-06-30,2000,6,0
AZE,2000-07-31,2000,7,0
AZE,2000-08-31,2000,8,0
AZE,2000-09-30,2000,9,0
AZE,2000-10-31,2000,10,0
AZE,2000-11-30,2000,11,0
AZE,2000-12-31,2000,12,0
AZE,2001-01-31,2001,1,0
AZE,2001-02-28,2001,2,0
AZE,2001-03-31,2001,3,0
AZE,2001-04-30,2001,4,0
AZE,2001-05-31,2001,5,0
AZE,2001-06-30,2001,6,0
AZE,2001-07-31,2001,7,0
AZE,2001-08-31,2001,8,0
AZE,2001-09-30,2001,9,0
AZE,2001-10-31,2001,10,0
AZE,2001-11-30,2001,11,0
AZE,2001-12-31,2001,12,0
AZE,2002-01-31,2002,1,0
AZE,2002-02-28,2002,2,0
AZE,2002-03-31,2002,3,0
AZE,2002-04-30,2002,4,0
AZE,2002-05-31,2002,5,0
AZE,2002-06-30,2002,6,0
AZE,2002-07-31,2002,7,0
AZE,2002-08-31,2002,8,0
AZE,2002-09-30,2002,9,0
AZE,2002-10-31,2002,10,0
AZE,2002-11-30,2002,11,0
AZE,2002-12-31,2002,12,0
AZE,2003-01-31,2003,1,0
AZE,2003-02-28,2003,2,0
AZE,2003-03-31,2003,3,0
AZE,2003-04-30,2003,4,0
AZE,2003-05-31,2003,5,0
AZE,2003-06-30,2003,6,0
AZE,2003-07-31,2003,7,0
AZE,2003-08-31,2003,8,0
AZE,2003-09-30,2003,9,0
AZE,2003-10-31,2003,10,0
AZE,2003-11-30,2003,11,0
AZE,2003-12-31,2003,12,0
AZE,2004-01-31,2004,1,0
AZE,2004-02-29,2004,2,0
AZE,2004-03-31,2004,3,0
AZE,2004-04-30,2004,4,0
AZE,2004-05-31,2004,5,0
AZE,2004-06-30,2004,6,0
AZE,2004-07-31,2004,7,0
AZE,2004-08-31,2004,8,0
AZE,2004-09-30,2004,9,0
AZE,2004-10-31,2004,10,0
AZE,2004-11-30,2004,11,0
AZE,2004-12-31,2004,12,0
AZE,2005-01-31,2005,1,0
AZE,2005-02-28,2005,2,0
AZE,2005-03-31,2005,3,0
AZE,2005-04-30,2005,4,0
AZE,2005-05-31,2005,5,0
AZE,2005-06-30,2005,6,0
AZE,2005-07-31,2005,7,0
AZE,2005-08-31,2005,8,0
AZE,2005-09-30,2005,9,0
AZE,2005-10-31,2005,10,0
AZE,2005-11-30,2005,11,0
AZE,2005-12-31,2005,12,0
AZE,2006-01-31,2006,1,0
AZE,2006-02-28,2006,2,0
AZE,2006-03-31,2006,3,0
AZE,2006-04-30,2006,4,0
AZE,2006-05-31,2006,5,0
AZE,2006-06-30,2006,6,0
AZE,2006-07-31,2006,7,0
AZE,2006-08-31,2006,8,0
AZE,2006-09-30,2006,9,0
AZE,2006-10-31,2006,10,0
AZE,2006-11-30,2006,11,0
AZE,2006-12-31,2006,12,0
AZE,2007-01-31,2007,1,0
AZE,2007-02-28,2007,2,0
AZE,2007-03-31,2007,3,0
AZE,2007-04-30,2007,4,0
AZE,2007-05-31,2007,5,0
AZE,2007-06-30,2007,6,0
AZE,2007-07-31,2007,7,0
AZE,2007-08-31,2007,8,0
AZE,2007-09-30,2007,9,0
AZE,2007-10-31,2007,10,0
AZE,2007-11-30,2007,11,0
AZE,2007-12-31,2007,12,0
AZE,2008-01-31,2008,1,0
AZE,2008-02-29,2008,2,0
AZE,2008-03-31,2008,3,0
AZE,2008-04-30,2008,4,0
AZE,2008-05-31,2008,5,0
AZE,2008-06-30,2008,6,0
AZE,2008-07-31,2008,7,0
AZE,2008-08-31,2008,8,0
AZE,2008-09-30,2008,9,0
AZE,2008-10-31,2008,10,0
AZE,2008-11-30,2008,11,0
AZE,2008-12-31,2008,12,0
AZE,2009-01-31,2009,1,0
AZE,2009-02-28,2009,2,0
AZE,2009-03-31,2009,3,0
AZE,2009-04-30,2009,4,0
AZE,2009-05-31,2009,5,0
AZE,2009-06-30,2009,6,0
AZE,2009-07-31,2009,7,0
AZE,2009-08-31,2009,8,0
AZE,2009-09-30,2009,9,0
AZE,2009-10-31,2009,10,0
AZE,2009-11-30,2009,11,0
AZE,2009-12-31,2009,12,0
AZE,2010-01-31,2010,1,0
AZE,2010-02-28,2010,2,0
AZE,2010-03-31,2010,3,0
AZE,2010-04-30,2010,4,0
AZE,2010-05-31,2010,5,0
AZE,2010-06-30,2010,6,0
AZE,2010-07-31,2010,7,0
AZE,2010-08-31,2010,8,0
AZE,2010-09-30,2010,9,0
AZE,2010-10-31,2010,10,0
AZE,2010-11-30,2010,11,0
AZE,2010-12-31,2010,12,0
AZE,2011-01-31,2011,1,0
AZE,2011-02-28,2011,2,0
AZE,2011-03-31,2011,3,0
AZE,2011-04-30,2011,4,0
AZE,2011-05-31,2011,5,0
AZE,2011-06-30,2011,6,0
AZE,2011-07-31,2011,7,0
AZE,2011-08-31,2011,8,0
AZE,2011-09-30,2011,9,0
AZE,2011-10-31,2011,10,0
AZE,2011-11-30,2011,11,0
AZE,2011-12-31,2011,12,0
AZE,2012-01-31,2012,1,0
AZE,2012-02-29,2012,2,0
AZE,2012-03-31,2012,3,0
AZE,2012-04-30,2012,4,0
AZE,2012-05-31,2012,5,0
AZE,2012-06-30,2012,6,0
AZE,2012-07-31,2012,7,0
AZE,2012-08-31,2012,8,0
AZE,2012-09-30,2012,9,0
AZE,2012-10-31,2012,10,0
AZE,2012-11-30,2012,11,0
AZE,2012-12-31,2012,12,0
AZE,2013-01-31,2013,1,0
AZE,2013-02-28,2013,2,0
AZE,2013-03-31,2013,3,0
AZE,2013-04-30,2013,4,0
AZE,2013-05-31,2013,5,0
AZE,2013-06-30,2013,6,0
AZE,2013-07-31,2013,7,0
AZE,2013-08-31,2013,8,0
AZE,2013-09-30,2013,9,0
AZE,2013-10-31,2013,10,0
AZE,2013-11-30,2013,11,0
AZE,2013-12-31,2013,12,0
AZE,2014-01-31,2014,1,1
AZE,2014-02-28,2014,2,1
AZE,2014-03-31,2014,3,1
AZE,2014-04-30,2014,4,1
AZE,2014-05-31,2014,5,1
AZE,2014-06-30,2014,6,1
AZE,2014-07-31,2014,7,1
AZE,2014-08-31,2014,8,1
AZE,2014-09-30,2014,9,1
AZE,2014-10-31,2014,10,1
AZE,2014-11-30,2014,11,1
AZE,2014-12-31,2014,12,1
AZE,2015-01-31,2015,1,0
AZE,2015-02-28,2015,2,0
AZE,2015-03-31,2015,3,0
AZE,2015-04-30,2015,4,0
AZE,2015-05-31,2015,5,0
AZE,2015-06-30,2015,6,0
AZE,2015-07-31,2015,7,0
AZE,2015-08-31,2015,8,0
AZE,2015-09-30,2015,9,0
AZE,2015-10-31,2015,10,0
AZE,2015-11-30,2015,11,0
AZE,2015-12-31,2015,12,0
AZE,2016-01-31,2016,1,0
AZE,2016-02-29,2016,2,0
AZE,2016-03-31,2016,3,0
AZE,2016-04-30,2016,4,0
AZE,2016-05-31,2016,5,0
AZE,2016-06-30,2016,6,0
AZE,2016-07-31,2016,7,0
AZE,2016-08-31,2016,8,0
AZE,2016-09-30,2016,9,0
AZE,2016-10-31,2016,10,0
AZE,2016-11-30,2016,11,0
AZE,2016-12-31,2016,12,0
BEN,1990-01-31,1990,1,0
BEN,1990-02-28,1990,2,0
BEN,1990-03-31,1990,3,0
BEN,1990-04-30,1990,4,0
BEN,1990-05-31,1990,5,0
BEN,1990-06-30,1990,6,0
BEN,1990-07-31,1990,7,0
BEN,1990-08-31,1990,8,0
BEN,1990-09-30,1990,9,0
BEN,1990-10-31,1990,10,0
BEN,1990-11-30,1990,11,0
BEN,1990-12-31,1990,12,0
BEN,1991-01-31,1991,1,0
BEN,1991-02-28,1991,2,0
BEN,1991-03-31,1991,3,0
BEN,1991-04-30,1991,4,0
BEN,1991-05-31,1991,5,0
BEN,1991-06-30,1991,6,0
BEN,1991-07-31,1991,7,0
BEN,1991-08-31,1991,8,0
BEN,1991-09-30,1991,9,0
BEN,1991-10-31,1991,10,0
BEN,1991-11-30,1991,11,0
BEN,1991-12-31,1991,12,0
BEN,1992-01-31,1992,1,0
BEN,1992-02-29,1992,2,0
BEN,1992-03-31,1992,3,0
BEN,1992-04-30,1992,4,0
BEN,1992-05-31,1992,5,0
BEN,1992-06-30,1992,6,0
BEN,1992-07-31,1992,7,0
BEN,1992-08-31,1992,8,0
BEN,1992-09-30,1992,9,0
BEN,1992-10-31,1992,10,0
BEN,1992-11-30,1992,11,0
BEN,1992-12-31,1992,12,0
BEN,1993-01-31,1993,1,1
BEN,1993-02-28,1993,2,1
BEN,1993-03-31,1993,3,1
BEN,1993-04-30,1993,4,1
BEN,1993-05-31,1993,5,1
BEN,1993-06-30,1993,6,1
BEN,1993-07-31,1993,7,1
BEN,1993-08-31,1993,8,1
BEN,1993-09-30,1993,9,1
BEN,1993-10-31,1993,10,1
BEN,1993-11-30,1993,11,1
BEN,1993-12-31,1993,12,1
BEN,1994-01-31,1994,1,0
BEN,1994-02-28,1994,2,0
BEN,1994-03-31,1994,3,0
BEN,1994-04-30,1994,4,0
BEN,1994-05-31,1994,5,0
BEN,1994-06-30,1994,6,0
BEN,1994-07-31,1994,7,0
BEN,1994-08-31,1994,8,0
BEN,1994-09-30,1994,9,0
BEN,1994-10-31,1994,10,0
BEN,1994-11-30,1994,11,0
BEN,1994-12-31,1994,12,0
BEN,1995-01-31,1995,1,0
BEN,1995-02-28,1995,2,0
BEN,1995-03-31,1995,3,0
BEN,1995-04-30,1995,4,0
BEN,1995-05-31,1995,5,0
BEN,1995-06-30,1995,6,0
BEN,1995-07-31,1995,7,0
BEN,1995-08-31,1995,8,0
BEN,1995-09-30,1995,9,0
BEN,1995-10-31,1995,10,0
BEN,1995-11-30,1995,11,0
BEN,1995-12-31,1995,12,0
BEN,1996-01-31,1996,1,0
BEN,1996-02-29,1996,2,0
BEN,1996-03-31,1996,3,0
BEN,1996-04-30,1996,4,0
BEN,1996-05-31,1996,5,0
BEN,1996-06-30,1996,6,0
BEN,1996-07-31,1996,7,0
BEN,1996-08-31,1996,8,0
BEN,1996-09-30,1996,9,0
BEN,1996-10-31,1996,10,0
BEN,1996-11-30,1996,11,0
BEN,1996-12-31,1996,12,0
BEN,1997-01-31,1997,1,0
BEN,1997-02-28,1997,2,0
BEN,1997-03-31,1997,3,0
BEN,1997-04-30,1997,4,0
BEN,1997-05-31,1997,5,0
BEN,1997-06-30,1997,6,0
BEN,1997-07-31,1997,7,0
BEN,1997-08-31,1997,8,0
BEN,1997-09-30,1997,9,0
BEN,1997-10-31,1997,10,0
BEN,1997-11-30,1997,11,0
BEN,1997-12-31,1997,12,0
BEN,1998-01-31,1998,1,0
BEN,1998-02-28,1998,2,0
BEN,1998-03-31,1998,3,0
BEN,1998-04-30,1998,4,0
BEN,1998-05-31,1998,5,0
BEN,1998-06-30,1998,6,0
BEN,1998-07-31,1998,7,0
BEN,1998-08-31,1998,8,0
BEN,1998-09-30,1998,9,0
BEN,1998-10-31,1998,10,0
BEN,1998-11-30,1998,11,0
BEN,1998-12-31,1998,12,0
BEN,1999-01-31,1999,1,0
BEN,1999-02-28,1999,2,0
BEN,1999-03-31,1999,3,0
BEN,1999-04-30,1999,4,0
BEN,1999-05-31,1999,5,0
BEN,1999-06-30,1999,6,0
BEN,1999-07-31,1999,7,0
BEN,1999-08-31,1999,8,0
BEN,1999-09-30,1999,9,0
BEN,1999-10-31,1999,10,0
BEN,1999-11-30,1999,11,0
BEN,1999-12-31,1999,12,0
BEN,2000-01-31,2000,1,0
BEN,2000-02-29,2000,2,0
BEN,2000-03-31,2000,3,0
BEN,2000-04-30,2000,4,0
BEN,2000-05-31,2000,5,0
BEN,2000-06-30,2000,6,0
BEN,2000-07-31,2000,7,0
BEN,2000-08-31,2000,8,0
BEN,2000-09-30,2000,9,0
BEN,2000-10-31,2000,10,0
BEN,2000-11-30,2000,11,0
BEN,2000-12-31,2000,12,0
BEN,2001-01-31,2001,1,0
BEN,2001-02-28,2001,2,0
BEN,2001-03-31,2001,3,0
BEN,2001-04-30,2001,4,0
BEN,2001-05-31,2001,5,0
BEN,2001-06-30,2001,6,0
BEN,2001-07-31,2001,7,0
BEN,2001-08-31,2001,8,0
BEN,2001-09-30,2001,9,0
BEN,2001-10-31,2001,10,0
BEN,2001-11-30,2001,11,0
BEN,2001-12-31,2001,12,0
BEN,2002-01-31,2002,1,0
BEN,2002-02-28,2002,2,0
BEN,2002-03-31,2002,3,0
BEN,2002-04-30,2002,4,0
BEN,2002-05-31,2002,5,0
BEN,2002-06-30,2002,6,0
BEN,2002-07-31,2002,7,0
BEN,2002-08-31,2002,8,0
BEN,2002-09-30,2002,9,0
BEN,2002-10-31,2002,10,0
BEN,2002-11-30,2002,11,0
BEN,2002-12-31,2002,12,0
BEN,2003-01-31,2003,1,0
BEN,2003-02-28,2003,2,0
BEN,2003-03-31,2003,3,0
BEN,2003-04-30,2003,4,0
BEN,2003-05-31,2003,5,0
BEN,2003-06-30,2003,6,0
BEN,2003-07-31,2003,7,0
BEN,2003-08-31,2003,8,0
BEN,2003-09-30,2003,9,0
BEN,2003-10-31,2003,10,0
BEN,2003-11-30,2003,11,0
BEN,2003-12-31,2003,12,0
BEN,2004-01-31,2004,1,0
BEN,2004-02-29,2004,2,0
BEN,2004-03-31,2004,3,0
BEN,2004-04-30,2004,4,0
BEN,2004-05-31,2004,5,0
BEN,2004-06-30,2004,6,0
BEN,2004-07-31,2004,7,0
BEN,2004-08-31,2004,8,0
BEN,2004-09-30,2004,9,0
BEN,2004-10-31,2004,10,0
BEN,2004-11-30,2004,11,0
BEN,2004-12-31,2004,12,0
BEN,2005-01-31,2005,1,0
BEN,2005-02-28,2005,2,0
BEN,2005-03-31,2005,3,0
BEN,2005-04-30,2005,4,0
BEN,2005-05-31,2005,5,0
BEN,2005-06-30,2005,6,0
BEN,2005-07-31,2005,7,0
BEN,2005-08-31,2005,8,0
BEN,2005-09-30,2005,9,0
BEN,2005-10-31,2005,10,0
BEN,2005-11-30,2005,11,0
BEN,2005-12-31,2005,12,0
BEN,2006-01-31,2006,1,0
BEN,2006-02-28,2006,2,0
BEN,2006-03-31,2006,3,0
BEN,2006-04-30,2006,4,0
BEN,2006-05-31,2006,5,0
BEN,2006-06-30,2006,6,0
BEN,2006-07-31,2006,7,0
BEN,2006-08-31,2006,8,0
BEN,2006-09-30,2006,9,0
BEN,2006-10-31,2006,10,0
BEN,2006-11-30,2006,11,0
BEN,2006-12-31,2006,12,0
BEN,2007-01-31,2007,1,0
BEN,2007-02-28,2007,2,0
BEN,2007-03-31,2007,3,0
BEN,2007-04-30,2007,4,0
BEN,2007-05-31,2007,5,0
BEN,2007-06-30,2007,6,0
BEN,2007-07-31,2007,7,0
BEN,2007-08-31,2007,8,0
BEN,2007-09-30,2007,9,0
BEN,2007-10-31,2007,10,0
BEN,2007-11-30,2007,11,0
BEN,2007-12-31,2007,12,0
BEN,2008-01-31,2008,1,0
BEN,2008-02-29,2008,2,0
BEN,2008-03-31,2008,3,0
BEN,2008-04-30,2008,4,0
BEN,2008-05-31,2008,5,0
BEN,2008-06-30,2008,6,0
BEN,2008-07-31,2008,7,0
BEN,2008-08-31,2008,8,0
BEN,2008-09-30,2008,9,0
BEN,2008-10-31,2008,10,0
BEN,2008-11-30,2008,11,0
BEN,2008-12-31,2008,12,0
BEN,2009-01-31,2009,1,0
BEN,2009-02-28,2009,2,0
BEN,2009-03-31,2009,3,0
BEN,2009-04-30,2009,4,0
BEN,2009-05-31,2009,5,0
BEN,2009-06-30,2009,6,0
BEN,2009-07-31,2009,7,0
BEN,2009-08-31,2009,8,0
BEN,2009-09-30,2009,9,0
BEN,2009-10-31,2009,10,0
BEN,2009-11-30,2009,11,0
BEN,2009-12-31,2009,12,0
BEN,2010-01-31,2010,1,0
BEN,2010-02-28,2010,2,0
BEN,2010-03-31,2010,3,0
BEN,2010-04-30,2010,4,0
BEN,2010-05-31,2010,5,0
BEN,2010-06-30,2010,6,0
BEN,2010-07-31,2010,7,0
BEN,2010-08-31,2010,8,0
BEN,2010-09-30,2010,9,0
BEN,2010-10-31,2010,10,0
BEN,2010-11-30,2010,11,0
BEN,2010-12-31,2010,12,0
BEN,2011-01-31,2011,1,0
BEN,2011-02-28,2011,2,0
BEN,2011-03-31,2011,3,0
BEN,2011-04-30,2011,4,0
BEN,2011-05-31,2011,5,0
BEN,2011-06-30,2011,6,0
BEN,2011-07-31,2011,7,0
BEN,2011-08-31,2011,8,0
BEN,2011-09-30,2011,9,0
BEN,2011-10-31,2011,10,0
BEN,2011-11-30,2011,11,0
BEN,2011-12-31,2011,12,0
BEN,2012-01-31,2012,1,0
BEN,2012-02-29,2012,2,0
BEN,2012-03-31,2012,3,0
BEN,2012-04-30,2012,4,0
BEN,2012-05-31,2012,5,0
BEN,2012-06-30,2012,6,0
BEN,2012-07-31,2012,7,0
BEN,2012-08-31,2012,8,0
BEN,2012-09-30,2012,9,0
BEN,2012-10-31,2012,10,0
BEN,2012-11-30,2012,11,0
BEN,2012-12-31,2012,12,0
BEN,2013-01-31,2013,1,0
BEN,2013-02-28,2013,2,0
BEN,2013-03-31,2013,3,0
BEN,2013-04-30,2013,4,0
BEN,2013-05-31,2013,5,0
BEN,2013-06-30,2013,6,0
BEN,2013-07-31,2013,7,0
BEN,2013-08-31,2013,8,0
BEN,2013-09-30,2013,9,0
BEN,2013-10-31,2013,10,0
BEN,2013-11-30,2013,11,0
BEN,2013-12-31,2013,12,0
BEN,2014-01-31,2014,1,0
BEN,2014-02-28,2014,2,0
BEN,2014-03-31,2014,3,0
BEN,2014-04-30,2014,4,0
BEN,2014-05-31,2014,5,0
BEN,2014-06-30,2014,6,0
BEN,2014-07-31,2014,7,0
BEN,2014-08-31,2014,8,0
BEN,2014-09-30,2014,9,0
BEN,2014-10-31,2014,10,0
BEN,2014-11-30,2014,11,0
BEN,2014-12-31,2014,12,0
BEN,2015-01-31,2015,1,0
BEN,2015-02-28,2015,2,0
BEN,2015-03-31,2015,3,0
BEN,2015-04-30,2015,4,0
BEN,2015-05-31,2015,5,0
BEN,2015-06-30,2015,6,0
BEN,2015-07-31,2015,7,0
BEN,2015-08-31,2015,8,0
BEN,2015-09-30,2015,9,0
BEN,2015-10-31,2015,10,0
BEN,2015-11-30,2015,11,0
BEN,2015-12-31,2015,12,0
BEN,2016-01-31,2016,1,0
BEN,2016-02-29,2016,2,0
BEN,2016-03-31,2016,3,0
BEN,2016-04-30,2016,4,0
BEN,2016-05-31,2016,5,0
BEN,2016-06-30,2016,6,0
BEN,2016-07-31,2016,7,0
BEN,2016-08-31,2016,8,0
BEN,2016-09-30,2016,9,0
BEN,2016-10-31,2016,10,0
BEN,2016-11-30,2016,11,0
BEN,2016-12-31,2016,12,0
BFA,1990-01-31,1990,1,0
BFA,1990-02-28,1990,2,0
BFA,1990-03-31,1990,3,0
BFA,1990-04-30,1990,4,0
BFA,1990-05-31,1990,5,0
BFA,1990-06-30,1990,6,0
BFA,1990-07-31,1990,7,0
BFA,1990-08-31,1990,8,0
BFA,1990-09-30,1990,9,0
BFA,1990-10-31,1990,10,0
BFA,1990-11-30,1990,11,0
BFA,1990-12-31,1990,12,0
BFA,1991-01-31,1991,1,0
BFA,1991-02-28,1991,2,0
BFA,1991-03-31,1991,3,0
BFA,1991-04-30,1991,4,0
BFA,1991-05-31,1991,5,0
BFA,1991-06-30,1991,6,0
BFA,1991-07-31,1991,7,0
BFA,1991-08-31,1991,8,0
BFA,1991-09-30,1991,9,0
BFA,1991-10-31,1991,10,0
BFA,1991-11-30,1991,11,0
BFA,1991-12-31,1991,12,0
BFA,1992-01-31,1992,1,0
BFA,1992-02-29,1992,2,0
BFA,1992-03-31,1992,3,0
BFA,1992-04-30,1992,4,0
BFA,1992-05-31,1992,5,0
BFA,1992-06-30,1992,6,0
BFA,1992-07-31,1992,7,0
BFA,1992-08-31,1992,8,0
BFA,1992-09-30,1992,9,0
BFA,1992-10-31,1992,10,0
BFA,1992-11-30,1992,11,0
BFA,1992-12-31,1992,12,0
BFA,1993-01-31,1993,1,1
BFA,1993-02-28,1993,2,1
BFA,1993-03-31,1993,3,1
BFA,1993-04-30,1993,4,1
BFA,1993-05-31,1993,5,1
BFA,1993-06-30,1993,6,1
BFA,1993-07-31,1993,7,1
BFA,1993-08-31,1993,8,1
BFA,1993-09-30,1993,9,1
BFA,1993-10-31,1993,10,1
BFA,1993-11-30,1993,11,1
BFA,1993-12-31,1993,12,1
BFA,1994-01-31,1994,1,0
BFA,1994-02-28,1994,2,0
BFA,1994-03-31,1994,3,0
BFA,1994-04-30,1994,4,0
BFA,1994-05-31,1994,5,0
BFA,1994-06-30,1994,6,0
BFA,1994-07-31,1994,7,0
BFA,1994-08-31,1994,8,0
BFA,1994-09-30,1994,9,0
BFA,1994-10-31,1994,10,0
BFA,1994-11-30,1994,11,0
BFA,1994-12-31,1994,12,0
BFA,1995-01-31,1995,1,0
BFA,1995-02-28,1995,2,0
BFA,1995-03-31,1995,3,0
BFA,1995-04-30,1995,4,0
BFA,1995-05-31,1995,5,0
BFA,1995-06-30,1995,6,0
BFA,1995-07-31,1995,7,0
BFA,1995-08-31,1995,8,0
BFA,1995-09-30,1995,9,0
BFA,1995-10-31,1995,10,0
BFA,1995-11-30,1995,11,0
BFA,1995-12-31,1995,12,0
BFA,1996-01-31,1996,1,0
BFA,1996-02-29,1996,2,0
BFA,1996-03-31,1996,3,0
BFA,1996-04-30,1996,4,0
BFA,1996-05-31,1996,5,0
BFA,1996-06-30,1996,6,0
BFA,1996-07-31,1996,7,0
BFA,1996-08-31,1996,8,0
BFA,1996-09-30,1996,9,0
BFA,1996-10-31,1996,10,0
BFA,1996-11-30,1996,11,0
BFA,1996-12-31,1996,12,0
BFA,1997-01-31,1997,1,0
BFA,1997-02-28,1997,2,0
BFA,1997-03-31,1997,3,0
BFA,1997-04-30,1997,4,0
BFA,1997-05-31,1997,5,0
BFA,1997-06-30,1997,6,0
BFA,1997-07-31,1997,7,0
BFA,1997-08-31,1997,8,0
BFA,1997-09-30,1997,9,0
BFA,1997-10-31,1997,10,0
BFA,1997-11-30,1997,11,0
BFA,1997-12-31,1997,12,0
BFA,1998-01-31,1998,1,0
BFA,1998-02-28,1998,2,0
BFA,1998-03-31,1998,3,0
BFA,1998-04-30,1998,4,0
BFA,1998-05-31,1998,5,0
BFA,1998-06-30,1998,6,0
BFA,1998-07-31,1998,7,0
BFA,1998-08-31,1998,8,0
BFA,1998-09-30,1998,9,0
BFA,1998-10-31,1998,10,0
BFA,1998-11-30,1998,11,0
BFA,1998-12-31,1998,12,0
BFA,1999-01-31,1999,1,0
BFA,1999-02-28,1999,2,0
BFA,1999-03-31,1999,3,0
BFA,1999-04-30,1999,4,0
BFA,1999-05-31,1999,5,0
BFA,1999-06-30,1999,6,0
BFA,1999-07-31,1999,7,0
BFA,1999-08-31,1999,8,0
BFA,1999-09-30,1999,9,0
BFA,1999-10-31,1999,10,0
BFA,1999-11-30,1999,11,0
BFA,1999-12-31,1999,12,0
BFA,2000-01-31,2000,1,0
BFA,2000-02-29,2000,2,0
BFA,2000-03-31,2000,3,0
BFA,2000-04-30,2000,4,0
BFA,2000-05-31,2000,5,0
BFA,2000-06-30,2000,6,0
BFA,2000-07-31,2000,7,0
BFA,2000-08-31,2000,8,0
BFA,2000-09-30,2000,9,0
BFA,2000-10-31,2000,10,0
BFA,2000-11-30,2000,11,0
BFA,2000-12-31,2000,12,0
BFA,2001-01-31,2001,1,0
BFA,2001-02-28,2001,2,0
BFA,2001-03-31,2001,3,0
BFA,2001-04-30,2001,4,0
BFA,2001-05-31,2001,5,0
BFA,2001-06-30,2001,6,0
BFA,2001-07-31,2001,7,0
BFA,2001-08-31,2001,8,0
BFA,2001-09-30,2001,9,0
BFA,2001-10-31,2001,10,0
BFA,2001-11-30,2001,11,0
BFA,2001-12-31,2001,12,0
BFA,2002-01-31,2002,1,0
BFA,2002-02-28,2002,2,0
BFA,2002-03-31,2002,3,0
BFA,2002-04-30,2002,4,0
BFA,2002-05-31,2002,5,0
BFA,2002-06-30,2002,6,0
BFA,2002-07-31,2002,7,0
BFA,2002-08-31,2002,8,0
BFA,2002-09-30,2002,9,0
BFA,2002-10-31,2002,10,0
BFA,2002-11-30,2002,11,0
BFA,2002-12-31,2002,12,0
BFA,2003-01-31,2003,1,0
BFA,2003-02-28,2003,2,0
BFA,2003-03-31,2003,3,0
BFA,2003-04-30,2003,4,0
BFA,2003-05-31,2003,5,0
BFA,2003-06-30,2003,6,0
BFA,2003-07-31,2003,7,0
BFA,2003-08-31,2003,8,0
BFA,2003-09-30,2003,9,0
BFA,2003-10-31,2003,10,0
BFA,2003-11-30,2003,11,0
BFA,2003-12-31,2003,12,0
BFA,2004-01-31,2004,1,0
BFA,2004-02-29,2004,2,0
BFA,2004-03-31,2004,3,0
BFA,2004-04-30,2004,4,0
BFA,2004-05-31,2004,5,0
BFA,2004-06-30,2004,6,0
BFA,2004-07-31,2004,7,0
BFA,2004-08-31,2004,8,0
BFA,2004-09-30,2004,9,0
BFA,2004-10-31,2004,10,0
BFA,2004-11-30,2004,11,0
BFA,2004-12-31,2004,12,0
BFA,2005-01-31,2005,1,0
BFA,2005-02-28,2005,2,0
BFA,2005-03-31,2005,3,0
BFA,2005-04-30,2005,4,0
BFA,2005-05-31,2005,5,0
BFA,2005-06-30,2005,6,0
BFA,2005-07-31,2005,7,0
BFA,2005-08-31,2005,8,0
BFA,2005-09-30,2005,9,0
BFA,2005-10-31,2005,10,0
BFA,2005-11-30,2005,11,0
BFA,2005-12-31,2005,12,0
BFA,2006-01-31,2006,1,0
BFA,2006-02-28,2006,2,0
BFA,2006-03-31,2006,3,0
BFA,2006-04-30,2006,4,0
BFA,2006-05-31,2006,5,0
BFA,2006-06-30,2006,6,0
BFA,2006-07-31,2006,7,0
BFA,2006-08-31,2006,8,0
BFA,2006-09-30,2006,9,0
BFA,2006-10-31,2006,10,0
BFA,2006-11-30,2006,11,0
BFA,2006-12-31,2006,12,0
BFA,2007-01-31,2007,1,0
BFA,2007-02-28,2007,2,0
BFA,2007-03-31,2007,3,0
BFA,2007-04-30,2007,4,0
BFA,2007-05-31,2007,5,0
BFA,2007-06-30,2007,6,0
BFA,2007-07-31,2007,7,0
BFA,2007-08-31,2007,8,0
BFA,2007-09-30,2007,9,0
BFA,2007-10-31,2007,10,0
BFA,2007-11-30,2007,11,0
BFA,2007-12-31,2007,12,0
BFA,2008-01-31,2008,1,0
BFA,2008-02-29,2008,2,0
BFA,2008-03-31,2008,3,0
BFA,2008-04-30,2008,4,0
BFA,2008-05-31,2008,5,0
BFA,2008-06-30,2008,6,0
BFA,2008-07-31,2008,7,0
BFA,2008-08-31,2008,8,0
BFA,2008-09-30,2008,9,0
BFA,2008-10-31,2008,10,0
BFA,2008-11-30,2008,11,0
BFA,2008-12-31,2008,12,0
BFA,2009-01-31,2009,1,0
BFA,2009-02-28,2009,2,0
BFA,2009-03-31,2009,3,0
BFA,2009-04-30,2009,4,0
BFA,2009-05-31,2009,5,0
BFA,2009-06-30,2009,6,0
BFA,2009-07-31,2009,7,0
BFA,2009-08-31,2009,8,0
BFA,2009-09-30,2009,9,0
BFA,2009-10-31,2009,10,0
BFA,2009-11-30,2009,11,0
BFA,2009-12-31,2009,12,0
BFA,2010-01-31,2010,1,0
BFA,2010-02-28,2010,2,0
BFA,2010-03-31,2010,3,0
BFA,2010-04-30,2010,4,0
BFA,2010-05-31,2010,5,0
BFA,2010-06-30,2010,6,0
BFA,2010-07-31,2010,7,0
BFA,2010-08-31,2010,8,0
BFA,2010-09-30,2010,9,0
BFA,2010-10-31,2010,10,0
BFA,2010-11-30,2010,11,0
BFA,2010-12-31,2010,12,0
BFA,2011-01-31,2011,1,0
BFA,2011-02-28,2011,2,0
BFA,2011-03-31,2011,3,0
BFA,2011-04-30,2011,4,0
BFA,2011-05-31,2011,5,0
BFA,2011-06-30,2011,6,0
BFA,2011-07-31,2011,7,0
BFA,2011-08-31,2011,8,0
BFA,2011-09-30,2011,9,0
BFA,2011-10-31,2011,10,0
BFA,2011-11-30,2011,11,0
BFA,2011-12-31,2011,12,0
BFA,2012-01-31,2012,1,0
BFA,2012-02-29,2012,2,0
BFA,2012-03-31,2012,3,0
BFA,2012-04-30,2012,4,0
BFA,2012-05-31,2012,5,0
BFA,2012-06-30,2012,6,0
BFA,2012-07-31,2012,7,0
BFA,2012-08-31,2012,8,0
BFA,2012-09-30,2012,9,0
BFA,2012-10-31,2012,10,0
BFA,2012-11-30,2012,11,0
BFA,2012-12-31,2012,12,0
BFA,2013-01-31,2013,1,0
BFA,2013-02-28,2013,2,0
BFA,2013-03-31,2013,3,0
BFA,2013-04-30,2013,4,0
BFA,2013-05-31,2013,5,0
BFA,2013-06-30,2013,6,0
BFA,2013-07-31,2013,7,0
BFA,2013-08-31,2013,8,0
BFA,2013-09-30,2013,9,0
BFA,2013-10-31,2013,10,0
BFA,2013-11-30,2013,11,0
BFA,2013-12-31,2013,12,0
BFA,2014-01-31,2014,1,0
BFA,2014-02-28,2014,2,0
BFA,2014-03-31,2014,3,0
BFA,2014-04-30,2014,4,0
BFA,2014-05-31,2014,5,0
BFA,2014-06-30,2014,6,0
BFA,2014-07-31,2014,7,0
BFA,2014-08-31,2014,8,0
BFA,2014-09-30,2014,9,0
BFA,2014-10-31,2014,10,0
BFA,2014-11-30,2014,11,0
BFA,2014-12-31,2014,12,0
BFA,2015-01-31,2015,1,0
BFA,2015-02-28,2015,2,0
BFA,2015-03-31,2015,3,0
BFA,2015-04-30,2015,4,0
BFA,2015-05-31,2015,5,0
BFA,2015-06-30,2015,6,0
BFA,2015-07-31,2015,7,0
BFA,2015-08-31,2015,8,0
BFA,2015-09-30,2015,9,0
BFA,2015-10-31,2015,10,0
BFA,2015-11-30,2015,11,0
BFA,2015-12-31,2015,12,0
BFA,2016-01-31,2016,1,0
BFA,2016-02-29,2016,2,0
BFA,2016-03-31,2016,3,0
BFA,2016-04-30,2016,4,0
BFA,2016-05-31,2016,5,0
BFA,2016-06-30,2016,6,0
BFA,2016-07-31,2016,7,0
BFA,2016-08-31,2016,8,0
BFA,2016-09-30,2016,9,0
BFA,2016-10-31,2016,10,0
BFA,2016-11-30,2016,11,0
BFA,2016-12-31,2016,12,0
BGD,1990-01-31,1990,1,0
BGD,1990-02-28,1990,2,0
BGD,1990-03-31,1990,3,0
BGD,1990-04-30,1990,4,0
BGD,1990-05-31,1990,5,0
BGD,1990-06-30,1990,6,0
BGD,1990-07-31,1990,7,0
BGD,1990-08-31,1990,8,0
BGD,1990-09-30,1990,9,0
BGD,1990-10-31,1990,10,0
BGD,1990-11-30,1990,11,0
BGD,1990-12-31,1990,12,0
BGD,1991-01-31,1991,1,0
BGD,1991-02-28,1991,2,0
BGD,1991-03-31,1991,3,0
BGD,1991-04-30,1991,4,0
BGD,1991-05-31,1991,5,0
BGD,1991-06-30,1991,6,0
BGD,1991-07-31,1991,7,0
BGD,1991-08-31,1991,8,0
BGD,1991-09-30,1991,9,0
BGD,1991-10-31,1991,10,0
BGD,1991-11-30,1991,11,0
BGD,1991-12-31,1991,12,0
BGD,1992-01-31,1992,1,0
BGD,1992-02-29,1992,2,0
BGD,1992-03-31,1992,3,0
BGD,1992-04-30,1992,4,0
BGD,1992-05-31,1992,5,0
BGD,1992-06-30,1992,6,0
BGD,1992-07-31,1992,7,0
BGD,1992-08-31,1992,8,0
BGD,1992-09-30,1992,9,0
BGD,1992-10-31,1992,10,0
BGD,1992-11-30,1992,11,0
BGD,1992-12-31,1992,12,0
BGD,1993-01-31,1993,1,0
BGD,1993-02-28,1993,2,0
BGD,1993-03-31,1993,3,0
BGD,1993-04-30,1993,4,0
BGD,1993-05-31,1993,5,0
BGD,1993-06-30,1993,6,0
BGD,1993-07-31,1993,7,0
BGD,1993-08-31,1993,8,0
BGD,1993-09-30,1993,9,0
BGD,1993-10-31,1993,10,0
BGD,1993-11-30,1993,11,0
BGD,1993-12-31,1993,12,0
BGD,1994-01-31,1994,1,0
BGD,1994-02-28,1994,2,0
BGD,1994-03-31,1994,3,0
BGD,1994-04-30,1994,4,0
BGD,1994-05-31,1994,5,0
BGD,1994-06-30,1994,6,0
BGD,1994-07-31,1994,7,0
BGD,1994-08-31,1994,8,0
BGD,1994-09-30,1994,9,0
BGD,1994-10-31,1994,10,0
BGD,1994-11-30,1994,11,0
BGD,1994-12-31,1994,12,0
BGD,1995-01-31,1995,1,0
BGD,1995-02-28,1995,2,0
BGD,1995-03-31,1995,3,0
BGD,1995-04-30,1995,4,0
BGD,1995-05-31,1995,5,0
BGD,1995-06-30,1995,6,0
BGD,1995-07-31,1995,7,0
BGD,1995-08-31,1995,8,0
BGD,1995-09-30,1995,9,0
BGD,1995-10-31,1995,10,0
BGD,1995-11-30,1995,11,0
BGD,1995-12-31,1995,12,0
BGD,1996-01-31,1996,1,0
BGD,1996-02-29,1996,2,0
BGD,1996-03-31,1996,3,0
BGD,1996-04-30,1996,4,0
BGD,1996-05-31,1996,5,0
BGD,1996-06-30,1996,6,0
BGD,1996-07-31,1996,7,0
BGD,1996-08-31,1996,8,0
BGD,1996-09-30,1996,9,0
BGD,1996-10-31,1996,10,0
BGD,1996-11-30,1996,11,0
BGD,1996-12-31,1996,12,0
BGD,1997-01-31,1997,1,0
BGD,1997-02-28,1997,2,0
BGD,1997-03-31,1997,3,0
BGD,1997-04-30,1997,4,0
BGD,1997-05-31,1997,5,0
BGD,1997-06-30,1997,6,0
BGD,1997-07-31,1997,7,0
BGD,1997-08-31,1997,8,0
BGD,1997-09-30,1997,9,0
BGD,1997-10-31,1997,10,0
BGD,1997-11-30,1997,11,0
BGD,1997-12-31,1997,12,0
BGD,1998-01-31,1998,1,0
BGD,1998-02-28,1998,2,0
BGD,1998-03-31,1998,3,0
BGD,1998-04-30,1998,4,0
BGD,1998-05-31,1998,5,0
BGD,1998-06-30,1998,6,0
BGD,1998-07-31,1998,7,0
BGD,1998-08-31,1998,8,0
BGD,1998-09-30,1998,9,0
BGD,1998-10-31,1998,10,0
BGD,1998-11-30,1998,11,0
BGD,1998-12-31,1998,12,0
BGD,1999-01-31,1999,1,0
BGD,1999-02-28,1999,2,0
BGD,1999-03-31,1999,3,0
BGD,1999-04-30,1999,4,0
BGD,1999-05-31,1999,5,0
BGD,1999-06-30,1999,6,0
BGD,1999-07-31,1999,7,0
BGD,1999-08-31,1999,8,0
BGD,1999-09-30,1999,9,0
BGD,1999-10-31,1999,10,0
BGD,1999-11-30,1999,11,0
BGD,1999-12-31,1999,12,0
BGD,2000-01-31,2000,1,0
BGD,2000-02-29,2000,2,0
BGD,2000-03-31,2000,3,0
BGD,2000-04-30,2000,4,0
BGD,2000-05-31,2000,5,0
BGD,2000-06-30,2000,6,0
BGD,2000-07-31,2000,7,0
BGD,2000-08-31,2000,8,0
BGD,2000-09-30,2000,9,0
BGD,2000-10-31,2000,10,0
BGD,2000-11-30,2000,11,0
BGD,2000-12-31,2000,12,0
BGD,2001-01-31,2001,1,0
BGD,2001-02-28,2001,2,0
BGD,2001-03-31,2001,3,0
BGD,2001-04-30,2001,4,0
BGD,2001-05-31,2001,5,0
BGD,2001-06-30,2001,6,0
BGD,2001-07-31,2001,7,0
BGD,2001-08-31,2001,8,0
BGD,2001-09-30,2001,9,0
BGD,2001-10-31,2001,10,0
BGD,2001-11-30,2001,11,0
BGD,2001-12-31,2001,12,0
BGD,2002-01-31,2002,1,0
BGD,2002-02-28,2002,2,0
BGD,2002-03-31,2002,3,0
BGD,2002-04-30,2002,4,0
BGD,2002-05-31,2002,5,0
BGD,2002-06-30,2002,6,0
BGD,2002-07-31,2002,7,0
BGD,2002-08-31,2002,8,0
BGD,2002-09-30,2002,9,0
BGD,2002-10-31,2002,10,0
BGD,2002-11-30,2002,11,0
BGD,2002-12-31,2002,12,0
BGD,2003-01-31,2003,1,0
BGD,2003-02-28,2003,2,0
BGD,2003-03-31,2003,3,0
BGD,2003-04-30,2003,4,0
BGD,2003-05-31,2003,5,0
BGD,2003-06-30,2003,6,0
BGD,2003-07-31,2003,7,0
BGD,2003-08-31,2003,8,0
BGD,2003-09-30,2003,9,0
BGD,2003-10-31,2003,10,0
BGD,2003-11-30,2003,11,0
BGD,2003-12-31,2003,12,0
BGD,2004-01-31,2004,1,0
BGD,2004-02-29,2004,2,0
BGD,2004-03-31,2004,3,0
BGD,2004-04-30,2004,4,0
BGD,2004-05-31,2004,5,0
BGD,2004-06-30,2004,6,0
BGD,2004-07-31,2004,7,0
BGD,2004-08-31,2004,8,0
BGD,2004-09-30,2004,9,0
BGD,2004-10-31,2004,10,0
BGD,2004-11-30,2004,11,0
BGD,2004-12-31,2004,12,0
BGD,2005-01-31,2005,1,0
BGD,2005-02-28,2005,2,0
BGD,2005-03-31,2005,3,0
BGD,2005-04-30,2005,4,0
BGD,2005-05-31,2005,5,0
BGD,2005-06-30,2005,6,0
BGD,2005-07-31,2005,7,0
BGD,2005-08-31,2005,8,0
BGD,2005-09-30,2005,9,0
BGD,2005-10-31,2005,10,0
BGD,2005-11-30,2005,11,0
BGD,2005-12-31,2005,12,0
BGD,2006-01-31,2006,1,0
BGD,2006-02-28,2006,2,0
BGD,2006-03-31,2006,3,0
BGD,2006-04-30,2006,4,0
BGD,2006-05-31,2006,5,0
BGD,2006-06-30,2006,6,0
BGD,2006-07-31,2006,7,0
BGD,2006-08-31,2006,8,0
BGD,2006-09-30,2006,9,0
BGD,2006-10-31,2006,10,0
BGD,2006-11-30,2006,11,0
BGD,2006-12-31,2006,12,0
BGD,2007-01-31,2007,1,0
BGD,2007-02-28,2007,2,0
BGD,2007-03-31,2007,3,0
BGD,2007-04-30,2007,4,0
BGD,2007-05-31,2007,5,0
BGD,2007-06-30,2007,6,0
BGD,2007-07-31,2007,7,0
BGD,2007-08-31,2007,8,0
BGD,2007-09-30,2007,9,0
BGD,2007-10-31,2007,10,0
BGD,2007-11-30,2007,11,0
BGD,2007-12-31,2007,12,0
BGD,2008-01-31,2008,1,0
BGD,2008-02-29,2008,2,0
BGD,2008-03-31,2008,3,0
BGD,2008-04-30,2008,4,0
BGD,2008-05-31,2008,5,0
BGD,2008-06-30,2008,6,0
BGD,2008-07-31,2008,7,0
BGD,2008-08-31,2008,8,0
BGD,2008-09-30,2008,9,0
BGD,2008-10-31,2008,10,0
BGD,2008-11-30,2008,11,0
BGD,2008-12-31,2008,12,0
BGD,2009-01-31,2009,1,0
BGD,2009-02-28,2009,2,0
BGD,2009-03-31,2009,3,0
BGD,2009-04-30,2009,4,0
BGD,2009-05-31,2009,5,0
BGD,2009-06-30,2009,6,0
BGD,2009-07-31,2009,7,0
BGD,2009-08-31,2009,8,0
BGD,2009-09-30,2009,9,0
BGD,2009-10-31,2009,10,0
BGD,2009-11-30,2009,11,0
BGD,2009-12-31,2009,12,0
BGD,2010-01-31,2010,1,0
BGD,2010-02-28,2010,2,0
BGD,2010-03-31,2010,3,0
BGD,2010-04-30,2010,4,0
BGD,2010-05-31,2010,5,0
BGD,2010-06-30,2010,6,0
BGD,2010-07-31,2010,7,0
BGD,2010-08-31,2010,8,0
BGD,2010-09-30,2010,9,0
BGD,2010-10-31,2010,10,0
BGD,2010-11-30,2010,11,0
BGD,2010-12-31,2010,12,0
BGD,2011-01-31,2011,1,0
BGD,2011-02-28,2011,2,0
BGD,2011-03-31,2011,3,0
BGD,2011-04-30,2011,4,0
BGD,2011-05-31,2011,5,0
BGD,2011-06-30,2011,6,0
BGD,2011-07-31,2011,7,0
BGD,2011-08-31,2011,8,0
BGD,2011-09-30,2011,9,0
BGD,2011-10-31,2011,10,0
BGD,2011-11-30,2011,11,0
BGD,2011-12-31,2011,12,0
BGD,2012-01-31,2012,1,0
BGD,2012-02-29,2012,2,0
BGD,2012-03-31,2012,3,0
BGD,2012-04-30,2012,4,0
BGD,2012-05-31,2012,5,0
BGD,2012-06-30,2012,6,0
BGD,2012-07-31,2012,7,0
BGD,2012-08-31,2012,8,0
BGD,2012-09-30,2012,9,0
BGD,2012-10-31,2012,10,0
BGD,2012-11-30,2012,11,0
BGD,2012-12-31,2012,12,0
BGD,2013-01-31,2013,1,0
BGD,2013-02-28,2013,2,0
BGD,2013-03-31,2013,3,0
BGD,2013-04-30,2013,4,0
BGD,2013-05-31,2013,5,0
BGD,2013-06-30,2013,6,0
BGD,2013-07-31,2013,7,0
BGD,2013-08-31,2013,8,0
BGD,2013-09-30,2013,9,0
BGD,2013-10-31,2013,10,0
BGD,2013-11-30,2013,11,0
BGD,2013-12-31,2013,12,0
BGD,2014-01-31,2014,1,0
BGD,2014-02-28,2014,2,0
BGD,2014-03-31,2014,3,0
BGD,2014-04-30,2014,4,0
BGD,2014-05-31,2014,5,0
BGD,2014-06-30,2014,6,0
BGD,2014-07-31,2014,7,0
BGD,2014-08-31,2014,8,0
BGD,2014-09-30,2014,9,0
BGD,2014-10-31,2014,10,0
BGD,2014-11-30,2014,11,0
BGD,2014-12-31,2014,12,0
BGD,2015-01-31,2015,1,0
BGD,2015-02-28,2015,2,0
BGD,2015-03-31,2015,3,0
BGD,2015-04-30,2015,4,0
BGD,2015-05-31,2015,5,0
BGD,2015-06-30,2015,6,0
BGD,2015-07-31,2015,7,0
BGD,2015-08-31,2015,8,0
BGD,2015-09-30,2015,9,0
BGD,2015-10-31,2015,10,0
BGD,2015-11-30,2015,11,0
BGD,2015-12-31,2015,12,0
BGD,2016-01-31,2016,1,0
BGD,2016-02-29,2016,2,0
BGD,2016-03-31,2016,3,0
BGD,2016-04-30,2016,4,0
BGD,2016-05-31,2016,5,0
BGD,2016-06-30,2016,6,0
BGD,2016-07-31,2016,7,0
BGD,2016-08-31,2016,8,0
BGD,2016-09-30,2016,9,0
BGD,2016-10-31,2016,10,0
BGD,2016-11-30,2016,11,0
BGD,2016-12-31,2016,12,0
BGR,1990-03-31,1990,3,0
BGR,1990-06-30,1990,6,0
BGR,1990-09-30,1990,9,0
BGR,1990-10-31,1990,10,0
BGR,1990-11-30,1990,11,0
BGR,1990-12-31,1990,12,0
BGR,1991-01-31,1991,1,0
BGR,1991-02-28,1991,2,0
BGR,1991-03-31,1991,3,0
BGR,1991-04-30,1991,4,0
BGR,1991-05-31,1991,5,0
BGR,1991-06-30,1991,6,0
BGR,1991-07-31,1991,7,0
BGR,1991-08-31,1991,8,0
BGR,1991-09-30,1991,9,0
BGR,1991-10-31,1991,10,0
BGR,1991-11-30,1991,11,0
BGR,1991-12-31,1991,12,0
BGR,1992-01-31,1992,1,0
BGR,1992-02-29,1992,2,0
BGR,1992-03-31,1992,3,0
BGR,1992-04-30,1992,4,0
BGR,1992-05-31,1992,5,0
BGR,1992-06-30,1992,6,0
BGR,1992-07-31,1992,7,0
BGR,1992-08-31,1992,8,0
BGR,1992-09-30,1992,9,0
BGR,1992-10-31,1992,10,0
BGR,1992-11-30,1992,11,0
BGR,1992-12-31,1992,12,0
BGR,1993-01-31,1993,1,0
BGR,1993-02-28,1993,2,0
BGR,1993-03-31,1993,3,0
BGR,1993-04-30,1993,4,0
BGR,1993-05-31,1993,5,0
BGR,1993-06-30,1993,6,0
BGR,1993-07-31,1993,7,0
BGR,1993-08-31,1993,8,0
BGR,1993-09-30,1993,9,0
BGR,1993-10-31,1993,10,0
BGR,1993-11-30,1993,11,0
BGR,1993-12-31,1993,12,0
BGR,1994-01-31,1994,1,0
BGR,1994-02-28,1994,2,0
BGR,1994-03-31,1994,3,0
BGR,1994-04-30,1994,4,0
BGR,1994-05-31,1994,5,0
BGR,1994-06-30,1994,6,0
BGR,1994-07-31,1994,7,0
BGR,1994-08-31,1994,8,0
BGR,1994-09-30,1994,9,0
BGR,1994-10-31,1994,10,0
BGR,1994-11-30,1994,11,0
BGR,1994-12-31,1994,12,0
BGR,1995-01-31,1995,1,1
BGR,1995-02-28,1995,2,1
BGR,1995-03-31,1995,3,1
BGR,1995-04-30,1995,4,1
BGR,1995-05-31,1995,5,1
BGR,1995-06-30,1995,6,1
BGR,1995-07-31,1995,7,1
BGR,1995-08-31,1995,8,1
BGR,1995-09-30,1995,9,1
BGR,1995-10-31,1995,10,1
BGR,1995-11-30,1995,11,1
BGR,1995-12-31,1995,12,1
BGR,1996-01-31,1996,1,0
BGR,1996-02-29,1996,2,0
BGR,1996-03-31,1996,3,0
BGR,1996-04-30,1996,4,0
BGR,1996-05-31,1996,5,0
BGR,1996-06-30,1996,6,0
BGR,1996-07-31,1996,7,0
BGR,1996-08-31,1996,8,0
BGR,1996-09-30,1996,9,0
BGR,1996-10-31,1996,10,0
BGR,1996-11-30,1996,11,0
BGR,1996-12-31,1996,12,0
BGR,1997-01-31,1997,1,0
BGR,1997-02-28,1997,2,0
BGR,1997-03-31,1997,3,0
BGR,1997-04-30,1997,4,0
BGR,1997-05-31,1997,5,0
BGR,1997-06-30,1997,6,0
BGR,1997-07-31,1997,7,0
BGR,1997-08-31,1997,8,0
BGR,1997-09-30,1997,9,0
BGR,1997-10-31,1997,10,0
BGR,1997-11-30,1997,11,0
BGR,1997-12-31,1997,12,0
BGR,1998-01-31,1998,1,0
BGR,1998-02-28,1998,2,0
BGR,1998-03-31,1998,3,0
BGR,1998-04-30,1998,4,0
BGR,1998-05-31,1998,5,0
BGR,1998-06-30,1998,6,0
BGR,1998-07-31,1998,7,0
BGR,1998-08-31,1998,8,0
BGR,1998-09-30,1998,9,0
BGR,1998-10-31,1998,10,0
BGR,1998-11-30,1998,11,0
BGR,1998-12-31,1998,12,0
BGR,1999-01-31,1999,1,0
BGR,1999-02-28,1999,2,0
BGR,1999-03-31,1999,3,0
BGR,1999-04-30,1999,4,0
BGR,1999-05-31,1999,5,0
BGR,1999-06-30,1999,6,0
BGR,1999-07-31,1999,7,0
BGR,1999-08-31,1999,8,0
BGR,1999-09-30,1999,9,0
BGR,1999-10-31,1999,10,0
BGR,1999-11-30,1999,11,0
BGR,1999-12-31,1999,12,0
BGR,2000-01-31,2000,1,0
BGR,2000-02-29,2000,2,0
BGR,2000-03-31,2000,3,0
BGR,2000-04-30,2000,4,0
BGR,2000-05-31,2000,5,0
BGR,2000-06-30,2000,6,0
BGR,2000-07-31,2000,7,0
BGR,2000-08-31,2000,8,0
BGR,2000-09-30,2000,9,0
BGR,2000-10-31,2000,10,0
BGR,2000-11-30,2000,11,0
BGR,2000-12-31,2000,12,0
BGR,2001-01-31,2001,1,0
BGR,2001-02-28,2001,2,0
BGR,2001-03-31,2001,3,0
BGR,2001-04-30,2001,4,0
BGR,2001-05-31,2001,5,0
BGR,2001-06-30,2001,6,0
BGR,2001-07-31,2001,7,0
BGR,2001-08-31,2001,8,0
BGR,2001-09-30,2001,9,0
BGR,2001-10-31,2001,10,0
BGR,2001-11-30,2001,11,0
BGR,2001-12-31,2001,12,0
BGR,2002-01-31,2002,1,0
BGR,2002-02-28,2002,2,0
BGR,2002-03-31,2002,3,0
BGR,2002-04-30,2002,4,0
BGR,2002-05-31,2002,5,0
BGR,2002-06-30,2002,6,0
BGR,2002-07-31,2002,7,0
BGR,2002-08-31,2002,8,0
BGR,2002-09-30,2002,9,0
BGR,2002-10-31,2002,10,0
BGR,2002-11-30,2002,11,0
BGR,2002-12-31,2002,12,0
BGR,2003-01-31,2003,1,0
BGR,2003-02-28,2003,2,0
BGR,2003-03-31,2003,3,0
BGR,2003-04-30,2003,4,0
BGR,2003-05-31,2003,5,0
BGR,2003-06-30,2003,6,0
BGR,2003-07-31,2003,7,0
BGR,2003-08-31,2003,8,0
BGR,2003-09-30,2003,9,0
BGR,2003-10-31,2003,10,0
BGR,2003-11-30,2003,11,0
BGR,2003-12-31,2003,12,0
BGR,2004-01-31,2004,1,0
BGR,2004-02-29,2004,2,0
BGR,2004-03-31,2004,3,0
BGR,2004-04-30,2004,4,0
BGR,2004-05-31,2004,5,0
BGR,2004-06-30,2004,6,0
BGR,2004-07-31,2004,7,0
BGR,2004-08-31,2004,8,0
BGR,2004-09-30,2004,9,0
BGR,2004-10-31,2004,10,0
BGR,2004-11-30,2004,11,0
BGR,2004-12-31,2004,12,0
BGR,2005-01-31,2005,1,0
BGR,2005-02-28,2005,2,0
BGR,2005-03-31,2005,3,0
BGR,2005-04-30,2005,4,0
BGR,2005-05-31,2005,5,0
BGR,2005-06-30,2005,6,0
BGR,2005-07-31,2005,7,0
BGR,2005-08-31,2005,8,0
BGR,2005-09-30,2005,9,0
BGR,2005-10-31,2005,10,0
BGR,2005-11-30,2005,11,0
BGR,2005-12-31,2005,12,0
BGR,2006-01-31,2006,1,0
BGR,2006-02-28,2006,2,0
BGR,2006-03-31,2006,3,0
BGR,2006-04-30,2006,4,0
BGR,2006-05-31,2006,5,0
BGR,2006-06-30,2006,6,0
BGR,2006-07-31,2006,7,0
BGR,2006-08-31,2006,8,0
BGR,2006-09-30,2006,9,0
BGR,2006-10-31,2006,10,0
BGR,2006-11-30,2006,11,0
BGR,2006-12-31,2006,12,0
BGR,2007-01-31,2007,1,0
BGR,2007-02-28,2007,2,0
BGR,2007-03-31,2007,3,0
BGR,2007-04-30,2007,4,0
BGR,2007-05-31,2007,5,0
BGR,2007-06-30,2007,6,0
BGR,2007-07-31,2007,7,0
BGR,2007-08-31,2007,8,0
BGR,2007-09-30,2007,9,0
BGR,2007-10-31,2007,10,0
BGR,2007-11-30,2007,11,0
BGR,2007-12-31,2007,12,0
BGR,2008-01-31,2008,1,0
BGR,2008-02-29,2008,2,0
BGR,2008-03-31,2008,3,0
BGR,2008-04-30,2008,4,0
BGR,2008-05-31,2008,5,0
BGR,2008-06-30,2008,6,0
BGR,2008-07-31,2008,7,0
BGR,2008-08-31,2008,8,0
BGR,2008-09-30,2008,9,0
BGR,2008-10-31,2008,10,0
BGR,2008-11-30,2008,11,0
BGR,2008-12-31,2008,12,0
BGR,2009-01-31,2009,1,0
BGR,2009-02-28,2009,2,0
BGR,2009-03-31,2009,3,0
BGR,2009-04-30,2009,4,0
BGR,2009-05-31,2009,5,0
BGR,2009-06-30,2009,6,0
BGR,2009-07-31,2009,7,0
BGR,2009-08-31,2009,8,0
BGR,2009-09-30,2009,9,0
BGR,2009-10-31,2009,10,0
BGR,2009-11-30,2009,11,0
BGR,2009-12-31,2009,12,0
BGR,2010-01-31,2010,1,0
BGR,2010-02-28,2010,2,0
BGR,2010-03-31,2010,3,0
BGR,2010-04-30,2010,4,0
BGR,2010-05-31,2010,5,0
BGR,2010-06-30,2010,6,0
BGR,2010-07-31,2010,7,0
BGR,2010-08-31,2010,8,0
BGR,2010-09-30,2010,9,0
BGR,2010-10-31,2010,10,0
BGR,2010-11-30,2010,11,0
BGR,2010-12-31,2010,12,0
BGR,2011-01-31,2011,1,0
BGR,2011-02-28,2011,2,0
BGR,2011-03-31,2011,3,0
BGR,2011-04-30,2011,4,0
BGR,2011-05-31,2011,5,0
BGR,2011-06-30,2011,6,0
BGR,2011-07-31,2011,7,0
BGR,2011-08-31,2011,8,0
BGR,2011-09-30,2011,9,0
BGR,2011-10-31,2011,10,0
BGR,2011-11-30,2011,11,0
BGR,2011-12-31,2011,12,0
BGR,2012-01-31,2012,1,0
BGR,2012-02-29,2012,2,0
BGR,2012-03-31,2012,3,0
BGR,2012-04-30,2012,4,0
BGR,2012-05-31,2012,5,0
BGR,2012-06-30,2012,6,0
BGR,2012-07-31,2012,7,0
BGR,2012-08-31,2012,8,0
BGR,2012-09-30,2012,9,0
BGR,2012-10-31,2012,10,0
BGR,2012-11-30,2012,11,0
BGR,2012-12-31,2012,12,0
BGR,2013-01-31,2013,1,0
BGR,2013-02-28,2013,2,0
BGR,2013-03-31,2013,3,0
BGR,2013-04-30,2013,4,0
BGR,2013-05-31,2013,5,0
BGR,2013-06-30,2013,6,0
BGR,2013-07-31,2013,7,0
BGR,2013-08-31,2013,8,0
BGR,2013-09-30,2013,9,0
BGR,2013-10-31,2013,10,0
BGR,2013-11-30,2013,11,0
BGR,2013-12-31,2013,12,0
BGR,2014-01-31,2014,1,0
BGR,2014-02-28,2014,2,0
BGR,2014-03-31,2014,3,0
BGR,2014-04-30,2014,4,0
BGR,2014-05-31,2014,5,0
BGR,2014-06-30,2014,6,0
BGR,2014-07-31,2014,7,0
BGR,2014-08-31,2014,8,0
BGR,2014-09-30,2014,9,0
BGR,2014-10-31,2014,10,0
BGR,2014-11-30,2014,11,0
BGR,2014-12-31,2014,12,0
BGR,2015-01-31,2015,1,0
BGR,2015-02-28,2015,2,0
BGR,2015-03-31,2015,3,0
BGR,2015-04-30,2015,4,0
BGR,2015-05-31,2015,5,0
BGR,2015-06-30,2015,6,0
BGR,2015-07-31,2015,7,0
BGR,2015-08-31,2015,8,0
BGR,2015-09-30,2015,9,0
BGR,2015-10-31,2015,10,0
BGR,2015-11-30,2015,11,0
BGR,2015-12-31,2015,12,0
BGR,2016-01-31,2016,1,0
BGR,2016-02-29,2016,2,0
BGR,2016-03-31,2016,3,0
BGR,2016-04-30,2016,4,0
BGR,2016-05-31,2016,5,0
BGR,2016-06-30,2016,6,0
BGR,2016-07-31,2016,7,0
BGR,2016-08-31,2016,8,0
BGR,2016-09-30,2016,9,0
BGR,2016-10-31,2016,10,0
BGR,2016-11-30,2016,11,0
BGR,2016-12-31,2016,12,0
BLR,1992-01-31,1992,1,0
BLR,1992-02-29,1992,2,0
BLR,1992-03-31,1992,3,0
BLR,1992-04-30,1992,4,0
BLR,1992-05-31,1992,5,0
BLR,1992-06-30,1992,6,0
BLR,1992-07-31,1992,7,0
BLR,1992-08-31,1992,8,0
BLR,1992-09-30,1992,9,0
BLR,1992-10-31,1992,10,0
BLR,1992-11-30,1992,11,0
BLR,1992-12-31,1992,12,0
BLR,1993-01-31,1993,1,0
BLR,1993-02-28,1993,2,0
BLR,1993-03-31,1993,3,0
BLR,1993-04-30,1993,4,0
BLR,1993-05-31,1993,5,0
BLR,1993-06-30,1993,6,0
BLR,1993-07-31,1993,7,0
BLR,1993-08-31,1993,8,0
BLR,1993-09-30,1993,9,0
BLR,1993-10-31,1993,10,0
BLR,1993-11-30,1993,11,0
BLR,1993-12-31,1993,12,0
BLR,1994-01-31,1994,1,0
BLR,1994-02-28,1994,2,0
BLR,1994-03-31,1994,3,0
BLR,1994-04-30,1994,4,0
BLR,1994-05-31,1994,5,0
BLR,1994-06-30,1994,6,0
BLR,1994-07-31,1994,7,0
BLR,1994-08-31,1994,8,0
BLR,1994-09-30,1994,9,0
BLR,1994-10-31,1994,10,0
BLR,1994-11-30,1994,11,0
BLR,1994-12-31,1994,12,0
BLR,1995-01-31,1995,1,0
BLR,1995-02-28,1995,2,0
BLR,1995-03-31,1995,3,0
BLR,1995-04-30,1995,4,0
BLR,1995-05-31,1995,5,0
BLR,1995-06-30,1995,6,0
BLR,1995-07-31,1995,7,0
BLR,1995-08-31,1995,8,0
BLR,1995-09-30,1995,9,0
BLR,1995-10-31,1995,10,0
BLR,1995-11-30,1995,11,0
BLR,1995-12-31,1995,12,0
BLR,1996-01-31,1996,1,1
BLR,1996-02-29,1996,2,1
BLR,1996-03-31,1996,3,1
BLR,1996-04-30,1996,4,1
BLR,1996-05-31,1996,5,1
BLR,1996-06-30,1996,6,1
BLR,1996-07-31,1996,7,1
BLR,1996-08-31,1996,8,1
BLR,1996-09-30,1996,9,1
BLR,1996-10-31,1996,10,1
BLR,1996-11-30,1996,11,1
BLR,1996-12-31,1996,12,1
BLR,1997-01-31,1997,1,0
BLR,1997-02-28,1997,2,0
BLR,1997-03-31,1997,3,0
BLR,1997-04-30,1997,4,0
BLR,1997-05-31,1997,5,0
BLR,1997-06-30,1997,6,0
BLR,1997-07-31,1997,7,0
BLR,1997-08-31,1997,8,0
BLR,1997-09-30,1997,9,0
BLR,1997-10-31,1997,10,0
BLR,1997-11-30,1997,11,0
BLR,1997-12-31,1997,12,0
BLR,1998-01-31,1998,1,0
BLR,1998-02-28,1998,2,0
BLR,1998-03-31,1998,3,0
BLR,1998-04-30,1998,4,0
BLR,1998-05-31,1998,5,0
BLR,1998-06-30,1998,6,0
BLR,1998-07-31,1998,7,0
BLR,1998-08-31,1998,8,0
BLR,1998-09-30,1998,9,0
BLR,1998-10-31,1998,10,0
BLR,1998-11-30,1998,11,0
BLR,1998-12-31,1998,12,0
BLR,1999-01-31,1999,1,0
BLR,1999-02-28,1999,2,0
BLR,1999-03-31,1999,3,0
BLR,1999-04-30,1999,4,0
BLR,1999-05-31,1999,5,0
BLR,1999-06-30,1999,6,0
BLR,1999-07-31,1999,7,0
BLR,1999-08-31,1999,8,0
BLR,1999-09-30,1999,9,0
BLR,1999-10-31,1999,10,0
BLR,1999-11-30,1999,11,0
BLR,1999-12-31,1999,12,0
BLR,2000-01-31,2000,1,0
BLR,2000-02-29,2000,2,0
BLR,2000-03-31,2000,3,0
BLR,2000-04-30,2000,4,0
BLR,2000-05-31,2000,5,0
BLR,2000-06-30,2000,6,0
BLR,2000-07-31,2000,7,0
BLR,2000-08-31,2000,8,0
BLR,2000-09-30,2000,9,0
BLR,2000-10-31,2000,10,0
BLR,2000-11-30,2000,11,0
BLR,2000-12-31,2000,12,0
BLR,2001-01-31,2001,1,0
BLR,2001-02-28,2001,2,0
BLR,2001-03-31,2001,3,0
BLR,2001-04-30,2001,4,0
BLR,2001-05-31,2001,5,0
BLR,2001-06-30,2001,6,0
BLR,2001-07-31,2001,7,0
BLR,2001-08-31,2001,8,0
BLR,2001-09-30,2001,9,0
BLR,2001-10-31,2001,10,0
BLR,2001-11-30,2001,11,0
BLR,2001-12-31,2001,12,0
BLR,2002-01-31,2002,1,0
BLR,2002-02-28,2002,2,0
BLR,2002-03-31,2002,3,0
BLR,2002-04-30,2002,4,0
BLR,2002-05-31,2002,5,0
BLR,2002-06-30,2002,6,0
BLR,2002-07-31,2002,7,0
BLR,2002-08-31,2002,8,0
BLR,2002-09-30,2002,9,0
BLR,2002-10-31,2002,10,0
BLR,2002-11-30,2002,11,0
BLR,2002-12-31,2002,12,0
BLR,2003-01-31,2003,1,0
BLR,2003-02-28,2003,2,0
BLR,2003-03-31,2003,3,0
BLR,2003-04-30,2003,4,0
BLR,2003-05-31,2003,5,0
BLR,2003-06-30,2003,6,0
BLR,2003-07-31,2003,7,0
BLR,2003-08-31,2003,8,0
BLR,2003-09-30,2003,9,0
BLR,2003-10-31,2003,10,0
BLR,2003-11-30,2003,11,0
BLR,2003-12-31,2003,12,0
BLR,2004-01-31,2004,1,0
BLR,2004-02-29,2004,2,0
BLR,2004-03-31,2004,3,0
BLR,2004-04-30,2004,4,0
BLR,2004-05-31,2004,5,0
BLR,2004-06-30,2004,6,0
BLR,2004-07-31,2004,7,0
BLR,2004-08-31,2004,8,0
BLR,2004-09-30,2004,9,0
BLR,2004-10-31,2004,10,0
BLR,2004-11-30,2004,11,0
BLR,2004-12-31,2004,12,0
BLR,2005-01-31,2005,1,0
BLR,2005-02-28,2005,2,0
BLR,2005-03-31,2005,3,0
BLR,2005-04-30,2005,4,0
BLR,2005-05-31,2005,5,0
BLR,2005-06-30,2005,6,0
BLR,2005-07-31,2005,7,0
BLR,2005-08-31,2005,8,0
BLR,2005-09-30,2005,9,0
BLR,2005-10-31,2005,10,0
BLR,2005-11-30,2005,11,0
BLR,2005-12-31,2005,12,0
BLR,2006-01-31,2006,1,0
BLR,2006-02-28,2006,2,0
BLR,2006-03-31,2006,3,0
BLR,2006-04-30,2006,4,0
BLR,2006-05-31,2006,5,0
BLR,2006-06-30,2006,6,0
BLR,2006-07-31,2006,7,0
BLR,2006-08-31,2006,8,0
BLR,2006-09-30,2006,9,0
BLR,2006-10-31,2006,10,0
BLR,2006-11-30,2006,11,0
BLR,2006-12-31,2006,12,0
BLR,2007-01-31,2007,1,0
BLR,2007-02-28,2007,2,0
BLR,2007-03-31,2007,3,0
BLR,2007-04-30,2007,4,0
BLR,2007-05-31,2007,5,0
BLR,2007-06-30,2007,6,0
BLR,2007-07-31,2007,7,0
BLR,2007-08-31,2007,8,0
BLR,2007-09-30,2007,9,0
BLR,2007-10-31,2007,10,0
BLR,2007-11-30,2007,11,0
BLR,2007-12-31,2007,12,0
BLR,2008-01-31,2008,1,1
BLR,2008-02-29,2008,2,1
BLR,2008-03-31,2008,3,1
BLR,2008-04-30,2008,4,1
BLR,2008-05-31,2008,5,1
BLR,2008-06-30,2008,6,1
BLR,2008-07-31,2008,7,1
BLR,2008-08-31,2008,8,1
BLR,2008-09-30,2008,9,1
BLR,2008-10-31,2008,10,1
BLR,2008-11-30,2008,11,1
BLR,2008-12-31,2008,12,1
BLR,2009-01-31,2009,1,0
BLR,2009-02-28,2009,2,0
BLR,2009-03-31,2009,3,0
BLR,2009-04-30,2009,4,0
BLR,2009-05-31,2009,5,0
BLR,2009-06-30,2009,6,0
BLR,2009-07-31,2009,7,0
BLR,2009-08-31,2009,8,0
BLR,2009-09-30,2009,9,0
BLR,2009-10-31,2009,10,0
BLR,2009-11-30,2009,11,0
BLR,2009-12-31,2009,12,0
BLR,2010-01-31,2010,1,0
BLR,2010-02-28,2010,2,0
BLR,2010-03-31,2010,3,0
BLR,2010-04-30,2010,4,0
BLR,2010-05-31,2010,5,0
BLR,2010-06-30,2010,6,0
BLR,2010-07-31,2010,7,0
BLR,2010-08-31,2010,8,0
BLR,2010-09-30,2010,9,0
BLR,2010-10-31,2010,10,0
BLR,2010-11-30,2010,11,0
BLR,2010-12-31,2010,12,0
BLR,2011-01-31,2011,1,0
BLR,2011-02-28,2011,2,0
BLR,2011-03-31,2011,3,0
BLR,2011-04-30,2011,4,0
BLR,2011-05-31,2011,5,0
BLR,2011-06-30,2011,6,0
BLR,2011-07-31,2011,7,0
BLR,2011-08-31,2011,8,0
BLR,2011-09-30,2011,9,0
BLR,2011-10-31,2011,10,0
BLR,2011-11-30,2011,11,0
BLR,2011-12-31,2011,12,0
BLR,2012-01-31,2012,1,0
BLR,2012-02-29,2012,2,0
BLR,2012-03-31,2012,3,0
BLR,2012-04-30,2012,4,0
BLR,2012-05-31,2012,5,0
BLR,2012-06-30,2012,6,0
BLR,2012-07-31,2012,7,0
BLR,2012-08-31,2012,8,0
BLR,2012-09-30,2012,9,0
BLR,2012-10-31,2012,10,0
BLR,2012-11-30,2012,11,0
BLR,2012-12-31,2012,12,0
BLR,2013-01-31,2013,1,0
BLR,2013-02-28,2013,2,0
BLR,2013-03-31,2013,3,0
BLR,2013-04-30,2013,4,0
BLR,2013-05-31,2013,5,0
BLR,2013-06-30,2013,6,0
BLR,2013-07-31,2013,7,0
BLR,2013-08-31,2013,8,0
BLR,2013-09-30,2013,9,0
BLR,2013-10-31,2013,10,0
BLR,2013-11-30,2013,11,0
BLR,2013-12-31,2013,12,0
BLR,2014-01-31,2014,1,1
BLR,2014-02-28,2014,2,1
BLR,2014-03-31,2014,3,1
BLR,2014-04-30,2014,4,1
BLR,2014-05-31,2014,5,1
BLR,2014-06-30,2014,6,1
BLR,2014-07-31,2014,7,1
BLR,2014-08-31,2014,8,1
BLR,2014-09-30,2014,9,1
BLR,2014-10-31,2014,10,1
BLR,2014-11-30,2014,11,1
BLR,2014-12-31,2014,12,1
BLR,2015-01-31,2015,1,0
BLR,2015-02-28,2015,2,0
BLR,2015-03-31,2015,3,0
BLR,2015-04-30,2015,4,0
BLR,2015-05-31,2015,5,0
BLR,2015-06-30,2015,6,0
BLR,2015-07-31,2015,7,0
BLR,2015-08-31,2015,8,0
BLR,2015-09-30,2015,9,0
BLR,2015-10-31,2015,10,0
BLR,2015-11-30,2015,11,0
BLR,2015-12-31,2015,12,0
BLR,2016-01-31,2016,1,0
BLR,2016-02-29,2016,2,0
BLR,2016-03-31,2016,3,0
BLR,2016-04-30,2016,4,0
BLR,2016-05-31,2016,5,0
BLR,2016-06-30,2016,6,0
BLR,2016-07-31,2016,7,0
BLR,2016-08-31,2016,8,0
BLR,2016-09-30,2016,9,0
BLR,2016-10-31,2016,10,0
BLR,2016-11-30,2016,11,0
BLR,2016-12-31,2016,12,0
BOL,1990-01-31,1990,1,0
BOL,1990-02-28,1990,2,0
BOL,1990-03-31,1990,3,0
BOL,1990-04-30,1990,4,0
BOL,1990-05-31,1990,5,0
BOL,1990-06-30,1990,6,0
BOL,1990-07-31,1990,7,0
BOL,1990-08-31,1990,8,0
BOL,1990-09-30,1990,9,0
BOL,1990-10-31,1990,10,0
BOL,1990-11-30,1990,11,0
BOL,1990-12-31,1990,12,0
BOL,1991-01-31,1991,1,0
BOL,1991-02-28,1991,2,0
BOL,1991-03-31,1991,3,0
BOL,1991-04-30,1991,4,0
BOL,1991-05-31,1991,5,0
BOL,1991-06-30,1991,6,0
BOL,1991-07-31,1991,7,0
BOL,1991-08-31,1991,8,0
BOL,1991-09-30,1991,9,0
BOL,1991-10-31,1991,10,0
BOL,1991-11-30,1991,11,0
BOL,1991-12-31,1991,12,0
BOL,1992-01-31,1992,1,0
BOL,1992-02-29,1992,2,0
BOL,1992-03-31,1992,3,0
BOL,1992-04-30,1992,4,0
BOL,1992-05-31,1992,5,0
BOL,1992-06-30,1992,6,0
BOL,1992-07-31,1992,7,0
BOL,1992-08-31,1992,8,0
BOL,1992-09-30,1992,9,0
BOL,1992-10-31,1992,10,0
BOL,1992-11-30,1992,11,0
BOL,1992-12-31,1992,12,0
BOL,1993-01-31,1993,1,0
BOL,1993-02-28,1993,2,0
BOL,1993-03-31,1993,3,0
BOL,1993-04-30,1993,4,0
BOL,1993-05-31,1993,5,0
BOL,1993-06-30,1993,6,0
BOL,1993-07-31,1993,7,0
BOL,1993-08-31,1993,8,0
BOL,1993-09-30,1993,9,0
BOL,1993-10-31,1993,10,0
BOL,1993-11-30,1993,11,0
BOL,1993-12-31,1993,12,0
BOL,1994-01-31,1994,1,0
BOL,1994-02-28,1994,2,0
BOL,1994-03-31,1994,3,0
BOL,1994-04-30,1994,4,0
BOL,1994-05-31,1994,5,0
BOL,1994-06-30,1994,6,0
BOL,1994-07-31,1994,7,0
BOL,1994-08-31,1994,8,0
BOL,1994-09-30,1994,9,0
BOL,1994-10-31,1994,10,0
BOL,1994-11-30,1994,11,0
BOL,1994-12-31,1994,12,0
BOL,1995-01-31,1995,1,0
BOL,1995-02-28,1995,2,0
BOL,1995-03-31,1995,3,0
BOL,1995-04-30,1995,4,0
BOL,1995-05-31,1995,5,0
BOL,1995-06-30,1995,6,0
BOL,1995-07-31,1995,7,0
BOL,1995-08-31,1995,8,0
BOL,1995-09-30,1995,9,0
BOL,1995-10-31,1995,10,0
BOL,1995-11-30,1995,11,0
BOL,1995-12-31,1995,12,0
BOL,1996-01-31,1996,1,0
BOL,1996-02-29,1996,2,0
BOL,1996-03-31,1996,3,0
BOL,1996-04-30,1996,4,0
BOL,1996-05-31,1996,5,0
BOL,1996-06-30,1996,6,0
BOL,1996-07-31,1996,7,0
BOL,1996-08-31,1996,8,0
BOL,1996-09-30,1996,9,0
BOL,1996-10-31,1996,10,0
BOL,1996-11-30,1996,11,0
BOL,1996-12-31,1996,12,0
BOL,1997-01-31,1997,1,0
BOL,1997-02-28,1997,2,0
BOL,1997-03-31,1997,3,0
BOL,1997-04-30,1997,4,0
BOL,1997-05-31,1997,5,0
BOL,1997-06-30,1997,6,0
BOL,1997-07-31,1997,7,0
BOL,1997-08-31,1997,8,0
BOL,1997-09-30,1997,9,0
BOL,1997-10-31,1997,10,0
BOL,1997-11-30,1997,11,0
BOL,1997-12-31,1997,12,0
BOL,1998-01-31,1998,1,0
BOL,1998-02-28,1998,2,0
BOL,1998-03-31,1998,3,0
BOL,1998-04-30,1998,4,0
BOL,1998-05-31,1998,5,0
BOL,1998-06-30,1998,6,0
BOL,1998-07-31,1998,7,0
BOL,1998-08-31,1998,8,0
BOL,1998-09-30,1998,9,0
BOL,1998-10-31,1998,10,0
BOL,1998-11-30,1998,11,0
BOL,1998-12-31,1998,12,0
BOL,1999-01-31,1999,1,0
BOL,1999-02-28,1999,2,0
BOL,1999-03-31,1999,3,0
BOL,1999-04-30,1999,4,0
BOL,1999-05-31,1999,5,0
BOL,1999-06-30,1999,6,0
BOL,1999-07-31,1999,7,0
BOL,1999-08-31,1999,8,0
BOL,1999-09-30,1999,9,0
BOL,1999-10-31,1999,10,0
BOL,1999-11-30,1999,11,0
BOL,1999-12-31,1999,12,0
BOL,2000-01-31,2000,1,0
BOL,2000-02-29,2000,2,0
BOL,2000-03-31,2000,3,0
BOL,2000-04-30,2000,4,0
BOL,2000-05-31,2000,5,0
BOL,2000-06-30,2000,6,0
BOL,2000-07-31,2000,7,0
BOL,2000-08-31,2000,8,0
BOL,2000-09-30,2000,9,0
BOL,2000-10-31,2000,10,0
BOL,2000-11-30,2000,11,0
BOL,2000-12-31,2000,12,0
BOL,2001-01-31,2001,1,0
BOL,2001-02-28,2001,2,0
BOL,2001-03-31,2001,3,0
BOL,2001-04-30,2001,4,0
BOL,2001-05-31,2001,5,0
BOL,2001-06-30,2001,6,0
BOL,2001-07-31,2001,7,0
BOL,2001-08-31,2001,8,0
BOL,2001-09-30,2001,9,0
BOL,2001-10-31,2001,10,0
BOL,2001-11-30,2001,11,0
BOL,2001-12-31,2001,12,0
BOL,2002-01-31,2002,1,0
BOL,2002-02-28,2002,2,0
BOL,2002-03-31,2002,3,0
BOL,2002-04-30,2002,4,0
BOL,2002-05-31,2002,5,0
BOL,2002-06-30,2002,6,0
BOL,2002-07-31,2002,7,0
BOL,2002-08-31,2002,8,0
BOL,2002-09-30,2002,9,0
BOL,2002-10-31,2002,10,0
BOL,2002-11-30,2002,11,0
BOL,2002-12-31,2002,12,0
BOL,2003-01-31,2003,1,0
BOL,2003-02-28,2003,2,0
BOL,2003-03-31,2003,3,0
BOL,2003-04-30,2003,4,0
BOL,2003-05-31,2003,5,0
BOL,2003-06-30,2003,6,0
BOL,2003-07-31,2003,7,0
BOL,2003-08-31,2003,8,0
BOL,2003-09-30,2003,9,0
BOL,2003-10-31,2003,10,0
BOL,2003-11-30,2003,11,0
BOL,2003-12-31,2003,12,0
BOL,2004-01-31,2004,1,0
BOL,2004-02-29,2004,2,0
BOL,2004-03-31,2004,3,0
BOL,2004-04-30,2004,4,0
BOL,2004-05-31,2004,5,0
BOL,2004-06-30,2004,6,0
BOL,2004-07-31,2004,7,0
BOL,2004-08-31,2004,8,0
BOL,2004-09-30,2004,9,0
BOL,2004-10-31,2004,10,0
BOL,2004-11-30,2004,11,0
BOL,2004-12-31,2004,12,0
BOL,2005-01-31,2005,1,0
BOL,2005-02-28,2005,2,0
BOL,2005-03-31,2005,3,0
BOL,2005-04-30,2005,4,0
BOL,2005-05-31,2005,5,0
BOL,2005-06-30,2005,6,0
BOL,2005-07-31,2005,7,0
BOL,2005-08-31,2005,8,0
BOL,2005-09-30,2005,9,0
BOL,2005-10-31,2005,10,0
BOL,2005-11-30,2005,11,0
BOL,2005-12-31,2005,12,0
BOL,2006-01-31,2006,1,0
BOL,2006-02-28,2006,2,0
BOL,2006-03-31,2006,3,0
BOL,2006-04-30,2006,4,0
BOL,2006-05-31,2006,5,0
BOL,2006-06-30,2006,6,0
BOL,2006-07-31,2006,7,0
BOL,2006-08-31,2006,8,0
BOL,2006-09-30,2006,9,0
BOL,2006-10-31,2006,10,0
BOL,2006-11-30,2006,11,0
BOL,2006-12-31,2006,12,0
BOL,2007-01-31,2007,1,0
BOL,2007-02-28,2007,2,0
BOL,2007-03-31,2007,3,0
BOL,2007-04-30,2007,4,0
BOL,2007-05-31,2007,5,0
BOL,2007-06-30,2007,6,0
BOL,2007-07-31,2007,7,0
BOL,2007-08-31,2007,8,0
BOL,2007-09-30,2007,9,0
BOL,2007-10-31,2007,10,0
BOL,2007-11-30,2007,11,0
BOL,2007-12-31,2007,12,0
BOL,2008-01-31,2008,1,0
BOL,2008-02-29,2008,2,0
BOL,2008-03-31,2008,3,0
BOL,2008-04-30,2008,4,0
BOL,2008-05-31,2008,5,0
BOL,2008-06-30,2008,6,0
BOL,2008-07-31,2008,7,0
BOL,2008-08-31,2008,8,0
BOL,2008-09-30,2008,9,0
BOL,2008-10-31,2008,10,0
BOL,2008-11-30,2008,11,0
BOL,2008-12-31,2008,12,0
BOL,2009-01-31,2009,1,0
BOL,2009-02-28,2009,2,0
BOL,2009-03-31,2009,3,0
BOL,2009-04-30,2009,4,0
BOL,2009-05-31,2009,5,0
BOL,2009-06-30,2009,6,0
BOL,2009-07-31,2009,7,0
BOL,2009-08-31,2009,8,0
BOL,2009-09-30,2009,9,0
BOL,2009-10-31,2009,10,0
BOL,2009-11-30,2009,11,0
BOL,2009-12-31,2009,12,0
BOL,2010-01-31,2010,1,0
BOL,2010-02-28,2010,2,0
BOL,2010-03-31,2010,3,0
BOL,2010-04-30,2010,4,0
BOL,2010-05-31,2010,5,0
BOL,2010-06-30,2010,6,0
BOL,2010-07-31,2010,7,0
BOL,2010-08-31,2010,8,0
BOL,2010-09-30,2010,9,0
BOL,2010-10-31,2010,10,0
BOL,2010-11-30,2010,11,0
BOL,2010-12-31,2010,12,0
BOL,2011-01-31,2011,1,0
BOL,2011-02-28,2011,2,0
BOL,2011-03-31,2011,3,0
BOL,2011-04-30,2011,4,0
BOL,2011-05-31,2011,5,0
BOL,2011-06-30,2011,6,0
BOL,2011-07-31,2011,7,0
BOL,2011-08-31,2011,8,0
BOL,2011-09-30,2011,9,0
BOL,2011-10-31,2011,10,0
BOL,2011-11-30,2011,11,0
BOL,2011-12-31,2011,12,0
BOL,2012-01-31,2012,1,0
BOL,2012-02-29,2012,2,0
BOL,2012-03-31,2012,3,0
BOL,2012-04-30,2012,4,0
BOL,2012-05-31,2012,5,0
BOL,2012-06-30,2012,6,0
BOL,2012-07-31,2012,7,0
BOL,2012-08-31,2012,8,0
BOL,2012-09-30,2012,9,0
BOL,2012-10-31,2012,10,0
BOL,2012-11-30,2012,11,0
BOL,2012-12-31,2012,12,0
BOL,2013-01-31,2013,1,0
BOL,2013-02-28,2013,2,0
BOL,2013-03-31,2013,3,0
BOL,2013-04-30,2013,4,0
BOL,2013-05-31,2013,5,0
BOL,2013-06-30,2013,6,0
BOL,2013-07-31,2013,7,0
BOL,2013-08-31,2013,8,0
BOL,2013-09-30,2013,9,0
BOL,2013-10-31,2013,10,0
BOL,2013-11-30,2013,11,0
BOL,2013-12-31,2013,12,0
BOL,2014-01-31,2014,1,0
BOL,2014-02-28,2014,2,0
BOL,2014-03-31,2014,3,0
BOL,2014-04-30,2014,4,0
BOL,2014-05-31,2014,5,0
BOL,2014-06-30,2014,6,0
BOL,2014-07-31,2014,7,0
BOL,2014-08-31,2014,8,0
BOL,2014-09-30,2014,9,0
BOL,2014-10-31,2014,10,0
BOL,2014-11-30,2014,11,0
BOL,2014-12-31,2014,12,0
BOL,2015-01-31,2015,1,0
BOL,2015-02-28,2015,2,0
BOL,2015-03-31,2015,3,0
BOL,2015-04-30,2015,4,0
BOL,2015-05-31,2015,5,0
BOL,2015-06-30,2015,6,0
BOL,2015-07-31,2015,7,0
BOL,2015-08-31,2015,8,0
BOL,2015-09-30,2015,9,0
BOL,2015-10-31,2015,10,0
BOL,2015-11-30,2015,11,0
BOL,2015-12-31,2015,12,0
BOL,2016-01-31,2016,1,0
BOL,2016-02-29,2016,2,0
BOL,2016-03-31,2016,3,0
BOL,2016-04-30,2016,4,0
BOL,2016-05-31,2016,5,0
BOL,2016-06-30,2016,6,0
BOL,2016-07-31,2016,7,0
BOL,2016-08-31,2016,8,0
BOL,2016-09-30,2016,9,0
BOL,2016-10-31,2016,10,0
BOL,2016-11-30,2016,11,0
BOL,2016-12-31,2016,12,0
BRA,1990-01-31,1990,1,0
BRA,1990-02-28,1990,2,0
BRA,1990-03-31,1990,3,0
BRA,1990-04-30,1990,4,0
BRA,1990-05-31,1990,5,0
BRA,1990-06-30,1990,6,0
BRA,1990-07-31,1990,7,0
BRA,1990-08-31,1990,8,0
BRA,1990-09-30,1990,9,0
BRA,1990-10-31,1990,10,0
BRA,1990-11-30,1990,11,0
BRA,1990-12-31,1990,12,0
BRA,1991-01-31,1991,1,1
BRA,1991-02-28,1991,2,1
BRA,1991-03-31,1991,3,1
BRA,1991-04-30,1991,4,1
BRA,1991-05-31,1991,5,1
BRA,1991-06-30,1991,6,1
BRA,1991-07-31,1991,7,1
BRA,1991-08-31,1991,8,1
BRA,1991-09-30,1991,9,1
BRA,1991-10-31,1991,10,1
BRA,1991-11-30,1991,11,1
BRA,1991-12-31,1991,12,1
BRA,1992-01-31,1992,1,0
BRA,1992-02-29,1992,2,0
BRA,1992-03-31,1992,3,0
BRA,1992-04-30,1992,4,0
BRA,1992-05-31,1992,5,0
BRA,1992-06-30,1992,6,0
BRA,1992-07-31,1992,7,0
BRA,1992-08-31,1992,8,0
BRA,1992-09-30,1992,9,0
BRA,1992-10-31,1992,10,0
BRA,1992-11-30,1992,11,0
BRA,1992-12-31,1992,12,0
BRA,1993-01-31,1993,1,0
BRA,1993-02-28,1993,2,0
BRA,1993-03-31,1993,3,0
BRA,1993-04-30,1993,4,0
BRA,1993-05-31,1993,5,0
BRA,1993-06-30,1993,6,0
BRA,1993-07-31,1993,7,0
BRA,1993-08-31,1993,8,0
BRA,1993-09-30,1993,9,0
BRA,1993-10-31,1993,10,0
BRA,1993-11-30,1993,11,0
BRA,1993-12-31,1993,12,0
BRA,1994-01-31,1994,1,0
BRA,1994-02-28,1994,2,0
BRA,1994-03-31,1994,3,0
BRA,1994-04-30,1994,4,0
BRA,1994-05-31,1994,5,0
BRA,1994-06-30,1994,6,0
BRA,1994-07-31,1994,7,0
BRA,1994-08-31,1994,8,0
BRA,1994-09-30,1994,9,0
BRA,1994-10-31,1994,10,0
BRA,1994-11-30,1994,11,0
BRA,1994-12-31,1994,12,0
BRA,1995-01-31,1995,1,0
BRA,1995-02-28,1995,2,0
BRA,1995-03-31,1995,3,0
BRA,1995-04-30,1995,4,0
BRA,1995-05-31,1995,5,0
BRA,1995-06-30,1995,6,0
BRA,1995-07-31,1995,7,0
BRA,1995-08-31,1995,8,0
BRA,1995-09-30,1995,9,0
BRA,1995-10-31,1995,10,0
BRA,1995-11-30,1995,11,0
BRA,1995-12-31,1995,12,0
BRA,1996-01-31,1996,1,0
BRA,1996-02-29,1996,2,0
BRA,1996-03-31,1996,3,0
BRA,1996-04-30,1996,4,0
BRA,1996-05-31,1996,5,0
BRA,1996-06-30,1996,6,0
BRA,1996-07-31,1996,7,0
BRA,1996-08-31,1996,8,0
BRA,1996-09-30,1996,9,0
BRA,1996-10-31,1996,10,0
BRA,1996-11-30,1996,11,0
BRA,1996-12-31,1996,12,0
BRA,1997-01-31,1997,1,0
BRA,1997-02-28,1997,2,0
BRA,1997-03-31,1997,3,0
BRA,1997-04-30,1997,4,0
BRA,1997-05-31,1997,5,0
BRA,1997-06-30,1997,6,0
BRA,1997-07-31,1997,7,0
BRA,1997-08-31,1997,8,0
BRA,1997-09-30,1997,9,0
BRA,1997-10-31,1997,10,0
BRA,1997-11-30,1997,11,0
BRA,1997-12-31,1997,12,0
BRA,1998-01-31,1998,1,1
BRA,1998-02-28,1998,2,1
BRA,1998-03-31,1998,3,1
BRA,1998-04-30,1998,4,1
BRA,1998-05-31,1998,5,1
BRA,1998-06-30,1998,6,1
BRA,1998-07-31,1998,7,1
BRA,1998-08-31,1998,8,1
BRA,1998-09-30,1998,9,1
BRA,1998-10-31,1998,10,1
BRA,1998-11-30,1998,11,1
BRA,1998-12-31,1998,12,1
BRA,1999-01-31,1999,1,0
BRA,1999-02-28,1999,2,0
BRA,1999-03-31,1999,3,0
BRA,1999-04-30,1999,4,0
BRA,1999-05-31,1999,5,0
BRA,1999-06-30,1999,6,0
BRA,1999-07-31,1999,7,0
BRA,1999-08-31,1999,8,0
BRA,1999-09-30,1999,9,0
BRA,1999-10-31,1999,10,0
BRA,1999-11-30,1999,11,0
BRA,1999-12-31,1999,12,0
BRA,2000-01-31,2000,1,0
BRA,2000-02-29,2000,2,0
BRA,2000-03-31,2000,3,0
BRA,2000-04-30,2000,4,0
BRA,2000-05-31,2000,5,0
BRA,2000-06-30,2000,6,0
BRA,2000-07-31,2000,7,0
BRA,2000-08-31,2000,8,0
BRA,2000-09-30,2000,9,0
BRA,2000-10-31,2000,10,0
BRA,2000-11-30,2000,11,0
BRA,2000-12-31,2000,12,0
BRA,2001-01-31,2001,1,0
BRA,2001-02-28,2001,2,0
BRA,2001-03-31,2001,3,0
BRA,2001-04-30,2001,4,0
BRA,2001-05-31,2001,5,0
BRA,2001-06-30,2001,6,0
BRA,2001-07-31,2001,7,0
BRA,2001-08-31,2001,8,0
BRA,2001-09-30,2001,9,0
BRA,2001-10-31,2001,10,0
BRA,2001-11-30,2001,11,0
BRA,2001-12-31,2001,12,0
BRA,2002-01-31,2002,1,0
BRA,2002-02-28,2002,2,0
BRA,2002-03-31,2002,3,0
BRA,2002-04-30,2002,4,0
BRA,2002-05-31,2002,5,0
BRA,2002-06-30,2002,6,0
BRA,2002-07-31,2002,7,0
BRA,2002-08-31,2002,8,0
BRA,2002-09-30,2002,9,0
BRA,2002-10-31,2002,10,0
BRA,2002-11-30,2002,11,0
BRA,2002-12-31,2002,12,0
BRA,2003-01-31,2003,1,0
BRA,2003-02-28,2003,2,0
BRA,2003-03-31,2003,3,0
BRA,2003-04-30,2003,4,0
BRA,2003-05-31,2003,5,0
BRA,2003-06-30,2003,6,0
BRA,2003-07-31,2003,7,0
BRA,2003-08-31,2003,8,0
BRA,2003-09-30,2003,9,0
BRA,2003-10-31,2003,10,0
BRA,2003-11-30,2003,11,0
BRA,2003-12-31,2003,12,0
BRA,2004-01-31,2004,1,0
BRA,2004-02-29,2004,2,0
BRA,2004-03-31,2004,3,0
BRA,2004-04-30,2004,4,0
BRA,2004-05-31,2004,5,0
BRA,2004-06-30,2004,6,0
BRA,2004-07-31,2004,7,0
BRA,2004-08-31,2004,8,0
BRA,2004-09-30,2004,9,0
BRA,2004-10-31,2004,10,0
BRA,2004-11-30,2004,11,0
BRA,2004-12-31,2004,12,0
BRA,2005-01-31,2005,1,0
BRA,2005-02-28,2005,2,0
BRA,2005-03-31,2005,3,0
BRA,2005-04-30,2005,4,0
BRA,2005-05-31,2005,5,0
BRA,2005-06-30,2005,6,0
BRA,2005-07-31,2005,7,0
BRA,2005-08-31,2005,8,0
BRA,2005-09-30,2005,9,0
BRA,2005-10-31,2005,10,0
BRA,2005-11-30,2005,11,0
BRA,2005-12-31,2005,12,0
BRA,2006-01-31,2006,1,0
BRA,2006-02-28,2006,2,0
BRA,2006-03-31,2006,3,0
BRA,2006-04-30,2006,4,0
BRA,2006-05-31,2006,5,0
BRA,2006-06-30,2006,6,0
BRA,2006-07-31,2006,7,0
BRA,2006-08-31,2006,8,0
BRA,2006-09-30,2006,9,0
BRA,2006-10-31,2006,10,0
BRA,2006-11-30,2006,11,0
BRA,2006-12-31,2006,12,0
BRA,2007-01-31,2007,1,0
BRA,2007-02-28,2007,2,0
BRA,2007-03-31,2007,3,0
BRA,2007-04-30,2007,4,0
BRA,2007-05-31,2007,5,0
BRA,2007-06-30,2007,6,0
BRA,2007-07-31,2007,7,0
BRA,2007-08-31,2007,8,0
BRA,2007-09-30,2007,9,0
BRA,2007-10-31,2007,10,0
BRA,2007-11-30,2007,11,0
BRA,2007-12-31,2007,12,0
BRA,2008-01-31,2008,1,0
BRA,2008-02-29,2008,2,0
BRA,2008-03-31,2008,3,0
BRA,2008-04-30,2008,4,0
BRA,2008-05-31,2008,5,0
BRA,2008-06-30,2008,6,0
BRA,2008-07-31,2008,7,0
BRA,2008-08-31,2008,8,0
BRA,2008-09-30,2008,9,0
BRA,2008-10-31,2008,10,0
BRA,2008-11-30,2008,11,0
BRA,2008-12-31,2008,12,0
BRA,2009-01-31,2009,1,0
BRA,2009-02-28,2009,2,0
BRA,2009-03-31,2009,3,0
BRA,2009-04-30,2009,4,0
BRA,2009-05-31,2009,5,0
BRA,2009-06-30,2009,6,0
BRA,2009-07-31,2009,7,0
BRA,2009-08-31,2009,8,0
BRA,2009-09-30,2009,9,0
BRA,2009-10-31,2009,10,0
BRA,2009-11-30,2009,11,0
BRA,2009-12-31,2009,12,0
BRA,2010-01-31,2010,1,0
BRA,2010-02-28,2010,2,0
BRA,2010-03-31,2010,3,0
BRA,2010-04-30,2010,4,0
BRA,2010-05-31,2010,5,0
BRA,2010-06-30,2010,6,0
BRA,2010-07-31,2010,7,0
BRA,2010-08-31,2010,8,0
BRA,2010-09-30,2010,9,0
BRA,2010-10-31,2010,10,0
BRA,2010-11-30,2010,11,0
BRA,2010-12-31,2010,12,0
BRA,2011-01-31,2011,1,0
BRA,2011-02-28,2011,2,0
BRA,2011-03-31,2011,3,0
BRA,2011-04-30,2011,4,0
BRA,2011-05-31,2011,5,0
BRA,2011-06-30,2011,6,0
BRA,2011-07-31,2011,7,0
BRA,2011-08-31,2011,8,0
BRA,2011-09-30,2011,9,0
BRA,2011-10-31,2011,10,0
BRA,2011-11-30,2011,11,0
BRA,2011-12-31,2011,12,0
BRA,2012-01-31,2012,1,0
BRA,2012-02-29,2012,2,0
BRA,2012-03-31,2012,3,0
BRA,2012-04-30,2012,4,0
BRA,2012-05-31,2012,5,0
BRA,2012-06-30,2012,6,0
BRA,2012-07-31,2012,7,0
BRA,2012-08-31,2012,8,0
BRA,2012-09-30,2012,9,0
BRA,2012-10-31,2012,10,0
BRA,2012-11-30,2012,11,0
BRA,2012-12-31,2012,12,0
BRA,2013-01-31,2013,1,0
BRA,2013-02-28,2013,2,0
BRA,2013-03-31,2013,3,0
BRA,2013-04-30,2013,4,0
BRA,2013-05-31,2013,5,0
BRA,2013-06-30,2013,6,0
BRA,2013-07-31,2013,7,0
BRA,2013-08-31,2013,8,0
BRA,2013-09-30,2013,9,0
BRA,2013-10-31,2013,10,0
BRA,2013-11-30,2013,11,0
BRA,2013-12-31,2013,12,0
BRA,2014-01-31,2014,1,1
BRA,2014-02-28,2014,2,1
BRA,2014-03-31,2014,3,1
BRA,2014-04-30,2014,4,1
BRA,2014-05-31,2014,5,1
BRA,2014-06-30,2014,6,1
BRA,2014-07-31,2014,7,1
BRA,2014-08-31,2014,8,1
BRA,2014-09-30,2014,9,1
BRA,2014-10-31,2014,10,1
BRA,2014-11-30,2014,11,1
BRA,2014-12-31,2014,12,1
BRA,2015-01-31,2015,1,0
BRA,2015-02-28,2015,2,0
BRA,2015-03-31,2015,3,0
BRA,2015-04-30,2015,4,0
BRA,2015-05-31,2015,5,0
BRA,2015-06-30,2015,6,0
BRA,2015-07-31,2015,7,0
BRA,2015-08-31,2015,8,0
BRA,2015-09-30,2015,9,0
BRA,2015-10-31,2015,10,0
BRA,2015-11-30,2015,11,0
BRA,2015-12-31,2015,12,0
BRA,2016-01-31,2016,1,0
BRA,2016-02-29,2016,2,0
BRA,2016-03-31,2016,3,0
BRA,2016-04-30,2016,4,0
BRA,2016-05-31,2016,5,0
BRA,2016-06-30,2016,6,0
BRA,2016-07-31,2016,7,0
BRA,2016-08-31,2016,8,0
BRA,2016-09-30,2016,9,0
BRA,2016-10-31,2016,10,0
BRA,2016-11-30,2016,11,0
BRA,2016-12-31,2016,12,0
BWA,1990-01-31,1990,1,0
BWA,1990-02-28,1990,2,0
BWA,1990-03-31,1990,3,0
BWA,1990-04-30,1990,4,0
BWA,1990-05-31,1990,5,0
BWA,1990-06-30,1990,6,0
BWA,1990-07-31,1990,7,0
BWA,1990-08-31,1990,8,0
BWA,1990-09-30,1990,9,0
BWA,1990-10-31,1990,10,0
BWA,1990-11-30,1990,11,0
BWA,1990-12-31,1990,12,0
BWA,1991-01-31,1991,1,0
BWA,1991-02-28,1991,2,0
BWA,1991-03-31,1991,3,0
BWA,1991-04-30,1991,4,0
BWA,1991-05-31,1991,5,0
BWA,1991-06-30,1991,6,0
BWA,1991-07-31,1991,7,0
BWA,1991-08-31,1991,8,0
BWA,1991-09-30,1991,9,0
BWA,1991-10-31,1991,10,0
BWA,1991-11-30,1991,11,0
BWA,1991-12-31,1991,12,0
BWA,1992-01-31,1992,1,0
BWA,1992-02-29,1992,2,0
BWA,1992-03-31,1992,3,0
BWA,1992-04-30,1992,4,0
BWA,1992-05-31,1992,5,0
BWA,1992-06-30,1992,6,0
BWA,1992-07-31,1992,7,0
BWA,1992-08-31,1992,8,0
BWA,1992-09-30,1992,9,0
BWA,1992-10-31,1992,10,0
BWA,1992-11-30,1992,11,0
BWA,1992-12-31,1992,12,0
BWA,1993-01-31,1993,1,0
BWA,1993-02-28,1993,2,0
BWA,1993-03-31,1993,3,0
BWA,1993-04-30,1993,4,0
BWA,1993-05-31,1993,5,0
BWA,1993-06-30,1993,6,0
BWA,1993-07-31,1993,7,0
BWA,1993-08-31,1993,8,0
BWA,1993-09-30,1993,9,0
BWA,1993-10-31,1993,10,0
BWA,1993-11-30,1993,11,0
BWA,1993-12-31,1993,12,0
BWA,1994-01-31,1994,1,0
BWA,1994-02-28,1994,2,0
BWA,1994-03-31,1994,3,0
BWA,1994-04-30,1994,4,0
BWA,1994-05-31,1994,5,0
BWA,1994-06-30,1994,6,0
BWA,1994-07-31,1994,7,0
BWA,1994-08-31,1994,8,0
BWA,1994-09-30,1994,9,0
BWA,1994-10-31,1994,10,0
BWA,1994-11-30,1994,11,0
BWA,1994-12-31,1994,12,0
BWA,1995-01-31,1995,1,0
BWA,1995-02-28,1995,2,0
BWA,1995-03-31,1995,3,0
BWA,1995-04-30,1995,4,0
BWA,1995-05-31,1995,5,0
BWA,1995-06-30,1995,6,0
BWA,1995-07-31,1995,7,0
BWA,1995-08-31,1995,8,0
BWA,1995-09-30,1995,9,0
BWA,1995-10-31,1995,10,0
BWA,1995-11-30,1995,11,0
BWA,1995-12-31,1995,12,0
BWA,1996-01-31,1996,1,0
BWA,1996-02-29,1996,2,0
BWA,1996-03-31,1996,3,0
BWA,1996-04-30,1996,4,0
BWA,1996-05-31,1996,5,0
BWA,1996-06-30,1996,6,0
BWA,1996-07-31,1996,7,0
BWA,1996-08-31,1996,8,0
BWA,1996-09-30,1996,9,0
BWA,1996-10-31,1996,10,0
BWA,1996-11-30,1996,11,0
BWA,1996-12-31,1996,12,0
BWA,1997-01-31,1997,1,0
BWA,1997-02-28,1997,2,0
BWA,1997-03-31,1997,3,0
BWA,1997-04-30,1997,4,0
BWA,1997-05-31,1997,5,0
BWA,1997-06-30,1997,6,0
BWA,1997-07-31,1997,7,0
BWA,1997-08-31,1997,8,0
BWA,1997-09-30,1997,9,0
BWA,1997-10-31,1997,10,0
BWA,1997-11-30,1997,11,0
BWA,1997-12-31,1997,12,0
BWA,1998-01-31,1998,1,0
BWA,1998-02-28,1998,2,0
BWA,1998-03-31,1998,3,0
BWA,1998-04-30,1998,4,0
BWA,1998-05-31,1998,5,0
BWA,1998-06-30,1998,6,0
BWA,1998-07-31,1998,7,0
BWA,1998-08-31,1998,8,0
BWA,1998-09-30,1998,9,0
BWA,1998-10-31,1998,10,0
BWA,1998-11-30,1998,11,0
BWA,1998-12-31,1998,12,0
BWA,1999-01-31,1999,1,0
BWA,1999-02-28,1999,2,0
BWA,1999-03-31,1999,3,0
BWA,1999-04-30,1999,4,0
BWA,1999-05-31,1999,5,0
BWA,1999-06-30,1999,6,0
BWA,1999-07-31,1999,7,0
BWA,1999-08-31,1999,8,0
BWA,1999-09-30,1999,9,0
BWA,1999-10-31,1999,10,0
BWA,1999-11-30,1999,11,0
BWA,1999-12-31,1999,12,0
BWA,2000-01-31,2000,1,0
BWA,2000-02-29,2000,2,0
BWA,2000-03-31,2000,3,0
BWA,2000-04-30,2000,4,0
BWA,2000-05-31,2000,5,0
BWA,2000-06-30,2000,6,0
BWA,2000-07-31,2000,7,0
BWA,2000-08-31,2000,8,0
BWA,2000-09-30,2000,9,0
BWA,2000-10-31,2000,10,0
BWA,2000-11-30,2000,11,0
BWA,2000-12-31,2000,12,0
BWA,2001-01-31,2001,1,0
BWA,2001-02-28,2001,2,0
BWA,2001-03-31,2001,3,0
BWA,2001-04-30,2001,4,0
BWA,2001-05-31,2001,5,0
BWA,2001-06-30,2001,6,0
BWA,2001-07-31,2001,7,0
BWA,2001-08-31,2001,8,0
BWA,2001-09-30,2001,9,0
BWA,2001-10-31,2001,10,0
BWA,2001-11-30,2001,11,0
BWA,2001-12-31,2001,12,0
BWA,2002-01-31,2002,1,0
BWA,2002-02-28,2002,2,0
BWA,2002-03-31,2002,3,0
BWA,2002-04-30,2002,4,0
BWA,2002-05-31,2002,5,0
BWA,2002-06-30,2002,6,0
BWA,2002-07-31,2002,7,0
BWA,2002-08-31,2002,8,0
BWA,2002-09-30,2002,9,0
BWA,2002-10-31,2002,10,0
BWA,2002-11-30,2002,11,0
BWA,2002-12-31,2002,12,0
BWA,2003-01-31,2003,1,0
BWA,2003-02-28,2003,2,0
BWA,2003-03-31,2003,3,0
BWA,2003-04-30,2003,4,0
BWA,2003-05-31,2003,5,0
BWA,2003-06-30,2003,6,0
BWA,2003-07-31,2003,7,0
BWA,2003-08-31,2003,8,0
BWA,2003-09-30,2003,9,0
BWA,2003-10-31,2003,10,0
BWA,2003-11-30,2003,11,0
BWA,2003-12-31,2003,12,0
BWA,2004-01-31,2004,1,0
BWA,2004-02-29,2004,2,0
BWA,2004-03-31,2004,3,0
BWA,2004-04-30,2004,4,0
BWA,2004-05-31,2004,5,0
BWA,2004-06-30,2004,6,0
BWA,2004-07-31,2004,7,0
BWA,2004-08-31,2004,8,0
BWA,2004-09-30,2004,9,0
BWA,2004-10-31,2004,10,0
BWA,2004-11-30,2004,11,0
BWA,2004-12-31,2004,12,0
BWA,2005-01-31,2005,1,0
BWA,2005-02-28,2005,2,0
BWA,2005-03-31,2005,3,0
BWA,2005-04-30,2005,4,0
BWA,2005-05-31,2005,5,0
BWA,2005-06-30,2005,6,0
BWA,2005-07-31,2005,7,0
BWA,2005-08-31,2005,8,0
BWA,2005-09-30,2005,9,0
BWA,2005-10-31,2005,10,0
BWA,2005-11-30,2005,11,0
BWA,2005-12-31,2005,12,0
BWA,2006-01-31,2006,1,0
BWA,2006-02-28,2006,2,0
BWA,2006-03-31,2006,3,0
BWA,2006-04-30,2006,4,0
BWA,2006-05-31,2006,5,0
BWA,2006-06-30,2006,6,0
BWA,2006-07-31,2006,7,0
BWA,2006-08-31,2006,8,0
BWA,2006-09-30,2006,9,0
BWA,2006-10-31,2006,10,0
BWA,2006-11-30,2006,11,0
BWA,2006-12-31,2006,12,0
BWA,2007-01-31,2007,1,0
BWA,2007-02-28,2007,2,0
BWA,2007-03-31,2007,3,0
BWA,2007-04-30,2007,4,0
BWA,2007-05-31,2007,5,0
BWA,2007-06-30,2007,6,0
BWA,2007-07-31,2007,7,0
BWA,2007-08-31,2007,8,0
BWA,2007-09-30,2007,9,0
BWA,2007-10-31,2007,10,0
BWA,2007-11-30,2007,11,0
BWA,2007-12-31,2007,12,0
BWA,2008-01-31,2008,1,0
BWA,2008-02-29,2008,2,0
BWA,2008-03-31,2008,3,0
BWA,2008-04-30,2008,4,0
BWA,2008-05-31,2008,5,0
BWA,2008-06-30,2008,6,0
BWA,2008-07-31,2008,7,0
BWA,2008-08-31,2008,8,0
BWA,2008-09-30,2008,9,0
BWA,2008-10-31,2008,10,0
BWA,2008-11-30,2008,11,0
BWA,2008-12-31,2008,12,0
BWA,2009-01-31,2009,1,0
BWA,2009-02-28,2009,2,0
BWA,2009-03-31,2009,3,0
BWA,2009-04-30,2009,4,0
BWA,2009-05-31,2009,5,0
BWA,2009-06-30,2009,6,0
BWA,2009-07-31,2009,7,0
BWA,2009-08-31,2009,8,0
BWA,2009-09-30,2009,9,0
BWA,2009-10-31,2009,10,0
BWA,2009-11-30,2009,11,0
BWA,2009-12-31,2009,12,0
BWA,2010-01-31,2010,1,0
BWA,2010-02-28,2010,2,0
BWA,2010-03-31,2010,3,0
BWA,2010-04-30,2010,4,0
BWA,2010-05-31,2010,5,0
BWA,2010-06-30,2010,6,0
BWA,2010-07-31,2010,7,0
BWA,2010-08-31,2010,8,0
BWA,2010-09-30,2010,9,0
BWA,2010-10-31,2010,10,0
BWA,2010-11-30,2010,11,0
BWA,2010-12-31,2010,12,0
BWA,2011-01-31,2011,1,0
BWA,2011-02-28,2011,2,0
BWA,2011-03-31,2011,3,0
BWA,2011-04-30,2011,4,0
BWA,2011-05-31,2011,5,0
BWA,2011-06-30,2011,6,0
BWA,2011-07-31,2011,7,0
BWA,2011-08-31,2011,8,0
BWA,2011-09-30,2011,9,0
BWA,2011-10-31,2011,10,0
BWA,2011-11-30,2011,11,0
BWA,2011-12-31,2011,12,0
BWA,2012-01-31,2012,1,0
BWA,2012-02-29,2012,2,0
BWA,2012-03-31,2012,3,0
BWA,2012-04-30,2012,4,0
BWA,2012-05-31,2012,5,0
BWA,2012-06-30,2012,6,0
BWA,2012-07-31,2012,7,0
BWA,2012-08-31,2012,8,0
BWA,2012-09-30,2012,9,0
BWA,2012-10-31,2012,10,0
BWA,2012-11-30,2012,11,0
BWA,2012-12-31,2012,12,0
BWA,2013-01-31,2013,1,0
BWA,2013-02-28,2013,2,0
BWA,2013-03-31,2013,3,0
BWA,2013-04-30,2013,4,0
BWA,2013-05-31,2013,5,0
BWA,2013-06-30,2013,6,0
BWA,2013-07-31,2013,7,0
BWA,2013-08-31,2013,8,0
BWA,2013-09-30,2013,9,0
BWA,2013-10-31,2013,10,0
BWA,2013-11-30,2013,11,0
BWA,2013-12-31,2013,12,0
BWA,2014-01-31,2014,1,0
BWA,2014-02-28,2014,2,0
BWA,2014-03-31,2014,3,0
BWA,2014-04-30,2014,4,0
BWA,2014-05-31,2014,5,0
BWA,2014-06-30,2014,6,0
BWA,2014-07-31,2014,7,0
BWA,2014-08-31,2014,8,0
BWA,2014-09-30,2014,9,0
BWA,2014-10-31,2014,10,0
BWA,2014-11-30,2014,11,0
BWA,2014-12-31,2014,12,0
BWA,2015-01-31,2015,1,0
BWA,2015-02-28,2015,2,0
BWA,2015-03-31,2015,3,0
BWA,2015-04-30,2015,4,0
BWA,2015-05-31,2015,5,0
BWA,2015-06-30,2015,6,0
BWA,2015-07-31,2015,7,0
BWA,2015-08-31,2015,8,0
BWA,2015-09-30,2015,9,0
BWA,2015-10-31,2015,10,0
BWA,2015-11-30,2015,11,0
BWA,2015-12-31,2015,12,0
BWA,2016-01-31,2016,1,0
BWA,2016-02-29,2016,2,0
BWA,2016-03-31,2016,3,0
BWA,2016-04-30,2016,4,0
BWA,2016-05-31,2016,5,0
BWA,2016-06-30,2016,6,0
BWA,2016-07-31,2016,7,0
BWA,2016-08-31,2016,8,0
BWA,2016-09-30,2016,9,0
BWA,2016-10-31,2016,10,0
BWA,2016-11-30,2016,11,0
BWA,2016-12-31,2016,12,0
CAF,1990-01-31,1990,1,0
CAF,1990-02-28,1990,2,0
CAF,1990-03-31,1990,3,0
CAF,1990-04-30,1990,4,0
CAF,1990-05-31,1990,5,0
CAF,1990-06-30,1990,6,0
CAF,1990-07-31,1990,7,0
CAF,1990-08-31,1990,8,0
CAF,1990-09-30,1990,9,0
CAF,1990-10-31,1990,10,0
CAF,1990-11-30,1990,11,0
CAF,1990-12-31,1990,12,0
CAF,1991-01-31,1991,1,0
CAF,1991-02-28,1991,2,0
CAF,1991-03-31,1991,3,0
CAF,1991-04-30,1991,4,0
CAF,1991-05-31,1991,5,0
CAF,1991-06-30,1991,6,0
CAF,1991-07-31,1991,7,0
CAF,1991-08-31,1991,8,0
CAF,1991-09-30,1991,9,0
CAF,1991-10-31,1991,10,0
CAF,1991-11-30,1991,11,0
CAF,1991-12-31,1991,12,0
CAF,1992-01-31,1992,1,0
CAF,1992-02-29,1992,2,0
CAF,1992-03-31,1992,3,0
CAF,1992-04-30,1992,4,0
CAF,1992-05-31,1992,5,0
CAF,1992-06-30,1992,6,0
CAF,1992-07-31,1992,7,0
CAF,1992-08-31,1992,8,0
CAF,1992-09-30,1992,9,0
CAF,1992-10-31,1992,10,0
CAF,1992-11-30,1992,11,0
CAF,1992-12-31,1992,12,0
CAF,1993-01-31,1993,1,1
CAF,1993-02-28,1993,2,1
CAF,1993-03-31,1993,3,1
CAF,1993-04-30,1993,4,1
CAF,1993-05-31,1993,5,1
CAF,1993-06-30,1993,6,1
CAF,1993-07-31,1993,7,1
CAF,1993-08-31,1993,8,1
CAF,1993-09-30,1993,9,1
CAF,1993-10-31,1993,10,1
CAF,1993-11-30,1993,11,1
CAF,1993-12-31,1993,12,1
CAF,1994-01-31,1994,1,0
CAF,1994-02-28,1994,2,0
CAF,1994-03-31,1994,3,0
CAF,1994-04-30,1994,4,0
CAF,1994-05-31,1994,5,0
CAF,1994-06-30,1994,6,0
CAF,1994-07-31,1994,7,0
CAF,1994-08-31,1994,8,0
CAF,1994-09-30,1994,9,0
CAF,1994-10-31,1994,10,0
CAF,1994-11-30,1994,11,0
CAF,1994-12-31,1994,12,0
CAF,1995-01-31,1995,1,0
CAF,1995-02-28,1995,2,0
CAF,1995-03-31,1995,3,0
CAF,1995-04-30,1995,4,0
CAF,1995-05-31,1995,5,0
CAF,1995-06-30,1995,6,0
CAF,1995-07-31,1995,7,0
CAF,1995-08-31,1995,8,0
CAF,1995-09-30,1995,9,0
CAF,1995-10-31,1995,10,0
CAF,1995-11-30,1995,11,0
CAF,1995-12-31,1995,12,0
CAF,1996-01-31,1996,1,0
CAF,1996-02-29,1996,2,0
CAF,1996-03-31,1996,3,0
CAF,1996-04-30,1996,4,0
CAF,1996-05-31,1996,5,0
CAF,1996-06-30,1996,6,0
CAF,1996-07-31,1996,7,0
CAF,1996-08-31,1996,8,0
CAF,1996-09-30,1996,9,0
CAF,1996-10-31,1996,10,0
CAF,1996-11-30,1996,11,0
CAF,1996-12-31,1996,12,0
CAF,1997-01-31,1997,1,0
CAF,1997-02-28,1997,2,0
CAF,1997-03-31,1997,3,0
CAF,1997-04-30,1997,4,0
CAF,1997-05-31,1997,5,0
CAF,1997-06-30,1997,6,0
CAF,1997-07-31,1997,7,0
CAF,1997-08-31,1997,8,0
CAF,1997-09-30,1997,9,0
CAF,1997-10-31,1997,10,0
CAF,1997-11-30,1997,11,0
CAF,1997-12-31,1997,12,0
CAF,1998-01-31,1998,1,0
CAF,1998-02-28,1998,2,0
CAF,1998-03-31,1998,3,0
CAF,1998-04-30,1998,4,0
CAF,1998-05-31,1998,5,0
CAF,1998-06-30,1998,6,0
CAF,1998-07-31,1998,7,0
CAF,1998-08-31,1998,8,0
CAF,1998-09-30,1998,9,0
CAF,1998-10-31,1998,10,0
CAF,1998-11-30,1998,11,0
CAF,1998-12-31,1998,12,0
CAF,1999-01-31,1999,1,0
CAF,1999-02-28,1999,2,0
CAF,1999-03-31,1999,3,0
CAF,1999-04-30,1999,4,0
CAF,1999-05-31,1999,5,0
CAF,1999-06-30,1999,6,0
CAF,1999-07-31,1999,7,0
CAF,1999-08-31,1999,8,0
CAF,1999-09-30,1999,9,0
CAF,1999-10-31,1999,10,0
CAF,1999-11-30,1999,11,0
CAF,1999-12-31,1999,12,0
CAF,2000-01-31,2000,1,0
CAF,2000-02-29,2000,2,0
CAF,2000-03-31,2000,3,0
CAF,2000-04-30,2000,4,0
CAF,2000-05-31,2000,5,0
CAF,2000-06-30,2000,6,0
CAF,2000-07-31,2000,7,0
CAF,2000-08-31,2000,8,0
CAF,2000-09-30,2000,9,0
CAF,2000-10-31,2000,10,0
CAF,2000-11-30,2000,11,0
CAF,2000-12-31,2000,12,0
CAF,2001-01-31,2001,1,0
CAF,2001-02-28,2001,2,0
CAF,2001-03-31,2001,3,0
CAF,2001-04-30,2001,4,0
CAF,2001-05-31,2001,5,0
CAF,2001-06-30,2001,6,0
CAF,2001-07-31,2001,7,0
CAF,2001-08-31,2001,8,0
CAF,2001-09-30,2001,9,0
CAF,2001-10-31,2001,10,0
CAF,2001-11-30,2001,11,0
CAF,2001-12-31,2001,12,0
CAF,2002-01-31,2002,1,0
CAF,2002-02-28,2002,2,0
CAF,2002-03-31,2002,3,0
CAF,2002-04-30,2002,4,0
CAF,2002-05-31,2002,5,0
CAF,2002-06-30,2002,6,0
CAF,2002-07-31,2002,7,0
CAF,2002-08-31,2002,8,0
CAF,2002-09-30,2002,9,0
CAF,2002-10-31,2002,10,0
CAF,2002-11-30,2002,11,0
CAF,2002-12-31,2002,12,0
CAF,2003-01-31,2003,1,0
CAF,2003-02-28,2003,2,0
CAF,2003-03-31,2003,3,0
CAF,2003-04-30,2003,4,0
CAF,2003-05-31,2003,5,0
CAF,2003-06-30,2003,6,0
CAF,2003-07-31,2003,7,0
CAF,2003-08-31,2003,8,0
CAF,2003-09-30,2003,9,0
CAF,2003-10-31,2003,10,0
CAF,2003-11-30,2003,11,0
CAF,2003-12-31,2003,12,0
CAF,2004-01-31,2004,1,0
CAF,2004-02-29,2004,2,0
CAF,2004-03-31,2004,3,0
CAF,2004-04-30,2004,4,0
CAF,2004-05-31,2004,5,0
CAF,2004-06-30,2004,6,0
CAF,2004-07-31,2004,7,0
CAF,2004-08-31,2004,8,0
CAF,2004-09-30,2004,9,0
CAF,2004-10-31,2004,10,0
CAF,2004-11-30,2004,11,0
CAF,2004-12-31,2004,12,0
CAF,2005-01-31,2005,1,0
CAF,2005-02-28,2005,2,0
CAF,2005-03-31,2005,3,0
CAF,2005-04-30,2005,4,0
CAF,2005-05-31,2005,5,0
CAF,2005-06-30,2005,6,0
CAF,2005-07-31,2005,7,0
CAF,2005-08-31,2005,8,0
CAF,2005-09-30,2005,9,0
CAF,2005-10-31,2005,10,0
CAF,2005-11-30,2005,11,0
CAF,2005-12-31,2005,12,0
CAF,2006-01-31,2006,1,0
CAF,2006-02-28,2006,2,0
CAF,2006-03-31,2006,3,0
CAF,2006-04-30,2006,4,0
CAF,2006-05-31,2006,5,0
CAF,2006-06-30,2006,6,0
CAF,2006-07-31,2006,7,0
CAF,2006-08-31,2006,8,0
CAF,2006-09-30,2006,9,0
CAF,2006-10-31,2006,10,0
CAF,2006-11-30,2006,11,0
CAF,2006-12-31,2006,12,0
CAF,2007-01-31,2007,1,0
CAF,2007-02-28,2007,2,0
CAF,2007-03-31,2007,3,0
CAF,2007-04-30,2007,4,0
CAF,2007-05-31,2007,5,0
CAF,2007-06-30,2007,6,0
CAF,2007-07-31,2007,7,0
CAF,2007-08-31,2007,8,0
CAF,2007-09-30,2007,9,0
CAF,2007-10-31,2007,10,0
CAF,2007-11-30,2007,11,0
CAF,2007-12-31,2007,12,0
CAF,2008-01-31,2008,1,0
CAF,2008-02-29,2008,2,0
CAF,2008-03-31,2008,3,0
CAF,2008-04-30,2008,4,0
CAF,2008-05-31,2008,5,0
CAF,2008-06-30,2008,6,0
CAF,2008-07-31,2008,7,0
CAF,2008-08-31,2008,8,0
CAF,2008-09-30,2008,9,0
CAF,2008-10-31,2008,10,0
CAF,2008-11-30,2008,11,0
CAF,2008-12-31,2008,12,0
CAF,2009-01-31,2009,1,0
CAF,2009-02-28,2009,2,0
CAF,2009-03-31,2009,3,0
CAF,2009-04-30,2009,4,0
CAF,2009-05-31,2009,5,0
CAF,2009-06-30,2009,6,0
CAF,2009-07-31,2009,7,0
CAF,2009-08-31,2009,8,0
CAF,2009-09-30,2009,9,0
CAF,2009-10-31,2009,10,0
CAF,2009-11-30,2009,11,0
CAF,2009-12-31,2009,12,0
CAF,2010-01-31,2010,1,0
CAF,2010-02-28,2010,2,0
CAF,2010-03-31,2010,3,0
CAF,2010-04-30,2010,4,0
CAF,2010-05-31,2010,5,0
CAF,2010-06-30,2010,6,0
CAF,2010-07-31,2010,7,0
CAF,2010-08-31,2010,8,0
CAF,2010-09-30,2010,9,0
CAF,2010-10-31,2010,10,0
CAF,2010-11-30,2010,11,0
CAF,2010-12-31,2010,12,0
CAF,2011-01-31,2011,1,0
CAF,2011-02-28,2011,2,0
CAF,2011-03-31,2011,3,0
CAF,2011-04-30,2011,4,0
CAF,2011-05-31,2011,5,0
CAF,2011-06-30,2011,6,0
CAF,2011-07-31,2011,7,0
CAF,2011-08-31,2011,8,0
CAF,2011-09-30,2011,9,0
CAF,2011-10-31,2011,10,0
CAF,2011-11-30,2011,11,0
CAF,2011-12-31,2011,12,0
CAF,2012-01-31,2012,1,0
CAF,2012-02-29,2012,2,0
CAF,2012-03-31,2012,3,0
CAF,2012-04-30,2012,4,0
CAF,2012-05-31,2012,5,0
CAF,2012-06-30,2012,6,0
CAF,2012-07-31,2012,7,0
CAF,2012-08-31,2012,8,0
CAF,2012-09-30,2012,9,0
CAF,2012-10-31,2012,10,0
CAF,2012-11-30,2012,11,0
CAF,2012-12-31,2012,12,0
CAF,2013-01-31,2013,1,0
CAF,2013-02-28,2013,2,0
CAF,2013-03-31,2013,3,0
CAF,2013-04-30,2013,4,0
CAF,2013-05-31,2013,5,0
CAF,2013-06-30,2013,6,0
CAF,2013-07-31,2013,7,0
CAF,2013-08-31,2013,8,0
CAF,2013-09-30,2013,9,0
CAF,2013-10-31,2013,10,0
CAF,2013-11-30,2013,11,0
CAF,2013-12-31,2013,12,0
CAF,2014-01-31,2014,1,0
CAF,2014-02-28,2014,2,0
CAF,2014-03-31,2014,3,0
CAF,2014-04-30,2014,4,0
CAF,2014-05-31,2014,5,0
CAF,2014-06-30,2014,6,0
CAF,2014-07-31,2014,7,0
CAF,2014-08-31,2014,8,0
CAF,2014-09-30,2014,9,0
CAF,2014-10-31,2014,10,0
CAF,2014-11-30,2014,11,0
CAF,2014-12-31,2014,12,0
CAF,2015-01-31,2015,1,0
CAF,2015-02-28,2015,2,0
CAF,2015-03-31,2015,3,0
CAF,2015-04-30,2015,4,0
CAF,2015-05-31,2015,5,0
CAF,2015-06-30,2015,6,0
CAF,2015-07-31,2015,7,0
CAF,2015-08-31,2015,8,0
CAF,2015-09-30,2015,9,0
CAF,2015-10-31,2015,10,0
CAF,2015-11-30,2015,11,0
CAF,2015-12-31,2015,12,0
CAF,2016-01-31,2016,1,0
CAF,2016-02-29,2016,2,0
CAF,2016-03-31,2016,3,0
CAF,2016-04-30,2016,4,0
CAF,2016-05-31,2016,5,0
CAF,2016-06-30,2016,6,0
CAF,2016-07-31,2016,7,0
CAF,2016-08-31,2016,8,0
CAF,2016-09-30,2016,9,0
CAF,2016-10-31,2016,10,0
CAF,2016-11-30,2016,11,0
CAF,2016-12-31,2016,12,0
CHL,1990-01-31,1990,1,0
CHL,1990-02-28,1990,2,0
CHL,1990-03-31,1990,3,0
CHL,1990-04-30,1990,4,0
CHL,1990-05-31,1990,5,0
CHL,1990-06-30,1990,6,0
CHL,1990-07-31,1990,7,0
CHL,1990-08-31,1990,8,0
CHL,1990-09-30,1990,9,0
CHL,1990-10-31,1990,10,0
CHL,1990-11-30,1990,11,0
CHL,1990-12-31,1990,12,0
CHL,1991-01-31,1991,1,0
CHL,1991-02-28,1991,2,0
CHL,1991-03-31,1991,3,0
CHL,1991-04-30,1991,4,0
CHL,1991-05-31,1991,5,0
CHL,1991-06-30,1991,6,0
CHL,1991-07-31,1991,7,0
CHL,1991-08-31,1991,8,0
CHL,1991-09-30,1991,9,0
CHL,1991-10-31,1991,10,0
CHL,1991-11-30,1991,11,0
CHL,1991-12-31,1991,12,0
CHL,1992-01-31,1992,1,0
CHL,1992-02-29,1992,2,0
CHL,1992-03-31,1992,3,0
CHL,1992-04-30,1992,4,0
CHL,1992-05-31,1992,5,0
CHL,1992-06-30,1992,6,0
CHL,1992-07-31,1992,7,0
CHL,1992-08-31,1992,8,0
CHL,1992-09-30,1992,9,0
CHL,1992-10-31,1992,10,0
CHL,1992-11-30,1992,11,0
CHL,1992-12-31,1992,12,0
CHL,1993-01-31,1993,1,0
CHL,1993-02-28,1993,2,0
CHL,1993-03-31,1993,3,0
CHL,1993-04-30,1993,4,0
CHL,1993-05-31,1993,5,0
CHL,1993-06-30,1993,6,0
CHL,1993-07-31,1993,7,0
CHL,1993-08-31,1993,8,0
CHL,1993-09-30,1993,9,0
CHL,1993-10-31,1993,10,0
CHL,1993-11-30,1993,11,0
CHL,1993-12-31,1993,12,0
CHL,1994-01-31,1994,1,0
CHL,1994-02-28,1994,2,0
CHL,1994-03-31,1994,3,0
CHL,1994-04-30,1994,4,0
CHL,1994-05-31,1994,5,0
CHL,1994-06-30,1994,6,0
CHL,1994-07-31,1994,7,0
CHL,1994-08-31,1994,8,0
CHL,1994-09-30,1994,9,0
CHL,1994-10-31,1994,10,0
CHL,1994-11-30,1994,11,0
CHL,1994-12-31,1994,12,0
CHL,1995-01-31,1995,1,0
CHL,1995-02-28,1995,2,0
CHL,1995-03-31,1995,3,0
CHL,1995-04-30,1995,4,0
CHL,1995-05-31,1995,5,0
CHL,1995-06-30,1995,6,0
CHL,1995-07-31,1995,7,0
CHL,1995-08-31,1995,8,0
CHL,1995-09-30,1995,9,0
CHL,1995-10-31,1995,10,0
CHL,1995-11-30,1995,11,0
CHL,1995-12-31,1995,12,0
CHL,1996-01-31,1996,1,0
CHL,1996-02-29,1996,2,0
CHL,1996-03-31,1996,3,0
CHL,1996-04-30,1996,4,0
CHL,1996-05-31,1996,5,0
CHL,1996-06-30,1996,6,0
CHL,1996-07-31,1996,7,0
CHL,1996-08-31,1996,8,0
CHL,1996-09-30,1996,9,0
CHL,1996-10-31,1996,10,0
CHL,1996-11-30,1996,11,0
CHL,1996-12-31,1996,12,0
CHL,1997-01-31,1997,1,0
CHL,1997-02-28,1997,2,0
CHL,1997-03-31,1997,3,0
CHL,1997-04-30,1997,4,0
CHL,1997-05-31,1997,5,0
CHL,1997-06-30,1997,6,0
CHL,1997-07-31,1997,7,0
CHL,1997-08-31,1997,8,0
CHL,1997-09-30,1997,9,0
CHL,1997-10-31,1997,10,0
CHL,1997-11-30,1997,11,0
CHL,1997-12-31,1997,12,0
CHL,1998-01-31,1998,1,0
CHL,1998-02-28,1998,2,0
CHL,1998-03-31,1998,3,0
CHL,1998-04-30,1998,4,0
CHL,1998-05-31,1998,5,0
CHL,1998-06-30,1998,6,0
CHL,1998-07-31,1998,7,0
CHL,1998-08-31,1998,8,0
CHL,1998-09-30,1998,9,0
CHL,1998-10-31,1998,10,0
CHL,1998-11-30,1998,11,0
CHL,1998-12-31,1998,12,0
CHL,1999-01-31,1999,1,0
CHL,1999-02-28,1999,2,0
CHL,1999-03-31,1999,3,0
CHL,1999-04-30,1999,4,0
CHL,1999-05-31,1999,5,0
CHL,1999-06-30,1999,6,0
CHL,1999-07-31,1999,7,0
CHL,1999-08-31,1999,8,0
CHL,1999-09-30,1999,9,0
CHL,1999-10-31,1999,10,0
CHL,1999-11-30,1999,11,0
CHL,1999-12-31,1999,12,0
CHL,2000-01-31,2000,1,0
CHL,2000-02-29,2000,2,0
CHL,2000-03-31,2000,3,0
CHL,2000-04-30,2000,4,0
CHL,2000-05-31,2000,5,0
CHL,2000-06-30,2000,6,0
CHL,2000-07-31,2000,7,0
CHL,2000-08-31,2000,8,0
CHL,2000-09-30,2000,9,0
CHL,2000-10-31,2000,10,0
CHL,2000-11-30,2000,11,0
CHL,2000-12-31,2000,12,0
CHL,2001-01-31,2001,1,0
CHL,2001-02-28,2001,2,0
CHL,2001-03-31,2001,3,0
CHL,2001-04-30,2001,4,0
CHL,2001-05-31,2001,5,0
CHL,2001-06-30,2001,6,0
CHL,2001-07-31,2001,7,0
CHL,2001-08-31,2001,8,0
CHL,2001-09-30,2001,9,0
CHL,2001-10-31,2001,10,0
CHL,2001-11-30,2001,11,0
CHL,2001-12-31,2001,12,0
CHL,2002-01-31,2002,1,0
CHL,2002-02-28,2002,2,0
CHL,2002-03-31,2002,3,0
CHL,2002-04-30,2002,4,0
CHL,2002-05-31,2002,5,0
CHL,2002-06-30,2002,6,0
CHL,2002-07-31,2002,7,0
CHL,2002-08-31,2002,8,0
CHL,2002-09-30,2002,9,0
CHL,2002-10-31,2002,10,0
CHL,2002-11-30,2002,11,0
CHL,2002-12-31,2002,12,0
CHL,2003-01-31,2003,1,0
CHL,2003-02-28,2003,2,0
CHL,2003-03-31,2003,3,0
CHL,2003-04-30,2003,4,0
CHL,2003-05-31,2003,5,0
CHL,2003-06-30,2003,6,0
CHL,2003-07-31,2003,7,0
CHL,2003-08-31,2003,8,0
CHL,2003-09-30,2003,9,0
CHL,2003-10-31,2003,10,0
CHL,2003-11-30,2003,11,0
CHL,2003-12-31,2003,12,0
CHL,2004-01-31,2004,1,0
CHL,2004-02-29,2004,2,0
CHL,2004-03-31,2004,3,0
CHL,2004-04-30,2004,4,0
CHL,2004-05-31,2004,5,0
CHL,2004-06-30,2004,6,0
CHL,2004-07-31,2004,7,0
CHL,2004-08-31,2004,8,0
CHL,2004-09-30,2004,9,0
CHL,2004-10-31,2004,10,0
CHL,2004-11-30,2004,11,0
CHL,2004-12-31,2004,12,0
CHL,2005-01-31,2005,1,0
CHL,2005-02-28,2005,2,0
CHL,2005-03-31,2005,3,0
CHL,2005-04-30,2005,4,0
CHL,2005-05-31,2005,5,0
CHL,2005-06-30,2005,6,0
CHL,2005-07-31,2005,7,0
CHL,2005-08-31,2005,8,0
CHL,2005-09-30,2005,9,0
CHL,2005-10-31,2005,10,0
CHL,2005-11-30,2005,11,0
CHL,2005-12-31,2005,12,0
CHL,2006-01-31,2006,1,0
CHL,2006-02-28,2006,2,0
CHL,2006-03-31,2006,3,0
CHL,2006-04-30,2006,4,0
CHL,2006-05-31,2006,5,0
CHL,2006-06-30,2006,6,0
CHL,2006-07-31,2006,7,0
CHL,2006-08-31,2006,8,0
CHL,2006-09-30,2006,9,0
CHL,2006-10-31,2006,10,0
CHL,2006-11-30,2006,11,0
CHL,2006-12-31,2006,12,0
CHL,2007-01-31,2007,1,0
CHL,2007-02-28,2007,2,0
CHL,2007-03-31,2007,3,0
CHL,2007-04-30,2007,4,0
CHL,2007-05-31,2007,5,0
CHL,2007-06-30,2007,6,0
CHL,2007-07-31,2007,7,0
CHL,2007-08-31,2007,8,0
CHL,2007-09-30,2007,9,0
CHL,2007-10-31,2007,10,0
CHL,2007-11-30,2007,11,0
CHL,2007-12-31,2007,12,0
CHL,2008-01-31,2008,1,0
CHL,2008-02-29,2008,2,0
CHL,2008-03-31,2008,3,0
CHL,2008-04-30,2008,4,0
CHL,2008-05-31,2008,5,0
CHL,2008-06-30,2008,6,0
CHL,2008-07-31,2008,7,0
CHL,2008-08-31,2008,8,0
CHL,2008-09-30,2008,9,0
CHL,2008-10-31,2008,10,0
CHL,2008-11-30,2008,11,0
CHL,2008-12-31,2008,12,0
CHL,2009-01-31,2009,1,0
CHL,2009-02-28,2009,2,0
CHL,2009-03-31,2009,3,0
CHL,2009-04-30,2009,4,0
CHL,2009-05-31,2009,5,0
CHL,2009-06-30,2009,6,0
CHL,2009-07-31,2009,7,0
CHL,2009-08-31,2009,8,0
CHL,2009-09-30,2009,9,0
CHL,2009-10-31,2009,10,0
CHL,2009-11-30,2009,11,0
CHL,2009-12-31,2009,12,0
CHL,2010-01-31,2010,1,0
CHL,2010-02-28,2010,2,0
CHL,2010-03-31,2010,3,0
CHL,2010-04-30,2010,4,0
CHL,2010-05-31,2010,5,0
CHL,2010-06-30,2010,6,0
CHL,2010-07-31,2010,7,0
CHL,2010-08-31,2010,8,0
CHL,2010-09-30,2010,9,0
CHL,2010-10-31,2010,10,0
CHL,2010-11-30,2010,11,0
CHL,2010-12-31,2010,12,0
CHL,2011-01-31,2011,1,0
CHL,2011-02-28,2011,2,0
CHL,2011-03-31,2011,3,0
CHL,2011-04-30,2011,4,0
CHL,2011-05-31,2011,5,0
CHL,2011-06-30,2011,6,0
CHL,2011-07-31,2011,7,0
CHL,2011-08-31,2011,8,0
CHL,2011-09-30,2011,9,0
CHL,2011-10-31,2011,10,0
CHL,2011-11-30,2011,11,0
CHL,2011-12-31,2011,12,0
CHL,2012-01-31,2012,1,0
CHL,2012-02-29,2012,2,0
CHL,2012-03-31,2012,3,0
CHL,2012-04-30,2012,4,0
CHL,2012-05-31,2012,5,0
CHL,2012-06-30,2012,6,0
CHL,2012-07-31,2012,7,0
CHL,2012-08-31,2012,8,0
CHL,2012-09-30,2012,9,0
CHL,2012-10-31,2012,10,0
CHL,2012-11-30,2012,11,0
CHL,2012-12-31,2012,12,0
CHL,2013-01-31,2013,1,0
CHL,2013-02-28,2013,2,0
CHL,2013-03-31,2013,3,0
CHL,2013-04-30,2013,4,0
CHL,2013-05-31,2013,5,0
CHL,2013-06-30,2013,6,0
CHL,2013-07-31,2013,7,0
CHL,2013-08-31,2013,8,0
CHL,2013-09-30,2013,9,0
CHL,2013-10-31,2013,10,0
CHL,2013-11-30,2013,11,0
CHL,2013-12-31,2013,12,0
CHL,2014-01-31,2014,1,0
CHL,2014-02-28,2014,2,0
CHL,2014-03-31,2014,3,0
CHL,2014-04-30,2014,4,0
CHL,2014-05-31,2014,5,0
CHL,2014-06-30,2014,6,0
CHL,2014-07-31,2014,7,0
CHL,2014-08-31,2014,8,0
CHL,2014-09-30,2014,9,0
CHL,2014-10-31,2014,10,0
CHL,2014-11-30,2014,11,0
CHL,2014-12-31,2014,12,0
CHL,2015-01-31,2015,1,0
CHL,2015-02-28,2015,2,0
CHL,2015-03-31,2015,3,0
CHL,2015-04-30,2015,4,0
CHL,2015-05-31,2015,5,0
CHL,2015-06-30,2015,6,0
CHL,2015-07-31,2015,7,0
CHL,2015-08-31,2015,8,0
CHL,2015-09-30,2015,9,0
CHL,2015-10-31,2015,10,0
CHL,2015-11-30,2015,11,0
CHL,2015-12-31,2015,12,0
CHL,2016-01-31,2016,1,0
CHL,2016-02-29,2016,2,0
CHL,2016-03-31,2016,3,0
CHL,2016-04-30,2016,4,0
CHL,2016-05-31,2016,5,0
CHL,2016-06-30,2016,6,0
CHL,2016-07-31,2016,7,0
CHL,2016-08-31,2016,8,0
CHL,2016-09-30,2016,9,0
CHL,2016-10-31,2016,10,0
CHL,2016-11-30,2016,11,0
CHL,2016-12-31,2016,12,0
CIV,1990-01-31,1990,1,0
CIV,1990-02-28,1990,2,0
CIV,1990-03-31,1990,3,0
CIV,1990-04-30,1990,4,0
CIV,1990-05-31,1990,5,0
CIV,1990-06-30,1990,6,0
CIV,1990-07-31,1990,7,0
CIV,1990-08-31,1990,8,0
CIV,1990-09-30,1990,9,0
CIV,1990-10-31,1990,10,0
CIV,1990-11-30,1990,11,0
CIV,1990-12-31,1990,12,0
CIV,1991-01-31,1991,1,0
CIV,1991-02-28,1991,2,0
CIV,1991-03-31,1991,3,0
CIV,1991-04-30,1991,4,0
CIV,1991-05-31,1991,5,0
CIV,1991-06-30,1991,6,0
CIV,1991-07-31,1991,7,0
CIV,1991-08-31,1991,8,0
CIV,1991-09-30,1991,9,0
CIV,1991-10-31,1991,10,0
CIV,1991-11-30,1991,11,0
CIV,1991-12-31,1991,12,0
CIV,1992-01-31,1992,1,0
CIV,1992-02-29,1992,2,0
CIV,1992-03-31,1992,3,0
CIV,1992-04-30,1992,4,0
CIV,1992-05-31,1992,5,0
CIV,1992-06-30,1992,6,0
CIV,1992-07-31,1992,7,0
CIV,1992-08-31,1992,8,0
CIV,1992-09-30,1992,9,0
CIV,1992-10-31,1992,10,0
CIV,1992-11-30,1992,11,0
CIV,1992-12-31,1992,12,0
CIV,1993-01-31,1993,1,1
CIV,1993-02-28,1993,2,1
CIV,1993-03-31,1993,3,1
CIV,1993-04-30,1993,4,1
CIV,1993-05-31,1993,5,1
CIV,1993-06-30,1993,6,1
CIV,1993-07-31,1993,7,1
CIV,1993-08-31,1993,8,1
CIV,1993-09-30,1993,9,1
CIV,1993-10-31,1993,10,1
CIV,1993-11-30,1993,11,1
CIV,1993-12-31,1993,12,1
CIV,1994-01-31,1994,1,0
CIV,1994-02-28,1994,2,0
CIV,1994-03-31,1994,3,0
CIV,1994-04-30,1994,4,0
CIV,1994-05-31,1994,5,0
CIV,1994-06-30,1994,6,0
CIV,1994-07-31,1994,7,0
CIV,1994-08-31,1994,8,0
CIV,1994-09-30,1994,9,0
CIV,1994-10-31,1994,10,0
CIV,1994-11-30,1994,11,0
CIV,1994-12-31,1994,12,0
CIV,1995-01-31,1995,1,0
CIV,1995-02-28,1995,2,0
CIV,1995-03-31,1995,3,0
CIV,1995-04-30,1995,4,0
CIV,1995-05-31,1995,5,0
CIV,1995-06-30,1995,6,0
CIV,1995-07-31,1995,7,0
CIV,1995-08-31,1995,8,0
CIV,1995-09-30,1995,9,0
CIV,1995-10-31,1995,10,0
CIV,1995-11-30,1995,11,0
CIV,1995-12-31,1995,12,0
CIV,1996-01-31,1996,1,0
CIV,1996-02-29,1996,2,0
CIV,1996-03-31,1996,3,0
CIV,1996-04-30,1996,4,0
CIV,1996-05-31,1996,5,0
CIV,1996-06-30,1996,6,0
CIV,1996-07-31,1996,7,0
CIV,1996-08-31,1996,8,0
CIV,1996-09-30,1996,9,0
CIV,1996-10-31,1996,10,0
CIV,1996-11-30,1996,11,0
CIV,1996-12-31,1996,12,0
CIV,1997-01-31,1997,1,0
CIV,1997-02-28,1997,2,0
CIV,1997-03-31,1997,3,0
CIV,1997-04-30,1997,4,0
CIV,1997-05-31,1997,5,0
CIV,1997-06-30,1997,6,0
CIV,1997-07-31,1997,7,0
CIV,1997-08-31,1997,8,0
CIV,1997-09-30,1997,9,0
CIV,1997-10-31,1997,10,0
CIV,1997-11-30,1997,11,0
CIV,1997-12-31,1997,12,0
CIV,1998-01-31,1998,1,0
CIV,1998-02-28,1998,2,0
CIV,1998-03-31,1998,3,0
CIV,1998-04-30,1998,4,0
CIV,1998-05-31,1998,5,0
CIV,1998-06-30,1998,6,0
CIV,1998-07-31,1998,7,0
CIV,1998-08-31,1998,8,0
CIV,1998-09-30,1998,9,0
CIV,1998-10-31,1998,10,0
CIV,1998-11-30,1998,11,0
CIV,1998-12-31,1998,12,0
CIV,1999-01-31,1999,1,0
CIV,1999-02-28,1999,2,0
CIV,1999-03-31,1999,3,0
CIV,1999-04-30,1999,4,0
CIV,1999-05-31,1999,5,0
CIV,1999-06-30,1999,6,0
CIV,1999-07-31,1999,7,0
CIV,1999-08-31,1999,8,0
CIV,1999-09-30,1999,9,0
CIV,1999-10-31,1999,10,0
CIV,1999-11-30,1999,11,0
CIV,1999-12-31,1999,12,0
CIV,2000-01-31,2000,1,0
CIV,2000-02-29,2000,2,0
CIV,2000-03-31,2000,3,0
CIV,2000-04-30,2000,4,0
CIV,2000-05-31,2000,5,0
CIV,2000-06-30,2000,6,0
CIV,2000-07-31,2000,7,0
CIV,2000-08-31,2000,8,0
CIV,2000-09-30,2000,9,0
CIV,2000-10-31,2000,10,0
CIV,2000-11-30,2000,11,0
CIV,2000-12-31,2000,12,0
CIV,2001-01-31,2001,1,0
CIV,2001-02-28,2001,2,0
CIV,2001-03-31,2001,3,0
CIV,2001-04-30,2001,4,0
CIV,2001-05-31,2001,5,0
CIV,2001-06-30,2001,6,0
CIV,2001-07-31,2001,7,0
CIV,2001-08-31,2001,8,0
CIV,2001-09-30,2001,9,0
CIV,2001-10-31,2001,10,0
CIV,2001-11-30,2001,11,0
CIV,2001-12-31,2001,12,0
CIV,2002-01-31,2002,1,0
CIV,2002-02-28,2002,2,0
CIV,2002-03-31,2002,3,0
CIV,2002-04-30,2002,4,0
CIV,2002-05-31,2002,5,0
CIV,2002-06-30,2002,6,0
CIV,2002-07-31,2002,7,0
CIV,2002-08-31,2002,8,0
CIV,2002-09-30,2002,9,0
CIV,2002-10-31,2002,10,0
CIV,2002-11-30,2002,11,0
CIV,2002-12-31,2002,12,0
CIV,2003-01-31,2003,1,0
CIV,2003-02-28,2003,2,0
CIV,2003-03-31,2003,3,0
CIV,2003-04-30,2003,4,0
CIV,2003-05-31,2003,5,0
CIV,2003-06-30,2003,6,0
CIV,2003-07-31,2003,7,0
CIV,2003-08-31,2003,8,0
CIV,2003-09-30,2003,9,0
CIV,2003-10-31,2003,10,0
CIV,2003-11-30,2003,11,0
CIV,2003-12-31,2003,12,0
CIV,2004-01-31,2004,1,0
CIV,2004-02-29,2004,2,0
CIV,2004-03-31,2004,3,0
CIV,2004-04-30,2004,4,0
CIV,2004-05-31,2004,5,0
CIV,2004-06-30,2004,6,0
CIV,2004-07-31,2004,7,0
CIV,2004-08-31,2004,8,0
CIV,2004-09-30,2004,9,0
CIV,2004-10-31,2004,10,0
CIV,2004-11-30,2004,11,0
CIV,2004-12-31,2004,12,0
CIV,2005-01-31,2005,1,0
CIV,2005-02-28,2005,2,0
CIV,2005-03-31,2005,3,0
CIV,2005-04-30,2005,4,0
CIV,2005-05-31,2005,5,0
CIV,2005-06-30,2005,6,0
CIV,2005-07-31,2005,7,0
CIV,2005-08-31,2005,8,0
CIV,2005-09-30,2005,9,0
CIV,2005-10-31,2005,10,0
CIV,2005-11-30,2005,11,0
CIV,2005-12-31,2005,12,0
CIV,2006-01-31,2006,1,0
CIV,2006-02-28,2006,2,0
CIV,2006-03-31,2006,3,0
CIV,2006-04-30,2006,4,0
CIV,2006-05-31,2006,5,0
CIV,2006-06-30,2006,6,0
CIV,2006-07-31,2006,7,0
CIV,2006-08-31,2006,8,0
CIV,2006-09-30,2006,9,0
CIV,2006-10-31,2006,10,0
CIV,2006-11-30,2006,11,0
CIV,2006-12-31,2006,12,0
CIV,2007-01-31,2007,1,0
CIV,2007-02-28,2007,2,0
CIV,2007-03-31,2007,3,0
CIV,2007-04-30,2007,4,0
CIV,2007-05-31,2007,5,0
CIV,2007-06-30,2007,6,0
CIV,2007-07-31,2007,7,0
CIV,2007-08-31,2007,8,0
CIV,2007-09-30,2007,9,0
CIV,2007-10-31,2007,10,0
CIV,2007-11-30,2007,11,0
CIV,2007-12-31,2007,12,0
CIV,2008-01-31,2008,1,0
CIV,2008-02-29,2008,2,0
CIV,2008-03-31,2008,3,0
CIV,2008-04-30,2008,4,0
CIV,2008-05-31,2008,5,0
CIV,2008-06-30,2008,6,0
CIV,2008-07-31,2008,7,0
CIV,2008-08-31,2008,8,0
CIV,2008-09-30,2008,9,0
CIV,2008-10-31,2008,10,0
CIV,2008-11-30,2008,11,0
CIV,2008-12-31,2008,12,0
CIV,2009-01-31,2009,1,0
CIV,2009-02-28,2009,2,0
CIV,2009-03-31,2009,3,0
CIV,2009-04-30,2009,4,0
CIV,2009-05-31,2009,5,0
CIV,2009-06-30,2009,6,0
CIV,2009-07-31,2009,7,0
CIV,2009-08-31,2009,8,0
CIV,2009-09-30,2009,9,0
CIV,2009-10-31,2009,10,0
CIV,2009-11-30,2009,11,0
CIV,2009-12-31,2009,12,0
CIV,2010-01-31,2010,1,0
CIV,2010-02-28,2010,2,0
CIV,2010-03-31,2010,3,0
CIV,2010-04-30,2010,4,0
CIV,2010-05-31,2010,5,0
CIV,2010-06-30,2010,6,0
CIV,2010-07-31,2010,7,0
CIV,2010-08-31,2010,8,0
CIV,2010-09-30,2010,9,0
CIV,2010-10-31,2010,10,0
CIV,2010-11-30,2010,11,0
CIV,2010-12-31,2010,12,0
CIV,2011-01-31,2011,1,0
CIV,2011-02-28,2011,2,0
CIV,2011-03-31,2011,3,0
CIV,2011-04-30,2011,4,0
CIV,2011-05-31,2011,5,0
CIV,2011-06-30,2011,6,0
CIV,2011-07-31,2011,7,0
CIV,2011-08-31,2011,8,0
CIV,2011-09-30,2011,9,0
CIV,2011-10-31,2011,10,0
CIV,2011-11-30,2011,11,0
CIV,2011-12-31,2011,12,0
CIV,2012-01-31,2012,1,0
CIV,2012-02-29,2012,2,0
CIV,2012-03-31,2012,3,0
CIV,2012-04-30,2012,4,0
CIV,2012-05-31,2012,5,0
CIV,2012-06-30,2012,6,0
CIV,2012-07-31,2012,7,0
CIV,2012-08-31,2012,8,0
CIV,2012-09-30,2012,9,0
CIV,2012-10-31,2012,10,0
CIV,2012-11-30,2012,11,0
CIV,2012-12-31,2012,12,0
CIV,2013-01-31,2013,1,0
CIV,2013-02-28,2013,2,0
CIV,2013-03-31,2013,3,0
CIV,2013-04-30,2013,4,0
CIV,2013-05-31,2013,5,0
CIV,2013-06-30,2013,6,0
CIV,2013-07-31,2013,7,0
CIV,2013-08-31,2013,8,0
CIV,2013-09-30,2013,9,0
CIV,2013-10-31,2013,10,0
CIV,2013-11-30,2013,11,0
CIV,2013-12-31,2013,12,0
CIV,2014-01-31,2014,1,0
CIV,2014-02-28,2014,2,0
CIV,2014-03-31,2014,3,0
CIV,2014-04-30,2014,4,0
CIV,2014-05-31,2014,5,0
CIV,2014-06-30,2014,6,0
CIV,2014-07-31,2014,7,0
CIV,2014-08-31,2014,8,0
CIV,2014-09-30,2014,9,0
CIV,2014-10-31,2014,10,0
CIV,2014-11-30,2014,11,0
CIV,2014-12-31,2014,12,0
CIV,2015-01-31,2015,1,0
CIV,2015-02-28,2015,2,0
CIV,2015-03-31,2015,3,0
CIV,2015-04-30,2015,4,0
CIV,2015-05-31,2015,5,0
CIV,2015-06-30,2015,6,0
CIV,2015-07-31,2015,7,0
CIV,2015-08-31,2015,8,0
CIV,2015-09-30,2015,9,0
CIV,2015-10-31,2015,10,0
CIV,2015-11-30,2015,11,0
CIV,2015-12-31,2015,12,0
CIV,2016-01-31,2016,1,0
CIV,2016-02-29,2016,2,0
CIV,2016-03-31,2016,3,0
CIV,2016-04-30,2016,4,0
CIV,2016-05-31,2016,5,0
CIV,2016-06-30,2016,6,0
CIV,2016-07-31,2016,7,0
CIV,2016-08-31,2016,8,0
CIV,2016-09-30,2016,9,0
CIV,2016-10-31,2016,10,0
CIV,2016-11-30,2016,11,0
CIV,2016-12-31,2016,12,0
CMR,1990-01-31,1990,1,0
CMR,1990-02-28,1990,2,0
CMR,1990-03-31,1990,3,0
CMR,1990-04-30,1990,4,0
CMR,1990-05-31,1990,5,0
CMR,1990-06-30,1990,6,0
CMR,1990-07-31,1990,7,0
CMR,1990-08-31,1990,8,0
CMR,1990-09-30,1990,9,0
CMR,1990-10-31,1990,10,0
CMR,1990-11-30,1990,11,0
CMR,1990-12-31,1990,12,0
CMR,1991-01-31,1991,1,0
CMR,1991-02-28,1991,2,0
CMR,1991-03-31,1991,3,0
CMR,1991-04-30,1991,4,0
CMR,1991-05-31,1991,5,0
CMR,1991-06-30,1991,6,0
CMR,1991-07-31,1991,7,0
CMR,1991-08-31,1991,8,0
CMR,1991-09-30,1991,9,0
CMR,1991-10-31,1991,10,0
CMR,1991-11-30,1991,11,0
CMR,1991-12-31,1991,12,0
CMR,1992-01-31,1992,1,0
CMR,1992-02-29,1992,2,0
CMR,1992-03-31,1992,3,0
CMR,1992-04-30,1992,4,0
CMR,1992-05-31,1992,5,0
CMR,1992-06-30,1992,6,0
CMR,1992-07-31,1992,7,0
CMR,1992-08-31,1992,8,0
CMR,1992-09-30,1992,9,0
CMR,1992-10-31,1992,10,0
CMR,1992-11-30,1992,11,0
CMR,1992-12-31,1992,12,0
CMR,1993-01-31,1993,1,1
CMR,1993-02-28,1993,2,1
CMR,1993-03-31,1993,3,1
CMR,1993-04-30,1993,4,1
CMR,1993-05-31,1993,5,1
CMR,1993-06-30,1993,6,1
CMR,1993-07-31,1993,7,1
CMR,1993-08-31,1993,8,1
CMR,1993-09-30,1993,9,1
CMR,1993-10-31,1993,10,1
CMR,1993-11-30,1993,11,1
CMR,1993-12-31,1993,12,1
CMR,1994-01-31,1994,1,0
CMR,1994-02-28,1994,2,0
CMR,1994-03-31,1994,3,0
CMR,1994-04-30,1994,4,0
CMR,1994-05-31,1994,5,0
CMR,1994-06-30,1994,6,0
CMR,1994-07-31,1994,7,0
CMR,1994-08-31,1994,8,0
CMR,1994-09-30,1994,9,0
CMR,1994-10-31,1994,10,0
CMR,1994-11-30,1994,11,0
CMR,1994-12-31,1994,12,0
CMR,1995-01-31,1995,1,0
CMR,1995-02-28,1995,2,0
CMR,1995-03-31,1995,3,0
CMR,1995-04-30,1995,4,0
CMR,1995-05-31,1995,5,0
CMR,1995-06-30,1995,6,0
CMR,1995-07-31,1995,7,0
CMR,1995-08-31,1995,8,0
CMR,1995-09-30,1995,9,0
CMR,1995-10-31,1995,10,0
CMR,1995-11-30,1995,11,0
CMR,1995-12-31,1995,12,0
CMR,1996-01-31,1996,1,0
CMR,1996-02-29,1996,2,0
CMR,1996-03-31,1996,3,0
CMR,1996-04-30,1996,4,0
CMR,1996-05-31,1996,5,0
CMR,1996-06-30,1996,6,0
CMR,1996-07-31,1996,7,0
CMR,1996-08-31,1996,8,0
CMR,1996-09-30,1996,9,0
CMR,1996-10-31,1996,10,0
CMR,1996-11-30,1996,11,0
CMR,1996-12-31,1996,12,0
CMR,1997-01-31,1997,1,0
CMR,1997-02-28,1997,2,0
CMR,1997-03-31,1997,3,0
CMR,1997-04-30,1997,4,0
CMR,1997-05-31,1997,5,0
CMR,1997-06-30,1997,6,0
CMR,1997-07-31,1997,7,0
CMR,1997-08-31,1997,8,0
CMR,1997-09-30,1997,9,0
CMR,1997-10-31,1997,10,0
CMR,1997-11-30,1997,11,0
CMR,1997-12-31,1997,12,0
CMR,1998-01-31,1998,1,0
CMR,1998-02-28,1998,2,0
CMR,1998-03-31,1998,3,0
CMR,1998-04-30,1998,4,0
CMR,1998-05-31,1998,5,0
CMR,1998-06-30,1998,6,0
CMR,1998-07-31,1998,7,0
CMR,1998-08-31,1998,8,0
CMR,1998-09-30,1998,9,0
CMR,1998-10-31,1998,10,0
CMR,1998-11-30,1998,11,0
CMR,1998-12-31,1998,12,0
CMR,1999-01-31,1999,1,0
CMR,1999-02-28,1999,2,0
CMR,1999-03-31,1999,3,0
CMR,1999-04-30,1999,4,0
CMR,1999-05-31,1999,5,0
CMR,1999-06-30,1999,6,0
CMR,1999-07-31,1999,7,0
CMR,1999-08-31,1999,8,0
CMR,1999-09-30,1999,9,0
CMR,1999-10-31,1999,10,0
CMR,1999-11-30,1999,11,0
CMR,1999-12-31,1999,12,0
CMR,2000-01-31,2000,1,0
CMR,2000-02-29,2000,2,0
CMR,2000-03-31,2000,3,0
CMR,2000-04-30,2000,4,0
CMR,2000-05-31,2000,5,0
CMR,2000-06-30,2000,6,0
CMR,2000-07-31,2000,7,0
CMR,2000-08-31,2000,8,0
CMR,2000-09-30,2000,9,0
CMR,2000-10-31,2000,10,0
CMR,2000-11-30,2000,11,0
CMR,2000-12-31,2000,12,0
CMR,2001-01-31,2001,1,0
CMR,2001-02-28,2001,2,0
CMR,2001-03-31,2001,3,0
CMR,2001-04-30,2001,4,0
CMR,2001-05-31,2001,5,0
CMR,2001-06-30,2001,6,0
CMR,2001-07-31,2001,7,0
CMR,2001-08-31,2001,8,0
CMR,2001-09-30,2001,9,0
CMR,2001-10-31,2001,10,0
CMR,2001-11-30,2001,11,0
CMR,2001-12-31,2001,12,0
CMR,2002-01-31,2002,1,0
CMR,2002-02-28,2002,2,0
CMR,2002-03-31,2002,3,0
CMR,2002-04-30,2002,4,0
CMR,2002-05-31,2002,5,0
CMR,2002-06-30,2002,6,0
CMR,2002-07-31,2002,7,0
CMR,2002-08-31,2002,8,0
CMR,2002-09-30,2002,9,0
CMR,2002-10-31,2002,10,0
CMR,2002-11-30,2002,11,0
CMR,2002-12-31,2002,12,0
CMR,2003-01-31,2003,1,0
CMR,2003-02-28,2003,2,0
CMR,2003-03-31,2003,3,0
CMR,2003-04-30,2003,4,0
CMR,2003-05-31,2003,5,0
CMR,2003-06-30,2003,6,0
CMR,2003-07-31,2003,7,0
CMR,2003-08-31,2003,8,0
CMR,2003-09-30,2003,9,0
CMR,2003-10-31,2003,10,0
CMR,2003-11-30,2003,11,0
CMR,2003-12-31,2003,12,0
CMR,2004-01-31,2004,1,0
CMR,2004-02-29,2004,2,0
CMR,2004-03-31,2004,3,0
CMR,2004-04-30,2004,4,0
CMR,2004-05-31,2004,5,0
CMR,2004-06-30,2004,6,0
CMR,2004-07-31,2004,7,0
CMR,2004-08-31,2004,8,0
CMR,2004-09-30,2004,9,0
CMR,2004-10-31,2004,10,0
CMR,2004-11-30,2004,11,0
CMR,2004-12-31,2004,12,0
CMR,2005-01-31,2005,1,0
CMR,2005-02-28,2005,2,0
CMR,2005-03-31,2005,3,0
CMR,2005-04-30,2005,4,0
CMR,2005-05-31,2005,5,0
CMR,2005-06-30,2005,6,0
CMR,2005-07-31,2005,7,0
CMR,2005-08-31,2005,8,0
CMR,2005-09-30,2005,9,0
CMR,2005-10-31,2005,10,0
CMR,2005-11-30,2005,11,0
CMR,2005-12-31,2005,12,0
CMR,2006-01-31,2006,1,0
CMR,2006-02-28,2006,2,0
CMR,2006-03-31,2006,3,0
CMR,2006-04-30,2006,4,0
CMR,2006-05-31,2006,5,0
CMR,2006-06-30,2006,6,0
CMR,2006-07-31,2006,7,0
CMR,2006-08-31,2006,8,0
CMR,2006-09-30,2006,9,0
CMR,2006-10-31,2006,10,0
CMR,2006-11-30,2006,11,0
CMR,2006-12-31,2006,12,0
CMR,2007-01-31,2007,1,0
CMR,2007-02-28,2007,2,0
CMR,2007-03-31,2007,3,0
CMR,2007-04-30,2007,4,0
CMR,2007-05-31,2007,5,0
CMR,2007-06-30,2007,6,0
CMR,2007-07-31,2007,7,0
CMR,2007-08-31,2007,8,0
CMR,2007-09-30,2007,9,0
CMR,2007-10-31,2007,10,0
CMR,2007-11-30,2007,11,0
CMR,2007-12-31,2007,12,0
CMR,2008-01-31,2008,1,0
CMR,2008-02-29,2008,2,0
CMR,2008-03-31,2008,3,0
CMR,2008-04-30,2008,4,0
CMR,2008-05-31,2008,5,0
CMR,2008-06-30,2008,6,0
CMR,2008-07-31,2008,7,0
CMR,2008-08-31,2008,8,0
CMR,2008-09-30,2008,9,0
CMR,2008-10-31,2008,10,0
CMR,2008-11-30,2008,11,0
CMR,2008-12-31,2008,12,0
CMR,2009-01-31,2009,1,0
CMR,2009-02-28,2009,2,0
CMR,2009-03-31,2009,3,0
CMR,2009-04-30,2009,4,0
CMR,2009-05-31,2009,5,0
CMR,2009-06-30,2009,6,0
CMR,2009-07-31,2009,7,0
CMR,2009-08-31,2009,8,0
CMR,2009-09-30,2009,9,0
CMR,2009-10-31,2009,10,0
CMR,2009-11-30,2009,11,0
CMR,2009-12-31,2009,12,0
CMR,2010-01-31,2010,1,0
CMR,2010-02-28,2010,2,0
CMR,2010-03-31,2010,3,0
CMR,2010-04-30,2010,4,0
CMR,2010-05-31,2010,5,0
CMR,2010-06-30,2010,6,0
CMR,2010-07-31,2010,7,0
CMR,2010-08-31,2010,8,0
CMR,2010-09-30,2010,9,0
CMR,2010-10-31,2010,10,0
CMR,2010-11-30,2010,11,0
CMR,2010-12-31,2010,12,0
CMR,2011-01-31,2011,1,0
CMR,2011-02-28,2011,2,0
CMR,2011-03-31,2011,3,0
CMR,2011-04-30,2011,4,0
CMR,2011-05-31,2011,5,0
CMR,2011-06-30,2011,6,0
CMR,2011-07-31,2011,7,0
CMR,2011-08-31,2011,8,0
CMR,2011-09-30,2011,9,0
CMR,2011-10-31,2011,10,0
CMR,2011-11-30,2011,11,0
CMR,2011-12-31,2011,12,0
CMR,2012-01-31,2012,1,0
CMR,2012-02-29,2012,2,0
CMR,2012-03-31,2012,3,0
CMR,2012-04-30,2012,4,0
CMR,2012-05-31,2012,5,0
CMR,2012-06-30,2012,6,0
CMR,2012-07-31,2012,7,0
CMR,2012-08-31,2012,8,0
CMR,2012-09-30,2012,9,0
CMR,2012-10-31,2012,10,0
CMR,2012-11-30,2012,11,0
CMR,2012-12-31,2012,12,0
CMR,2013-01-31,2013,1,0
CMR,2013-02-28,2013,2,0
CMR,2013-03-31,2013,3,0
CMR,2013-04-30,2013,4,0
CMR,2013-05-31,2013,5,0
CMR,2013-06-30,2013,6,0
CMR,2013-07-31,2013,7,0
CMR,2013-08-31,2013,8,0
CMR,2013-09-30,2013,9,0
CMR,2013-10-31,2013,10,0
CMR,2013-11-30,2013,11,0
CMR,2013-12-31,2013,12,0
CMR,2014-01-31,2014,1,0
CMR,2014-02-28,2014,2,0
CMR,2014-03-31,2014,3,0
CMR,2014-04-30,2014,4,0
CMR,2014-05-31,2014,5,0
CMR,2014-06-30,2014,6,0
CMR,2014-07-31,2014,7,0
CMR,2014-08-31,2014,8,0
CMR,2014-09-30,2014,9,0
CMR,2014-10-31,2014,10,0
CMR,2014-11-30,2014,11,0
CMR,2014-12-31,2014,12,0
CMR,2015-01-31,2015,1,0
CMR,2015-02-28,2015,2,0
CMR,2015-03-31,2015,3,0
CMR,2015-04-30,2015,4,0
CMR,2015-05-31,2015,5,0
CMR,2015-06-30,2015,6,0
CMR,2015-07-31,2015,7,0
CMR,2015-08-31,2015,8,0
CMR,2015-09-30,2015,9,0
CMR,2015-10-31,2015,10,0
CMR,2015-11-30,2015,11,0
CMR,2015-12-31,2015,12,0
CMR,2016-01-31,2016,1,0
CMR,2016-02-29,2016,2,0
CMR,2016-03-31,2016,3,0
CMR,2016-04-30,2016,4,0
CMR,2016-05-31,2016,5,0
CMR,2016-06-30,2016,6,0
CMR,2016-07-31,2016,7,0
CMR,2016-08-31,2016,8,0
CMR,2016-09-30,2016,9,0
CMR,2016-10-31,2016,10,0
CMR,2016-11-30,2016,11,0
CMR,2016-12-31,2016,12,0
COD,1990-01-31,1990,1,0
COD,1990-02-28,1990,2,0
COD,1990-03-31,1990,3,0
COD,1990-04-30,1990,4,0
COD,1990-05-31,1990,5,0
COD,1990-06-30,1990,6,0
COD,1990-07-31,1990,7,0
COD,1990-08-31,1990,8,0
COD,1990-09-30,1990,9,0
COD,1990-10-31,1990,10,0
COD,1990-11-30,1990,11,0
COD,1990-12-31,1990,12,0
COD,1991-01-31,1991,1,0
COD,1991-02-28,1991,2,0
COD,1991-03-31,1991,3,0
COD,1991-04-30,1991,4,0
COD,1991-05-31,1991,5,0
COD,1991-06-30,1991,6,0
COD,1991-07-31,1991,7,0
COD,1991-08-31,1991,8,0
COD,1991-09-30,1991,9,0
COD,1991-10-31,1991,10,0
COD,1991-11-30,1991,11,0
COD,1991-12-31,1991,12,0
COD,1992-01-31,1992,1,0
COD,1992-02-29,1992,2,0
COD,1992-03-31,1992,3,0
COD,1992-04-30,1992,4,0
COD,1992-05-31,1992,5,0
COD,1992-06-30,1992,6,0
COD,1992-07-31,1992,7,0
COD,1992-08-31,1992,8,0
COD,1992-09-30,1992,9,0
COD,1992-10-31,1992,10,0
COD,1992-11-30,1992,11,0
COD,1992-12-31,1992,12,0
COD,1993-01-31,1993,1,1
COD,1993-02-28,1993,2,1
COD,1993-03-31,1993,3,1
COD,1993-04-30,1993,4,1
COD,1993-05-31,1993,5,1
COD,1993-06-30,1993,6,1
COD,1993-07-31,1993,7,1
COD,1993-08-31,1993,8,1
COD,1993-09-30,1993,9,1
COD,1993-10-31,1993,10,1
COD,1993-11-30,1993,11,1
COD,1993-12-31,1993,12,1
COD,1994-01-31,1994,1,0
COD,1994-02-28,1994,2,0
COD,1994-03-31,1994,3,0
COD,1994-04-30,1994,4,0
COD,1994-05-31,1994,5,0
COD,1994-06-30,1994,6,0
COD,1994-07-31,1994,7,0
COD,1994-08-31,1994,8,0
COD,1994-09-30,1994,9,0
COD,1994-10-31,1994,10,0
COD,1994-11-30,1994,11,0
COD,1994-12-31,1994,12,0
COD,1995-01-31,1995,1,0
COD,1995-02-28,1995,2,0
COD,1995-03-31,1995,3,0
COD,1995-04-30,1995,4,0
COD,1995-05-31,1995,5,0
COD,1995-06-30,1995,6,0
COD,1995-07-31,1995,7,0
COD,1995-08-31,1995,8,0
COD,1995-09-30,1995,9,0
COD,1995-10-31,1995,10,0
COD,1995-11-30,1995,11,0
COD,1995-12-31,1995,12,0
COD,1996-01-31,1996,1,0
COD,1996-02-29,1996,2,0
COD,1996-03-31,1996,3,0
COD,1996-04-30,1996,4,0
COD,1996-05-31,1996,5,0
COD,1996-06-30,1996,6,0
COD,1996-07-31,1996,7,0
COD,1996-08-31,1996,8,0
COD,1996-09-30,1996,9,0
COD,1996-10-31,1996,10,0
COD,1996-11-30,1996,11,0
COD,1996-12-31,1996,12,0
COD,1997-01-31,1997,1,0
COD,1997-02-28,1997,2,0
COD,1997-03-31,1997,3,0
COD,1997-04-30,1997,4,0
COD,1997-05-31,1997,5,0
COD,1997-06-30,1997,6,0
COD,1997-07-31,1997,7,0
COD,1997-08-31,1997,8,0
COD,1997-09-30,1997,9,0
COD,1997-10-31,1997,10,0
COD,1997-11-30,1997,11,0
COD,1997-12-31,1997,12,0
COD,1998-01-31,1998,1,1
COD,1998-02-28,1998,2,1
COD,1998-03-31,1998,3,1
COD,1998-04-30,1998,4,1
COD,1998-05-31,1998,5,1
COD,1998-06-30,1998,6,1
COD,1998-07-31,1998,7,1
COD,1998-08-31,1998,8,1
COD,1998-09-30,1998,9,1
COD,1998-10-31,1998,10,1
COD,1998-11-30,1998,11,1
COD,1998-12-31,1998,12,1
COD,1999-01-31,1999,1,0
COD,1999-02-28,1999,2,0
COD,1999-03-31,1999,3,0
COD,1999-04-30,1999,4,0
COD,1999-05-31,1999,5,0
COD,1999-06-30,1999,6,0
COD,1999-07-31,1999,7,0
COD,1999-08-31,1999,8,0
COD,1999-09-30,1999,9,0
COD,1999-10-31,1999,10,0
COD,1999-11-30,1999,11,0
COD,1999-12-31,1999,12,0
COD,2000-01-31,2000,1,0
COD,2000-02-29,2000,2,0
COD,2000-03-31,2000,3,0
COD,2000-04-30,2000,4,0
COD,2000-05-31,2000,5,0
COD,2000-06-30,2000,6,0
COD,2000-07-31,2000,7,0
COD,2000-08-31,2000,8,0
COD,2000-09-30,2000,9,0
COD,2000-10-31,2000,10,0
COD,2000-11-30,2000,11,0
COD,2000-12-31,2000,12,0
COD,2001-01-31,2001,1,0
COD,2001-02-28,2001,2,0
COD,2001-03-31,2001,3,0
COD,2001-04-30,2001,4,0
COD,2001-05-31,2001,5,0
COD,2001-06-30,2001,6,0
COD,2001-07-31,2001,7,0
COD,2001-08-31,2001,8,0
COD,2001-09-30,2001,9,0
COD,2001-10-31,2001,10,0
COD,2001-11-30,2001,11,0
COD,2001-12-31,2001,12,0
COD,2002-01-31,2002,1,0
COD,2002-02-28,2002,2,0
COD,2002-03-31,2002,3,0
COD,2002-04-30,2002,4,0
COD,2002-05-31,2002,5,0
COD,2002-06-30,2002,6,0
COD,2002-07-31,2002,7,0
COD,2002-08-31,2002,8,0
COD,2002-09-30,2002,9,0
COD,2002-10-31,2002,10,0
COD,2002-11-30,2002,11,0
COD,2002-12-31,2002,12,0
COD,2003-01-31,2003,1,0
COD,2003-02-28,2003,2,0
COD,2003-03-31,2003,3,0
COD,2003-04-30,2003,4,0
COD,2003-05-31,2003,5,0
COD,2003-06-30,2003,6,0
COD,2003-07-31,2003,7,0
COD,2003-08-31,2003,8,0
COD,2003-09-30,2003,9,0
COD,2003-10-31,2003,10,0
COD,2003-11-30,2003,11,0
COD,2003-12-31,2003,12,0
COD,2004-01-31,2004,1,0
COD,2004-02-29,2004,2,0
COD,2004-03-31,2004,3,0
COD,2004-04-30,2004,4,0
COD,2004-05-31,2004,5,0
COD,2004-06-30,2004,6,0
COD,2004-07-31,2004,7,0
COD,2004-08-31,2004,8,0
COD,2004-09-30,2004,9,0
COD,2004-10-31,2004,10,0
COD,2004-11-30,2004,11,0
COD,2004-12-31,2004,12,0
COD,2005-01-31,2005,1,0
COD,2005-02-28,2005,2,0
COD,2005-03-31,2005,3,0
COD,2005-04-30,2005,4,0
COD,2005-05-31,2005,5,0
COD,2005-06-30,2005,6,0
COD,2005-07-31,2005,7,0
COD,2005-08-31,2005,8,0
COD,2005-09-30,2005,9,0
COD,2005-10-31,2005,10,0
COD,2005-11-30,2005,11,0
COD,2005-12-31,2005,12,0
COD,2006-01-31,2006,1,0
COD,2006-02-28,2006,2,0
COD,2006-03-31,2006,3,0
COD,2006-04-30,2006,4,0
COD,2006-05-31,2006,5,0
COD,2006-06-30,2006,6,0
COD,2006-07-31,2006,7,0
COD,2006-08-31,2006,8,0
COD,2006-09-30,2006,9,0
COD,2006-10-31,2006,10,0
COD,2006-11-30,2006,11,0
COD,2006-12-31,2006,12,0
COD,2007-01-31,2007,1,0
COD,2007-02-28,2007,2,0
COD,2007-03-31,2007,3,0
COD,2007-04-30,2007,4,0
COD,2007-05-31,2007,5,0
COD,2007-06-30,2007,6,0
COD,2007-07-31,2007,7,0
COD,2007-08-31,2007,8,0
COD,2007-09-30,2007,9,0
COD,2007-10-31,2007,10,0
COD,2007-11-30,2007,11,0
COD,2007-12-31,2007,12,0
COD,2008-01-31,2008,1,1
COD,2008-02-29,2008,2,1
COD,2008-03-31,2008,3,1
COD,2008-04-30,2008,4,1
COD,2008-05-31,2008,5,1
COD,2008-06-30,2008,6,1
COD,2008-07-31,2008,7,1
COD,2008-08-31,2008,8,1
COD,2008-09-30,2008,9,1
COD,2008-10-31,2008,10,1
COD,2008-11-30,2008,11,1
COD,2008-12-31,2008,12,1
COD,2009-01-31,2009,1,0
COD,2009-02-28,2009,2,0
COD,2009-03-31,2009,3,0
COD,2009-04-30,2009,4,0
COD,2009-05-31,2009,5,0
COD,2009-06-30,2009,6,0
COD,2009-07-31,2009,7,0
COD,2009-08-31,2009,8,0
COD,2009-09-30,2009,9,0
COD,2009-10-31,2009,10,0
COD,2009-11-30,2009,11,0
COD,2009-12-31,2009,12,0
COD,2010-01-31,2010,1,0
COD,2010-02-28,2010,2,0
COD,2010-03-31,2010,3,0
COD,2010-04-30,2010,4,0
COD,2010-05-31,2010,5,0
COD,2010-06-30,2010,6,0
COD,2010-07-31,2010,7,0
COD,2010-08-31,2010,8,0
COD,2010-09-30,2010,9,0
COD,2010-10-31,2010,10,0
COD,2010-11-30,2010,11,0
COD,2010-12-31,2010,12,0
COD,2011-01-31,2011,1,0
COD,2011-02-28,2011,2,0
COD,2011-03-31,2011,3,0
COD,2011-04-30,2011,4,0
COD,2011-05-31,2011,5,0
COD,2011-06-30,2011,6,0
COD,2011-07-31,2011,7,0
COD,2011-08-31,2011,8,0
COD,2011-09-30,2011,9,0
COD,2011-10-31,2011,10,0
COD,2011-11-30,2011,11,0
COD,2011-12-31,2011,12,0
COD,2012-01-31,2012,1,0
COD,2012-02-29,2012,2,0
COD,2012-03-31,2012,3,0
COD,2012-04-30,2012,4,0
COD,2012-05-31,2012,5,0
COD,2012-06-30,2012,6,0
COD,2012-07-31,2012,7,0
COD,2012-08-31,2012,8,0
COD,2012-09-30,2012,9,0
COD,2012-10-31,2012,10,0
COD,2012-11-30,2012,11,0
COD,2012-12-31,2012,12,0
COD,2013-01-31,2013,1,0
COD,2013-02-28,2013,2,0
COD,2013-03-31,2013,3,0
COD,2013-04-30,2013,4,0
COD,2013-05-31,2013,5,0
COD,2013-06-30,2013,6,0
COD,2013-07-31,2013,7,0
COD,2013-08-31,2013,8,0
COD,2013-09-30,2013,9,0
COD,2013-10-31,2013,10,0
COD,2013-11-30,2013,11,0
COD,2013-12-31,2013,12,0
COD,2014-01-31,2014,1,0
COD,2014-02-28,2014,2,0
COD,2014-03-31,2014,3,0
COD,2014-04-30,2014,4,0
COD,2014-05-31,2014,5,0
COD,2014-06-30,2014,6,0
COD,2014-07-31,2014,7,0
COD,2014-08-31,2014,8,0
COD,2014-09-30,2014,9,0
COD,2014-10-31,2014,10,0
COD,2014-11-30,2014,11,0
COD,2014-12-31,2014,12,0
COD,2015-01-31,2015,1,1
COD,2015-02-28,2015,2,1
COD,2015-03-31,2015,3,1
COD,2015-04-30,2015,4,1
COD,2015-05-31,2015,5,1
COD,2015-06-30,2015,6,1
COD,2015-07-31,2015,7,1
COD,2015-08-31,2015,8,1
COD,2015-09-30,2015,9,1
COD,2015-10-31,2015,10,1
COD,2015-11-30,2015,11,1
COD,2015-12-31,2015,12,1
COD,2016-01-31,2016,1,0
COD,2016-02-29,2016,2,0
COD,2016-03-31,2016,3,0
COD,2016-04-30,2016,4,0
COD,2016-05-31,2016,5,0
COD,2016-06-30,2016,6,0
COD,2016-07-31,2016,7,0
COD,2016-08-31,2016,8,0
COD,2016-09-30,2016,9,0
COD,2016-10-31,2016,10,0
COD,2016-11-30,2016,11,0
COD,2016-12-31,2016,12,0
COG,1990-01-31,1990,1,0
COG,1990-02-28,1990,2,0
COG,1990-03-31,1990,3,0
COG,1990-04-30,1990,4,0
COG,1990-05-31,1990,5,0
COG,1990-06-30,1990,6,0
COG,1990-07-31,1990,7,0
COG,1990-08-31,1990,8,0
COG,1990-09-30,1990,9,0
COG,1990-10-31,1990,10,0
COG,1990-11-30,1990,11,0
COG,1990-12-31,1990,12,0
COG,1991-01-31,1991,1,0
COG,1991-02-28,1991,2,0
COG,1991-03-31,1991,3,0
COG,1991-04-30,1991,4,0
COG,1991-05-31,1991,5,0
COG,1991-06-30,1991,6,0
COG,1991-07-31,1991,7,0
COG,1991-08-31,1991,8,0
COG,1991-09-30,1991,9,0
COG,1991-10-31,1991,10,0
COG,1991-11-30,1991,11,0
COG,1991-12-31,1991,12,0
COG,1992-01-31,1992,1,0
COG,1992-02-29,1992,2,0
COG,1992-03-31,1992,3,0
COG,1992-04-30,1992,4,0
COG,1992-05-31,1992,5,0
COG,1992-06-30,1992,6,0
COG,1992-07-31,1992,7,0
COG,1992-08-31,1992,8,0
COG,1992-09-30,1992,9,0
COG,1992-10-31,1992,10,0
COG,1992-11-30,1992,11,0
COG,1992-12-31,1992,12,0
COG,1993-01-31,1993,1,1
COG,1993-02-28,1993,2,1
COG,1993-03-31,1993,3,1
COG,1993-04-30,1993,4,1
COG,1993-05-31,1993,5,1
COG,1993-06-30,1993,6,1
COG,1993-07-31,1993,7,1
COG,1993-08-31,1993,8,1
COG,1993-09-30,1993,9,1
COG,1993-10-31,1993,10,1
COG,1993-11-30,1993,11,1
COG,1993-12-31,1993,12,1
COG,1994-01-31,1994,1,0
COG,1994-02-28,1994,2,0
COG,1994-03-31,1994,3,0
COG,1994-04-30,1994,4,0
COG,1994-05-31,1994,5,0
COG,1994-06-30,1994,6,0
COG,1994-07-31,1994,7,0
COG,1994-08-31,1994,8,0
COG,1994-09-30,1994,9,0
COG,1994-10-31,1994,10,0
COG,1994-11-30,1994,11,0
COG,1994-12-31,1994,12,0
COG,1995-01-31,1995,1,0
COG,1995-02-28,1995,2,0
COG,1995-03-31,1995,3,0
COG,1995-04-30,1995,4,0
COG,1995-05-31,1995,5,0
COG,1995-06-30,1995,6,0
COG,1995-07-31,1995,7,0
COG,1995-08-31,1995,8,0
COG,1995-09-30,1995,9,0
COG,1995-10-31,1995,10,0
COG,1995-11-30,1995,11,0
COG,1995-12-31,1995,12,0
COG,1996-01-31,1996,1,0
COG,1996-02-29,1996,2,0
COG,1996-03-31,1996,3,0
COG,1996-04-30,1996,4,0
COG,1996-05-31,1996,5,0
COG,1996-06-30,1996,6,0
COG,1996-07-31,1996,7,0
COG,1996-08-31,1996,8,0
COG,1996-09-30,1996,9,0
COG,1996-10-31,1996,10,0
COG,1996-11-30,1996,11,0
COG,1996-12-31,1996,12,0
COG,1997-01-31,1997,1,0
COG,1997-02-28,1997,2,0
COG,1997-03-31,1997,3,0
COG,1997-04-30,1997,4,0
COG,1997-05-31,1997,5,0
COG,1997-06-30,1997,6,0
COG,1997-07-31,1997,7,0
COG,1997-08-31,1997,8,0
COG,1997-09-30,1997,9,0
COG,1997-10-31,1997,10,0
COG,1997-11-30,1997,11,0
COG,1997-12-31,1997,12,0
COG,1998-01-31,1998,1,0
COG,1998-02-28,1998,2,0
COG,1998-03-31,1998,3,0
COG,1998-04-30,1998,4,0
COG,1998-05-31,1998,5,0
COG,1998-06-30,1998,6,0
COG,1998-07-31,1998,7,0
COG,1998-08-31,1998,8,0
COG,1998-09-30,1998,9,0
COG,1998-10-31,1998,10,0
COG,1998-11-30,1998,11,0
COG,1998-12-31,1998,12,0
COG,1999-01-31,1999,1,0
COG,1999-02-28,1999,2,0
COG,1999-03-31,1999,3,0
COG,1999-04-30,1999,4,0
COG,1999-05-31,1999,5,0
COG,1999-06-30,1999,6,0
COG,1999-07-31,1999,7,0
COG,1999-08-31,1999,8,0
COG,1999-09-30,1999,9,0
COG,1999-10-31,1999,10,0
COG,1999-11-30,1999,11,0
COG,1999-12-31,1999,12,0
COG,2000-01-31,2000,1,0
COG,2000-02-29,2000,2,0
COG,2000-03-31,2000,3,0
COG,2000-04-30,2000,4,0
COG,2000-05-31,2000,5,0
COG,2000-06-30,2000,6,0
COG,2000-07-31,2000,7,0
COG,2000-08-31,2000,8,0
COG,2000-09-30,2000,9,0
COG,2000-10-31,2000,10,0
COG,2000-11-30,2000,11,0
COG,2000-12-31,2000,12,0
COG,2001-01-31,2001,1,0
COG,2001-02-28,2001,2,0
COG,2001-03-31,2001,3,0
COG,2001-04-30,2001,4,0
COG,2001-05-31,2001,5,0
COG,2001-06-30,2001,6,0
COG,2001-07-31,2001,7,0
COG,2001-08-31,2001,8,0
COG,2001-09-30,2001,9,0
COG,2001-10-31,2001,10,0
COG,2001-11-30,2001,11,0
COG,2001-12-31,2001,12,0
COG,2002-01-31,2002,1,0
COG,2002-02-28,2002,2,0
COG,2002-03-31,2002,3,0
COG,2002-04-30,2002,4,0
COG,2002-05-31,2002,5,0
COG,2002-06-30,2002,6,0
COG,2002-07-31,2002,7,0
COG,2002-08-31,2002,8,0
COG,2002-09-30,2002,9,0
COG,2002-10-31,2002,10,0
COG,2002-11-30,2002,11,0
COG,2002-12-31,2002,12,0
COG,2003-01-31,2003,1,0
COG,2003-02-28,2003,2,0
COG,2003-03-31,2003,3,0
COG,2003-04-30,2003,4,0
COG,2003-05-31,2003,5,0
COG,2003-06-30,2003,6,0
COG,2003-07-31,2003,7,0
COG,2003-08-31,2003,8,0
COG,2003-09-30,2003,9,0
COG,2003-10-31,2003,10,0
COG,2003-11-30,2003,11,0
COG,2003-12-31,2003,12,0
COG,2004-01-31,2004,1,0
COG,2004-02-29,2004,2,0
COG,2004-03-31,2004,3,0
COG,2004-04-30,2004,4,0
COG,2004-05-31,2004,5,0
COG,2004-06-30,2004,6,0
COG,2004-07-31,2004,7,0
COG,2004-08-31,2004,8,0
COG,2004-09-30,2004,9,0
COG,2004-10-31,2004,10,0
COG,2004-11-30,2004,11,0
COG,2004-12-31,2004,12,0
COG,2005-01-31,2005,1,0
COG,2005-02-28,2005,2,0
COG,2005-03-31,2005,3,0
COG,2005-04-30,2005,4,0
COG,2005-05-31,2005,5,0
COG,2005-06-30,2005,6,0
COG,2005-07-31,2005,7,0
COG,2005-08-31,2005,8,0
COG,2005-09-30,2005,9,0
COG,2005-10-31,2005,10,0
COG,2005-11-30,2005,11,0
COG,2005-12-31,2005,12,0
COG,2006-01-31,2006,1,0
COG,2006-02-28,2006,2,0
COG,2006-03-31,2006,3,0
COG,2006-04-30,2006,4,0
COG,2006-05-31,2006,5,0
COG,2006-06-30,2006,6,0
COG,2006-07-31,2006,7,0
COG,2006-08-31,2006,8,0
COG,2006-09-30,2006,9,0
COG,2006-10-31,2006,10,0
COG,2006-11-30,2006,11,0
COG,2006-12-31,2006,12,0
COG,2007-01-31,2007,1,0
COG,2007-02-28,2007,2,0
COG,2007-03-31,2007,3,0
COG,2007-04-30,2007,4,0
COG,2007-05-31,2007,5,0
COG,2007-06-30,2007,6,0
COG,2007-07-31,2007,7,0
COG,2007-08-31,2007,8,0
COG,2007-09-30,2007,9,0
COG,2007-10-31,2007,10,0
COG,2007-11-30,2007,11,0
COG,2007-12-31,2007,12,0
COG,2008-01-31,2008,1,0
COG,2008-02-29,2008,2,0
COG,2008-03-31,2008,3,0
COG,2008-04-30,2008,4,0
COG,2008-05-31,2008,5,0
COG,2008-06-30,2008,6,0
COG,2008-07-31,2008,7,0
COG,2008-08-31,2008,8,0
COG,2008-09-30,2008,9,0
COG,2008-10-31,2008,10,0
COG,2008-11-30,2008,11,0
COG,2008-12-31,2008,12,0
COG,2009-01-31,2009,1,0
COG,2009-02-28,2009,2,0
COG,2009-03-31,2009,3,0
COG,2009-04-30,2009,4,0
COG,2009-05-31,2009,5,0
COG,2009-06-30,2009,6,0
COG,2009-07-31,2009,7,0
COG,2009-08-31,2009,8,0
COG,2009-09-30,2009,9,0
COG,2009-10-31,2009,10,0
COG,2009-11-30,2009,11,0
COG,2009-12-31,2009,12,0
COG,2010-01-31,2010,1,0
COG,2010-02-28,2010,2,0
COG,2010-03-31,2010,3,0
COG,2010-04-30,2010,4,0
COG,2010-05-31,2010,5,0
COG,2010-06-30,2010,6,0
COG,2010-07-31,2010,7,0
COG,2010-08-31,2010,8,0
COG,2010-09-30,2010,9,0
COG,2010-10-31,2010,10,0
COG,2010-11-30,2010,11,0
COG,2010-12-31,2010,12,0
COG,2011-01-31,2011,1,0
COG,2011-02-28,2011,2,0
COG,2011-03-31,2011,3,0
COG,2011-04-30,2011,4,0
COG,2011-05-31,2011,5,0
COG,2011-06-30,2011,6,0
COG,2011-07-31,2011,7,0
COG,2011-08-31,2011,8,0
COG,2011-09-30,2011,9,0
COG,2011-10-31,2011,10,0
COG,2011-11-30,2011,11,0
COG,2011-12-31,2011,12,0
COG,2012-01-31,2012,1,0
COG,2012-02-29,2012,2,0
COG,2012-03-31,2012,3,0
COG,2012-04-30,2012,4,0
COG,2012-05-31,2012,5,0
COG,2012-06-30,2012,6,0
COG,2012-07-31,2012,7,0
COG,2012-08-31,2012,8,0
COG,2012-09-30,2012,9,0
COG,2012-10-31,2012,10,0
COG,2012-11-30,2012,11,0
COG,2012-12-31,2012,12,0
COG,2013-01-31,2013,1,0
COG,2013-02-28,2013,2,0
COG,2013-03-31,2013,3,0
COG,2013-04-30,2013,4,0
COG,2013-05-31,2013,5,0
COG,2013-06-30,2013,6,0
COG,2013-07-31,2013,7,0
COG,2013-08-31,2013,8,0
COG,2013-09-30,2013,9,0
COG,2013-10-31,2013,10,0
COG,2013-11-30,2013,11,0
COG,2013-12-31,2013,12,0
COG,2014-01-31,2014,1,0
COG,2014-02-28,2014,2,0
COG,2014-03-31,2014,3,0
COG,2014-04-30,2014,4,0
COG,2014-05-31,2014,5,0
COG,2014-06-30,2014,6,0
COG,2014-07-31,2014,7,0
COG,2014-08-31,2014,8,0
COG,2014-09-30,2014,9,0
COG,2014-10-31,2014,10,0
COG,2014-11-30,2014,11,0
COG,2014-12-31,2014,12,0
COG,2015-01-31,2015,1,0
COG,2015-02-28,2015,2,0
COG,2015-03-31,2015,3,0
COG,2015-04-30,2015,4,0
COG,2015-05-31,2015,5,0
COG,2015-06-30,2015,6,0
COG,2015-07-31,2015,7,0
COG,2015-08-31,2015,8,0
COG,2015-09-30,2015,9,0
COG,2015-10-31,2015,10,0
COG,2015-11-30,2015,11,0
COG,2015-12-31,2015,12,0
COG,2016-01-31,2016,1,0
COG,2016-02-29,2016,2,0
COG,2016-03-31,2016,3,0
COG,2016-04-30,2016,4,0
COG,2016-05-31,2016,5,0
COG,2016-06-30,2016,6,0
COG,2016-07-31,2016,7,0
COG,2016-08-31,2016,8,0
COG,2016-09-30,2016,9,0
COG,2016-10-31,2016,10,0
COG,2016-11-30,2016,11,0
COG,2016-12-31,2016,12,0
COL,1990-01-31,1990,1,0
COL,1990-02-28,1990,2,0
COL,1990-03-31,1990,3,0
COL,1990-04-30,1990,4,0
COL,1990-05-31,1990,5,0
COL,1990-06-30,1990,6,0
COL,1990-07-31,1990,7,0
COL,1990-08-31,1990,8,0
COL,1990-09-30,1990,9,0
COL,1990-10-31,1990,10,0
COL,1990-11-30,1990,11,0
COL,1990-12-31,1990,12,0
COL,1991-01-31,1991,1,0
COL,1991-02-28,1991,2,0
COL,1991-03-31,1991,3,0
COL,1991-04-30,1991,4,0
COL,1991-05-31,1991,5,0
COL,1991-06-30,1991,6,0
COL,1991-07-31,1991,7,0
COL,1991-08-31,1991,8,0
COL,1991-09-30,1991,9,0
COL,1991-10-31,1991,10,0
COL,1991-11-30,1991,11,0
COL,1991-12-31,1991,12,0
COL,1992-01-31,1992,1,0
COL,1992-02-29,1992,2,0
COL,1992-03-31,1992,3,0
COL,1992-04-30,1992,4,0
COL,1992-05-31,1992,5,0
COL,1992-06-30,1992,6,0
COL,1992-07-31,1992,7,0
COL,1992-08-31,1992,8,0
COL,1992-09-30,1992,9,0
COL,1992-10-31,1992,10,0
COL,1992-11-30,1992,11,0
COL,1992-12-31,1992,12,0
COL,1993-01-31,1993,1,0
COL,1993-02-28,1993,2,0
COL,1993-03-31,1993,3,0
COL,1993-04-30,1993,4,0
COL,1993-05-31,1993,5,0
COL,1993-06-30,1993,6,0
COL,1993-07-31,1993,7,0
COL,1993-08-31,1993,8,0
COL,1993-09-30,1993,9,0
COL,1993-10-31,1993,10,0
COL,1993-11-30,1993,11,0
COL,1993-12-31,1993,12,0
COL,1994-01-31,1994,1,0
COL,1994-02-28,1994,2,0
COL,1994-03-31,1994,3,0
COL,1994-04-30,1994,4,0
COL,1994-05-31,1994,5,0
COL,1994-06-30,1994,6,0
COL,1994-07-31,1994,7,0
COL,1994-08-31,1994,8,0
COL,1994-09-30,1994,9,0
COL,1994-10-31,1994,10,0
COL,1994-11-30,1994,11,0
COL,1994-12-31,1994,12,0
COL,1995-01-31,1995,1,0
COL,1995-02-28,1995,2,0
COL,1995-03-31,1995,3,0
COL,1995-04-30,1995,4,0
COL,1995-05-31,1995,5,0
COL,1995-06-30,1995,6,0
COL,1995-07-31,1995,7,0
COL,1995-08-31,1995,8,0
COL,1995-09-30,1995,9,0
COL,1995-10-31,1995,10,0
COL,1995-11-30,1995,11,0
COL,1995-12-31,1995,12,0
COL,1996-01-31,1996,1,0
COL,1996-02-29,1996,2,0
COL,1996-03-31,1996,3,0
COL,1996-04-30,1996,4,0
COL,1996-05-31,1996,5,0
COL,1996-06-30,1996,6,0
COL,1996-07-31,1996,7,0
COL,1996-08-31,1996,8,0
COL,1996-09-30,1996,9,0
COL,1996-10-31,1996,10,0
COL,1996-11-30,1996,11,0
COL,1996-12-31,1996,12,0
COL,1997-01-31,1997,1,0
COL,1997-02-28,1997,2,0
COL,1997-03-31,1997,3,0
COL,1997-04-30,1997,4,0
COL,1997-05-31,1997,5,0
COL,1997-06-30,1997,6,0
COL,1997-07-31,1997,7,0
COL,1997-08-31,1997,8,0
COL,1997-09-30,1997,9,0
COL,1997-10-31,1997,10,0
COL,1997-11-30,1997,11,0
COL,1997-12-31,1997,12,0
COL,1998-01-31,1998,1,0
COL,1998-02-28,1998,2,0
COL,1998-03-31,1998,3,0
COL,1998-04-30,1998,4,0
COL,1998-05-31,1998,5,0
COL,1998-06-30,1998,6,0
COL,1998-07-31,1998,7,0
COL,1998-08-31,1998,8,0
COL,1998-09-30,1998,9,0
COL,1998-10-31,1998,10,0
COL,1998-11-30,1998,11,0
COL,1998-12-31,1998,12,0
COL,1999-01-31,1999,1,0
COL,1999-02-28,1999,2,0
COL,1999-03-31,1999,3,0
COL,1999-04-30,1999,4,0
COL,1999-05-31,1999,5,0
COL,1999-06-30,1999,6,0
COL,1999-07-31,1999,7,0
COL,1999-08-31,1999,8,0
COL,1999-09-30,1999,9,0
COL,1999-10-31,1999,10,0
COL,1999-11-30,1999,11,0
COL,1999-12-31,1999,12,0
COL,2000-01-31,2000,1,0
COL,2000-02-29,2000,2,0
COL,2000-03-31,2000,3,0
COL,2000-04-30,2000,4,0
COL,2000-05-31,2000,5,0
COL,2000-06-30,2000,6,0
COL,2000-07-31,2000,7,0
COL,2000-08-31,2000,8,0
COL,2000-09-30,2000,9,0
COL,2000-10-31,2000,10,0
COL,2000-11-30,2000,11,0
COL,2000-12-31,2000,12,0
COL,2001-01-31,2001,1,0
COL,2001-02-28,2001,2,0
COL,2001-03-31,2001,3,0
COL,2001-04-30,2001,4,0
COL,2001-05-31,2001,5,0
COL,2001-06-30,2001,6,0
COL,2001-07-31,2001,7,0
COL,2001-08-31,2001,8,0
COL,2001-09-30,2001,9,0
COL,2001-10-31,2001,10,0
COL,2001-11-30,2001,11,0
COL,2001-12-31,2001,12,0
COL,2002-01-31,2002,1,0
COL,2002-02-28,2002,2,0
COL,2002-03-31,2002,3,0
COL,2002-04-30,2002,4,0
COL,2002-05-31,2002,5,0
COL,2002-06-30,2002,6,0
COL,2002-07-31,2002,7,0
COL,2002-08-31,2002,8,0
COL,2002-09-30,2002,9,0
COL,2002-10-31,2002,10,0
COL,2002-11-30,2002,11,0
COL,2002-12-31,2002,12,0
COL,2003-01-31,2003,1,0
COL,2003-02-28,2003,2,0
COL,2003-03-31,2003,3,0
COL,2003-04-30,2003,4,0
COL,2003-05-31,2003,5,0
COL,2003-06-30,2003,6,0
COL,2003-07-31,2003,7,0
COL,2003-08-31,2003,8,0
COL,2003-09-30,2003,9,0
COL,2003-10-31,2003,10,0
COL,2003-11-30,2003,11,0
COL,2003-12-31,2003,12,0
COL,2004-01-31,2004,1,0
COL,2004-02-29,2004,2,0
COL,2004-03-31,2004,3,0
COL,2004-04-30,2004,4,0
COL,2004-05-31,2004,5,0
COL,2004-06-30,2004,6,0
COL,2004-07-31,2004,7,0
COL,2004-08-31,2004,8,0
COL,2004-09-30,2004,9,0
COL,2004-10-31,2004,10,0
COL,2004-11-30,2004,11,0
COL,2004-12-31,2004,12,0
COL,2005-01-31,2005,1,0
COL,2005-02-28,2005,2,0
COL,2005-03-31,2005,3,0
COL,2005-04-30,2005,4,0
COL,2005-05-31,2005,5,0
COL,2005-06-30,2005,6,0
COL,2005-07-31,2005,7,0
COL,2005-08-31,2005,8,0
COL,2005-09-30,2005,9,0
COL,2005-10-31,2005,10,0
COL,2005-11-30,2005,11,0
COL,2005-12-31,2005,12,0
COL,2006-01-31,2006,1,0
COL,2006-02-28,2006,2,0
COL,2006-03-31,2006,3,0
COL,2006-04-30,2006,4,0
COL,2006-05-31,2006,5,0
COL,2006-06-30,2006,6,0
COL,2006-07-31,2006,7,0
COL,2006-08-31,2006,8,0
COL,2006-09-30,2006,9,0
COL,2006-10-31,2006,10,0
COL,2006-11-30,2006,11,0
COL,2006-12-31,2006,12,0
COL,2007-01-31,2007,1,0
COL,2007-02-28,2007,2,0
COL,2007-03-31,2007,3,0
COL,2007-04-30,2007,4,0
COL,2007-05-31,2007,5,0
COL,2007-06-30,2007,6,0
COL,2007-07-31,2007,7,0
COL,2007-08-31,2007,8,0
COL,2007-09-30,2007,9,0
COL,2007-10-31,2007,10,0
COL,2007-11-30,2007,11,0
COL,2007-12-31,2007,12,0
COL,2008-01-31,2008,1,0
COL,2008-02-29,2008,2,0
COL,2008-03-31,2008,3,0
COL,2008-04-30,2008,4,0
COL,2008-05-31,2008,5,0
COL,2008-06-30,2008,6,0
COL,2008-07-31,2008,7,0
COL,2008-08-31,2008,8,0
COL,2008-09-30,2008,9,0
COL,2008-10-31,2008,10,0
COL,2008-11-30,2008,11,0
COL,2008-12-31,2008,12,0
COL,2009-01-31,2009,1,0
COL,2009-02-28,2009,2,0
COL,2009-03-31,2009,3,0
COL,2009-04-30,2009,4,0
COL,2009-05-31,2009,5,0
COL,2009-06-30,2009,6,0
COL,2009-07-31,2009,7,0
COL,2009-08-31,2009,8,0
COL,2009-09-30,2009,9,0
COL,2009-10-31,2009,10,0
COL,2009-11-30,2009,11,0
COL,2009-12-31,2009,12,0
COL,2010-01-31,2010,1,0
COL,2010-02-28,2010,2,0
COL,2010-03-31,2010,3,0
COL,2010-04-30,2010,4,0
COL,2010-05-31,2010,5,0
COL,2010-06-30,2010,6,0
COL,2010-07-31,2010,7,0
COL,2010-08-31,2010,8,0
COL,2010-09-30,2010,9,0
COL,2010-10-31,2010,10,0
COL,2010-11-30,2010,11,0
COL,2010-12-31,2010,12,0
COL,2011-01-31,2011,1,0
COL,2011-02-28,2011,2,0
COL,2011-03-31,2011,3,0
COL,2011-04-30,2011,4,0
COL,2011-05-31,2011,5,0
COL,2011-06-30,2011,6,0
COL,2011-07-31,2011,7,0
COL,2011-08-31,2011,8,0
COL,2011-09-30,2011,9,0
COL,2011-10-31,2011,10,0
COL,2011-11-30,2011,11,0
COL,2011-12-31,2011,12,0
COL,2012-01-31,2012,1,0
COL,2012-02-29,2012,2,0
COL,2012-03-31,2012,3,0
COL,2012-04-30,2012,4,0
COL,2012-05-31,2012,5,0
COL,2012-06-30,2012,6,0
COL,2012-07-31,2012,7,0
COL,2012-08-31,2012,8,0
COL,2012-09-30,2012,9,0
COL,2012-10-31,2012,10,0
COL,2012-11-30,2012,11,0
COL,2012-12-31,2012,12,0
COL,2013-01-31,2013,1,0
COL,2013-02-28,2013,2,0
COL,2013-03-31,2013,3,0
COL,2013-04-30,2013,4,0
COL,2013-05-31,2013,5,0
COL,2013-06-30,2013,6,0
COL,2013-07-31,2013,7,0
COL,2013-08-31,2013,8,0
COL,2013-09-30,2013,9,0
COL,2013-10-31,2013,10,0
COL,2013-11-30,2013,11,0
COL,2013-12-31,2013,12,0
COL,2014-01-31,2014,1,0
COL,2014-02-28,2014,2,0
COL,2014-03-31,2014,3,0
COL,2014-04-30,2014,4,0
COL,2014-05-31,2014,5,0
COL,2014-06-30,2014,6,0
COL,2014-07-31,2014,7,0
COL,2014-08-31,2014,8,0
COL,2014-09-30,2014,9,0
COL,2014-10-31,2014,10,0
COL,2014-11-30,2014,11,0
COL,2014-12-31,2014,12,0
COL,2015-01-31,2015,1,0
COL,2015-02-28,2015,2,0
COL,2015-03-31,2015,3,0
COL,2015-04-30,2015,4,0
COL,2015-05-31,2015,5,0
COL,2015-06-30,2015,6,0
COL,2015-07-31,2015,7,0
COL,2015-08-31,2015,8,0
COL,2015-09-30,2015,9,0
COL,2015-10-31,2015,10,0
COL,2015-11-30,2015,11,0
COL,2015-12-31,2015,12,0
COL,2016-01-31,2016,1,0
COL,2016-02-29,2016,2,0
COL,2016-03-31,2016,3,0
COL,2016-04-30,2016,4,0
COL,2016-05-31,2016,5,0
COL,2016-06-30,2016,6,0
COL,2016-07-31,2016,7,0
COL,2016-08-31,2016,8,0
COL,2016-09-30,2016,9,0
COL,2016-10-31,2016,10,0
COL,2016-11-30,2016,11,0
COL,2016-12-31,2016,12,0
COM,1990-01-31,1990,1,0
COM,1990-02-28,1990,2,0
COM,1990-03-31,1990,3,0
COM,1990-04-30,1990,4,0
COM,1990-05-31,1990,5,0
COM,1990-06-30,1990,6,0
COM,1990-07-31,1990,7,0
COM,1990-08-31,1990,8,0
COM,1990-09-30,1990,9,0
COM,1990-10-31,1990,10,0
COM,1990-11-30,1990,11,0
COM,1990-12-31,1990,12,0
COM,1991-01-31,1991,1,0
COM,1991-02-28,1991,2,0
COM,1991-03-31,1991,3,0
COM,1991-04-30,1991,4,0
COM,1991-05-31,1991,5,0
COM,1991-06-30,1991,6,0
COM,1991-07-31,1991,7,0
COM,1991-08-31,1991,8,0
COM,1991-09-30,1991,9,0
COM,1991-10-31,1991,10,0
COM,1991-11-30,1991,11,0
COM,1991-12-31,1991,12,0
COM,1992-01-31,1992,1,0
COM,1992-02-29,1992,2,0
COM,1992-03-31,1992,3,0
COM,1992-04-30,1992,4,0
COM,1992-05-31,1992,5,0
COM,1992-06-30,1992,6,0
COM,1992-07-31,1992,7,0
COM,1992-08-31,1992,8,0
COM,1992-09-30,1992,9,0
COM,1992-10-31,1992,10,0
COM,1992-11-30,1992,11,0
COM,1992-12-31,1992,12,0
COM,1993-01-31,1993,1,1
COM,1993-02-28,1993,2,1
COM,1993-03-31,1993,3,1
COM,1993-04-30,1993,4,1
COM,1993-05-31,1993,5,1
COM,1993-06-30,1993,6,1
COM,1993-07-31,1993,7,1
COM,1993-08-31,1993,8,1
COM,1993-09-30,1993,9,1
COM,1993-10-31,1993,10,1
COM,1993-11-30,1993,11,1
COM,1993-12-31,1993,12,1
COM,1994-01-31,1994,1,0
COM,1994-02-28,1994,2,0
COM,1994-03-31,1994,3,0
COM,1994-04-30,1994,4,0
COM,1994-05-31,1994,5,0
COM,1994-06-30,1994,6,0
COM,1994-07-31,1994,7,0
COM,1994-08-31,1994,8,0
COM,1994-09-30,1994,9,0
COM,1994-10-31,1994,10,0
COM,1994-11-30,1994,11,0
COM,1994-12-31,1994,12,0
COM,1995-01-31,1995,1,0
COM,1995-02-28,1995,2,0
COM,1995-03-31,1995,3,0
COM,1995-04-30,1995,4,0
COM,1995-05-31,1995,5,0
COM,1995-06-30,1995,6,0
COM,1995-07-31,1995,7,0
COM,1995-08-31,1995,8,0
COM,1995-09-30,1995,9,0
COM,1995-10-31,1995,10,0
COM,1995-11-30,1995,11,0
COM,1995-12-31,1995,12,0
COM,1996-01-31,1996,1,0
COM,1996-02-29,1996,2,0
COM,1996-03-31,1996,3,0
COM,1996-04-30,1996,4,0
COM,1996-05-31,1996,5,0
COM,1996-06-30,1996,6,0
COM,1996-07-31,1996,7,0
COM,1996-08-31,1996,8,0
COM,1996-09-30,1996,9,0
COM,1996-10-31,1996,10,0
COM,1996-11-30,1996,11,0
COM,1996-12-31,1996,12,0
COM,1997-01-31,1997,1,0
COM,1997-02-28,1997,2,0
COM,1997-03-31,1997,3,0
COM,1997-04-30,1997,4,0
COM,1997-05-31,1997,5,0
COM,1997-06-30,1997,6,0
COM,1997-07-31,1997,7,0
COM,1997-08-31,1997,8,0
COM,1997-09-30,1997,9,0
COM,1997-10-31,1997,10,0
COM,1997-11-30,1997,11,0
COM,1997-12-31,1997,12,0
COM,1998-01-31,1998,1,0
COM,1998-02-28,1998,2,0
COM,1998-03-31,1998,3,0
COM,1998-04-30,1998,4,0
COM,1998-05-31,1998,5,0
COM,1998-06-30,1998,6,0
COM,1998-07-31,1998,7,0
COM,1998-08-31,1998,8,0
COM,1998-09-30,1998,9,0
COM,1998-10-31,1998,10,0
COM,1998-11-30,1998,11,0
COM,1998-12-31,1998,12,0
COM,1999-01-31,1999,1,0
COM,1999-02-28,1999,2,0
COM,1999-03-31,1999,3,0
COM,1999-04-30,1999,4,0
COM,1999-05-31,1999,5,0
COM,1999-06-30,1999,6,0
COM,1999-07-31,1999,7,0
COM,1999-08-31,1999,8,0
COM,1999-09-30,1999,9,0
COM,1999-10-31,1999,10,0
COM,1999-11-30,1999,11,0
COM,1999-12-31,1999,12,0
COM,2000-01-31,2000,1,0
COM,2000-02-29,2000,2,0
COM,2000-03-31,2000,3,0
COM,2000-04-30,2000,4,0
COM,2000-05-31,2000,5,0
COM,2000-06-30,2000,6,0
COM,2000-07-31,2000,7,0
COM,2000-08-31,2000,8,0
COM,2000-09-30,2000,9,0
COM,2000-10-31,2000,10,0
COM,2000-11-30,2000,11,0
COM,2000-12-31,2000,12,0
COM,2001-01-31,2001,1,0
COM,2001-02-28,2001,2,0
COM,2001-03-31,2001,3,0
COM,2001-04-30,2001,4,0
COM,2001-05-31,2001,5,0
COM,2001-06-30,2001,6,0
COM,2001-07-31,2001,7,0
COM,2001-08-31,2001,8,0
COM,2001-09-30,2001,9,0
COM,2001-10-31,2001,10,0
COM,2001-11-30,2001,11,0
COM,2001-12-31,2001,12,0
COM,2002-01-31,2002,1,0
COM,2002-02-28,2002,2,0
COM,2002-03-31,2002,3,0
COM,2002-04-30,2002,4,0
COM,2002-05-31,2002,5,0
COM,2002-06-30,2002,6,0
COM,2002-07-31,2002,7,0
COM,2002-08-31,2002,8,0
COM,2002-09-30,2002,9,0
COM,2002-10-31,2002,10,0
COM,2002-11-30,2002,11,0
COM,2002-12-31,2002,12,0
COM,2003-01-31,2003,1,0
COM,2003-02-28,2003,2,0
COM,2003-03-31,2003,3,0
COM,2003-04-30,2003,4,0
COM,2003-05-31,2003,5,0
COM,2003-06-30,2003,6,0
COM,2003-07-31,2003,7,0
COM,2003-08-31,2003,8,0
COM,2003-09-30,2003,9,0
COM,2003-10-31,2003,10,0
COM,2003-11-30,2003,11,0
COM,2003-12-31,2003,12,0
COM,2004-01-31,2004,1,0
COM,2004-02-29,2004,2,0
COM,2004-03-31,2004,3,0
COM,2004-04-30,2004,4,0
COM,2004-05-31,2004,5,0
COM,2004-06-30,2004,6,0
COM,2004-07-31,2004,7,0
COM,2004-08-31,2004,8,0
COM,2004-09-30,2004,9,0
COM,2004-10-31,2004,10,0
COM,2004-11-30,2004,11,0
COM,2004-12-31,2004,12,0
COM,2005-01-31,2005,1,0
COM,2005-02-28,2005,2,0
COM,2005-03-31,2005,3,0
COM,2005-04-30,2005,4,0
COM,2005-05-31,2005,5,0
COM,2005-06-30,2005,6,0
COM,2005-07-31,2005,7,0
COM,2005-08-31,2005,8,0
COM,2005-09-30,2005,9,0
COM,2005-10-31,2005,10,0
COM,2005-11-30,2005,11,0
COM,2005-12-31,2005,12,0
COM,2006-01-31,2006,1,0
COM,2006-02-28,2006,2,0
COM,2006-03-31,2006,3,0
COM,2006-04-30,2006,4,0
COM,2006-05-31,2006,5,0
COM,2006-06-30,2006,6,0
COM,2006-07-31,2006,7,0
COM,2006-08-31,2006,8,0
COM,2006-09-30,2006,9,0
COM,2006-10-31,2006,10,0
COM,2006-11-30,2006,11,0
COM,2006-12-31,2006,12,0
COM,2007-01-31,2007,1,0
COM,2007-02-28,2007,2,0
COM,2007-03-31,2007,3,0
COM,2007-04-30,2007,4,0
COM,2007-05-31,2007,5,0
COM,2007-06-30,2007,6,0
COM,2007-07-31,2007,7,0
COM,2007-08-31,2007,8,0
COM,2007-09-30,2007,9,0
COM,2007-10-31,2007,10,0
COM,2007-11-30,2007,11,0
COM,2007-12-31,2007,12,0
COM,2008-01-31,2008,1,0
COM,2008-02-29,2008,2,0
COM,2008-03-31,2008,3,0
COM,2008-04-30,2008,4,0
COM,2008-05-31,2008,5,0
COM,2008-06-30,2008,6,0
COM,2008-07-31,2008,7,0
COM,2008-08-31,2008,8,0
COM,2008-09-30,2008,9,0
COM,2008-10-31,2008,10,0
COM,2008-11-30,2008,11,0
COM,2008-12-31,2008,12,0
COM,2009-01-31,2009,1,0
COM,2009-02-28,2009,2,0
COM,2009-03-31,2009,3,0
COM,2009-04-30,2009,4,0
COM,2009-05-31,2009,5,0
COM,2009-06-30,2009,6,0
COM,2009-07-31,2009,7,0
COM,2009-08-31,2009,8,0
COM,2009-09-30,2009,9,0
COM,2009-10-31,2009,10,0
COM,2009-11-30,2009,11,0
COM,2009-12-31,2009,12,0
COM,2010-01-31,2010,1,0
COM,2010-02-28,2010,2,0
COM,2010-03-31,2010,3,0
COM,2010-04-30,2010,4,0
COM,2010-05-31,2010,5,0
COM,2010-06-30,2010,6,0
COM,2010-07-31,2010,7,0
COM,2010-08-31,2010,8,0
COM,2010-09-30,2010,9,0
COM,2010-10-31,2010,10,0
COM,2010-11-30,2010,11,0
COM,2010-12-31,2010,12,0
COM,2011-01-31,2011,1,0
COM,2011-02-28,2011,2,0
COM,2011-03-31,2011,3,0
COM,2011-04-30,2011,4,0
COM,2011-05-31,2011,5,0
COM,2011-06-30,2011,6,0
COM,2011-07-31,2011,7,0
COM,2011-08-31,2011,8,0
COM,2011-09-30,2011,9,0
COM,2011-10-31,2011,10,0
COM,2011-11-30,2011,11,0
COM,2011-12-31,2011,12,0
COM,2012-01-31,2012,1,0
COM,2012-02-29,2012,2,0
COM,2012-03-31,2012,3,0
COM,2012-04-30,2012,4,0
COM,2012-05-31,2012,5,0
COM,2012-06-30,2012,6,0
COM,2012-07-31,2012,7,0
COM,2012-08-31,2012,8,0
COM,2012-09-30,2012,9,0
COM,2012-10-31,2012,10,0
COM,2012-11-30,2012,11,0
COM,2012-12-31,2012,12,0
COM,2013-01-31,2013,1,0
COM,2013-02-28,2013,2,0
COM,2013-03-31,2013,3,0
COM,2013-04-30,2013,4,0
COM,2013-05-31,2013,5,0
COM,2013-06-30,2013,6,0
COM,2013-07-31,2013,7,0
COM,2013-08-31,2013,8,0
COM,2013-09-30,2013,9,0
COM,2013-10-31,2013,10,0
COM,2013-11-30,2013,11,0
COM,2013-12-31,2013,12,0
COM,2014-01-31,2014,1,0
COM,2014-02-28,2014,2,0
COM,2014-03-31,2014,3,0
COM,2014-04-30,2014,4,0
COM,2014-05-31,2014,5,0
COM,2014-06-30,2014,6,0
COM,2014-07-31,2014,7,0
COM,2014-08-31,2014,8,0
COM,2014-09-30,2014,9,0
COM,2014-10-31,2014,10,0
COM,2014-11-30,2014,11,0
COM,2014-12-31,2014,12,0
COM,2015-01-31,2015,1,0
COM,2015-02-28,2015,2,0
COM,2015-03-31,2015,3,0
COM,2015-04-30,2015,4,0
COM,2015-05-31,2015,5,0
COM,2015-06-30,2015,6,0
COM,2015-07-31,2015,7,0
COM,2015-08-31,2015,8,0
COM,2015-09-30,2015,9,0
COM,2015-10-31,2015,10,0
COM,2015-11-30,2015,11,0
COM,2015-12-31,2015,12,0
COM,2016-01-31,2016,1,0
COM,2016-02-29,2016,2,0
COM,2016-03-31,2016,3,0
COM,2016-04-30,2016,4,0
COM,2016-05-31,2016,5,0
COM,2016-06-30,2016,6,0
COM,2016-07-31,2016,7,0
COM,2016-08-31,2016,8,0
COM,2016-09-30,2016,9,0
COM,2016-10-31,2016,10,0
COM,2016-11-30,2016,11,0
COM,2016-12-31,2016,12,0
CRI,1990-01-31,1990,1,1
CRI,1990-02-28,1990,2,1
CRI,1990-03-31,1990,3,1
CRI,1990-04-30,1990,4,1
CRI,1990-05-31,1990,5,1
CRI,1990-06-30,1990,6,1
CRI,1990-07-31,1990,7,1
CRI,1990-08-31,1990,8,1
CRI,1990-09-30,1990,9,1
CRI,1990-10-31,1990,10,1
CRI,1990-11-30,1990,11,1
CRI,1990-12-31,1990,12,1
CRI,1991-01-31,1991,1,0
CRI,1991-02-28,1991,2,0
CRI,1991-03-31,1991,3,0
CRI,1991-04-30,1991,4,0
CRI,1991-05-31,1991,5,0
CRI,1991-06-30,1991,6,0
CRI,1991-07-31,1991,7,0
CRI,1991-08-31,1991,8,0
CRI,1991-09-30,1991,9,0
CRI,1991-10-31,1991,10,0
CRI,1991-11-30,1991,11,0
CRI,1991-12-31,1991,12,0
CRI,1992-01-31,1992,1,0
CRI,1992-02-29,1992,2,0
CRI,1992-03-31,1992,3,0
CRI,1992-04-30,1992,4,0
CRI,1992-05-31,1992,5,0
CRI,1992-06-30,1992,6,0
CRI,1992-07-31,1992,7,0
CRI,1992-08-31,1992,8,0
CRI,1992-09-30,1992,9,0
CRI,1992-10-31,1992,10,0
CRI,1992-11-30,1992,11,0
CRI,1992-12-31,1992,12,0
CRI,1993-01-31,1993,1,0
CRI,1993-02-28,1993,2,0
CRI,1993-03-31,1993,3,0
CRI,1993-04-30,1993,4,0
CRI,1993-05-31,1993,5,0
CRI,1993-06-30,1993,6,0
CRI,1993-07-31,1993,7,0
CRI,1993-08-31,1993,8,0
CRI,1993-09-30,1993,9,0
CRI,1993-10-31,1993,10,0
CRI,1993-11-30,1993,11,0
CRI,1993-12-31,1993,12,0
CRI,1994-01-31,1994,1,0
CRI,1994-02-28,1994,2,0
CRI,1994-03-31,1994,3,0
CRI,1994-04-30,1994,4,0
CRI,1994-05-31,1994,5,0
CRI,1994-06-30,1994,6,0
CRI,1994-07-31,1994,7,0
CRI,1994-08-31,1994,8,0
CRI,1994-09-30,1994,9,0
CRI,1994-10-31,1994,10,0
CRI,1994-11-30,1994,11,0
CRI,1994-12-31,1994,12,0
CRI,1995-01-31,1995,1,0
CRI,1995-02-28,1995,2,0
CRI,1995-03-31,1995,3,0
CRI,1995-04-30,1995,4,0
CRI,1995-05-31,1995,5,0
CRI,1995-06-30,1995,6,0
CRI,1995-07-31,1995,7,0
CRI,1995-08-31,1995,8,0
CRI,1995-09-30,1995,9,0
CRI,1995-10-31,1995,10,0
CRI,1995-11-30,1995,11,0
CRI,1995-12-31,1995,12,0
CRI,1996-01-31,1996,1,0
CRI,1996-02-29,1996,2,0
CRI,1996-03-31,1996,3,0
CRI,1996-04-30,1996,4,0
CRI,1996-05-31,1996,5,0
CRI,1996-06-30,1996,6,0
CRI,1996-07-31,1996,7,0
CRI,1996-08-31,1996,8,0
CRI,1996-09-30,1996,9,0
CRI,1996-10-31,1996,10,0
CRI,1996-11-30,1996,11,0
CRI,1996-12-31,1996,12,0
CRI,1997-01-31,1997,1,0
CRI,1997-02-28,1997,2,0
CRI,1997-03-31,1997,3,0
CRI,1997-04-30,1997,4,0
CRI,1997-05-31,1997,5,0
CRI,1997-06-30,1997,6,0
CRI,1997-07-31,1997,7,0
CRI,1997-08-31,1997,8,0
CRI,1997-09-30,1997,9,0
CRI,1997-10-31,1997,10,0
CRI,1997-11-30,1997,11,0
CRI,1997-12-31,1997,12,0
CRI,1998-01-31,1998,1,0
CRI,1998-02-28,1998,2,0
CRI,1998-03-31,1998,3,0
CRI,1998-04-30,1998,4,0
CRI,1998-05-31,1998,5,0
CRI,1998-06-30,1998,6,0
CRI,1998-07-31,1998,7,0
CRI,1998-08-31,1998,8,0
CRI,1998-09-30,1998,9,0
CRI,1998-10-31,1998,10,0
CRI,1998-11-30,1998,11,0
CRI,1998-12-31,1998,12,0
CRI,1999-01-31,1999,1,0
CRI,1999-02-28,1999,2,0
CRI,1999-03-31,1999,3,0
CRI,1999-04-30,1999,4,0
CRI,1999-05-31,1999,5,0
CRI,1999-06-30,1999,6,0
CRI,1999-07-31,1999,7,0
CRI,1999-08-31,1999,8,0
CRI,1999-09-30,1999,9,0
CRI,1999-10-31,1999,10,0
CRI,1999-11-30,1999,11,0
CRI,1999-12-31,1999,12,0
CRI,2000-01-31,2000,1,0
CRI,2000-02-29,2000,2,0
CRI,2000-03-31,2000,3,0
CRI,2000-04-30,2000,4,0
CRI,2000-05-31,2000,5,0
CRI,2000-06-30,2000,6,0
CRI,2000-07-31,2000,7,0
CRI,2000-08-31,2000,8,0
CRI,2000-09-30,2000,9,0
CRI,2000-10-31,2000,10,0
CRI,2000-11-30,2000,11,0
CRI,2000-12-31,2000,12,0
CRI,2001-01-31,2001,1,0
CRI,2001-02-28,2001,2,0
CRI,2001-03-31,2001,3,0
CRI,2001-04-30,2001,4,0
CRI,2001-05-31,2001,5,0
CRI,2001-06-30,2001,6,0
CRI,2001-07-31,2001,7,0
CRI,2001-08-31,2001,8,0
CRI,2001-09-30,2001,9,0
CRI,2001-10-31,2001,10,0
CRI,2001-11-30,2001,11,0
CRI,2001-12-31,2001,12,0
CRI,2002-01-31,2002,1,0
CRI,2002-02-28,2002,2,0
CRI,2002-03-31,2002,3,0
CRI,2002-04-30,2002,4,0
CRI,2002-05-31,2002,5,0
CRI,2002-06-30,2002,6,0
CRI,2002-07-31,2002,7,0
CRI,2002-08-31,2002,8,0
CRI,2002-09-30,2002,9,0
CRI,2002-10-31,2002,10,0
CRI,2002-11-30,2002,11,0
CRI,2002-12-31,2002,12,0
CRI,2003-01-31,2003,1,0
CRI,2003-02-28,2003,2,0
CRI,2003-03-31,2003,3,0
CRI,2003-04-30,2003,4,0
CRI,2003-05-31,2003,5,0
CRI,2003-06-30,2003,6,0
CRI,2003-07-31,2003,7,0
CRI,2003-08-31,2003,8,0
CRI,2003-09-30,2003,9,0
CRI,2003-10-31,2003,10,0
CRI,2003-11-30,2003,11,0
CRI,2003-12-31,2003,12,0
CRI,2004-01-31,2004,1,0
CRI,2004-02-29,2004,2,0
CRI,2004-03-31,2004,3,0
CRI,2004-04-30,2004,4,0
CRI,2004-05-31,2004,5,0
CRI,2004-06-30,2004,6,0
CRI,2004-07-31,2004,7,0
CRI,2004-08-31,2004,8,0
CRI,2004-09-30,2004,9,0
CRI,2004-10-31,2004,10,0
CRI,2004-11-30,2004,11,0
CRI,2004-12-31,2004,12,0
CRI,2005-01-31,2005,1,0
CRI,2005-02-28,2005,2,0
CRI,2005-03-31,2005,3,0
CRI,2005-04-30,2005,4,0
CRI,2005-05-31,2005,5,0
CRI,2005-06-30,2005,6,0
CRI,2005-07-31,2005,7,0
CRI,2005-08-31,2005,8,0
CRI,2005-09-30,2005,9,0
CRI,2005-10-31,2005,10,0
CRI,2005-11-30,2005,11,0
CRI,2005-12-31,2005,12,0
CRI,2006-01-31,2006,1,0
CRI,2006-02-28,2006,2,0
CRI,2006-03-31,2006,3,0
CRI,2006-04-30,2006,4,0
CRI,2006-05-31,2006,5,0
CRI,2006-06-30,2006,6,0
CRI,2006-07-31,2006,7,0
CRI,2006-08-31,2006,8,0
CRI,2006-09-30,2006,9,0
CRI,2006-10-31,2006,10,0
CRI,2006-11-30,2006,11,0
CRI,2006-12-31,2006,12,0
CRI,2007-01-31,2007,1,0
CRI,2007-02-28,2007,2,0
CRI,2007-03-31,2007,3,0
CRI,2007-04-30,2007,4,0
CRI,2007-05-31,2007,5,0
CRI,2007-06-30,2007,6,0
CRI,2007-07-31,2007,7,0
CRI,2007-08-31,2007,8,0
CRI,2007-09-30,2007,9,0
CRI,2007-10-31,2007,10,0
CRI,2007-11-30,2007,11,0
CRI,2007-12-31,2007,12,0
CRI,2008-01-31,2008,1,0
CRI,2008-02-29,2008,2,0
CRI,2008-03-31,2008,3,0
CRI,2008-04-30,2008,4,0
CRI,2008-05-31,2008,5,0
CRI,2008-06-30,2008,6,0
CRI,2008-07-31,2008,7,0
CRI,2008-08-31,2008,8,0
CRI,2008-09-30,2008,9,0
CRI,2008-10-31,2008,10,0
CRI,2008-11-30,2008,11,0
CRI,2008-12-31,2008,12,0
CRI,2009-01-31,2009,1,0
CRI,2009-02-28,2009,2,0
CRI,2009-03-31,2009,3,0
CRI,2009-04-30,2009,4,0
CRI,2009-05-31,2009,5,0
CRI,2009-06-30,2009,6,0
CRI,2009-07-31,2009,7,0
CRI,2009-08-31,2009,8,0
CRI,2009-09-30,2009,9,0
CRI,2009-10-31,2009,10,0
CRI,2009-11-30,2009,11,0
CRI,2009-12-31,2009,12,0
CRI,2010-01-31,2010,1,0
CRI,2010-02-28,2010,2,0
CRI,2010-03-31,2010,3,0
CRI,2010-04-30,2010,4,0
CRI,2010-05-31,2010,5,0
CRI,2010-06-30,2010,6,0
CRI,2010-07-31,2010,7,0
CRI,2010-08-31,2010,8,0
CRI,2010-09-30,2010,9,0
CRI,2010-10-31,2010,10,0
CRI,2010-11-30,2010,11,0
CRI,2010-12-31,2010,12,0
CRI,2011-01-31,2011,1,0
CRI,2011-02-28,2011,2,0
CRI,2011-03-31,2011,3,0
CRI,2011-04-30,2011,4,0
CRI,2011-05-31,2011,5,0
CRI,2011-06-30,2011,6,0
CRI,2011-07-31,2011,7,0
CRI,2011-08-31,2011,8,0
CRI,2011-09-30,2011,9,0
CRI,2011-10-31,2011,10,0
CRI,2011-11-30,2011,11,0
CRI,2011-12-31,2011,12,0
CRI,2012-01-31,2012,1,0
CRI,2012-02-29,2012,2,0
CRI,2012-03-31,2012,3,0
CRI,2012-04-30,2012,4,0
CRI,2012-05-31,2012,5,0
CRI,2012-06-30,2012,6,0
CRI,2012-07-31,2012,7,0
CRI,2012-08-31,2012,8,0
CRI,2012-09-30,2012,9,0
CRI,2012-10-31,2012,10,0
CRI,2012-11-30,2012,11,0
CRI,2012-12-31,2012,12,0
CRI,2013-01-31,2013,1,0
CRI,2013-02-28,2013,2,0
CRI,2013-03-31,2013,3,0
CRI,2013-04-30,2013,4,0
CRI,2013-05-31,2013,5,0
CRI,2013-06-30,2013,6,0
CRI,2013-07-31,2013,7,0
CRI,2013-08-31,2013,8,0
CRI,2013-09-30,2013,9,0
CRI,2013-10-31,2013,10,0
CRI,2013-11-30,2013,11,0
CRI,2013-12-31,2013,12,0
CRI,2014-01-31,2014,1,0
CRI,2014-02-28,2014,2,0
CRI,2014-03-31,2014,3,0
CRI,2014-04-30,2014,4,0
CRI,2014-05-31,2014,5,0
CRI,2014-06-30,2014,6,0
CRI,2014-07-31,2014,7,0
CRI,2014-08-31,2014,8,0
CRI,2014-09-30,2014,9,0
CRI,2014-10-31,2014,10,0
CRI,2014-11-30,2014,11,0
CRI,2014-12-31,2014,12,0
CRI,2015-01-31,2015,1,0
CRI,2015-02-28,2015,2,0
CRI,2015-03-31,2015,3,0
CRI,2015-04-30,2015,4,0
CRI,2015-05-31,2015,5,0
CRI,2015-06-30,2015,6,0
CRI,2015-07-31,2015,7,0
CRI,2015-08-31,2015,8,0
CRI,2015-09-30,2015,9,0
CRI,2015-10-31,2015,10,0
CRI,2015-11-30,2015,11,0
CRI,2015-12-31,2015,12,0
CRI,2016-01-31,2016,1,0
CRI,2016-02-29,2016,2,0
CRI,2016-03-31,2016,3,0
CRI,2016-04-30,2016,4,0
CRI,2016-05-31,2016,5,0
CRI,2016-06-30,2016,6,0
CRI,2016-07-31,2016,7,0
CRI,2016-08-31,2016,8,0
CRI,2016-09-30,2016,9,0
CRI,2016-10-31,2016,10,0
CRI,2016-11-30,2016,11,0
CRI,2016-12-31,2016,12,0
DOM,1990-01-31,1990,1,0
DOM,1990-02-28,1990,2,0
DOM,1990-03-31,1990,3,0
DOM,1990-04-30,1990,4,0
DOM,1990-05-31,1990,5,0
DOM,1990-06-30,1990,6,0
DOM,1990-07-31,1990,7,0
DOM,1990-08-31,1990,8,0
DOM,1990-09-30,1990,9,0
DOM,1990-10-31,1990,10,0
DOM,1990-11-30,1990,11,0
DOM,1990-12-31,1990,12,0
DOM,1991-01-31,1991,1,0
DOM,1991-02-28,1991,2,0
DOM,1991-03-31,1991,3,0
DOM,1991-04-30,1991,4,0
DOM,1991-05-31,1991,5,0
DOM,1991-06-30,1991,6,0
DOM,1991-07-31,1991,7,0
DOM,1991-08-31,1991,8,0
DOM,1991-09-30,1991,9,0
DOM,1991-10-31,1991,10,0
DOM,1991-11-30,1991,11,0
DOM,1991-12-31,1991,12,0
DOM,1992-01-31,1992,1,0
DOM,1992-02-29,1992,2,0
DOM,1992-03-31,1992,3,0
DOM,1992-04-30,1992,4,0
DOM,1992-05-31,1992,5,0
DOM,1992-06-30,1992,6,0
DOM,1992-07-31,1992,7,0
DOM,1992-08-31,1992,8,0
DOM,1992-09-30,1992,9,0
DOM,1992-10-31,1992,10,0
DOM,1992-11-30,1992,11,0
DOM,1992-12-31,1992,12,0
DOM,1993-01-31,1993,1,0
DOM,1993-02-28,1993,2,0
DOM,1993-03-31,1993,3,0
DOM,1993-04-30,1993,4,0
DOM,1993-05-31,1993,5,0
DOM,1993-06-30,1993,6,0
DOM,1993-07-31,1993,7,0
DOM,1993-08-31,1993,8,0
DOM,1993-09-30,1993,9,0
DOM,1993-10-31,1993,10,0
DOM,1993-11-30,1993,11,0
DOM,1993-12-31,1993,12,0
DOM,1994-01-31,1994,1,0
DOM,1994-02-28,1994,2,0
DOM,1994-03-31,1994,3,0
DOM,1994-04-30,1994,4,0
DOM,1994-05-31,1994,5,0
DOM,1994-06-30,1994,6,0
DOM,1994-07-31,1994,7,0
DOM,1994-08-31,1994,8,0
DOM,1994-09-30,1994,9,0
DOM,1994-10-31,1994,10,0
DOM,1994-11-30,1994,11,0
DOM,1994-12-31,1994,12,0
DOM,1995-01-31,1995,1,0
DOM,1995-02-28,1995,2,0
DOM,1995-03-31,1995,3,0
DOM,1995-04-30,1995,4,0
DOM,1995-05-31,1995,5,0
DOM,1995-06-30,1995,6,0
DOM,1995-07-31,1995,7,0
DOM,1995-08-31,1995,8,0
DOM,1995-09-30,1995,9,0
DOM,1995-10-31,1995,10,0
DOM,1995-11-30,1995,11,0
DOM,1995-12-31,1995,12,0
DOM,1996-01-31,1996,1,0
DOM,1996-02-29,1996,2,0
DOM,1996-03-31,1996,3,0
DOM,1996-04-30,1996,4,0
DOM,1996-05-31,1996,5,0
DOM,1996-06-30,1996,6,0
DOM,1996-07-31,1996,7,0
DOM,1996-08-31,1996,8,0
DOM,1996-09-30,1996,9,0
DOM,1996-10-31,1996,10,0
DOM,1996-11-30,1996,11,0
DOM,1996-12-31,1996,12,0
DOM,1997-01-31,1997,1,0
DOM,1997-02-28,1997,2,0
DOM,1997-03-31,1997,3,0
DOM,1997-04-30,1997,4,0
DOM,1997-05-31,1997,5,0
DOM,1997-06-30,1997,6,0
DOM,1997-07-31,1997,7,0
DOM,1997-08-31,1997,8,0
DOM,1997-09-30,1997,9,0
DOM,1997-10-31,1997,10,0
DOM,1997-11-30,1997,11,0
DOM,1997-12-31,1997,12,0
DOM,1998-01-31,1998,1,0
DOM,1998-02-28,1998,2,0
DOM,1998-03-31,1998,3,0
DOM,1998-04-30,1998,4,0
DOM,1998-05-31,1998,5,0
DOM,1998-06-30,1998,6,0
DOM,1998-07-31,1998,7,0
DOM,1998-08-31,1998,8,0
DOM,1998-09-30,1998,9,0
DOM,1998-10-31,1998,10,0
DOM,1998-11-30,1998,11,0
DOM,1998-12-31,1998,12,0
DOM,1999-01-31,1999,1,0
DOM,1999-02-28,1999,2,0
DOM,1999-03-31,1999,3,0
DOM,1999-04-30,1999,4,0
DOM,1999-05-31,1999,5,0
DOM,1999-06-30,1999,6,0
DOM,1999-07-31,1999,7,0
DOM,1999-08-31,1999,8,0
DOM,1999-09-30,1999,9,0
DOM,1999-10-31,1999,10,0
DOM,1999-11-30,1999,11,0
DOM,1999-12-31,1999,12,0
DOM,2000-01-31,2000,1,0
DOM,2000-02-29,2000,2,0
DOM,2000-03-31,2000,3,0
DOM,2000-04-30,2000,4,0
DOM,2000-05-31,2000,5,0
DOM,2000-06-30,2000,6,0
DOM,2000-07-31,2000,7,0
DOM,2000-08-31,2000,8,0
DOM,2000-09-30,2000,9,0
DOM,2000-10-31,2000,10,0
DOM,2000-11-30,2000,11,0
DOM,2000-12-31,2000,12,0
DOM,2001-01-31,2001,1,0
DOM,2001-02-28,2001,2,0
DOM,2001-03-31,2001,3,0
DOM,2001-04-30,2001,4,0
DOM,2001-05-31,2001,5,0
DOM,2001-06-30,2001,6,0
DOM,2001-07-31,2001,7,0
DOM,2001-08-31,2001,8,0
DOM,2001-09-30,2001,9,0
DOM,2001-10-31,2001,10,0
DOM,2001-11-30,2001,11,0
DOM,2001-12-31,2001,12,0
DOM,2002-01-31,2002,1,1
DOM,2002-02-28,2002,2,1
DOM,2002-03-31,2002,3,1
DOM,2002-04-30,2002,4,1
DOM,2002-05-31,2002,5,1
DOM,2002-06-30,2002,6,1
DOM,2002-07-31,2002,7,1
DOM,2002-08-31,2002,8,1
DOM,2002-09-30,2002,9,1
DOM,2002-10-31,2002,10,1
DOM,2002-11-30,2002,11,1
DOM,2002-12-31,2002,12,1
DOM,2003-01-31,2003,1,0
DOM,2003-02-28,2003,2,0
DOM,2003-03-31,2003,3,0
DOM,2003-04-30,2003,4,0
DOM,2003-05-31,2003,5,0
DOM,2003-06-30,2003,6,0
DOM,2003-07-31,2003,7,0
DOM,2003-08-31,2003,8,0
DOM,2003-09-30,2003,9,0
DOM,2003-10-31,2003,10,0
DOM,2003-11-30,2003,11,0
DOM,2003-12-31,2003,12,0
DOM,2004-01-31,2004,1,0
DOM,2004-02-29,2004,2,0
DOM,2004-03-31,2004,3,0
DOM,2004-04-30,2004,4,0
DOM,2004-05-31,2004,5,0
DOM,2004-06-30,2004,6,0
DOM,2004-07-31,2004,7,0
DOM,2004-08-31,2004,8,0
DOM,2004-09-30,2004,9,0
DOM,2004-10-31,2004,10,0
DOM,2004-11-30,2004,11,0
DOM,2004-12-31,2004,12,0
DOM,2005-01-31,2005,1,0
DOM,2005-02-28,2005,2,0
DOM,2005-03-31,2005,3,0
DOM,2005-04-30,2005,4,0
DOM,2005-05-31,2005,5,0
DOM,2005-06-30,2005,6,0
DOM,2005-07-31,2005,7,0
DOM,2005-08-31,2005,8,0
DOM,2005-09-30,2005,9,0
DOM,2005-10-31,2005,10,0
DOM,2005-11-30,2005,11,0
DOM,2005-12-31,2005,12,0
DOM,2006-01-31,2006,1,0
DOM,2006-02-28,2006,2,0
DOM,2006-03-31,2006,3,0
DOM,2006-04-30,2006,4,0
DOM,2006-05-31,2006,5,0
DOM,2006-06-30,2006,6,0
DOM,2006-07-31,2006,7,0
DOM,2006-08-31,2006,8,0
DOM,2006-09-30,2006,9,0
DOM,2006-10-31,2006,10,0
DOM,2006-11-30,2006,11,0
DOM,2006-12-31,2006,12,0
DOM,2007-01-31,2007,1,0
DOM,2007-02-28,2007,2,0
DOM,2007-03-31,2007,3,0
DOM,2007-04-30,2007,4,0
DOM,2007-05-31,2007,5,0
DOM,2007-06-30,2007,6,0
DOM,2007-07-31,2007,7,0
DOM,2007-08-31,2007,8,0
DOM,2007-09-30,2007,9,0
DOM,2007-10-31,2007,10,0
DOM,2007-11-30,2007,11,0
DOM,2007-12-31,2007,12,0
DOM,2008-01-31,2008,1,0
DOM,2008-02-29,2008,2,0
DOM,2008-03-31,2008,3,0
DOM,2008-04-30,2008,4,0
DOM,2008-05-31,2008,5,0
DOM,2008-06-30,2008,6,0
DOM,2008-07-31,2008,7,0
DOM,2008-08-31,2008,8,0
DOM,2008-09-30,2008,9,0
DOM,2008-10-31,2008,10,0
DOM,2008-11-30,2008,11,0
DOM,2008-12-31,2008,12,0
DOM,2009-01-31,2009,1,0
DOM,2009-02-28,2009,2,0
DOM,2009-03-31,2009,3,0
DOM,2009-04-30,2009,4,0
DOM,2009-05-31,2009,5,0
DOM,2009-06-30,2009,6,0
DOM,2009-07-31,2009,7,0
DOM,2009-08-31,2009,8,0
DOM,2009-09-30,2009,9,0
DOM,2009-10-31,2009,10,0
DOM,2009-11-30,2009,11,0
DOM,2009-12-31,2009,12,0
DOM,2010-01-31,2010,1,0
DOM,2010-02-28,2010,2,0
DOM,2010-03-31,2010,3,0
DOM,2010-04-30,2010,4,0
DOM,2010-05-31,2010,5,0
DOM,2010-06-30,2010,6,0
DOM,2010-07-31,2010,7,0
DOM,2010-08-31,2010,8,0
DOM,2010-09-30,2010,9,0
DOM,2010-10-31,2010,10,0
DOM,2010-11-30,2010,11,0
DOM,2010-12-31,2010,12,0
DOM,2011-01-31,2011,1,0
DOM,2011-02-28,2011,2,0
DOM,2011-03-31,2011,3,0
DOM,2011-04-30,2011,4,0
DOM,2011-05-31,2011,5,0
DOM,2011-06-30,2011,6,0
DOM,2011-07-31,2011,7,0
DOM,2011-08-31,2011,8,0
DOM,2011-09-30,2011,9,0
DOM,2011-10-31,2011,10,0
DOM,2011-11-30,2011,11,0
DOM,2011-12-31,2011,12,0
DOM,2012-01-31,2012,1,0
DOM,2012-02-29,2012,2,0
DOM,2012-03-31,2012,3,0
DOM,2012-04-30,2012,4,0
DOM,2012-05-31,2012,5,0
DOM,2012-06-30,2012,6,0
DOM,2012-07-31,2012,7,0
DOM,2012-08-31,2012,8,0
DOM,2012-09-30,2012,9,0
DOM,2012-10-31,2012,10,0
DOM,2012-11-30,2012,11,0
DOM,2012-12-31,2012,12,0
DOM,2013-01-31,2013,1,0
DOM,2013-02-28,2013,2,0
DOM,2013-03-31,2013,3,0
DOM,2013-04-30,2013,4,0
DOM,2013-05-31,2013,5,0
DOM,2013-06-30,2013,6,0
DOM,2013-07-31,2013,7,0
DOM,2013-08-31,2013,8,0
DOM,2013-09-30,2013,9,0
DOM,2013-10-31,2013,10,0
DOM,2013-11-30,2013,11,0
DOM,2013-12-31,2013,12,0
DOM,2014-01-31,2014,1,0
DOM,2014-02-28,2014,2,0
DOM,2014-03-31,2014,3,0
DOM,2014-04-30,2014,4,0
DOM,2014-05-31,2014,5,0
DOM,2014-06-30,2014,6,0
DOM,2014-07-31,2014,7,0
DOM,2014-08-31,2014,8,0
DOM,2014-09-30,2014,9,0
DOM,2014-10-31,2014,10,0
DOM,2014-11-30,2014,11,0
DOM,2014-12-31,2014,12,0
DOM,2015-01-31,2015,1,0
DOM,2015-02-28,2015,2,0
DOM,2015-03-31,2015,3,0
DOM,2015-04-30,2015,4,0
DOM,2015-05-31,2015,5,0
DOM,2015-06-30,2015,6,0
DOM,2015-07-31,2015,7,0
DOM,2015-08-31,2015,8,0
DOM,2015-09-30,2015,9,0
DOM,2015-10-31,2015,10,0
DOM,2015-11-30,2015,11,0
DOM,2015-12-31,2015,12,0
DOM,2016-01-31,2016,1,0
DOM,2016-02-29,2016,2,0
DOM,2016-03-31,2016,3,0
DOM,2016-04-30,2016,4,0
DOM,2016-05-31,2016,5,0
DOM,2016-06-30,2016,6,0
DOM,2016-07-31,2016,7,0
DOM,2016-08-31,2016,8,0
DOM,2016-09-30,2016,9,0
DOM,2016-10-31,2016,10,0
DOM,2016-11-30,2016,11,0
DOM,2016-12-31,2016,12,0
DZA,1990-01-31,1990,1,0
DZA,1990-02-28,1990,2,0
DZA,1990-03-31,1990,3,0
DZA,1990-04-30,1990,4,0
DZA,1990-05-31,1990,5,0
DZA,1990-06-30,1990,6,0
DZA,1990-07-31,1990,7,0
DZA,1990-08-31,1990,8,0
DZA,1990-09-30,1990,9,0
DZA,1990-10-31,1990,10,0
DZA,1990-11-30,1990,11,0
DZA,1990-12-31,1990,12,0
DZA,1991-01-31,1991,1,0
DZA,1991-02-28,1991,2,0
DZA,1991-03-31,1991,3,0
DZA,1991-04-30,1991,4,0
DZA,1991-05-31,1991,5,0
DZA,1991-06-30,1991,6,0
DZA,1991-07-31,1991,7,0
DZA,1991-08-31,1991,8,0
DZA,1991-09-30,1991,9,0
DZA,1991-10-31,1991,10,0
DZA,1991-11-30,1991,11,0
DZA,1991-12-31,1991,12,0
DZA,1992-01-31,1992,1,0
DZA,1992-02-29,1992,2,0
DZA,1992-03-31,1992,3,0
DZA,1992-04-30,1992,4,0
DZA,1992-05-31,1992,5,0
DZA,1992-06-30,1992,6,0
DZA,1992-07-31,1992,7,0
DZA,1992-08-31,1992,8,0
DZA,1992-09-30,1992,9,0
DZA,1992-10-31,1992,10,0
DZA,1992-11-30,1992,11,0
DZA,1992-12-31,1992,12,0
DZA,1993-01-31,1993,1,1
DZA,1993-02-28,1993,2,1
DZA,1993-03-31,1993,3,1
DZA,1993-04-30,1993,4,1
DZA,1993-05-31,1993,5,1
DZA,1993-06-30,1993,6,1
DZA,1993-07-31,1993,7,1
DZA,1993-08-31,1993,8,1
DZA,1993-09-30,1993,9,1
DZA,1993-10-31,1993,10,1
DZA,1993-11-30,1993,11,1
DZA,1993-12-31,1993,12,1
DZA,1994-01-31,1994,1,0
DZA,1994-02-28,1994,2,0
DZA,1994-03-31,1994,3,0
DZA,1994-04-30,1994,4,0
DZA,1994-05-31,1994,5,0
DZA,1994-06-30,1994,6,0
DZA,1994-07-31,1994,7,0
DZA,1994-08-31,1994,8,0
DZA,1994-09-30,1994,9,0
DZA,1994-10-31,1994,10,0
DZA,1994-11-30,1994,11,0
DZA,1994-12-31,1994,12,0
DZA,1995-01-31,1995,1,0
DZA,1995-02-28,1995,2,0
DZA,1995-03-31,1995,3,0
DZA,1995-04-30,1995,4,0
DZA,1995-05-31,1995,5,0
DZA,1995-06-30,1995,6,0
DZA,1995-07-31,1995,7,0
DZA,1995-08-31,1995,8,0
DZA,1995-09-30,1995,9,0
DZA,1995-10-31,1995,10,0
DZA,1995-11-30,1995,11,0
DZA,1995-12-31,1995,12,0
DZA,1996-01-31,1996,1,0
DZA,1996-02-29,1996,2,0
DZA,1996-03-31,1996,3,0
DZA,1996-04-30,1996,4,0
DZA,1996-05-31,1996,5,0
DZA,1996-06-30,1996,6,0
DZA,1996-07-31,1996,7,0
DZA,1996-08-31,1996,8,0
DZA,1996-09-30,1996,9,0
DZA,1996-10-31,1996,10,0
DZA,1996-11-30,1996,11,0
DZA,1996-12-31,1996,12,0
DZA,1997-01-31,1997,1,0
DZA,1997-02-28,1997,2,0
DZA,1997-03-31,1997,3,0
DZA,1997-04-30,1997,4,0
DZA,1997-05-31,1997,5,0
DZA,1997-06-30,1997,6,0
DZA,1997-07-31,1997,7,0
DZA,1997-08-31,1997,8,0
DZA,1997-09-30,1997,9,0
DZA,1997-10-31,1997,10,0
DZA,1997-11-30,1997,11,0
DZA,1997-12-31,1997,12,0
DZA,1998-01-31,1998,1,0
DZA,1998-02-28,1998,2,0
DZA,1998-03-31,1998,3,0
DZA,1998-04-30,1998,4,0
DZA,1998-05-31,1998,5,0
DZA,1998-06-30,1998,6,0
DZA,1998-07-31,1998,7,0
DZA,1998-08-31,1998,8,0
DZA,1998-09-30,1998,9,0
DZA,1998-10-31,1998,10,0
DZA,1998-11-30,1998,11,0
DZA,1998-12-31,1998,12,0
DZA,1999-01-31,1999,1,0
DZA,1999-02-28,1999,2,0
DZA,1999-03-31,1999,3,0
DZA,1999-04-30,1999,4,0
DZA,1999-05-31,1999,5,0
DZA,1999-06-30,1999,6,0
DZA,1999-07-31,1999,7,0
DZA,1999-08-31,1999,8,0
DZA,1999-09-30,1999,9,0
DZA,1999-10-31,1999,10,0
DZA,1999-11-30,1999,11,0
DZA,1999-12-31,1999,12,0
DZA,2000-01-31,2000,1,0
DZA,2000-02-29,2000,2,0
DZA,2000-03-31,2000,3,0
DZA,2000-04-30,2000,4,0
DZA,2000-05-31,2000,5,0
DZA,2000-06-30,2000,6,0
DZA,2000-07-31,2000,7,0
DZA,2000-08-31,2000,8,0
DZA,2000-09-30,2000,9,0
DZA,2000-10-31,2000,10,0
DZA,2000-11-30,2000,11,0
DZA,2000-12-31,2000,12,0
DZA,2001-01-31,2001,1,0
DZA,2001-02-28,2001,2,0
DZA,2001-03-31,2001,3,0
DZA,2001-04-30,2001,4,0
DZA,2001-05-31,2001,5,0
DZA,2001-06-30,2001,6,0
DZA,2001-07-31,2001,7,0
DZA,2001-08-31,2001,8,0
DZA,2001-09-30,2001,9,0
DZA,2001-10-31,2001,10,0
DZA,2001-11-30,2001,11,0
DZA,2001-12-31,2001,12,0
DZA,2002-01-31,2002,1,0
DZA,2002-02-28,2002,2,0
DZA,2002-03-31,2002,3,0
DZA,2002-04-30,2002,4,0
DZA,2002-05-31,2002,5,0
DZA,2002-06-30,2002,6,0
DZA,2002-07-31,2002,7,0
DZA,2002-08-31,2002,8,0
DZA,2002-09-30,2002,9,0
DZA,2002-10-31,2002,10,0
DZA,2002-11-30,2002,11,0
DZA,2002-12-31,2002,12,0
DZA,2003-01-31,2003,1,0
DZA,2003-02-28,2003,2,0
DZA,2003-03-31,2003,3,0
DZA,2003-04-30,2003,4,0
DZA,2003-05-31,2003,5,0
DZA,2003-06-30,2003,6,0
DZA,2003-07-31,2003,7,0
DZA,2003-08-31,2003,8,0
DZA,2003-09-30,2003,9,0
DZA,2003-10-31,2003,10,0
DZA,2003-11-30,2003,11,0
DZA,2003-12-31,2003,12,0
DZA,2004-01-31,2004,1,0
DZA,2004-02-29,2004,2,0
DZA,2004-03-31,2004,3,0
DZA,2004-04-30,2004,4,0
DZA,2004-05-31,2004,5,0
DZA,2004-06-30,2004,6,0
DZA,2004-07-31,2004,7,0
DZA,2004-08-31,2004,8,0
DZA,2004-09-30,2004,9,0
DZA,2004-10-31,2004,10,0
DZA,2004-11-30,2004,11,0
DZA,2004-12-31,2004,12,0
DZA,2005-01-31,2005,1,0
DZA,2005-02-28,2005,2,0
DZA,2005-03-31,2005,3,0
DZA,2005-04-30,2005,4,0
DZA,2005-05-31,2005,5,0
DZA,2005-06-30,2005,6,0
DZA,2005-07-31,2005,7,0
DZA,2005-08-31,2005,8,0
DZA,2005-09-30,2005,9,0
DZA,2005-10-31,2005,10,0
DZA,2005-11-30,2005,11,0
DZA,2005-12-31,2005,12,0
DZA,2006-01-31,2006,1,0
DZA,2006-02-28,2006,2,0
DZA,2006-03-31,2006,3,0
DZA,2006-04-30,2006,4,0
DZA,2006-05-31,2006,5,0
DZA,2006-06-30,2006,6,0
DZA,2006-07-31,2006,7,0
DZA,2006-08-31,2006,8,0
DZA,2006-09-30,2006,9,0
DZA,2006-10-31,2006,10,0
DZA,2006-11-30,2006,11,0
DZA,2006-12-31,2006,12,0
DZA,2007-01-31,2007,1,0
DZA,2007-02-28,2007,2,0
DZA,2007-03-31,2007,3,0
DZA,2007-04-30,2007,4,0
DZA,2007-05-31,2007,5,0
DZA,2007-06-30,2007,6,0
DZA,2007-07-31,2007,7,0
DZA,2007-08-31,2007,8,0
DZA,2007-09-30,2007,9,0
DZA,2007-10-31,2007,10,0
DZA,2007-11-30,2007,11,0
DZA,2007-12-31,2007,12,0
DZA,2008-01-31,2008,1,0
DZA,2008-02-29,2008,2,0
DZA,2008-03-31,2008,3,0
DZA,2008-04-30,2008,4,0
DZA,2008-05-31,2008,5,0
DZA,2008-06-30,2008,6,0
DZA,2008-07-31,2008,7,0
DZA,2008-08-31,2008,8,0
DZA,2008-09-30,2008,9,0
DZA,2008-10-31,2008,10,0
DZA,2008-11-30,2008,11,0
DZA,2008-12-31,2008,12,0
DZA,2009-01-31,2009,1,0
DZA,2009-02-28,2009,2,0
DZA,2009-03-31,2009,3,0
DZA,2009-04-30,2009,4,0
DZA,2009-05-31,2009,5,0
DZA,2009-06-30,2009,6,0
DZA,2009-07-31,2009,7,0
DZA,2009-08-31,2009,8,0
DZA,2009-09-30,2009,9,0
DZA,2009-10-31,2009,10,0
DZA,2009-11-30,2009,11,0
DZA,2009-12-31,2009,12,0
DZA,2010-01-31,2010,1,0
DZA,2010-02-28,2010,2,0
DZA,2010-03-31,2010,3,0
DZA,2010-04-30,2010,4,0
DZA,2010-05-31,2010,5,0
DZA,2010-06-30,2010,6,0
DZA,2010-07-31,2010,7,0
DZA,2010-08-31,2010,8,0
DZA,2010-09-30,2010,9,0
DZA,2010-10-31,2010,10,0
DZA,2010-11-30,2010,11,0
DZA,2010-12-31,2010,12,0
DZA,2011-01-31,2011,1,0
DZA,2011-02-28,2011,2,0
DZA,2011-03-31,2011,3,0
DZA,2011-04-30,2011,4,0
DZA,2011-05-31,2011,5,0
DZA,2011-06-30,2011,6,0
DZA,2011-07-31,2011,7,0
DZA,2011-08-31,2011,8,0
DZA,2011-09-30,2011,9,0
DZA,2011-10-31,2011,10,0
DZA,2011-11-30,2011,11,0
DZA,2011-12-31,2011,12,0
DZA,2012-01-31,2012,1,0
DZA,2012-02-29,2012,2,0
DZA,2012-03-31,2012,3,0
DZA,2012-04-30,2012,4,0
DZA,2012-05-31,2012,5,0
DZA,2012-06-30,2012,6,0
DZA,2012-07-31,2012,7,0
DZA,2012-08-31,2012,8,0
DZA,2012-09-30,2012,9,0
DZA,2012-10-31,2012,10,0
DZA,2012-11-30,2012,11,0
DZA,2012-12-31,2012,12,0
DZA,2013-01-31,2013,1,0
DZA,2013-02-28,2013,2,0
DZA,2013-03-31,2013,3,0
DZA,2013-04-30,2013,4,0
DZA,2013-05-31,2013,5,0
DZA,2013-06-30,2013,6,0
DZA,2013-07-31,2013,7,0
DZA,2013-08-31,2013,8,0
DZA,2013-09-30,2013,9,0
DZA,2013-10-31,2013,10,0
DZA,2013-11-30,2013,11,0
DZA,2013-12-31,2013,12,0
DZA,2014-01-31,2014,1,0
DZA,2014-02-28,2014,2,0
DZA,2014-03-31,2014,3,0
DZA,2014-04-30,2014,4,0
DZA,2014-05-31,2014,5,0
DZA,2014-06-30,2014,6,0
DZA,2014-07-31,2014,7,0
DZA,2014-08-31,2014,8,0
DZA,2014-09-30,2014,9,0
DZA,2014-10-31,2014,10,0
DZA,2014-11-30,2014,11,0
DZA,2014-12-31,2014,12,0
DZA,2015-01-31,2015,1,0
DZA,2015-02-28,2015,2,0
DZA,2015-03-31,2015,3,0
DZA,2015-04-30,2015,4,0
DZA,2015-05-31,2015,5,0
DZA,2015-06-30,2015,6,0
DZA,2015-07-31,2015,7,0
DZA,2015-08-31,2015,8,0
DZA,2015-09-30,2015,9,0
DZA,2015-10-31,2015,10,0
DZA,2015-11-30,2015,11,0
DZA,2015-12-31,2015,12,0
DZA,2016-01-31,2016,1,0
DZA,2016-02-29,2016,2,0
DZA,2016-03-31,2016,3,0
DZA,2016-04-30,2016,4,0
DZA,2016-05-31,2016,5,0
DZA,2016-06-30,2016,6,0
DZA,2016-07-31,2016,7,0
DZA,2016-08-31,2016,8,0
DZA,2016-09-30,2016,9,0
DZA,2016-10-31,2016,10,0
DZA,2016-11-30,2016,11,0
DZA,2016-12-31,2016,12,0
ECU,1990-01-31,1990,1,0
ECU,1990-02-28,1990,2,0
ECU,1990-03-31,1990,3,0
ECU,1990-04-30,1990,4,0
ECU,1990-05-31,1990,5,0
ECU,1990-06-30,1990,6,0
ECU,1990-07-31,1990,7,0
ECU,1990-08-31,1990,8,0
ECU,1990-09-30,1990,9,0
ECU,1990-10-31,1990,10,0
ECU,1990-11-30,1990,11,0
ECU,1990-12-31,1990,12,0
ECU,1991-01-31,1991,1,0
ECU,1991-02-28,1991,2,0
ECU,1991-03-31,1991,3,0
ECU,1991-04-30,1991,4,0
ECU,1991-05-31,1991,5,0
ECU,1991-06-30,1991,6,0
ECU,1991-07-31,1991,7,0
ECU,1991-08-31,1991,8,0
ECU,1991-09-30,1991,9,0
ECU,1991-10-31,1991,10,0
ECU,1991-11-30,1991,11,0
ECU,1991-12-31,1991,12,0
ECU,1992-01-31,1992,1,0
ECU,1992-02-29,1992,2,0
ECU,1992-03-31,1992,3,0
ECU,1992-04-30,1992,4,0
ECU,1992-05-31,1992,5,0
ECU,1992-06-30,1992,6,0
ECU,1992-07-31,1992,7,0
ECU,1992-08-31,1992,8,0
ECU,1992-09-30,1992,9,0
ECU,1992-10-31,1992,10,0
ECU,1992-11-30,1992,11,0
ECU,1992-12-31,1992,12,0
ECU,1993-01-31,1993,1,0
ECU,1993-02-28,1993,2,0
ECU,1993-03-31,1993,3,0
ECU,1993-04-30,1993,4,0
ECU,1993-05-31,1993,5,0
ECU,1993-06-30,1993,6,0
ECU,1993-07-31,1993,7,0
ECU,1993-08-31,1993,8,0
ECU,1993-09-30,1993,9,0
ECU,1993-10-31,1993,10,0
ECU,1993-11-30,1993,11,0
ECU,1993-12-31,1993,12,0
ECU,1994-01-31,1994,1,0
ECU,1994-02-28,1994,2,0
ECU,1994-03-31,1994,3,0
ECU,1994-04-30,1994,4,0
ECU,1994-05-31,1994,5,0
ECU,1994-06-30,1994,6,0
ECU,1994-07-31,1994,7,0
ECU,1994-08-31,1994,8,0
ECU,1994-09-30,1994,9,0
ECU,1994-10-31,1994,10,0
ECU,1994-11-30,1994,11,0
ECU,1994-12-31,1994,12,0
ECU,1995-01-31,1995,1,0
ECU,1995-02-28,1995,2,0
ECU,1995-03-31,1995,3,0
ECU,1995-04-30,1995,4,0
ECU,1995-05-31,1995,5,0
ECU,1995-06-30,1995,6,0
ECU,1995-07-31,1995,7,0
ECU,1995-08-31,1995,8,0
ECU,1995-09-30,1995,9,0
ECU,1995-10-31,1995,10,0
ECU,1995-11-30,1995,11,0
ECU,1995-12-31,1995,12,0
ECU,1996-01-31,1996,1,0
ECU,1996-02-29,1996,2,0
ECU,1996-03-31,1996,3,0
ECU,1996-04-30,1996,4,0
ECU,1996-05-31,1996,5,0
ECU,1996-06-30,1996,6,0
ECU,1996-07-31,1996,7,0
ECU,1996-08-31,1996,8,0
ECU,1996-09-30,1996,9,0
ECU,1996-10-31,1996,10,0
ECU,1996-11-30,1996,11,0
ECU,1996-12-31,1996,12,0
ECU,1997-01-31,1997,1,0
ECU,1997-02-28,1997,2,0
ECU,1997-03-31,1997,3,0
ECU,1997-04-30,1997,4,0
ECU,1997-05-31,1997,5,0
ECU,1997-06-30,1997,6,0
ECU,1997-07-31,1997,7,0
ECU,1997-08-31,1997,8,0
ECU,1997-09-30,1997,9,0
ECU,1997-10-31,1997,10,0
ECU,1997-11-30,1997,11,0
ECU,1997-12-31,1997,12,0
ECU,1998-01-31,1998,1,1
ECU,1998-02-28,1998,2,1
ECU,1998-03-31,1998,3,1
ECU,1998-04-30,1998,4,1
ECU,1998-05-31,1998,5,1
ECU,1998-06-30,1998,6,1
ECU,1998-07-31,1998,7,1
ECU,1998-08-31,1998,8,1
ECU,1998-09-30,1998,9,1
ECU,1998-10-31,1998,10,1
ECU,1998-11-30,1998,11,1
ECU,1998-12-31,1998,12,1
ECU,1999-01-31,1999,1,0
ECU,1999-02-28,1999,2,0
ECU,1999-03-31,1999,3,0
ECU,1999-04-30,1999,4,0
ECU,1999-05-31,1999,5,0
ECU,1999-06-30,1999,6,0
ECU,1999-07-31,1999,7,0
ECU,1999-08-31,1999,8,0
ECU,1999-09-30,1999,9,0
ECU,1999-10-31,1999,10,0
ECU,1999-11-30,1999,11,0
ECU,1999-12-31,1999,12,0
ECU,2000-01-31,2000,1,0
ECU,2000-02-29,2000,2,0
ECU,2000-03-31,2000,3,0
ECU,2000-04-30,2000,4,0
ECU,2000-05-31,2000,5,0
ECU,2000-06-30,2000,6,0
ECU,2000-07-31,2000,7,0
ECU,2000-08-31,2000,8,0
ECU,2000-09-30,2000,9,0
ECU,2000-10-31,2000,10,0
ECU,2000-11-30,2000,11,0
ECU,2000-12-31,2000,12,0
ECU,2001-01-31,2001,1,0
ECU,2001-02-28,2001,2,0
ECU,2001-03-31,2001,3,0
ECU,2001-04-30,2001,4,0
ECU,2001-05-31,2001,5,0
ECU,2001-06-30,2001,6,0
ECU,2001-07-31,2001,7,0
ECU,2001-08-31,2001,8,0
ECU,2001-09-30,2001,9,0
ECU,2001-10-31,2001,10,0
ECU,2001-11-30,2001,11,0
ECU,2001-12-31,2001,12,0
ECU,2002-01-31,2002,1,0
ECU,2002-02-28,2002,2,0
ECU,2002-03-31,2002,3,0
ECU,2002-04-30,2002,4,0
ECU,2002-05-31,2002,5,0
ECU,2002-06-30,2002,6,0
ECU,2002-07-31,2002,7,0
ECU,2002-08-31,2002,8,0
ECU,2002-09-30,2002,9,0
ECU,2002-10-31,2002,10,0
ECU,2002-11-30,2002,11,0
ECU,2002-12-31,2002,12,0
ECU,2003-01-31,2003,1,0
ECU,2003-02-28,2003,2,0
ECU,2003-03-31,2003,3,0
ECU,2003-04-30,2003,4,0
ECU,2003-05-31,2003,5,0
ECU,2003-06-30,2003,6,0
ECU,2003-07-31,2003,7,0
ECU,2003-08-31,2003,8,0
ECU,2003-09-30,2003,9,0
ECU,2003-10-31,2003,10,0
ECU,2003-11-30,2003,11,0
ECU,2003-12-31,2003,12,0
ECU,2004-01-31,2004,1,0
ECU,2004-02-29,2004,2,0
ECU,2004-03-31,2004,3,0
ECU,2004-04-30,2004,4,0
ECU,2004-05-31,2004,5,0
ECU,2004-06-30,2004,6,0
ECU,2004-07-31,2004,7,0
ECU,2004-08-31,2004,8,0
ECU,2004-09-30,2004,9,0
ECU,2004-10-31,2004,10,0
ECU,2004-11-30,2004,11,0
ECU,2004-12-31,2004,12,0
ECU,2005-01-31,2005,1,0
ECU,2005-02-28,2005,2,0
ECU,2005-03-31,2005,3,0
ECU,2005-04-30,2005,4,0
ECU,2005-05-31,2005,5,0
ECU,2005-06-30,2005,6,0
ECU,2005-07-31,2005,7,0
ECU,2005-08-31,2005,8,0
ECU,2005-09-30,2005,9,0
ECU,2005-10-31,2005,10,0
ECU,2005-11-30,2005,11,0
ECU,2005-12-31,2005,12,0
ECU,2006-01-31,2006,1,0
ECU,2006-02-28,2006,2,0
ECU,2006-03-31,2006,3,0
ECU,2006-04-30,2006,4,0
ECU,2006-05-31,2006,5,0
ECU,2006-06-30,2006,6,0
ECU,2006-07-31,2006,7,0
ECU,2006-08-31,2006,8,0
ECU,2006-09-30,2006,9,0
ECU,2006-10-31,2006,10,0
ECU,2006-11-30,2006,11,0
ECU,2006-12-31,2006,12,0
ECU,2007-01-31,2007,1,0
ECU,2007-02-28,2007,2,0
ECU,2007-03-31,2007,3,0
ECU,2007-04-30,2007,4,0
ECU,2007-05-31,2007,5,0
ECU,2007-06-30,2007,6,0
ECU,2007-07-31,2007,7,0
ECU,2007-08-31,2007,8,0
ECU,2007-09-30,2007,9,0
ECU,2007-10-31,2007,10,0
ECU,2007-11-30,2007,11,0
ECU,2007-12-31,2007,12,0
ECU,2008-01-31,2008,1,0
ECU,2008-02-29,2008,2,0
ECU,2008-03-31,2008,3,0
ECU,2008-04-30,2008,4,0
ECU,2008-05-31,2008,5,0
ECU,2008-06-30,2008,6,0
ECU,2008-07-31,2008,7,0
ECU,2008-08-31,2008,8,0
ECU,2008-09-30,2008,9,0
ECU,2008-10-31,2008,10,0
ECU,2008-11-30,2008,11,0
ECU,2008-12-31,2008,12,0
ECU,2009-01-31,2009,1,0
ECU,2009-02-28,2009,2,0
ECU,2009-03-31,2009,3,0
ECU,2009-04-30,2009,4,0
ECU,2009-05-31,2009,5,0
ECU,2009-06-30,2009,6,0
ECU,2009-07-31,2009,7,0
ECU,2009-08-31,2009,8,0
ECU,2009-09-30,2009,9,0
ECU,2009-10-31,2009,10,0
ECU,2009-11-30,2009,11,0
ECU,2009-12-31,2009,12,0
ECU,2010-01-31,2010,1,0
ECU,2010-02-28,2010,2,0
ECU,2010-03-31,2010,3,0
ECU,2010-04-30,2010,4,0
ECU,2010-05-31,2010,5,0
ECU,2010-06-30,2010,6,0
ECU,2010-07-31,2010,7,0
ECU,2010-08-31,2010,8,0
ECU,2010-09-30,2010,9,0
ECU,2010-10-31,2010,10,0
ECU,2010-11-30,2010,11,0
ECU,2010-12-31,2010,12,0
ECU,2011-01-31,2011,1,0
ECU,2011-02-28,2011,2,0
ECU,2011-03-31,2011,3,0
ECU,2011-04-30,2011,4,0
ECU,2011-05-31,2011,5,0
ECU,2011-06-30,2011,6,0
ECU,2011-07-31,2011,7,0
ECU,2011-08-31,2011,8,0
ECU,2011-09-30,2011,9,0
ECU,2011-10-31,2011,10,0
ECU,2011-11-30,2011,11,0
ECU,2011-12-31,2011,12,0
ECU,2012-01-31,2012,1,0
ECU,2012-02-29,2012,2,0
ECU,2012-03-31,2012,3,0
ECU,2012-04-30,2012,4,0
ECU,2012-05-31,2012,5,0
ECU,2012-06-30,2012,6,0
ECU,2012-07-31,2012,7,0
ECU,2012-08-31,2012,8,0
ECU,2012-09-30,2012,9,0
ECU,2012-10-31,2012,10,0
ECU,2012-11-30,2012,11,0
ECU,2012-12-31,2012,12,0
ECU,2013-01-31,2013,1,0
ECU,2013-02-28,2013,2,0
ECU,2013-03-31,2013,3,0
ECU,2013-04-30,2013,4,0
ECU,2013-05-31,2013,5,0
ECU,2013-06-30,2013,6,0
ECU,2013-07-31,2013,7,0
ECU,2013-08-31,2013,8,0
ECU,2013-09-30,2013,9,0
ECU,2013-10-31,2013,10,0
ECU,2013-11-30,2013,11,0
ECU,2013-12-31,2013,12,0
ECU,2014-01-31,2014,1,0
ECU,2014-02-28,2014,2,0
ECU,2014-03-31,2014,3,0
ECU,2014-04-30,2014,4,0
ECU,2014-05-31,2014,5,0
ECU,2014-06-30,2014,6,0
ECU,2014-07-31,2014,7,0
ECU,2014-08-31,2014,8,0
ECU,2014-09-30,2014,9,0
ECU,2014-10-31,2014,10,0
ECU,2014-11-30,2014,11,0
ECU,2014-12-31,2014,12,0
ECU,2015-01-31,2015,1,0
ECU,2015-02-28,2015,2,0
ECU,2015-03-31,2015,3,0
ECU,2015-04-30,2015,4,0
ECU,2015-05-31,2015,5,0
ECU,2015-06-30,2015,6,0
ECU,2015-07-31,2015,7,0
ECU,2015-08-31,2015,8,0
ECU,2015-09-30,2015,9,0
ECU,2015-10-31,2015,10,0
ECU,2015-11-30,2015,11,0
ECU,2015-12-31,2015,12,0
ECU,2016-01-31,2016,1,0
ECU,2016-02-29,2016,2,0
ECU,2016-03-31,2016,3,0
ECU,2016-04-30,2016,4,0
ECU,2016-05-31,2016,5,0
ECU,2016-06-30,2016,6,0
ECU,2016-07-31,2016,7,0
ECU,2016-08-31,2016,8,0
ECU,2016-09-30,2016,9,0
ECU,2016-10-31,2016,10,0
ECU,2016-11-30,2016,11,0
ECU,2016-12-31,2016,12,0
EGY,1990-01-31,1990,1,0
EGY,1990-02-28,1990,2,0
EGY,1990-03-31,1990,3,0
EGY,1990-04-30,1990,4,0
EGY,1990-05-31,1990,5,0
EGY,1990-06-30,1990,6,0
EGY,1990-07-31,1990,7,0
EGY,1990-08-31,1990,8,0
EGY,1990-09-30,1990,9,0
EGY,1990-10-31,1990,10,0
EGY,1990-11-30,1990,11,0
EGY,1990-12-31,1990,12,0
EGY,1991-01-31,1991,1,0
EGY,1991-02-28,1991,2,0
EGY,1991-03-31,1991,3,0
EGY,1991-04-30,1991,4,0
EGY,1991-05-31,1991,5,0
EGY,1991-06-30,1991,6,0
EGY,1991-07-31,1991,7,0
EGY,1991-08-31,1991,8,0
EGY,1991-09-30,1991,9,0
EGY,1991-10-31,1991,10,0
EGY,1991-11-30,1991,11,0
EGY,1991-12-31,1991,12,0
EGY,1992-01-31,1992,1,0
EGY,1992-02-29,1992,2,0
EGY,1992-03-31,1992,3,0
EGY,1992-04-30,1992,4,0
EGY,1992-05-31,1992,5,0
EGY,1992-06-30,1992,6,0
EGY,1992-07-31,1992,7,0
EGY,1992-08-31,1992,8,0
EGY,1992-09-30,1992,9,0
EGY,1992-10-31,1992,10,0
EGY,1992-11-30,1992,11,0
EGY,1992-12-31,1992,12,0
EGY,1993-01-31,1993,1,0
EGY,1993-02-28,1993,2,0
EGY,1993-03-31,1993,3,0
EGY,1993-04-30,1993,4,0
EGY,1993-05-31,1993,5,0
EGY,1993-06-30,1993,6,0
EGY,1993-07-31,1993,7,0
EGY,1993-08-31,1993,8,0
EGY,1993-09-30,1993,9,0
EGY,1993-10-31,1993,10,0
EGY,1993-11-30,1993,11,0
EGY,1993-12-31,1993,12,0
EGY,1994-01-31,1994,1,0
EGY,1994-02-28,1994,2,0
EGY,1994-03-31,1994,3,0
EGY,1994-04-30,1994,4,0
EGY,1994-05-31,1994,5,0
EGY,1994-06-30,1994,6,0
EGY,1994-07-31,1994,7,0
EGY,1994-08-31,1994,8,0
EGY,1994-09-30,1994,9,0
EGY,1994-10-31,1994,10,0
EGY,1994-11-30,1994,11,0
EGY,1994-12-31,1994,12,0
EGY,1995-01-31,1995,1,0
EGY,1995-02-28,1995,2,0
EGY,1995-03-31,1995,3,0
EGY,1995-04-30,1995,4,0
EGY,1995-05-31,1995,5,0
EGY,1995-06-30,1995,6,0
EGY,1995-07-31,1995,7,0
EGY,1995-08-31,1995,8,0
EGY,1995-09-30,1995,9,0
EGY,1995-10-31,1995,10,0
EGY,1995-11-30,1995,11,0
EGY,1995-12-31,1995,12,0
EGY,1996-01-31,1996,1,0
EGY,1996-02-29,1996,2,0
EGY,1996-03-31,1996,3,0
EGY,1996-04-30,1996,4,0
EGY,1996-05-31,1996,5,0
EGY,1996-06-30,1996,6,0
EGY,1996-07-31,1996,7,0
EGY,1996-08-31,1996,8,0
EGY,1996-09-30,1996,9,0
EGY,1996-10-31,1996,10,0
EGY,1996-11-30,1996,11,0
EGY,1996-12-31,1996,12,0
EGY,1997-01-31,1997,1,0
EGY,1997-02-28,1997,2,0
EGY,1997-03-31,1997,3,0
EGY,1997-04-30,1997,4,0
EGY,1997-05-31,1997,5,0
EGY,1997-06-30,1997,6,0
EGY,1997-07-31,1997,7,0
EGY,1997-08-31,1997,8,0
EGY,1997-09-30,1997,9,0
EGY,1997-10-31,1997,10,0
EGY,1997-11-30,1997,11,0
EGY,1997-12-31,1997,12,0
EGY,1998-01-31,1998,1,0
EGY,1998-02-28,1998,2,0
EGY,1998-03-31,1998,3,0
EGY,1998-04-30,1998,4,0
EGY,1998-05-31,1998,5,0
EGY,1998-06-30,1998,6,0
EGY,1998-07-31,1998,7,0
EGY,1998-08-31,1998,8,0
EGY,1998-09-30,1998,9,0
EGY,1998-10-31,1998,10,0
EGY,1998-11-30,1998,11,0
EGY,1998-12-31,1998,12,0
EGY,1999-01-31,1999,1,0
EGY,1999-02-28,1999,2,0
EGY,1999-03-31,1999,3,0
EGY,1999-04-30,1999,4,0
EGY,1999-05-31,1999,5,0
EGY,1999-06-30,1999,6,0
EGY,1999-07-31,1999,7,0
EGY,1999-08-31,1999,8,0
EGY,1999-09-30,1999,9,0
EGY,1999-10-31,1999,10,0
EGY,1999-11-30,1999,11,0
EGY,1999-12-31,1999,12,0
EGY,2000-01-31,2000,1,0
EGY,2000-02-29,2000,2,0
EGY,2000-03-31,2000,3,0
EGY,2000-04-30,2000,4,0
EGY,2000-05-31,2000,5,0
EGY,2000-06-30,2000,6,0
EGY,2000-07-31,2000,7,0
EGY,2000-08-31,2000,8,0
EGY,2000-09-30,2000,9,0
EGY,2000-10-31,2000,10,0
EGY,2000-11-30,2000,11,0
EGY,2000-12-31,2000,12,0
EGY,2001-01-31,2001,1,0
EGY,2001-02-28,2001,2,0
EGY,2001-03-31,2001,3,0
EGY,2001-04-30,2001,4,0
EGY,2001-05-31,2001,5,0
EGY,2001-06-30,2001,6,0
EGY,2001-07-31,2001,7,0
EGY,2001-08-31,2001,8,0
EGY,2001-09-30,2001,9,0
EGY,2001-10-31,2001,10,0
EGY,2001-11-30,2001,11,0
EGY,2001-12-31,2001,12,0
EGY,2002-01-31,2002,1,0
EGY,2002-02-28,2002,2,0
EGY,2002-03-31,2002,3,0
EGY,2002-04-30,2002,4,0
EGY,2002-05-31,2002,5,0
EGY,2002-06-30,2002,6,0
EGY,2002-07-31,2002,7,0
EGY,2002-08-31,2002,8,0
EGY,2002-09-30,2002,9,0
EGY,2002-10-31,2002,10,0
EGY,2002-11-30,2002,11,0
EGY,2002-12-31,2002,12,0
EGY,2003-01-31,2003,1,0
EGY,2003-02-28,2003,2,0
EGY,2003-03-31,2003,3,0
EGY,2003-04-30,2003,4,0
EGY,2003-05-31,2003,5,0
EGY,2003-06-30,2003,6,0
EGY,2003-07-31,2003,7,0
EGY,2003-08-31,2003,8,0
EGY,2003-09-30,2003,9,0
EGY,2003-10-31,2003,10,0
EGY,2003-11-30,2003,11,0
EGY,2003-12-31,2003,12,0
EGY,2004-01-31,2004,1,0
EGY,2004-02-29,2004,2,0
EGY,2004-03-31,2004,3,0
EGY,2004-04-30,2004,4,0
EGY,2004-05-31,2004,5,0
EGY,2004-06-30,2004,6,0
EGY,2004-07-31,2004,7,0
EGY,2004-08-31,2004,8,0
EGY,2004-09-30,2004,9,0
EGY,2004-10-31,2004,10,0
EGY,2004-11-30,2004,11,0
EGY,2004-12-31,2004,12,0
EGY,2005-01-31,2005,1,0
EGY,2005-02-28,2005,2,0
EGY,2005-03-31,2005,3,0
EGY,2005-04-30,2005,4,0
EGY,2005-05-31,2005,5,0
EGY,2005-06-30,2005,6,0
EGY,2005-07-31,2005,7,0
EGY,2005-08-31,2005,8,0
EGY,2005-09-30,2005,9,0
EGY,2005-10-31,2005,10,0
EGY,2005-11-30,2005,11,0
EGY,2005-12-31,2005,12,0
EGY,2006-01-31,2006,1,0
EGY,2006-02-28,2006,2,0
EGY,2006-03-31,2006,3,0
EGY,2006-04-30,2006,4,0
EGY,2006-05-31,2006,5,0
EGY,2006-06-30,2006,6,0
EGY,2006-07-31,2006,7,0
EGY,2006-08-31,2006,8,0
EGY,2006-09-30,2006,9,0
EGY,2006-10-31,2006,10,0
EGY,2006-11-30,2006,11,0
EGY,2006-12-31,2006,12,0
EGY,2007-01-31,2007,1,0
EGY,2007-02-28,2007,2,0
EGY,2007-03-31,2007,3,0
EGY,2007-04-30,2007,4,0
EGY,2007-05-31,2007,5,0
EGY,2007-06-30,2007,6,0
EGY,2007-07-31,2007,7,0
EGY,2007-08-31,2007,8,0
EGY,2007-09-30,2007,9,0
EGY,2007-10-31,2007,10,0
EGY,2007-11-30,2007,11,0
EGY,2007-12-31,2007,12,0
EGY,2008-01-31,2008,1,0
EGY,2008-02-29,2008,2,0
EGY,2008-03-31,2008,3,0
EGY,2008-04-30,2008,4,0
EGY,2008-05-31,2008,5,0
EGY,2008-06-30,2008,6,0
EGY,2008-07-31,2008,7,0
EGY,2008-08-31,2008,8,0
EGY,2008-09-30,2008,9,0
EGY,2008-10-31,2008,10,0
EGY,2008-11-30,2008,11,0
EGY,2008-12-31,2008,12,0
EGY,2009-01-31,2009,1,0
EGY,2009-02-28,2009,2,0
EGY,2009-03-31,2009,3,0
EGY,2009-04-30,2009,4,0
EGY,2009-05-31,2009,5,0
EGY,2009-06-30,2009,6,0
EGY,2009-07-31,2009,7,0
EGY,2009-08-31,2009,8,0
EGY,2009-09-30,2009,9,0
EGY,2009-10-31,2009,10,0
EGY,2009-11-30,2009,11,0
EGY,2009-12-31,2009,12,0
EGY,2010-01-31,2010,1,0
EGY,2010-02-28,2010,2,0
EGY,2010-03-31,2010,3,0
EGY,2010-04-30,2010,4,0
EGY,2010-05-31,2010,5,0
EGY,2010-06-30,2010,6,0
EGY,2010-07-31,2010,7,0
EGY,2010-08-31,2010,8,0
EGY,2010-09-30,2010,9,0
EGY,2010-10-31,2010,10,0
EGY,2010-11-30,2010,11,0
EGY,2010-12-31,2010,12,0
EGY,2011-01-31,2011,1,0
EGY,2011-02-28,2011,2,0
EGY,2011-03-31,2011,3,0
EGY,2011-04-30,2011,4,0
EGY,2011-05-31,2011,5,0
EGY,2011-06-30,2011,6,0
EGY,2011-07-31,2011,7,0
EGY,2011-08-31,2011,8,0
EGY,2011-09-30,2011,9,0
EGY,2011-10-31,2011,10,0
EGY,2011-11-30,2011,11,0
EGY,2011-12-31,2011,12,0
EGY,2012-01-31,2012,1,0
EGY,2012-02-29,2012,2,0
EGY,2012-03-31,2012,3,0
EGY,2012-04-30,2012,4,0
EGY,2012-05-31,2012,5,0
EGY,2012-06-30,2012,6,0
EGY,2012-07-31,2012,7,0
EGY,2012-08-31,2012,8,0
EGY,2012-09-30,2012,9,0
EGY,2012-10-31,2012,10,0
EGY,2012-11-30,2012,11,0
EGY,2012-12-31,2012,12,0
EGY,2013-01-31,2013,1,0
EGY,2013-02-28,2013,2,0
EGY,2013-03-31,2013,3,0
EGY,2013-04-30,2013,4,0
EGY,2013-05-31,2013,5,0
EGY,2013-06-30,2013,6,0
EGY,2013-07-31,2013,7,0
EGY,2013-08-31,2013,8,0
EGY,2013-09-30,2013,9,0
EGY,2013-10-31,2013,10,0
EGY,2013-11-30,2013,11,0
EGY,2013-12-31,2013,12,0
EGY,2014-01-31,2014,1,0
EGY,2014-02-28,2014,2,0
EGY,2014-03-31,2014,3,0
EGY,2014-04-30,2014,4,0
EGY,2014-05-31,2014,5,0
EGY,2014-06-30,2014,6,0
EGY,2014-07-31,2014,7,0
EGY,2014-08-31,2014,8,0
EGY,2014-09-30,2014,9,0
EGY,2014-10-31,2014,10,0
EGY,2014-11-30,2014,11,0
EGY,2014-12-31,2014,12,0
EGY,2015-01-31,2015,1,1
EGY,2015-02-28,2015,2,1
EGY,2015-03-31,2015,3,1
EGY,2015-04-30,2015,4,1
EGY,2015-05-31,2015,5,1
EGY,2015-06-30,2015,6,1
EGY,2015-07-31,2015,7,1
EGY,2015-08-31,2015,8,1
EGY,2015-09-30,2015,9,1
EGY,2015-10-31,2015,10,1
EGY,2015-11-30,2015,11,1
EGY,2015-12-31,2015,12,1
EGY,2016-01-31,2016,1,0
EGY,2016-02-29,2016,2,0
EGY,2016-03-31,2016,3,0
EGY,2016-04-30,2016,4,0
EGY,2016-05-31,2016,5,0
EGY,2016-06-30,2016,6,0
EGY,2016-07-31,2016,7,0
EGY,2016-08-31,2016,8,0
EGY,2016-09-30,2016,9,0
EGY,2016-10-31,2016,10,0
EGY,2016-11-30,2016,11,0
EGY,2016-12-31,2016,12,0
EST,1992-06-30,1992,6,0
EST,1992-07-31,1992,7,0
EST,1992-08-31,1992,8,0
EST,1992-09-30,1992,9,0
EST,1992-10-31,1992,10,0
EST,1992-11-30,1992,11,0
EST,1992-12-31,1992,12,0
EST,1993-01-31,1993,1,0
EST,1993-02-28,1993,2,0
EST,1993-03-31,1993,3,0
EST,1993-04-30,1993,4,0
EST,1993-05-31,1993,5,0
EST,1993-06-30,1993,6,0
EST,1993-07-31,1993,7,0
EST,1993-08-31,1993,8,0
EST,1993-09-30,1993,9,0
EST,1993-10-31,1993,10,0
EST,1993-11-30,1993,11,0
EST,1993-12-31,1993,12,0
EST,1994-01-31,1994,1,0
EST,1994-02-28,1994,2,0
EST,1994-03-31,1994,3,0
EST,1994-04-30,1994,4,0
EST,1994-05-31,1994,5,0
EST,1994-06-30,1994,6,0
EST,1994-07-31,1994,7,0
EST,1994-08-31,1994,8,0
EST,1994-09-30,1994,9,0
EST,1994-10-31,1994,10,0
EST,1994-11-30,1994,11,0
EST,1994-12-31,1994,12,0
EST,1995-01-31,1995,1,0
EST,1995-02-28,1995,2,0
EST,1995-03-31,1995,3,0
EST,1995-04-30,1995,4,0
EST,1995-05-31,1995,5,0
EST,1995-06-30,1995,6,0
EST,1995-07-31,1995,7,0
EST,1995-08-31,1995,8,0
EST,1995-09-30,1995,9,0
EST,1995-10-31,1995,10,0
EST,1995-11-30,1995,11,0
EST,1995-12-31,1995,12,0
EST,1996-01-31,1996,1,0
EST,1996-02-29,1996,2,0
EST,1996-03-31,1996,3,0
EST,1996-04-30,1996,4,0
EST,1996-05-31,1996,5,0
EST,1996-06-30,1996,6,0
EST,1996-07-31,1996,7,0
EST,1996-08-31,1996,8,0
EST,1996-09-30,1996,9,0
EST,1996-10-31,1996,10,0
EST,1996-11-30,1996,11,0
EST,1996-12-31,1996,12,0
EST,1997-01-31,1997,1,0
EST,1997-02-28,1997,2,0
EST,1997-03-31,1997,3,0
EST,1997-04-30,1997,4,0
EST,1997-05-31,1997,5,0
EST,1997-06-30,1997,6,0
EST,1997-07-31,1997,7,0
EST,1997-08-31,1997,8,0
EST,1997-09-30,1997,9,0
EST,1997-10-31,1997,10,0
EST,1997-11-30,1997,11,0
EST,1997-12-31,1997,12,0
EST,1998-01-31,1998,1,0
EST,1998-02-28,1998,2,0
EST,1998-03-31,1998,3,0
EST,1998-04-30,1998,4,0
EST,1998-05-31,1998,5,0
EST,1998-06-30,1998,6,0
EST,1998-07-31,1998,7,0
EST,1998-08-31,1998,8,0
EST,1998-09-30,1998,9,0
EST,1998-10-31,1998,10,0
EST,1998-11-30,1998,11,0
EST,1998-12-31,1998,12,0
EST,1999-01-31,1999,1,0
EST,1999-02-28,1999,2,0
EST,1999-03-31,1999,3,0
EST,1999-04-30,1999,4,0
EST,1999-05-31,1999,5,0
EST,1999-06-30,1999,6,0
EST,1999-07-31,1999,7,0
EST,1999-08-31,1999,8,0
EST,1999-09-30,1999,9,0
EST,1999-10-31,1999,10,0
EST,1999-11-30,1999,11,0
EST,1999-12-31,1999,12,0
EST,2000-01-31,2000,1,0
EST,2000-02-29,2000,2,0
EST,2000-03-31,2000,3,0
EST,2000-04-30,2000,4,0
EST,2000-05-31,2000,5,0
EST,2000-06-30,2000,6,0
EST,2000-07-31,2000,7,0
EST,2000-08-31,2000,8,0
EST,2000-09-30,2000,9,0
EST,2000-10-31,2000,10,0
EST,2000-11-30,2000,11,0
EST,2000-12-31,2000,12,0
EST,2001-01-31,2001,1,0
EST,2001-02-28,2001,2,0
EST,2001-03-31,2001,3,0
EST,2001-04-30,2001,4,0
EST,2001-05-31,2001,5,0
EST,2001-06-30,2001,6,0
EST,2001-07-31,2001,7,0
EST,2001-08-31,2001,8,0
EST,2001-09-30,2001,9,0
EST,2001-10-31,2001,10,0
EST,2001-11-30,2001,11,0
EST,2001-12-31,2001,12,0
EST,2002-01-31,2002,1,0
EST,2002-02-28,2002,2,0
EST,2002-03-31,2002,3,0
EST,2002-04-30,2002,4,0
EST,2002-05-31,2002,5,0
EST,2002-06-30,2002,6,0
EST,2002-07-31,2002,7,0
EST,2002-08-31,2002,8,0
EST,2002-09-30,2002,9,0
EST,2002-10-31,2002,10,0
EST,2002-11-30,2002,11,0
EST,2002-12-31,2002,12,0
EST,2003-01-31,2003,1,0
EST,2003-02-28,2003,2,0
EST,2003-03-31,2003,3,0
EST,2003-04-30,2003,4,0
EST,2003-05-31,2003,5,0
EST,2003-06-30,2003,6,0
EST,2003-07-31,2003,7,0
EST,2003-08-31,2003,8,0
EST,2003-09-30,2003,9,0
EST,2003-10-31,2003,10,0
EST,2003-11-30,2003,11,0
EST,2003-12-31,2003,12,0
EST,2004-01-31,2004,1,0
EST,2004-02-29,2004,2,0
EST,2004-03-31,2004,3,0
EST,2004-04-30,2004,4,0
EST,2004-05-31,2004,5,0
EST,2004-06-30,2004,6,0
EST,2004-07-31,2004,7,0
EST,2004-08-31,2004,8,0
EST,2004-09-30,2004,9,0
EST,2004-10-31,2004,10,0
EST,2004-11-30,2004,11,0
EST,2004-12-31,2004,12,0
EST,2005-01-31,2005,1,0
EST,2005-02-28,2005,2,0
EST,2005-03-31,2005,3,0
EST,2005-04-30,2005,4,0
EST,2005-05-31,2005,5,0
EST,2005-06-30,2005,6,0
EST,2005-07-31,2005,7,0
EST,2005-08-31,2005,8,0
EST,2005-09-30,2005,9,0
EST,2005-10-31,2005,10,0
EST,2005-11-30,2005,11,0
EST,2005-12-31,2005,12,0
EST,2006-01-31,2006,1,0
EST,2006-02-28,2006,2,0
EST,2006-03-31,2006,3,0
EST,2006-04-30,2006,4,0
EST,2006-05-31,2006,5,0
EST,2006-06-30,2006,6,0
EST,2006-07-31,2006,7,0
EST,2006-08-31,2006,8,0
EST,2006-09-30,2006,9,0
EST,2006-10-31,2006,10,0
EST,2006-11-30,2006,11,0
EST,2006-12-31,2006,12,0
EST,2007-01-31,2007,1,0
EST,2007-02-28,2007,2,0
EST,2007-03-31,2007,3,0
EST,2007-04-30,2007,4,0
EST,2007-05-31,2007,5,0
EST,2007-06-30,2007,6,0
EST,2007-07-31,2007,7,0
EST,2007-08-31,2007,8,0
EST,2007-09-30,2007,9,0
EST,2007-10-31,2007,10,0
EST,2007-11-30,2007,11,0
EST,2007-12-31,2007,12,0
EST,2008-01-31,2008,1,0
EST,2008-02-29,2008,2,0
EST,2008-03-31,2008,3,0
EST,2008-04-30,2008,4,0
EST,2008-05-31,2008,5,0
EST,2008-06-30,2008,6,0
EST,2008-07-31,2008,7,0
EST,2008-08-31,2008,8,0
EST,2008-09-30,2008,9,0
EST,2008-10-31,2008,10,0
EST,2008-11-30,2008,11,0
EST,2008-12-31,2008,12,0
EST,2009-01-31,2009,1,0
EST,2009-02-28,2009,2,0
EST,2009-03-31,2009,3,0
EST,2009-04-30,2009,4,0
EST,2009-05-31,2009,5,0
EST,2009-06-30,2009,6,0
EST,2009-07-31,2009,7,0
EST,2009-08-31,2009,8,0
EST,2009-09-30,2009,9,0
EST,2009-10-31,2009,10,0
EST,2009-11-30,2009,11,0
EST,2009-12-31,2009,12,0
EST,2010-01-31,2010,1,0
EST,2010-02-28,2010,2,0
EST,2010-03-31,2010,3,0
EST,2010-04-30,2010,4,0
EST,2010-05-31,2010,5,0
EST,2010-06-30,2010,6,0
EST,2010-07-31,2010,7,0
EST,2010-08-31,2010,8,0
EST,2010-09-30,2010,9,0
EST,2010-10-31,2010,10,0
EST,2010-11-30,2010,11,0
EST,2010-12-31,2010,12,0
ETH,1990-01-31,1990,1,0
ETH,1990-02-28,1990,2,0
ETH,1990-03-31,1990,3,0
ETH,1990-04-30,1990,4,0
ETH,1990-05-31,1990,5,0
ETH,1990-06-30,1990,6,0
ETH,1990-07-31,1990,7,0
ETH,1990-08-31,1990,8,0
ETH,1990-09-30,1990,9,0
ETH,1990-10-31,1990,10,0
ETH,1990-11-30,1990,11,0
ETH,1990-12-31,1990,12,0
ETH,1991-01-31,1991,1,0
ETH,1991-02-28,1991,2,0
ETH,1991-03-31,1991,3,0
ETH,1991-04-30,1991,4,0
ETH,1991-05-31,1991,5,0
ETH,1991-06-30,1991,6,0
ETH,1991-07-31,1991,7,0
ETH,1991-08-31,1991,8,0
ETH,1991-09-30,1991,9,0
ETH,1991-10-31,1991,10,0
ETH,1991-11-30,1991,11,0
ETH,1991-12-31,1991,12,0
ETH,1992-01-31,1992,1,1
ETH,1992-02-29,1992,2,1
ETH,1992-03-31,1992,3,1
ETH,1992-04-30,1992,4,1
ETH,1992-05-31,1992,5,1
ETH,1992-06-30,1992,6,1
ETH,1992-07-31,1992,7,1
ETH,1992-08-31,1992,8,1
ETH,1992-09-30,1992,9,1
ETH,1992-10-31,1992,10,1
ETH,1992-11-30,1992,11,1
ETH,1992-12-31,1992,12,1
ETH,1993-01-31,1993,1,0
ETH,1993-02-28,1993,2,0
ETH,1993-03-31,1993,3,0
ETH,1993-04-30,1993,4,0
ETH,1993-05-31,1993,5,0
ETH,1993-06-30,1993,6,0
ETH,1993-07-31,1993,7,0
ETH,1993-08-31,1993,8,0
ETH,1993-09-30,1993,9,0
ETH,1993-10-31,1993,10,0
ETH,1993-11-30,1993,11,0
ETH,1993-12-31,1993,12,0
ETH,1994-01-31,1994,1,0
ETH,1994-02-28,1994,2,0
ETH,1994-03-31,1994,3,0
ETH,1994-04-30,1994,4,0
ETH,1994-05-31,1994,5,0
ETH,1994-06-30,1994,6,0
ETH,1994-07-31,1994,7,0
ETH,1994-08-31,1994,8,0
ETH,1994-09-30,1994,9,0
ETH,1994-10-31,1994,10,0
ETH,1994-11-30,1994,11,0
ETH,1994-12-31,1994,12,0
ETH,1995-01-31,1995,1,0
ETH,1995-02-28,1995,2,0
ETH,1995-03-31,1995,3,0
ETH,1995-04-30,1995,4,0
ETH,1995-05-31,1995,5,0
ETH,1995-06-30,1995,6,0
ETH,1995-07-31,1995,7,0
ETH,1995-08-31,1995,8,0
ETH,1995-09-30,1995,9,0
ETH,1995-10-31,1995,10,0
ETH,1995-11-30,1995,11,0
ETH,1995-12-31,1995,12,0
ETH,1996-01-31,1996,1,0
ETH,1996-02-29,1996,2,0
ETH,1996-03-31,1996,3,0
ETH,1996-04-30,1996,4,0
ETH,1996-05-31,1996,5,0
ETH,1996-06-30,1996,6,0
ETH,1996-07-31,1996,7,0
ETH,1996-08-31,1996,8,0
ETH,1996-09-30,1996,9,0
ETH,1996-10-31,1996,10,0
ETH,1996-11-30,1996,11,0
ETH,1996-12-31,1996,12,0
ETH,1997-01-31,1997,1,0
ETH,1997-02-28,1997,2,0
ETH,1997-03-31,1997,3,0
ETH,1997-04-30,1997,4,0
ETH,1997-05-31,1997,5,0
ETH,1997-06-30,1997,6,0
ETH,1997-07-31,1997,7,0
ETH,1997-08-31,1997,8,0
ETH,1997-09-30,1997,9,0
ETH,1997-10-31,1997,10,0
ETH,1997-11-30,1997,11,0
ETH,1997-12-31,1997,12,0
ETH,1998-01-31,1998,1,0
ETH,1998-02-28,1998,2,0
ETH,1998-03-31,1998,3,0
ETH,1998-04-30,1998,4,0
ETH,1998-05-31,1998,5,0
ETH,1998-06-30,1998,6,0
ETH,1998-07-31,1998,7,0
ETH,1998-08-31,1998,8,0
ETH,1998-09-30,1998,9,0
ETH,1998-10-31,1998,10,0
ETH,1998-11-30,1998,11,0
ETH,1998-12-31,1998,12,0
ETH,1999-01-31,1999,1,0
ETH,1999-02-28,1999,2,0
ETH,1999-03-31,1999,3,0
ETH,1999-04-30,1999,4,0
ETH,1999-05-31,1999,5,0
ETH,1999-06-30,1999,6,0
ETH,1999-07-31,1999,7,0
ETH,1999-08-31,1999,8,0
ETH,1999-09-30,1999,9,0
ETH,1999-10-31,1999,10,0
ETH,1999-11-30,1999,11,0
ETH,1999-12-31,1999,12,0
ETH,2000-01-31,2000,1,0
ETH,2000-02-29,2000,2,0
ETH,2000-03-31,2000,3,0
ETH,2000-04-30,2000,4,0
ETH,2000-05-31,2000,5,0
ETH,2000-06-30,2000,6,0
ETH,2000-07-31,2000,7,0
ETH,2000-08-31,2000,8,0
ETH,2000-09-30,2000,9,0
ETH,2000-10-31,2000,10,0
ETH,2000-11-30,2000,11,0
ETH,2000-12-31,2000,12,0
ETH,2001-01-31,2001,1,0
ETH,2001-02-28,2001,2,0
ETH,2001-03-31,2001,3,0
ETH,2001-04-30,2001,4,0
ETH,2001-05-31,2001,5,0
ETH,2001-06-30,2001,6,0
ETH,2001-07-31,2001,7,0
ETH,2001-08-31,2001,8,0
ETH,2001-09-30,2001,9,0
ETH,2001-10-31,2001,10,0
ETH,2001-11-30,2001,11,0
ETH,2001-12-31,2001,12,0
ETH,2002-01-31,2002,1,0
ETH,2002-02-28,2002,2,0
ETH,2002-03-31,2002,3,0
ETH,2002-04-30,2002,4,0
ETH,2002-05-31,2002,5,0
ETH,2002-06-30,2002,6,0
ETH,2002-07-31,2002,7,0
ETH,2002-08-31,2002,8,0
ETH,2002-09-30,2002,9,0
ETH,2002-10-31,2002,10,0
ETH,2002-11-30,2002,11,0
ETH,2002-12-31,2002,12,0
ETH,2003-01-31,2003,1,0
ETH,2003-02-28,2003,2,0
ETH,2003-03-31,2003,3,0
ETH,2003-04-30,2003,4,0
ETH,2003-05-31,2003,5,0
ETH,2003-06-30,2003,6,0
ETH,2003-07-31,2003,7,0
ETH,2003-08-31,2003,8,0
ETH,2003-09-30,2003,9,0
ETH,2003-10-31,2003,10,0
ETH,2003-11-30,2003,11,0
ETH,2003-12-31,2003,12,0
ETH,2004-01-31,2004,1,0
ETH,2004-02-29,2004,2,0
ETH,2004-03-31,2004,3,0
ETH,2004-04-30,2004,4,0
ETH,2004-05-31,2004,5,0
ETH,2004-06-30,2004,6,0
ETH,2004-07-31,2004,7,0
ETH,2004-08-31,2004,8,0
ETH,2004-09-30,2004,9,0
ETH,2004-10-31,2004,10,0
ETH,2004-11-30,2004,11,0
ETH,2004-12-31,2004,12,0
ETH,2005-01-31,2005,1,0
ETH,2005-02-28,2005,2,0
ETH,2005-03-31,2005,3,0
ETH,2005-04-30,2005,4,0
ETH,2005-05-31,2005,5,0
ETH,2005-06-30,2005,6,0
ETH,2005-07-31,2005,7,0
ETH,2005-08-31,2005,8,0
ETH,2005-09-30,2005,9,0
ETH,2005-10-31,2005,10,0
ETH,2005-11-30,2005,11,0
ETH,2005-12-31,2005,12,0
ETH,2006-01-31,2006,1,0
ETH,2006-02-28,2006,2,0
ETH,2006-03-31,2006,3,0
ETH,2006-04-30,2006,4,0
ETH,2006-05-31,2006,5,0
ETH,2006-06-30,2006,6,0
ETH,2006-07-31,2006,7,0
ETH,2006-08-31,2006,8,0
ETH,2006-09-30,2006,9,0
ETH,2006-10-31,2006,10,0
ETH,2006-11-30,2006,11,0
ETH,2006-12-31,2006,12,0
ETH,2007-01-31,2007,1,0
ETH,2007-02-28,2007,2,0
ETH,2007-03-31,2007,3,0
ETH,2007-04-30,2007,4,0
ETH,2007-05-31,2007,5,0
ETH,2007-06-30,2007,6,0
ETH,2007-07-31,2007,7,0
ETH,2007-08-31,2007,8,0
ETH,2007-09-30,2007,9,0
ETH,2007-10-31,2007,10,0
ETH,2007-11-30,2007,11,0
ETH,2007-12-31,2007,12,0
ETH,2008-01-31,2008,1,0
ETH,2008-02-29,2008,2,0
ETH,2008-03-31,2008,3,0
ETH,2008-04-30,2008,4,0
ETH,2008-05-31,2008,5,0
ETH,2008-06-30,2008,6,0
ETH,2008-07-31,2008,7,0
ETH,2008-08-31,2008,8,0
ETH,2008-09-30,2008,9,0
ETH,2008-10-31,2008,10,0
ETH,2008-11-30,2008,11,0
ETH,2008-12-31,2008,12,0
ETH,2009-01-31,2009,1,0
ETH,2009-02-28,2009,2,0
ETH,2009-03-31,2009,3,0
ETH,2009-04-30,2009,4,0
ETH,2009-05-31,2009,5,0
ETH,2009-06-30,2009,6,0
ETH,2009-07-31,2009,7,0
ETH,2009-08-31,2009,8,0
ETH,2009-09-30,2009,9,0
ETH,2009-10-31,2009,10,0
ETH,2009-11-30,2009,11,0
ETH,2009-12-31,2009,12,0
ETH,2010-01-31,2010,1,0
ETH,2010-02-28,2010,2,0
ETH,2010-03-31,2010,3,0
ETH,2010-04-30,2010,4,0
ETH,2010-05-31,2010,5,0
ETH,2010-06-30,2010,6,0
ETH,2010-07-31,2010,7,0
ETH,2010-08-31,2010,8,0
ETH,2010-09-30,2010,9,0
ETH,2010-10-31,2010,10,0
ETH,2010-11-30,2010,11,0
ETH,2010-12-31,2010,12,0
ETH,2011-01-31,2011,1,0
ETH,2011-02-28,2011,2,0
ETH,2011-03-31,2011,3,0
ETH,2011-04-30,2011,4,0
ETH,2011-05-31,2011,5,0
ETH,2011-06-30,2011,6,0
ETH,2011-07-31,2011,7,0
ETH,2011-08-31,2011,8,0
ETH,2011-09-30,2011,9,0
ETH,2011-10-31,2011,10,0
ETH,2011-11-30,2011,11,0
ETH,2011-12-31,2011,12,0
ETH,2012-01-31,2012,1,0
ETH,2012-02-29,2012,2,0
ETH,2012-03-31,2012,3,0
ETH,2012-04-30,2012,4,0
ETH,2012-05-31,2012,5,0
ETH,2012-06-30,2012,6,0
ETH,2012-07-31,2012,7,0
ETH,2012-08-31,2012,8,0
ETH,2012-09-30,2012,9,0
ETH,2012-10-31,2012,10,0
ETH,2012-11-30,2012,11,0
ETH,2012-12-31,2012,12,0
ETH,2013-01-31,2013,1,0
ETH,2013-02-28,2013,2,0
ETH,2013-03-31,2013,3,0
ETH,2013-04-30,2013,4,0
ETH,2013-05-31,2013,5,0
ETH,2013-06-30,2013,6,0
ETH,2013-07-31,2013,7,0
ETH,2013-08-31,2013,8,0
ETH,2013-09-30,2013,9,0
ETH,2013-10-31,2013,10,0
ETH,2013-11-30,2013,11,0
ETH,2013-12-31,2013,12,0
ETH,2014-01-31,2014,1,0
ETH,2014-02-28,2014,2,0
ETH,2014-03-31,2014,3,0
ETH,2014-04-30,2014,4,0
ETH,2014-05-31,2014,5,0
ETH,2014-06-30,2014,6,0
ETH,2014-07-31,2014,7,0
ETH,2014-08-31,2014,8,0
ETH,2014-09-30,2014,9,0
ETH,2014-10-31,2014,10,0
ETH,2014-11-30,2014,11,0
ETH,2014-12-31,2014,12,0
ETH,2015-01-31,2015,1,0
ETH,2015-02-28,2015,2,0
ETH,2015-03-31,2015,3,0
ETH,2015-04-30,2015,4,0
ETH,2015-05-31,2015,5,0
ETH,2015-06-30,2015,6,0
ETH,2015-07-31,2015,7,0
ETH,2015-08-31,2015,8,0
ETH,2015-09-30,2015,9,0
ETH,2015-10-31,2015,10,0
ETH,2015-11-30,2015,11,0
ETH,2015-12-31,2015,12,0
ETH,2016-01-31,2016,1,0
ETH,2016-02-29,2016,2,0
ETH,2016-03-31,2016,3,0
ETH,2016-04-30,2016,4,0
ETH,2016-05-31,2016,5,0
ETH,2016-06-30,2016,6,0
ETH,2016-07-31,2016,7,0
ETH,2016-08-31,2016,8,0
ETH,2016-09-30,2016,9,0
ETH,2016-10-31,2016,10,0
ETH,2016-11-30,2016,11,0
ETH,2016-12-31,2016,12,0
FJI,1990-01-31,1990,1,0
FJI,1990-02-28,1990,2,0
FJI,1990-03-31,1990,3,0
FJI,1990-04-30,1990,4,0
FJI,1990-05-31,1990,5,0
FJI,1990-06-30,1990,6,0
FJI,1990-07-31,1990,7,0
FJI,1990-08-31,1990,8,0
FJI,1990-09-30,1990,9,0
FJI,1990-10-31,1990,10,0
FJI,1990-11-30,1990,11,0
FJI,1990-12-31,1990,12,0
FJI,1991-01-31,1991,1,0
FJI,1991-02-28,1991,2,0
FJI,1991-03-31,1991,3,0
FJI,1991-04-30,1991,4,0
FJI,1991-05-31,1991,5,0
FJI,1991-06-30,1991,6,0
FJI,1991-07-31,1991,7,0
FJI,1991-08-31,1991,8,0
FJI,1991-09-30,1991,9,0
FJI,1991-10-31,1991,10,0
FJI,1991-11-30,1991,11,0
FJI,1991-12-31,1991,12,0
FJI,1992-01-31,1992,1,0
FJI,1992-02-29,1992,2,0
FJI,1992-03-31,1992,3,0
FJI,1992-04-30,1992,4,0
FJI,1992-05-31,1992,5,0
FJI,1992-06-30,1992,6,0
FJI,1992-07-31,1992,7,0
FJI,1992-08-31,1992,8,0
FJI,1992-09-30,1992,9,0
FJI,1992-10-31,1992,10,0
FJI,1992-11-30,1992,11,0
FJI,1992-12-31,1992,12,0
FJI,1993-01-31,1993,1,0
FJI,1993-02-28,1993,2,0
FJI,1993-03-31,1993,3,0
FJI,1993-04-30,1993,4,0
FJI,1993-05-31,1993,5,0
FJI,1993-06-30,1993,6,0
FJI,1993-07-31,1993,7,0
FJI,1993-08-31,1993,8,0
FJI,1993-09-30,1993,9,0
FJI,1993-10-31,1993,10,0
FJI,1993-11-30,1993,11,0
FJI,1993-12-31,1993,12,0
FJI,1994-01-31,1994,1,0
FJI,1994-02-28,1994,2,0
FJI,1994-03-31,1994,3,0
FJI,1994-04-30,1994,4,0
FJI,1994-05-31,1994,5,0
FJI,1994-06-30,1994,6,0
FJI,1994-07-31,1994,7,0
FJI,1994-08-31,1994,8,0
FJI,1994-09-30,1994,9,0
FJI,1994-10-31,1994,10,0
FJI,1994-11-30,1994,11,0
FJI,1994-12-31,1994,12,0
FJI,1995-01-31,1995,1,0
FJI,1995-02-28,1995,2,0
FJI,1995-03-31,1995,3,0
FJI,1995-04-30,1995,4,0
FJI,1995-05-31,1995,5,0
FJI,1995-06-30,1995,6,0
FJI,1995-07-31,1995,7,0
FJI,1995-08-31,1995,8,0
FJI,1995-09-30,1995,9,0
FJI,1995-10-31,1995,10,0
FJI,1995-11-30,1995,11,0
FJI,1995-12-31,1995,12,0
FJI,1996-01-31,1996,1,0
FJI,1996-02-29,1996,2,0
FJI,1996-03-31,1996,3,0
FJI,1996-04-30,1996,4,0
FJI,1996-05-31,1996,5,0
FJI,1996-06-30,1996,6,0
FJI,1996-07-31,1996,7,0
FJI,1996-08-31,1996,8,0
FJI,1996-09-30,1996,9,0
FJI,1996-10-31,1996,10,0
FJI,1996-11-30,1996,11,0
FJI,1996-12-31,1996,12,0
FJI,1997-01-31,1997,1,1
FJI,1997-02-28,1997,2,1
FJI,1997-03-31,1997,3,1
FJI,1997-04-30,1997,4,1
FJI,1997-05-31,1997,5,1
FJI,1997-06-30,1997,6,1
FJI,1997-07-31,1997,7,1
FJI,1997-08-31,1997,8,1
FJI,1997-09-30,1997,9,1
FJI,1997-10-31,1997,10,1
FJI,1997-11-30,1997,11,1
FJI,1997-12-31,1997,12,1
FJI,1998-01-31,1998,1,0
FJI,1998-02-28,1998,2,0
FJI,1998-03-31,1998,3,0
FJI,1998-04-30,1998,4,0
FJI,1998-05-31,1998,5,0
FJI,1998-06-30,1998,6,0
FJI,1998-07-31,1998,7,0
FJI,1998-08-31,1998,8,0
FJI,1998-09-30,1998,9,0
FJI,1998-10-31,1998,10,0
FJI,1998-11-30,1998,11,0
FJI,1998-12-31,1998,12,0
FJI,1999-01-31,1999,1,0
FJI,1999-02-28,1999,2,0
FJI,1999-03-31,1999,3,0
FJI,1999-04-30,1999,4,0
FJI,1999-05-31,1999,5,0
FJI,1999-06-30,1999,6,0
FJI,1999-07-31,1999,7,0
FJI,1999-08-31,1999,8,0
FJI,1999-09-30,1999,9,0
FJI,1999-10-31,1999,10,0
FJI,1999-11-30,1999,11,0
FJI,1999-12-31,1999,12,0
FJI,2000-01-31,2000,1,0
FJI,2000-02-29,2000,2,0
FJI,2000-03-31,2000,3,0
FJI,2000-04-30,2000,4,0
FJI,2000-05-31,2000,5,0
FJI,2000-06-30,2000,6,0
FJI,2000-07-31,2000,7,0
FJI,2000-08-31,2000,8,0
FJI,2000-09-30,2000,9,0
FJI,2000-10-31,2000,10,0
FJI,2000-11-30,2000,11,0
FJI,2000-12-31,2000,12,0
FJI,2001-01-31,2001,1,0
FJI,2001-02-28,2001,2,0
FJI,2001-03-31,2001,3,0
FJI,2001-04-30,2001,4,0
FJI,2001-05-31,2001,5,0
FJI,2001-06-30,2001,6,0
FJI,2001-07-31,2001,7,0
FJI,2001-08-31,2001,8,0
FJI,2001-09-30,2001,9,0
FJI,2001-10-31,2001,10,0
FJI,2001-11-30,2001,11,0
FJI,2001-12-31,2001,12,0
FJI,2002-01-31,2002,1,0
FJI,2002-02-28,2002,2,0
FJI,2002-03-31,2002,3,0
FJI,2002-04-30,2002,4,0
FJI,2002-05-31,2002,5,0
FJI,2002-06-30,2002,6,0
FJI,2002-07-31,2002,7,0
FJI,2002-08-31,2002,8,0
FJI,2002-09-30,2002,9,0
FJI,2002-10-31,2002,10,0
FJI,2002-11-30,2002,11,0
FJI,2002-12-31,2002,12,0
FJI,2003-01-31,2003,1,0
FJI,2003-02-28,2003,2,0
FJI,2003-03-31,2003,3,0
FJI,2003-04-30,2003,4,0
FJI,2003-05-31,2003,5,0
FJI,2003-06-30,2003,6,0
FJI,2003-07-31,2003,7,0
FJI,2003-08-31,2003,8,0
FJI,2003-09-30,2003,9,0
FJI,2003-10-31,2003,10,0
FJI,2003-11-30,2003,11,0
FJI,2003-12-31,2003,12,0
FJI,2004-01-31,2004,1,0
FJI,2004-02-29,2004,2,0
FJI,2004-03-31,2004,3,0
FJI,2004-04-30,2004,4,0
FJI,2004-05-31,2004,5,0
FJI,2004-06-30,2004,6,0
FJI,2004-07-31,2004,7,0
FJI,2004-08-31,2004,8,0
FJI,2004-09-30,2004,9,0
FJI,2004-10-31,2004,10,0
FJI,2004-11-30,2004,11,0
FJI,2004-12-31,2004,12,0
FJI,2005-01-31,2005,1,0
FJI,2005-02-28,2005,2,0
FJI,2005-03-31,2005,3,0
FJI,2005-04-30,2005,4,0
FJI,2005-05-31,2005,5,0
FJI,2005-06-30,2005,6,0
FJI,2005-07-31,2005,7,0
FJI,2005-08-31,2005,8,0
FJI,2005-09-30,2005,9,0
FJI,2005-10-31,2005,10,0
FJI,2005-11-30,2005,11,0
FJI,2005-12-31,2005,12,0
FJI,2006-01-31,2006,1,0
FJI,2006-02-28,2006,2,0
FJI,2006-03-31,2006,3,0
FJI,2006-04-30,2006,4,0
FJI,2006-05-31,2006,5,0
FJI,2006-06-30,2006,6,0
FJI,2006-07-31,2006,7,0
FJI,2006-08-31,2006,8,0
FJI,2006-09-30,2006,9,0
FJI,2006-10-31,2006,10,0
FJI,2006-11-30,2006,11,0
FJI,2006-12-31,2006,12,0
FJI,2007-01-31,2007,1,0
FJI,2007-02-28,2007,2,0
FJI,2007-03-31,2007,3,0
FJI,2007-04-30,2007,4,0
FJI,2007-05-31,2007,5,0
FJI,2007-06-30,2007,6,0
FJI,2007-07-31,2007,7,0
FJI,2007-08-31,2007,8,0
FJI,2007-09-30,2007,9,0
FJI,2007-10-31,2007,10,0
FJI,2007-11-30,2007,11,0
FJI,2007-12-31,2007,12,0
FJI,2008-01-31,2008,1,0
FJI,2008-02-29,2008,2,0
FJI,2008-03-31,2008,3,0
FJI,2008-04-30,2008,4,0
FJI,2008-05-31,2008,5,0
FJI,2008-06-30,2008,6,0
FJI,2008-07-31,2008,7,0
FJI,2008-08-31,2008,8,0
FJI,2008-09-30,2008,9,0
FJI,2008-10-31,2008,10,0
FJI,2008-11-30,2008,11,0
FJI,2008-12-31,2008,12,0
FJI,2009-01-31,2009,1,0
FJI,2009-02-28,2009,2,0
FJI,2009-03-31,2009,3,0
FJI,2009-04-30,2009,4,0
FJI,2009-05-31,2009,5,0
FJI,2009-06-30,2009,6,0
FJI,2009-07-31,2009,7,0
FJI,2009-08-31,2009,8,0
FJI,2009-09-30,2009,9,0
FJI,2009-10-31,2009,10,0
FJI,2009-11-30,2009,11,0
FJI,2009-12-31,2009,12,0
FJI,2010-01-31,2010,1,0
FJI,2010-02-28,2010,2,0
FJI,2010-03-31,2010,3,0
FJI,2010-04-30,2010,4,0
FJI,2010-05-31,2010,5,0
FJI,2010-06-30,2010,6,0
FJI,2010-07-31,2010,7,0
FJI,2010-08-31,2010,8,0
FJI,2010-09-30,2010,9,0
FJI,2010-10-31,2010,10,0
FJI,2010-11-30,2010,11,0
FJI,2010-12-31,2010,12,0
FJI,2011-01-31,2011,1,0
FJI,2011-02-28,2011,2,0
FJI,2011-03-31,2011,3,0
FJI,2011-04-30,2011,4,0
FJI,2011-05-31,2011,5,0
FJI,2011-06-30,2011,6,0
FJI,2011-07-31,2011,7,0
FJI,2011-08-31,2011,8,0
FJI,2011-09-30,2011,9,0
FJI,2011-10-31,2011,10,0
FJI,2011-11-30,2011,11,0
FJI,2011-12-31,2011,12,0
FJI,2012-01-31,2012,1,0
FJI,2012-02-29,2012,2,0
FJI,2012-03-31,2012,3,0
FJI,2012-04-30,2012,4,0
FJI,2012-05-31,2012,5,0
FJI,2012-06-30,2012,6,0
FJI,2012-07-31,2012,7,0
FJI,2012-08-31,2012,8,0
FJI,2012-09-30,2012,9,0
FJI,2012-10-31,2012,10,0
FJI,2012-11-30,2012,11,0
FJI,2012-12-31,2012,12,0
FJI,2013-01-31,2013,1,0
FJI,2013-02-28,2013,2,0
FJI,2013-03-31,2013,3,0
FJI,2013-04-30,2013,4,0
FJI,2013-05-31,2013,5,0
FJI,2013-06-30,2013,6,0
FJI,2013-07-31,2013,7,0
FJI,2013-08-31,2013,8,0
FJI,2013-09-30,2013,9,0
FJI,2013-10-31,2013,10,0
FJI,2013-11-30,2013,11,0
FJI,2013-12-31,2013,12,0
FJI,2014-01-31,2014,1,0
FJI,2014-02-28,2014,2,0
FJI,2014-03-31,2014,3,0
FJI,2014-04-30,2014,4,0
FJI,2014-05-31,2014,5,0
FJI,2014-06-30,2014,6,0
FJI,2014-07-31,2014,7,0
FJI,2014-08-31,2014,8,0
FJI,2014-09-30,2014,9,0
FJI,2014-10-31,2014,10,0
FJI,2014-11-30,2014,11,0
FJI,2014-12-31,2014,12,0
FJI,2015-01-31,2015,1,0
FJI,2015-02-28,2015,2,0
FJI,2015-03-31,2015,3,0
FJI,2015-04-30,2015,4,0
FJI,2015-05-31,2015,5,0
FJI,2015-06-30,2015,6,0
FJI,2015-07-31,2015,7,0
FJI,2015-08-31,2015,8,0
FJI,2015-09-30,2015,9,0
FJI,2015-10-31,2015,10,0
FJI,2015-11-30,2015,11,0
FJI,2015-12-31,2015,12,0
FJI,2016-01-31,2016,1,0
FJI,2016-02-29,2016,2,0
FJI,2016-03-31,2016,3,0
FJI,2016-04-30,2016,4,0
FJI,2016-05-31,2016,5,0
FJI,2016-06-30,2016,6,0
FJI,2016-07-31,2016,7,0
FJI,2016-08-31,2016,8,0
FJI,2016-09-30,2016,9,0
FJI,2016-10-31,2016,10,0
FJI,2016-11-30,2016,11,0
FJI,2016-12-31,2016,12,0
GAB,1990-01-31,1990,1,0
GAB,1990-02-28,1990,2,0
GAB,1990-03-31,1990,3,0
GAB,1990-04-30,1990,4,0
GAB,1990-05-31,1990,5,0
GAB,1990-06-30,1990,6,0
GAB,1990-07-31,1990,7,0
GAB,1990-08-31,1990,8,0
GAB,1990-09-30,1990,9,0
GAB,1990-10-31,1990,10,0
GAB,1990-11-30,1990,11,0
GAB,1990-12-31,1990,12,0
GAB,1991-01-31,1991,1,0
GAB,1991-02-28,1991,2,0
GAB,1991-03-31,1991,3,0
GAB,1991-04-30,1991,4,0
GAB,1991-05-31,1991,5,0
GAB,1991-06-30,1991,6,0
GAB,1991-07-31,1991,7,0
GAB,1991-08-31,1991,8,0
GAB,1991-09-30,1991,9,0
GAB,1991-10-31,1991,10,0
GAB,1991-11-30,1991,11,0
GAB,1991-12-31,1991,12,0
GAB,1992-01-31,1992,1,0
GAB,1992-02-29,1992,2,0
GAB,1992-03-31,1992,3,0
GAB,1992-04-30,1992,4,0
GAB,1992-05-31,1992,5,0
GAB,1992-06-30,1992,6,0
GAB,1992-07-31,1992,7,0
GAB,1992-08-31,1992,8,0
GAB,1992-09-30,1992,9,0
GAB,1992-10-31,1992,10,0
GAB,1992-11-30,1992,11,0
GAB,1992-12-31,1992,12,0
GAB,1993-01-31,1993,1,1
GAB,1993-02-28,1993,2,1
GAB,1993-03-31,1993,3,1
GAB,1993-04-30,1993,4,1
GAB,1993-05-31,1993,5,1
GAB,1993-06-30,1993,6,1
GAB,1993-07-31,1993,7,1
GAB,1993-08-31,1993,8,1
GAB,1993-09-30,1993,9,1
GAB,1993-10-31,1993,10,1
GAB,1993-11-30,1993,11,1
GAB,1993-12-31,1993,12,1
GAB,1994-01-31,1994,1,0
GAB,1994-02-28,1994,2,0
GAB,1994-03-31,1994,3,0
GAB,1994-04-30,1994,4,0
GAB,1994-05-31,1994,5,0
GAB,1994-06-30,1994,6,0
GAB,1994-07-31,1994,7,0
GAB,1994-08-31,1994,8,0
GAB,1994-09-30,1994,9,0
GAB,1994-10-31,1994,10,0
GAB,1994-11-30,1994,11,0
GAB,1994-12-31,1994,12,0
GAB,1995-01-31,1995,1,0
GAB,1995-02-28,1995,2,0
GAB,1995-03-31,1995,3,0
GAB,1995-04-30,1995,4,0
GAB,1995-05-31,1995,5,0
GAB,1995-06-30,1995,6,0
GAB,1995-07-31,1995,7,0
GAB,1995-08-31,1995,8,0
GAB,1995-09-30,1995,9,0
GAB,1995-10-31,1995,10,0
GAB,1995-11-30,1995,11,0
GAB,1995-12-31,1995,12,0
GAB,1996-01-31,1996,1,0
GAB,1996-02-29,1996,2,0
GAB,1996-03-31,1996,3,0
GAB,1996-04-30,1996,4,0
GAB,1996-05-31,1996,5,0
GAB,1996-06-30,1996,6,0
GAB,1996-07-31,1996,7,0
GAB,1996-08-31,1996,8,0
GAB,1996-09-30,1996,9,0
GAB,1996-10-31,1996,10,0
GAB,1996-11-30,1996,11,0
GAB,1996-12-31,1996,12,0
GAB,1997-01-31,1997,1,0
GAB,1997-02-28,1997,2,0
GAB,1997-03-31,1997,3,0
GAB,1997-04-30,1997,4,0
GAB,1997-05-31,1997,5,0
GAB,1997-06-30,1997,6,0
GAB,1997-07-31,1997,7,0
GAB,1997-08-31,1997,8,0
GAB,1997-09-30,1997,9,0
GAB,1997-10-31,1997,10,0
GAB,1997-11-30,1997,11,0
GAB,1997-12-31,1997,12,0
GAB,1998-01-31,1998,1,0
GAB,1998-02-28,1998,2,0
GAB,1998-03-31,1998,3,0
GAB,1998-04-30,1998,4,0
GAB,1998-05-31,1998,5,0
GAB,1998-06-30,1998,6,0
GAB,1998-07-31,1998,7,0
GAB,1998-08-31,1998,8,0
GAB,1998-09-30,1998,9,0
GAB,1998-10-31,1998,10,0
GAB,1998-11-30,1998,11,0
GAB,1998-12-31,1998,12,0
GAB,1999-01-31,1999,1,0
GAB,1999-02-28,1999,2,0
GAB,1999-03-31,1999,3,0
GAB,1999-04-30,1999,4,0
GAB,1999-05-31,1999,5,0
GAB,1999-06-30,1999,6,0
GAB,1999-07-31,1999,7,0
GAB,1999-08-31,1999,8,0
GAB,1999-09-30,1999,9,0
GAB,1999-10-31,1999,10,0
GAB,1999-11-30,1999,11,0
GAB,1999-12-31,1999,12,0
GAB,2000-01-31,2000,1,0
GAB,2000-02-29,2000,2,0
GAB,2000-03-31,2000,3,0
GAB,2000-04-30,2000,4,0
GAB,2000-05-31,2000,5,0
GAB,2000-06-30,2000,6,0
GAB,2000-07-31,2000,7,0
GAB,2000-08-31,2000,8,0
GAB,2000-09-30,2000,9,0
GAB,2000-10-31,2000,10,0
GAB,2000-11-30,2000,11,0
GAB,2000-12-31,2000,12,0
GAB,2001-01-31,2001,1,0
GAB,2001-02-28,2001,2,0
GAB,2001-03-31,2001,3,0
GAB,2001-04-30,2001,4,0
GAB,2001-05-31,2001,5,0
GAB,2001-06-30,2001,6,0
GAB,2001-07-31,2001,7,0
GAB,2001-08-31,2001,8,0
GAB,2001-09-30,2001,9,0
GAB,2001-10-31,2001,10,0
GAB,2001-11-30,2001,11,0
GAB,2001-12-31,2001,12,0
GAB,2002-01-31,2002,1,0
GAB,2002-02-28,2002,2,0
GAB,2002-03-31,2002,3,0
GAB,2002-04-30,2002,4,0
GAB,2002-05-31,2002,5,0
GAB,2002-06-30,2002,6,0
GAB,2002-07-31,2002,7,0
GAB,2002-08-31,2002,8,0
GAB,2002-09-30,2002,9,0
GAB,2002-10-31,2002,10,0
GAB,2002-11-30,2002,11,0
GAB,2002-12-31,2002,12,0
GAB,2003-01-31,2003,1,0
GAB,2003-02-28,2003,2,0
GAB,2003-03-31,2003,3,0
GAB,2003-04-30,2003,4,0
GAB,2003-05-31,2003,5,0
GAB,2003-06-30,2003,6,0
GAB,2003-07-31,2003,7,0
GAB,2003-08-31,2003,8,0
GAB,2003-09-30,2003,9,0
GAB,2003-10-31,2003,10,0
GAB,2003-11-30,2003,11,0
GAB,2003-12-31,2003,12,0
GAB,2004-01-31,2004,1,0
GAB,2004-02-29,2004,2,0
GAB,2004-03-31,2004,3,0
GAB,2004-04-30,2004,4,0
GAB,2004-05-31,2004,5,0
GAB,2004-06-30,2004,6,0
GAB,2004-07-31,2004,7,0
GAB,2004-08-31,2004,8,0
GAB,2004-09-30,2004,9,0
GAB,2004-10-31,2004,10,0
GAB,2004-11-30,2004,11,0
GAB,2004-12-31,2004,12,0
GAB,2005-01-31,2005,1,0
GAB,2005-02-28,2005,2,0
GAB,2005-03-31,2005,3,0
GAB,2005-04-30,2005,4,0
GAB,2005-05-31,2005,5,0
GAB,2005-06-30,2005,6,0
GAB,2005-07-31,2005,7,0
GAB,2005-08-31,2005,8,0
GAB,2005-09-30,2005,9,0
GAB,2005-10-31,2005,10,0
GAB,2005-11-30,2005,11,0
GAB,2005-12-31,2005,12,0
GAB,2006-01-31,2006,1,0
GAB,2006-02-28,2006,2,0
GAB,2006-03-31,2006,3,0
GAB,2006-04-30,2006,4,0
GAB,2006-05-31,2006,5,0
GAB,2006-06-30,2006,6,0
GAB,2006-07-31,2006,7,0
GAB,2006-08-31,2006,8,0
GAB,2006-09-30,2006,9,0
GAB,2006-10-31,2006,10,0
GAB,2006-11-30,2006,11,0
GAB,2006-12-31,2006,12,0
GAB,2007-01-31,2007,1,0
GAB,2007-02-28,2007,2,0
GAB,2007-03-31,2007,3,0
GAB,2007-04-30,2007,4,0
GAB,2007-05-31,2007,5,0
GAB,2007-06-30,2007,6,0
GAB,2007-07-31,2007,7,0
GAB,2007-08-31,2007,8,0
GAB,2007-09-30,2007,9,0
GAB,2007-10-31,2007,10,0
GAB,2007-11-30,2007,11,0
GAB,2007-12-31,2007,12,0
GAB,2008-01-31,2008,1,0
GAB,2008-02-29,2008,2,0
GAB,2008-03-31,2008,3,0
GAB,2008-04-30,2008,4,0
GAB,2008-05-31,2008,5,0
GAB,2008-06-30,2008,6,0
GAB,2008-07-31,2008,7,0
GAB,2008-08-31,2008,8,0
GAB,2008-09-30,2008,9,0
GAB,2008-10-31,2008,10,0
GAB,2008-11-30,2008,11,0
GAB,2008-12-31,2008,12,0
GAB,2009-01-31,2009,1,0
GAB,2009-02-28,2009,2,0
GAB,2009-03-31,2009,3,0
GAB,2009-04-30,2009,4,0
GAB,2009-05-31,2009,5,0
GAB,2009-06-30,2009,6,0
GAB,2009-07-31,2009,7,0
GAB,2009-08-31,2009,8,0
GAB,2009-09-30,2009,9,0
GAB,2009-10-31,2009,10,0
GAB,2009-11-30,2009,11,0
GAB,2009-12-31,2009,12,0
GAB,2010-01-31,2010,1,0
GAB,2010-02-28,2010,2,0
GAB,2010-03-31,2010,3,0
GAB,2010-04-30,2010,4,0
GAB,2010-05-31,2010,5,0
GAB,2010-06-30,2010,6,0
GAB,2010-07-31,2010,7,0
GAB,2010-08-31,2010,8,0
GAB,2010-09-30,2010,9,0
GAB,2010-10-31,2010,10,0
GAB,2010-11-30,2010,11,0
GAB,2010-12-31,2010,12,0
GAB,2011-01-31,2011,1,0
GAB,2011-02-28,2011,2,0
GAB,2011-03-31,2011,3,0
GAB,2011-04-30,2011,4,0
GAB,2011-05-31,2011,5,0
GAB,2011-06-30,2011,6,0
GAB,2011-07-31,2011,7,0
GAB,2011-08-31,2011,8,0
GAB,2011-09-30,2011,9,0
GAB,2011-10-31,2011,10,0
GAB,2011-11-30,2011,11,0
GAB,2011-12-31,2011,12,0
GAB,2012-01-31,2012,1,0
GAB,2012-02-29,2012,2,0
GAB,2012-03-31,2012,3,0
GAB,2012-04-30,2012,4,0
GAB,2012-05-31,2012,5,0
GAB,2012-06-30,2012,6,0
GAB,2012-07-31,2012,7,0
GAB,2012-08-31,2012,8,0
GAB,2012-09-30,2012,9,0
GAB,2012-10-31,2012,10,0
GAB,2012-11-30,2012,11,0
GAB,2012-12-31,2012,12,0
GAB,2013-01-31,2013,1,0
GAB,2013-02-28,2013,2,0
GAB,2013-03-31,2013,3,0
GAB,2013-04-30,2013,4,0
GAB,2013-05-31,2013,5,0
GAB,2013-06-30,2013,6,0
GAB,2013-07-31,2013,7,0
GAB,2013-08-31,2013,8,0
GAB,2013-09-30,2013,9,0
GAB,2013-10-31,2013,10,0
GAB,2013-11-30,2013,11,0
GAB,2013-12-31,2013,12,0
GAB,2014-01-31,2014,1,0
GAB,2014-02-28,2014,2,0
GAB,2014-03-31,2014,3,0
GAB,2014-04-30,2014,4,0
GAB,2014-05-31,2014,5,0
GAB,2014-06-30,2014,6,0
GAB,2014-07-31,2014,7,0
GAB,2014-08-31,2014,8,0
GAB,2014-09-30,2014,9,0
GAB,2014-10-31,2014,10,0
GAB,2014-11-30,2014,11,0
GAB,2014-12-31,2014,12,0
GAB,2015-01-31,2015,1,0
GAB,2015-02-28,2015,2,0
GAB,2015-03-31,2015,3,0
GAB,2015-04-30,2015,4,0
GAB,2015-05-31,2015,5,0
GAB,2015-06-30,2015,6,0
GAB,2015-07-31,2015,7,0
GAB,2015-08-31,2015,8,0
GAB,2015-09-30,2015,9,0
GAB,2015-10-31,2015,10,0
GAB,2015-11-30,2015,11,0
GAB,2015-12-31,2015,12,0
GAB,2016-01-31,2016,1,0
GAB,2016-02-29,2016,2,0
GAB,2016-03-31,2016,3,0
GAB,2016-04-30,2016,4,0
GAB,2016-05-31,2016,5,0
GAB,2016-06-30,2016,6,0
GAB,2016-07-31,2016,7,0
GAB,2016-08-31,2016,8,0
GAB,2016-09-30,2016,9,0
GAB,2016-10-31,2016,10,0
GAB,2016-11-30,2016,11,0
GAB,2016-12-31,2016,12,0
GEO,1995-10-31,1995,10,0
GEO,1995-11-30,1995,11,0
GEO,1995-12-31,1995,12,0
GEO,1996-01-31,1996,1,0
GEO,1996-02-29,1996,2,0
GEO,1996-03-31,1996,3,0
GEO,1996-04-30,1996,4,0
GEO,1996-05-31,1996,5,0
GEO,1996-06-30,1996,6,0
GEO,1996-07-31,1996,7,0
GEO,1996-08-31,1996,8,0
GEO,1996-09-30,1996,9,0
GEO,1996-10-31,1996,10,0
GEO,1996-11-30,1996,11,0
GEO,1996-12-31,1996,12,0
GEO,1997-01-31,1997,1,0
GEO,1997-02-28,1997,2,0
GEO,1997-03-31,1997,3,0
GEO,1997-04-30,1997,4,0
GEO,1997-05-31,1997,5,0
GEO,1997-06-30,1997,6,0
GEO,1997-07-31,1997,7,0
GEO,1997-08-31,1997,8,0
GEO,1997-09-30,1997,9,0
GEO,1997-10-31,1997,10,0
GEO,1997-11-30,1997,11,0
GEO,1997-12-31,1997,12,0
GEO,1998-01-31,1998,1,1
GEO,1998-02-28,1998,2,1
GEO,1998-03-31,1998,3,1
GEO,1998-04-30,1998,4,1
GEO,1998-05-31,1998,5,1
GEO,1998-06-30,1998,6,1
GEO,1998-07-31,1998,7,1
GEO,1998-08-31,1998,8,1
GEO,1998-09-30,1998,9,1
GEO,1998-10-31,1998,10,1
GEO,1998-11-30,1998,11,1
GEO,1998-12-31,1998,12,1
GEO,1999-01-31,1999,1,0
GEO,1999-02-28,1999,2,0
GEO,1999-03-31,1999,3,0
GEO,1999-04-30,1999,4,0
GEO,1999-05-31,1999,5,0
GEO,1999-06-30,1999,6,0
GEO,1999-07-31,1999,7,0
GEO,1999-08-31,1999,8,0
GEO,1999-09-30,1999,9,0
GEO,1999-10-31,1999,10,0
GEO,1999-11-30,1999,11,0
GEO,1999-12-31,1999,12,0
GEO,2000-01-31,2000,1,0
GEO,2000-02-29,2000,2,0
GEO,2000-03-31,2000,3,0
GEO,2000-04-30,2000,4,0
GEO,2000-05-31,2000,5,0
GEO,2000-06-30,2000,6,0
GEO,2000-07-31,2000,7,0
GEO,2000-08-31,2000,8,0
GEO,2000-09-30,2000,9,0
GEO,2000-10-31,2000,10,0
GEO,2000-11-30,2000,11,0
GEO,2000-12-31,2000,12,0
GEO,2001-01-31,2001,1,0
GEO,2001-02-28,2001,2,0
GEO,2001-03-31,2001,3,0
GEO,2001-04-30,2001,4,0
GEO,2001-05-31,2001,5,0
GEO,2001-06-30,2001,6,0
GEO,2001-07-31,2001,7,0
GEO,2001-08-31,2001,8,0
GEO,2001-09-30,2001,9,0
GEO,2001-10-31,2001,10,0
GEO,2001-11-30,2001,11,0
GEO,2001-12-31,2001,12,0
GEO,2002-01-31,2002,1,0
GEO,2002-02-28,2002,2,0
GEO,2002-03-31,2002,3,0
GEO,2002-04-30,2002,4,0
GEO,2002-05-31,2002,5,0
GEO,2002-06-30,2002,6,0
GEO,2002-07-31,2002,7,0
GEO,2002-08-31,2002,8,0
GEO,2002-09-30,2002,9,0
GEO,2002-10-31,2002,10,0
GEO,2002-11-30,2002,11,0
GEO,2002-12-31,2002,12,0
GEO,2003-01-31,2003,1,0
GEO,2003-02-28,2003,2,0
GEO,2003-03-31,2003,3,0
GEO,2003-04-30,2003,4,0
GEO,2003-05-31,2003,5,0
GEO,2003-06-30,2003,6,0
GEO,2003-07-31,2003,7,0
GEO,2003-08-31,2003,8,0
GEO,2003-09-30,2003,9,0
GEO,2003-10-31,2003,10,0
GEO,2003-11-30,2003,11,0
GEO,2003-12-31,2003,12,0
GEO,2004-01-31,2004,1,0
GEO,2004-02-29,2004,2,0
GEO,2004-03-31,2004,3,0
GEO,2004-04-30,2004,4,0
GEO,2004-05-31,2004,5,0
GEO,2004-06-30,2004,6,0
GEO,2004-07-31,2004,7,0
GEO,2004-08-31,2004,8,0
GEO,2004-09-30,2004,9,0
GEO,2004-10-31,2004,10,0
GEO,2004-11-30,2004,11,0
GEO,2004-12-31,2004,12,0
GEO,2005-01-31,2005,1,0
GEO,2005-02-28,2005,2,0
GEO,2005-03-31,2005,3,0
GEO,2005-04-30,2005,4,0
GEO,2005-05-31,2005,5,0
GEO,2005-06-30,2005,6,0
GEO,2005-07-31,2005,7,0
GEO,2005-08-31,2005,8,0
GEO,2005-09-30,2005,9,0
GEO,2005-10-31,2005,10,0
GEO,2005-11-30,2005,11,0
GEO,2005-12-31,2005,12,0
GEO,2006-01-31,2006,1,0
GEO,2006-02-28,2006,2,0
GEO,2006-03-31,2006,3,0
GEO,2006-04-30,2006,4,0
GEO,2006-05-31,2006,5,0
GEO,2006-06-30,2006,6,0
GEO,2006-07-31,2006,7,0
GEO,2006-08-31,2006,8,0
GEO,2006-09-30,2006,9,0
GEO,2006-10-31,2006,10,0
GEO,2006-11-30,2006,11,0
GEO,2006-12-31,2006,12,0
GEO,2007-01-31,2007,1,0
GEO,2007-02-28,2007,2,0
GEO,2007-03-31,2007,3,0
GEO,2007-04-30,2007,4,0
GEO,2007-05-31,2007,5,0
GEO,2007-06-30,2007,6,0
GEO,2007-07-31,2007,7,0
GEO,2007-08-31,2007,8,0
GEO,2007-09-30,2007,9,0
GEO,2007-10-31,2007,10,0
GEO,2007-11-30,2007,11,0
GEO,2007-12-31,2007,12,0
GEO,2008-01-31,2008,1,0
GEO,2008-02-29,2008,2,0
GEO,2008-03-31,2008,3,0
GEO,2008-04-30,2008,4,0
GEO,2008-05-31,2008,5,0
GEO,2008-06-30,2008,6,0
GEO,2008-07-31,2008,7,0
GEO,2008-08-31,2008,8,0
GEO,2008-09-30,2008,9,0
GEO,2008-10-31,2008,10,0
GEO,2008-11-30,2008,11,0
GEO,2008-12-31,2008,12,0
GEO,2009-01-31,2009,1,0
GEO,2009-02-28,2009,2,0
GEO,2009-03-31,2009,3,0
GEO,2009-04-30,2009,4,0
GEO,2009-05-31,2009,5,0
GEO,2009-06-30,2009,6,0
GEO,2009-07-31,2009,7,0
GEO,2009-08-31,2009,8,0
GEO,2009-09-30,2009,9,0
GEO,2009-10-31,2009,10,0
GEO,2009-11-30,2009,11,0
GEO,2009-12-31,2009,12,0
GEO,2010-01-31,2010,1,0
GEO,2010-02-28,2010,2,0
GEO,2010-03-31,2010,3,0
GEO,2010-04-30,2010,4,0
GEO,2010-05-31,2010,5,0
GEO,2010-06-30,2010,6,0
GEO,2010-07-31,2010,7,0
GEO,2010-08-31,2010,8,0
GEO,2010-09-30,2010,9,0
GEO,2010-10-31,2010,10,0
GEO,2010-11-30,2010,11,0
GEO,2010-12-31,2010,12,0
GEO,2011-01-31,2011,1,0
GEO,2011-02-28,2011,2,0
GEO,2011-03-31,2011,3,0
GEO,2011-04-30,2011,4,0
GEO,2011-05-31,2011,5,0
GEO,2011-06-30,2011,6,0
GEO,2011-07-31,2011,7,0
GEO,2011-08-31,2011,8,0
GEO,2011-09-30,2011,9,0
GEO,2011-10-31,2011,10,0
GEO,2011-11-30,2011,11,0
GEO,2011-12-31,2011,12,0
GEO,2012-01-31,2012,1,0
GEO,2012-02-29,2012,2,0
GEO,2012-03-31,2012,3,0
GEO,2012-04-30,2012,4,0
GEO,2012-05-31,2012,5,0
GEO,2012-06-30,2012,6,0
GEO,2012-07-31,2012,7,0
GEO,2012-08-31,2012,8,0
GEO,2012-09-30,2012,9,0
GEO,2012-10-31,2012,10,0
GEO,2012-11-30,2012,11,0
GEO,2012-12-31,2012,12,0
GEO,2013-01-31,2013,1,0
GEO,2013-02-28,2013,2,0
GEO,2013-03-31,2013,3,0
GEO,2013-04-30,2013,4,0
GEO,2013-05-31,2013,5,0
GEO,2013-06-30,2013,6,0
GEO,2013-07-31,2013,7,0
GEO,2013-08-31,2013,8,0
GEO,2013-09-30,2013,9,0
GEO,2013-10-31,2013,10,0
GEO,2013-11-30,2013,11,0
GEO,2013-12-31,2013,12,0
GEO,2014-01-31,2014,1,0
GEO,2014-02-28,2014,2,0
GEO,2014-03-31,2014,3,0
GEO,2014-04-30,2014,4,0
GEO,2014-05-31,2014,5,0
GEO,2014-06-30,2014,6,0
GEO,2014-07-31,2014,7,0
GEO,2014-08-31,2014,8,0
GEO,2014-09-30,2014,9,0
GEO,2014-10-31,2014,10,0
GEO,2014-11-30,2014,11,0
GEO,2014-12-31,2014,12,0
GEO,2015-01-31,2015,1,0
GEO,2015-02-28,2015,2,0
GEO,2015-03-31,2015,3,0
GEO,2015-04-30,2015,4,0
GEO,2015-05-31,2015,5,0
GEO,2015-06-30,2015,6,0
GEO,2015-07-31,2015,7,0
GEO,2015-08-31,2015,8,0
GEO,2015-09-30,2015,9,0
GEO,2015-10-31,2015,10,0
GEO,2015-11-30,2015,11,0
GEO,2015-12-31,2015,12,0
GEO,2016-01-31,2016,1,0
GEO,2016-02-29,2016,2,0
GEO,2016-03-31,2016,3,0
GEO,2016-04-30,2016,4,0
GEO,2016-05-31,2016,5,0
GEO,2016-06-30,2016,6,0
GEO,2016-07-31,2016,7,0
GEO,2016-08-31,2016,8,0
GEO,2016-09-30,2016,9,0
GEO,2016-10-31,2016,10,0
GEO,2016-11-30,2016,11,0
GEO,2016-12-31,2016,12,0
GHA,1990-01-31,1990,1,0
GHA,1990-02-28,1990,2,0
GHA,1990-03-31,1990,3,0
GHA,1990-04-30,1990,4,0
GHA,1990-05-31,1990,5,0
GHA,1990-06-30,1990,6,0
GHA,1990-07-31,1990,7,0
GHA,1990-08-31,1990,8,0
GHA,1990-09-30,1990,9,0
GHA,1990-10-31,1990,10,0
GHA,1990-11-30,1990,11,0
GHA,1990-12-31,1990,12,0
GHA,1991-01-31,1991,1,0
GHA,1991-02-28,1991,2,0
GHA,1991-03-31,1991,3,0
GHA,1991-04-30,1991,4,0
GHA,1991-05-31,1991,5,0
GHA,1991-06-30,1991,6,0
GHA,1991-07-31,1991,7,0
GHA,1991-08-31,1991,8,0
GHA,1991-09-30,1991,9,0
GHA,1991-10-31,1991,10,0
GHA,1991-11-30,1991,11,0
GHA,1991-12-31,1991,12,0
GHA,1992-01-31,1992,1,1
GHA,1992-02-29,1992,2,1
GHA,1992-03-31,1992,3,1
GHA,1992-04-30,1992,4,1
GHA,1992-05-31,1992,5,1
GHA,1992-06-30,1992,6,1
GHA,1992-07-31,1992,7,1
GHA,1992-08-31,1992,8,1
GHA,1992-09-30,1992,9,1
GHA,1992-10-31,1992,10,1
GHA,1992-11-30,1992,11,1
GHA,1992-12-31,1992,12,1
GHA,1993-01-31,1993,1,0
GHA,1993-02-28,1993,2,0
GHA,1993-03-31,1993,3,0
GHA,1993-04-30,1993,4,0
GHA,1993-05-31,1993,5,0
GHA,1993-06-30,1993,6,0
GHA,1993-07-31,1993,7,0
GHA,1993-08-31,1993,8,0
GHA,1993-09-30,1993,9,0
GHA,1993-10-31,1993,10,0
GHA,1993-11-30,1993,11,0
GHA,1993-12-31,1993,12,0
GHA,1994-01-31,1994,1,0
GHA,1994-02-28,1994,2,0
GHA,1994-03-31,1994,3,0
GHA,1994-04-30,1994,4,0
GHA,1994-05-31,1994,5,0
GHA,1994-06-30,1994,6,0
GHA,1994-07-31,1994,7,0
GHA,1994-08-31,1994,8,0
GHA,1994-09-30,1994,9,0
GHA,1994-10-31,1994,10,0
GHA,1994-11-30,1994,11,0
GHA,1994-12-31,1994,12,0
GHA,1995-01-31,1995,1,0
GHA,1995-02-28,1995,2,0
GHA,1995-03-31,1995,3,0
GHA,1995-04-30,1995,4,0
GHA,1995-05-31,1995,5,0
GHA,1995-06-30,1995,6,0
GHA,1995-07-31,1995,7,0
GHA,1995-08-31,1995,8,0
GHA,1995-09-30,1995,9,0
GHA,1995-10-31,1995,10,0
GHA,1995-11-30,1995,11,0
GHA,1995-12-31,1995,12,0
GHA,1996-01-31,1996,1,0
GHA,1996-02-29,1996,2,0
GHA,1996-03-31,1996,3,0
GHA,1996-04-30,1996,4,0
GHA,1996-05-31,1996,5,0
GHA,1996-06-30,1996,6,0
GHA,1996-07-31,1996,7,0
GHA,1996-08-31,1996,8,0
GHA,1996-09-30,1996,9,0
GHA,1996-10-31,1996,10,0
GHA,1996-11-30,1996,11,0
GHA,1996-12-31,1996,12,0
GHA,1997-01-31,1997,1,0
GHA,1997-02-28,1997,2,0
GHA,1997-03-31,1997,3,0
GHA,1997-04-30,1997,4,0
GHA,1997-05-31,1997,5,0
GHA,1997-06-30,1997,6,0
GHA,1997-07-31,1997,7,0
GHA,1997-08-31,1997,8,0
GHA,1997-09-30,1997,9,0
GHA,1997-10-31,1997,10,0
GHA,1997-11-30,1997,11,0
GHA,1997-12-31,1997,12,0
GHA,1998-01-31,1998,1,0
GHA,1998-02-28,1998,2,0
GHA,1998-03-31,1998,3,0
GHA,1998-04-30,1998,4,0
GHA,1998-05-31,1998,5,0
GHA,1998-06-30,1998,6,0
GHA,1998-07-31,1998,7,0
GHA,1998-08-31,1998,8,0
GHA,1998-09-30,1998,9,0
GHA,1998-10-31,1998,10,0
GHA,1998-11-30,1998,11,0
GHA,1998-12-31,1998,12,0
GHA,1999-01-31,1999,1,1
GHA,1999-02-28,1999,2,1
GHA,1999-03-31,1999,3,1
GHA,1999-04-30,1999,4,1
GHA,1999-05-31,1999,5,1
GHA,1999-06-30,1999,6,1
GHA,1999-07-31,1999,7,1
GHA,1999-08-31,1999,8,1
GHA,1999-09-30,1999,9,1
GHA,1999-10-31,1999,10,1
GHA,1999-11-30,1999,11,1
GHA,1999-12-31,1999,12,1
GHA,2000-01-31,2000,1,0
GHA,2000-02-29,2000,2,0
GHA,2000-03-31,2000,3,0
GHA,2000-04-30,2000,4,0
GHA,2000-05-31,2000,5,0
GHA,2000-06-30,2000,6,0
GHA,2000-07-31,2000,7,0
GHA,2000-08-31,2000,8,0
GHA,2000-09-30,2000,9,0
GHA,2000-10-31,2000,10,0
GHA,2000-11-30,2000,11,0
GHA,2000-12-31,2000,12,0
GHA,2001-01-31,2001,1,0
GHA,2001-02-28,2001,2,0
GHA,2001-03-31,2001,3,0
GHA,2001-04-30,2001,4,0
GHA,2001-05-31,2001,5,0
GHA,2001-06-30,2001,6,0
GHA,2001-07-31,2001,7,0
GHA,2001-08-31,2001,8,0
GHA,2001-09-30,2001,9,0
GHA,2001-10-31,2001,10,0
GHA,2001-11-30,2001,11,0
GHA,2001-12-31,2001,12,0
GHA,2002-01-31,2002,1,0
GHA,2002-02-28,2002,2,0
GHA,2002-03-31,2002,3,0
GHA,2002-04-30,2002,4,0
GHA,2002-05-31,2002,5,0
GHA,2002-06-30,2002,6,0
GHA,2002-07-31,2002,7,0
GHA,2002-08-31,2002,8,0
GHA,2002-09-30,2002,9,0
GHA,2002-10-31,2002,10,0
GHA,2002-11-30,2002,11,0
GHA,2002-12-31,2002,12,0
GHA,2003-01-31,2003,1,0
GHA,2003-02-28,2003,2,0
GHA,2003-03-31,2003,3,0
GHA,2003-04-30,2003,4,0
GHA,2003-05-31,2003,5,0
GHA,2003-06-30,2003,6,0
GHA,2003-07-31,2003,7,0
GHA,2003-08-31,2003,8,0
GHA,2003-09-30,2003,9,0
GHA,2003-10-31,2003,10,0
GHA,2003-11-30,2003,11,0
GHA,2003-12-31,2003,12,0
GHA,2004-01-31,2004,1,0
GHA,2004-02-29,2004,2,0
GHA,2004-03-31,2004,3,0
GHA,2004-04-30,2004,4,0
GHA,2004-05-31,2004,5,0
GHA,2004-06-30,2004,6,0
GHA,2004-07-31,2004,7,0
GHA,2004-08-31,2004,8,0
GHA,2004-09-30,2004,9,0
GHA,2004-10-31,2004,10,0
GHA,2004-11-30,2004,11,0
GHA,2004-12-31,2004,12,0
GHA,2005-01-31,2005,1,0
GHA,2005-02-28,2005,2,0
GHA,2005-03-31,2005,3,0
GHA,2005-04-30,2005,4,0
GHA,2005-05-31,2005,5,0
GHA,2005-06-30,2005,6,0
GHA,2005-07-31,2005,7,0
GHA,2005-08-31,2005,8,0
GHA,2005-09-30,2005,9,0
GHA,2005-10-31,2005,10,0
GHA,2005-11-30,2005,11,0
GHA,2005-12-31,2005,12,0
GHA,2006-01-31,2006,1,0
GHA,2006-02-28,2006,2,0
GHA,2006-03-31,2006,3,0
GHA,2006-04-30,2006,4,0
GHA,2006-05-31,2006,5,0
GHA,2006-06-30,2006,6,0
GHA,2006-07-31,2006,7,0
GHA,2006-08-31,2006,8,0
GHA,2006-09-30,2006,9,0
GHA,2006-10-31,2006,10,0
GHA,2006-11-30,2006,11,0
GHA,2006-12-31,2006,12,0
GHA,2007-01-31,2007,1,0
GHA,2007-02-28,2007,2,0
GHA,2007-03-31,2007,3,0
GHA,2007-04-30,2007,4,0
GHA,2007-05-31,2007,5,0
GHA,2007-06-30,2007,6,0
GHA,2007-07-31,2007,7,0
GHA,2007-08-31,2007,8,0
GHA,2007-09-30,2007,9,0
GHA,2007-10-31,2007,10,0
GHA,2007-11-30,2007,11,0
GHA,2007-12-31,2007,12,0
GHA,2008-01-31,2008,1,1
GHA,2008-02-29,2008,2,1
GHA,2008-03-31,2008,3,1
GHA,2008-04-30,2008,4,1
GHA,2008-05-31,2008,5,1
GHA,2008-06-30,2008,6,1
GHA,2008-07-31,2008,7,1
GHA,2008-08-31,2008,8,1
GHA,2008-09-30,2008,9,1
GHA,2008-10-31,2008,10,1
GHA,2008-11-30,2008,11,1
GHA,2008-12-31,2008,12,1
GHA,2009-01-31,2009,1,0
GHA,2009-02-28,2009,2,0
GHA,2009-03-31,2009,3,0
GHA,2009-04-30,2009,4,0
GHA,2009-05-31,2009,5,0
GHA,2009-06-30,2009,6,0
GHA,2009-07-31,2009,7,0
GHA,2009-08-31,2009,8,0
GHA,2009-09-30,2009,9,0
GHA,2009-10-31,2009,10,0
GHA,2009-11-30,2009,11,0
GHA,2009-12-31,2009,12,0
GHA,2010-01-31,2010,1,0
GHA,2010-02-28,2010,2,0
GHA,2010-03-31,2010,3,0
GHA,2010-04-30,2010,4,0
GHA,2010-05-31,2010,5,0
GHA,2010-06-30,2010,6,0
GHA,2010-07-31,2010,7,0
GHA,2010-08-31,2010,8,0
GHA,2010-09-30,2010,9,0
GHA,2010-10-31,2010,10,0
GHA,2010-11-30,2010,11,0
GHA,2010-12-31,2010,12,0
GHA,2011-01-31,2011,1,0
GHA,2011-02-28,2011,2,0
GHA,2011-03-31,2011,3,0
GHA,2011-04-30,2011,4,0
GHA,2011-05-31,2011,5,0
GHA,2011-06-30,2011,6,0
GHA,2011-07-31,2011,7,0
GHA,2011-08-31,2011,8,0
GHA,2011-09-30,2011,9,0
GHA,2011-10-31,2011,10,0
GHA,2011-11-30,2011,11,0
GHA,2011-12-31,2011,12,0
GHA,2012-01-31,2012,1,0
GHA,2012-02-29,2012,2,0
GHA,2012-03-31,2012,3,0
GHA,2012-04-30,2012,4,0
GHA,2012-05-31,2012,5,0
GHA,2012-06-30,2012,6,0
GHA,2012-07-31,2012,7,0
GHA,2012-08-31,2012,8,0
GHA,2012-09-30,2012,9,0
GHA,2012-10-31,2012,10,0
GHA,2012-11-30,2012,11,0
GHA,2012-12-31,2012,12,0
GHA,2013-01-31,2013,1,1
GHA,2013-02-28,2013,2,1
GHA,2013-03-31,2013,3,1
GHA,2013-04-30,2013,4,1
GHA,2013-05-31,2013,5,1
GHA,2013-06-30,2013,6,1
GHA,2013-07-31,2013,7,1
GHA,2013-08-31,2013,8,1
GHA,2013-09-30,2013,9,1
GHA,2013-10-31,2013,10,1
GHA,2013-11-30,2013,11,1
GHA,2013-12-31,2013,12,1
GHA,2014-01-31,2014,1,0
GHA,2014-02-28,2014,2,0
GHA,2014-03-31,2014,3,0
GHA,2014-04-30,2014,4,0
GHA,2014-05-31,2014,5,0
GHA,2014-06-30,2014,6,0
GHA,2014-07-31,2014,7,0
GHA,2014-08-31,2014,8,0
GHA,2014-09-30,2014,9,0
GHA,2014-10-31,2014,10,0
GHA,2014-11-30,2014,11,0
GHA,2014-12-31,2014,12,0
GHA,2015-01-31,2015,1,0
GHA,2015-02-28,2015,2,0
GHA,2015-03-31,2015,3,0
GHA,2015-04-30,2015,4,0
GHA,2015-05-31,2015,5,0
GHA,2015-06-30,2015,6,0
GHA,2015-07-31,2015,7,0
GHA,2015-08-31,2015,8,0
GHA,2015-09-30,2015,9,0
GHA,2015-10-31,2015,10,0
GHA,2015-11-30,2015,11,0
GHA,2015-12-31,2015,12,0
GHA,2016-01-31,2016,1,0
GHA,2016-02-29,2016,2,0
GHA,2016-03-31,2016,3,0
GHA,2016-04-30,2016,4,0
GHA,2016-05-31,2016,5,0
GHA,2016-06-30,2016,6,0
GHA,2016-07-31,2016,7,0
GHA,2016-08-31,2016,8,0
GHA,2016-09-30,2016,9,0
GHA,2016-10-31,2016,10,0
GHA,2016-11-30,2016,11,0
GHA,2016-12-31,2016,12,0
GIN,1990-01-31,1990,1,0
GIN,1990-02-28,1990,2,0
GIN,1990-03-31,1990,3,0
GIN,1990-04-30,1990,4,0
GIN,1990-05-31,1990,5,0
GIN,1990-06-30,1990,6,0
GIN,1990-07-31,1990,7,0
GIN,1990-08-31,1990,8,0
GIN,1990-09-30,1990,9,0
GIN,1990-10-31,1990,10,0
GIN,1990-11-30,1990,11,0
GIN,1990-12-31,1990,12,0
GIN,1991-01-31,1991,1,0
GIN,1991-02-28,1991,2,0
GIN,1991-03-31,1991,3,0
GIN,1991-04-30,1991,4,0
GIN,1991-05-31,1991,5,0
GIN,1991-06-30,1991,6,0
GIN,1991-07-31,1991,7,0
GIN,1991-08-31,1991,8,0
GIN,1991-09-30,1991,9,0
GIN,1991-10-31,1991,10,0
GIN,1991-11-30,1991,11,0
GIN,1991-12-31,1991,12,0
GIN,1992-01-31,1992,1,0
GIN,1992-02-29,1992,2,0
GIN,1992-03-31,1992,3,0
GIN,1992-04-30,1992,4,0
GIN,1992-05-31,1992,5,0
GIN,1992-06-30,1992,6,0
GIN,1992-07-31,1992,7,0
GIN,1992-08-31,1992,8,0
GIN,1992-09-30,1992,9,0
GIN,1992-10-31,1992,10,0
GIN,1992-11-30,1992,11,0
GIN,1992-12-31,1992,12,0
GIN,1993-01-31,1993,1,0
GIN,1993-02-28,1993,2,0
GIN,1993-03-31,1993,3,0
GIN,1993-04-30,1993,4,0
GIN,1993-05-31,1993,5,0
GIN,1993-06-30,1993,6,0
GIN,1993-07-31,1993,7,0
GIN,1993-08-31,1993,8,0
GIN,1993-09-30,1993,9,0
GIN,1993-10-31,1993,10,0
GIN,1993-11-30,1993,11,0
GIN,1993-12-31,1993,12,0
GIN,1994-01-31,1994,1,0
GIN,1994-02-28,1994,2,0
GIN,1994-03-31,1994,3,0
GIN,1994-04-30,1994,4,0
GIN,1994-05-31,1994,5,0
GIN,1994-06-30,1994,6,0
GIN,1994-07-31,1994,7,0
GIN,1994-08-31,1994,8,0
GIN,1994-09-30,1994,9,0
GIN,1994-10-31,1994,10,0
GIN,1994-11-30,1994,11,0
GIN,1994-12-31,1994,12,0
GIN,1995-01-31,1995,1,0
GIN,1995-02-28,1995,2,0
GIN,1995-03-31,1995,3,0
GIN,1995-04-30,1995,4,0
GIN,1995-05-31,1995,5,0
GIN,1995-06-30,1995,6,0
GIN,1995-07-31,1995,7,0
GIN,1995-08-31,1995,8,0
GIN,1995-09-30,1995,9,0
GIN,1995-10-31,1995,10,0
GIN,1995-11-30,1995,11,0
GIN,1995-12-31,1995,12,0
GIN,1996-01-31,1996,1,0
GIN,1996-02-29,1996,2,0
GIN,1996-03-31,1996,3,0
GIN,1996-04-30,1996,4,0
GIN,1996-05-31,1996,5,0
GIN,1996-06-30,1996,6,0
GIN,1996-07-31,1996,7,0
GIN,1996-08-31,1996,8,0
GIN,1996-09-30,1996,9,0
GIN,1996-10-31,1996,10,0
GIN,1996-11-30,1996,11,0
GIN,1996-12-31,1996,12,0
GIN,1997-01-31,1997,1,0
GIN,1997-02-28,1997,2,0
GIN,1997-03-31,1997,3,0
GIN,1997-04-30,1997,4,0
GIN,1997-05-31,1997,5,0
GIN,1997-06-30,1997,6,0
GIN,1997-07-31,1997,7,0
GIN,1997-08-31,1997,8,0
GIN,1997-09-30,1997,9,0
GIN,1997-10-31,1997,10,0
GIN,1997-11-30,1997,11,0
GIN,1997-12-31,1997,12,0
GIN,1998-01-31,1998,1,0
GIN,1998-02-28,1998,2,0
GIN,1998-03-31,1998,3,0
GIN,1998-04-30,1998,4,0
GIN,1998-05-31,1998,5,0
GIN,1998-06-30,1998,6,0
GIN,1998-07-31,1998,7,0
GIN,1998-08-31,1998,8,0
GIN,1998-09-30,1998,9,0
GIN,1998-10-31,1998,10,0
GIN,1998-11-30,1998,11,0
GIN,1998-12-31,1998,12,0
GIN,1999-01-31,1999,1,0
GIN,1999-02-28,1999,2,0
GIN,1999-03-31,1999,3,0
GIN,1999-04-30,1999,4,0
GIN,1999-05-31,1999,5,0
GIN,1999-06-30,1999,6,0
GIN,1999-07-31,1999,7,0
GIN,1999-08-31,1999,8,0
GIN,1999-09-30,1999,9,0
GIN,1999-10-31,1999,10,0
GIN,1999-11-30,1999,11,0
GIN,1999-12-31,1999,12,0
GIN,2000-01-31,2000,1,0
GIN,2000-02-29,2000,2,0
GIN,2000-03-31,2000,3,0
GIN,2000-04-30,2000,4,0
GIN,2000-05-31,2000,5,0
GIN,2000-06-30,2000,6,0
GIN,2000-07-31,2000,7,0
GIN,2000-08-31,2000,8,0
GIN,2000-09-30,2000,9,0
GIN,2000-10-31,2000,10,0
GIN,2000-11-30,2000,11,0
GIN,2000-12-31,2000,12,0
GIN,2001-01-31,2001,1,0
GIN,2001-02-28,2001,2,0
GIN,2001-03-31,2001,3,0
GIN,2001-04-30,2001,4,0
GIN,2001-05-31,2001,5,0
GIN,2001-06-30,2001,6,0
GIN,2001-07-31,2001,7,0
GIN,2001-08-31,2001,8,0
GIN,2001-09-30,2001,9,0
GIN,2001-10-31,2001,10,0
GIN,2001-11-30,2001,11,0
GIN,2001-12-31,2001,12,0
GIN,2002-01-31,2002,1,0
GIN,2002-02-28,2002,2,0
GIN,2002-03-31,2002,3,0
GIN,2002-04-30,2002,4,0
GIN,2002-05-31,2002,5,0
GIN,2002-06-30,2002,6,0
GIN,2002-07-31,2002,7,0
GIN,2002-08-31,2002,8,0
GIN,2002-09-30,2002,9,0
GIN,2002-10-31,2002,10,0
GIN,2002-11-30,2002,11,0
GIN,2002-12-31,2002,12,0
GIN,2003-01-31,2003,1,0
GIN,2003-02-28,2003,2,0
GIN,2003-03-31,2003,3,0
GIN,2003-04-30,2003,4,0
GIN,2003-05-31,2003,5,0
GIN,2003-06-30,2003,6,0
GIN,2003-07-31,2003,7,0
GIN,2003-08-31,2003,8,0
GIN,2003-09-30,2003,9,0
GIN,2003-10-31,2003,10,0
GIN,2003-11-30,2003,11,0
GIN,2003-12-31,2003,12,0
GIN,2004-01-31,2004,1,1
GIN,2004-02-29,2004,2,1
GIN,2004-03-31,2004,3,1
GIN,2004-04-30,2004,4,1
GIN,2004-05-31,2004,5,1
GIN,2004-06-30,2004,6,1
GIN,2004-07-31,2004,7,1
GIN,2004-08-31,2004,8,1
GIN,2004-09-30,2004,9,1
GIN,2004-10-31,2004,10,1
GIN,2004-11-30,2004,11,1
GIN,2004-12-31,2004,12,1
GIN,2005-01-31,2005,1,0
GIN,2005-02-28,2005,2,0
GIN,2005-03-31,2005,3,0
GIN,2005-04-30,2005,4,0
GIN,2005-05-31,2005,5,0
GIN,2005-06-30,2005,6,0
GIN,2005-07-31,2005,7,0
GIN,2005-08-31,2005,8,0
GIN,2005-09-30,2005,9,0
GIN,2005-10-31,2005,10,0
GIN,2005-11-30,2005,11,0
GIN,2005-12-31,2005,12,0
GIN,2006-01-31,2006,1,0
GIN,2006-02-28,2006,2,0
GIN,2006-03-31,2006,3,0
GIN,2006-04-30,2006,4,0
GIN,2006-05-31,2006,5,0
GIN,2006-06-30,2006,6,0
GIN,2006-07-31,2006,7,0
GIN,2006-08-31,2006,8,0
GIN,2006-09-30,2006,9,0
GIN,2006-10-31,2006,10,0
GIN,2006-11-30,2006,11,0
GIN,2006-12-31,2006,12,0
GIN,2007-01-31,2007,1,0
GIN,2007-02-28,2007,2,0
GIN,2007-03-31,2007,3,0
GIN,2007-04-30,2007,4,0
GIN,2007-05-31,2007,5,0
GIN,2007-06-30,2007,6,0
GIN,2007-07-31,2007,7,0
GIN,2007-08-31,2007,8,0
GIN,2007-09-30,2007,9,0
GIN,2007-10-31,2007,10,0
GIN,2007-11-30,2007,11,0
GIN,2007-12-31,2007,12,0
GIN,2008-01-31,2008,1,0
GIN,2008-02-29,2008,2,0
GIN,2008-03-31,2008,3,0
GIN,2008-04-30,2008,4,0
GIN,2008-05-31,2008,5,0
GIN,2008-06-30,2008,6,0
GIN,2008-07-31,2008,7,0
GIN,2008-08-31,2008,8,0
GIN,2008-09-30,2008,9,0
GIN,2008-10-31,2008,10,0
GIN,2008-11-30,2008,11,0
GIN,2008-12-31,2008,12,0
GIN,2009-01-31,2009,1,0
GIN,2009-02-28,2009,2,0
GIN,2009-03-31,2009,3,0
GIN,2009-04-30,2009,4,0
GIN,2009-05-31,2009,5,0
GIN,2009-06-30,2009,6,0
GIN,2009-07-31,2009,7,0
GIN,2009-08-31,2009,8,0
GIN,2009-09-30,2009,9,0
GIN,2009-10-31,2009,10,0
GIN,2009-11-30,2009,11,0
GIN,2009-12-31,2009,12,0
GIN,2010-01-31,2010,1,0
GIN,2010-02-28,2010,2,0
GIN,2010-03-31,2010,3,0
GIN,2010-04-30,2010,4,0
GIN,2010-05-31,2010,5,0
GIN,2010-06-30,2010,6,0
GIN,2010-07-31,2010,7,0
GIN,2010-08-31,2010,8,0
GIN,2010-09-30,2010,9,0
GIN,2010-10-31,2010,10,0
GIN,2010-11-30,2010,11,0
GIN,2010-12-31,2010,12,0
GIN,2011-01-31,2011,1,0
GIN,2011-02-28,2011,2,0
GIN,2011-03-31,2011,3,0
GIN,2011-04-30,2011,4,0
GIN,2011-05-31,2011,5,0
GIN,2011-06-30,2011,6,0
GIN,2011-07-31,2011,7,0
GIN,2011-08-31,2011,8,0
GIN,2011-09-30,2011,9,0
GIN,2011-10-31,2011,10,0
GIN,2011-11-30,2011,11,0
GIN,2011-12-31,2011,12,0
GIN,2012-01-31,2012,1,0
GIN,2012-02-29,2012,2,0
GIN,2012-03-31,2012,3,0
GIN,2012-04-30,2012,4,0
GIN,2012-05-31,2012,5,0
GIN,2012-06-30,2012,6,0
GIN,2012-07-31,2012,7,0
GIN,2012-08-31,2012,8,0
GIN,2012-09-30,2012,9,0
GIN,2012-10-31,2012,10,0
GIN,2012-11-30,2012,11,0
GIN,2012-12-31,2012,12,0
GIN,2013-01-31,2013,1,0
GIN,2013-02-28,2013,2,0
GIN,2013-03-31,2013,3,0
GIN,2013-04-30,2013,4,0
GIN,2013-05-31,2013,5,0
GIN,2013-06-30,2013,6,0
GIN,2013-07-31,2013,7,0
GIN,2013-08-31,2013,8,0
GIN,2013-09-30,2013,9,0
GIN,2013-10-31,2013,10,0
GIN,2013-11-30,2013,11,0
GIN,2013-12-31,2013,12,0
GIN,2014-01-31,2014,1,0
GIN,2014-02-28,2014,2,0
GIN,2014-03-31,2014,3,0
GIN,2014-04-30,2014,4,0
GIN,2014-05-31,2014,5,0
GIN,2014-06-30,2014,6,0
GIN,2014-07-31,2014,7,0
GIN,2014-08-31,2014,8,0
GIN,2014-09-30,2014,9,0
GIN,2014-10-31,2014,10,0
GIN,2014-11-30,2014,11,0
GIN,2014-12-31,2014,12,0
GIN,2015-01-31,2015,1,0
GIN,2015-02-28,2015,2,0
GIN,2015-03-31,2015,3,0
GIN,2015-04-30,2015,4,0
GIN,2015-05-31,2015,5,0
GIN,2015-06-30,2015,6,0
GIN,2015-07-31,2015,7,0
GIN,2015-08-31,2015,8,0
GIN,2015-09-30,2015,9,0
GIN,2015-10-31,2015,10,0
GIN,2015-11-30,2015,11,0
GIN,2015-12-31,2015,12,0
GIN,2016-01-31,2016,1,0
GIN,2016-02-29,2016,2,0
GIN,2016-03-31,2016,3,0
GIN,2016-04-30,2016,4,0
GIN,2016-05-31,2016,5,0
GIN,2016-06-30,2016,6,0
GIN,2016-07-31,2016,7,0
GIN,2016-08-31,2016,8,0
GIN,2016-09-30,2016,9,0
GIN,2016-10-31,2016,10,0
GIN,2016-11-30,2016,11,0
GIN,2016-12-31,2016,12,0
GMB,1990-01-31,1990,1,0
GMB,1990-02-28,1990,2,0
GMB,1990-03-31,1990,3,0
GMB,1990-04-30,1990,4,0
GMB,1990-05-31,1990,5,0
GMB,1990-06-30,1990,6,0
GMB,1990-07-31,1990,7,0
GMB,1990-08-31,1990,8,0
GMB,1990-09-30,1990,9,0
GMB,1990-10-31,1990,10,0
GMB,1990-11-30,1990,11,0
GMB,1990-12-31,1990,12,0
GMB,1991-01-31,1991,1,0
GMB,1991-02-28,1991,2,0
GMB,1991-03-31,1991,3,0
GMB,1991-04-30,1991,4,0
GMB,1991-05-31,1991,5,0
GMB,1991-06-30,1991,6,0
GMB,1991-07-31,1991,7,0
GMB,1991-08-31,1991,8,0
GMB,1991-09-30,1991,9,0
GMB,1991-10-31,1991,10,0
GMB,1991-11-30,1991,11,0
GMB,1991-12-31,1991,12,0
GMB,1992-01-31,1992,1,0
GMB,1992-02-29,1992,2,0
GMB,1992-03-31,1992,3,0
GMB,1992-04-30,1992,4,0
GMB,1992-05-31,1992,5,0
GMB,1992-06-30,1992,6,0
GMB,1992-07-31,1992,7,0
GMB,1992-08-31,1992,8,0
GMB,1992-09-30,1992,9,0
GMB,1992-10-31,1992,10,0
GMB,1992-11-30,1992,11,0
GMB,1992-12-31,1992,12,0
GMB,1993-01-31,1993,1,0
GMB,1993-02-28,1993,2,0
GMB,1993-03-31,1993,3,0
GMB,1993-04-30,1993,4,0
GMB,1993-05-31,1993,5,0
GMB,1993-06-30,1993,6,0
GMB,1993-07-31,1993,7,0
GMB,1993-08-31,1993,8,0
GMB,1993-09-30,1993,9,0
GMB,1993-10-31,1993,10,0
GMB,1993-11-30,1993,11,0
GMB,1993-12-31,1993,12,0
GMB,1994-01-31,1994,1,0
GMB,1994-02-28,1994,2,0
GMB,1994-03-31,1994,3,0
GMB,1994-04-30,1994,4,0
GMB,1994-05-31,1994,5,0
GMB,1994-06-30,1994,6,0
GMB,1994-07-31,1994,7,0
GMB,1994-08-31,1994,8,0
GMB,1994-09-30,1994,9,0
GMB,1994-10-31,1994,10,0
GMB,1994-11-30,1994,11,0
GMB,1994-12-31,1994,12,0
GMB,1995-01-31,1995,1,0
GMB,1995-02-28,1995,2,0
GMB,1995-03-31,1995,3,0
GMB,1995-04-30,1995,4,0
GMB,1995-05-31,1995,5,0
GMB,1995-06-30,1995,6,0
GMB,1995-07-31,1995,7,0
GMB,1995-08-31,1995,8,0
GMB,1995-09-30,1995,9,0
GMB,1995-10-31,1995,10,0
GMB,1995-11-30,1995,11,0
GMB,1995-12-31,1995,12,0
GMB,1996-01-31,1996,1,0
GMB,1996-02-29,1996,2,0
GMB,1996-03-31,1996,3,0
GMB,1996-04-30,1996,4,0
GMB,1996-05-31,1996,5,0
GMB,1996-06-30,1996,6,0
GMB,1996-07-31,1996,7,0
GMB,1996-08-31,1996,8,0
GMB,1996-09-30,1996,9,0
GMB,1996-10-31,1996,10,0
GMB,1996-11-30,1996,11,0
GMB,1996-12-31,1996,12,0
GMB,1997-01-31,1997,1,0
GMB,1997-02-28,1997,2,0
GMB,1997-03-31,1997,3,0
GMB,1997-04-30,1997,4,0
GMB,1997-05-31,1997,5,0
GMB,1997-06-30,1997,6,0
GMB,1997-07-31,1997,7,0
GMB,1997-08-31,1997,8,0
GMB,1997-09-30,1997,9,0
GMB,1997-10-31,1997,10,0
GMB,1997-11-30,1997,11,0
GMB,1997-12-31,1997,12,0
GMB,1998-01-31,1998,1,0
GMB,1998-02-28,1998,2,0
GMB,1998-03-31,1998,3,0
GMB,1998-04-30,1998,4,0
GMB,1998-05-31,1998,5,0
GMB,1998-06-30,1998,6,0
GMB,1998-07-31,1998,7,0
GMB,1998-08-31,1998,8,0
GMB,1998-09-30,1998,9,0
GMB,1998-10-31,1998,10,0
GMB,1998-11-30,1998,11,0
GMB,1998-12-31,1998,12,0
GMB,1999-01-31,1999,1,0
GMB,1999-02-28,1999,2,0
GMB,1999-03-31,1999,3,0
GMB,1999-04-30,1999,4,0
GMB,1999-05-31,1999,5,0
GMB,1999-06-30,1999,6,0
GMB,1999-07-31,1999,7,0
GMB,1999-08-31,1999,8,0
GMB,1999-09-30,1999,9,0
GMB,1999-10-31,1999,10,0
GMB,1999-11-30,1999,11,0
GMB,1999-12-31,1999,12,0
GMB,2000-01-31,2000,1,0
GMB,2000-02-29,2000,2,0
GMB,2000-03-31,2000,3,0
GMB,2000-04-30,2000,4,0
GMB,2000-05-31,2000,5,0
GMB,2000-06-30,2000,6,0
GMB,2000-07-31,2000,7,0
GMB,2000-08-31,2000,8,0
GMB,2000-09-30,2000,9,0
GMB,2000-10-31,2000,10,0
GMB,2000-11-30,2000,11,0
GMB,2000-12-31,2000,12,0
GMB,2001-01-31,2001,1,0
GMB,2001-02-28,2001,2,0
GMB,2001-03-31,2001,3,0
GMB,2001-04-30,2001,4,0
GMB,2001-05-31,2001,5,0
GMB,2001-06-30,2001,6,0
GMB,2001-07-31,2001,7,0
GMB,2001-08-31,2001,8,0
GMB,2001-09-30,2001,9,0
GMB,2001-10-31,2001,10,0
GMB,2001-11-30,2001,11,0
GMB,2001-12-31,2001,12,0
GMB,2002-01-31,2002,1,1
GMB,2002-02-28,2002,2,1
GMB,2002-03-31,2002,3,1
GMB,2002-04-30,2002,4,1
GMB,2002-05-31,2002,5,1
GMB,2002-06-30,2002,6,1
GMB,2002-07-31,2002,7,1
GMB,2002-08-31,2002,8,1
GMB,2002-09-30,2002,9,1
GMB,2002-10-31,2002,10,1
GMB,2002-11-30,2002,11,1
GMB,2002-12-31,2002,12,1
GMB,2003-01-31,2003,1,0
GMB,2003-02-28,2003,2,0
GMB,2003-03-31,2003,3,0
GMB,2003-04-30,2003,4,0
GMB,2003-05-31,2003,5,0
GMB,2003-06-30,2003,6,0
GMB,2003-07-31,2003,7,0
GMB,2003-08-31,2003,8,0
GMB,2003-09-30,2003,9,0
GMB,2003-10-31,2003,10,0
GMB,2003-11-30,2003,11,0
GMB,2003-12-31,2003,12,0
GMB,2004-01-31,2004,1,0
GMB,2004-02-29,2004,2,0
GMB,2004-03-31,2004,3,0
GMB,2004-04-30,2004,4,0
GMB,2004-05-31,2004,5,0
GMB,2004-06-30,2004,6,0
GMB,2004-07-31,2004,7,0
GMB,2004-08-31,2004,8,0
GMB,2004-09-30,2004,9,0
GMB,2004-10-31,2004,10,0
GMB,2004-11-30,2004,11,0
GMB,2004-12-31,2004,12,0
GMB,2005-01-31,2005,1,0
GMB,2005-02-28,2005,2,0
GMB,2005-03-31,2005,3,0
GMB,2005-04-30,2005,4,0
GMB,2005-05-31,2005,5,0
GMB,2005-06-30,2005,6,0
GMB,2005-07-31,2005,7,0
GMB,2005-08-31,2005,8,0
GMB,2005-09-30,2005,9,0
GMB,2005-10-31,2005,10,0
GMB,2005-11-30,2005,11,0
GMB,2005-12-31,2005,12,0
GMB,2006-01-31,2006,1,0
GMB,2006-02-28,2006,2,0
GMB,2006-03-31,2006,3,0
GMB,2006-04-30,2006,4,0
GMB,2006-05-31,2006,5,0
GMB,2006-06-30,2006,6,0
GMB,2006-07-31,2006,7,0
GMB,2006-08-31,2006,8,0
GMB,2006-09-30,2006,9,0
GMB,2006-10-31,2006,10,0
GMB,2006-11-30,2006,11,0
GMB,2006-12-31,2006,12,0
GMB,2007-01-31,2007,1,0
GMB,2007-02-28,2007,2,0
GMB,2007-03-31,2007,3,0
GMB,2007-04-30,2007,4,0
GMB,2007-05-31,2007,5,0
GMB,2007-06-30,2007,6,0
GMB,2007-07-31,2007,7,0
GMB,2007-08-31,2007,8,0
GMB,2007-09-30,2007,9,0
GMB,2007-10-31,2007,10,0
GMB,2007-11-30,2007,11,0
GMB,2007-12-31,2007,12,0
GMB,2008-01-31,2008,1,0
GMB,2008-02-29,2008,2,0
GMB,2008-03-31,2008,3,0
GMB,2008-04-30,2008,4,0
GMB,2008-05-31,2008,5,0
GMB,2008-06-30,2008,6,0
GMB,2008-07-31,2008,7,0
GMB,2008-08-31,2008,8,0
GMB,2008-09-30,2008,9,0
GMB,2008-10-31,2008,10,0
GMB,2008-11-30,2008,11,0
GMB,2008-12-31,2008,12,0
GMB,2009-01-31,2009,1,0
GMB,2009-02-28,2009,2,0
GMB,2009-03-31,2009,3,0
GMB,2009-04-30,2009,4,0
GMB,2009-05-31,2009,5,0
GMB,2009-06-30,2009,6,0
GMB,2009-07-31,2009,7,0
GMB,2009-08-31,2009,8,0
GMB,2009-09-30,2009,9,0
GMB,2009-10-31,2009,10,0
GMB,2009-11-30,2009,11,0
GMB,2009-12-31,2009,12,0
GMB,2010-01-31,2010,1,0
GMB,2010-02-28,2010,2,0
GMB,2010-03-31,2010,3,0
GMB,2010-04-30,2010,4,0
GMB,2010-05-31,2010,5,0
GMB,2010-06-30,2010,6,0
GMB,2010-07-31,2010,7,0
GMB,2010-08-31,2010,8,0
GMB,2010-09-30,2010,9,0
GMB,2010-10-31,2010,10,0
GMB,2010-11-30,2010,11,0
GMB,2010-12-31,2010,12,0
GMB,2011-01-31,2011,1,0
GMB,2011-02-28,2011,2,0
GMB,2011-03-31,2011,3,0
GMB,2011-04-30,2011,4,0
GMB,2011-05-31,2011,5,0
GMB,2011-06-30,2011,6,0
GMB,2011-07-31,2011,7,0
GMB,2011-08-31,2011,8,0
GMB,2011-09-30,2011,9,0
GMB,2011-10-31,2011,10,0
GMB,2011-11-30,2011,11,0
GMB,2011-12-31,2011,12,0
GMB,2012-01-31,2012,1,0
GMB,2012-02-29,2012,2,0
GMB,2012-03-31,2012,3,0
GMB,2012-04-30,2012,4,0
GMB,2012-05-31,2012,5,0
GMB,2012-06-30,2012,6,0
GMB,2012-07-31,2012,7,0
GMB,2012-08-31,2012,8,0
GMB,2012-09-30,2012,9,0
GMB,2012-10-31,2012,10,0
GMB,2012-11-30,2012,11,0
GMB,2012-12-31,2012,12,0
GMB,2013-01-31,2013,1,0
GMB,2013-02-28,2013,2,0
GMB,2013-03-31,2013,3,0
GMB,2013-04-30,2013,4,0
GMB,2013-05-31,2013,5,0
GMB,2013-06-30,2013,6,0
GMB,2013-07-31,2013,7,0
GMB,2013-08-31,2013,8,0
GMB,2013-09-30,2013,9,0
GMB,2013-10-31,2013,10,0
GMB,2013-11-30,2013,11,0
GMB,2013-12-31,2013,12,0
GMB,2014-01-31,2014,1,0
GMB,2014-02-28,2014,2,0
GMB,2014-03-31,2014,3,0
GMB,2014-04-30,2014,4,0
GMB,2014-05-31,2014,5,0
GMB,2014-06-30,2014,6,0
GMB,2014-07-31,2014,7,0
GMB,2014-08-31,2014,8,0
GMB,2014-09-30,2014,9,0
GMB,2014-10-31,2014,10,0
GMB,2014-11-30,2014,11,0
GMB,2014-12-31,2014,12,0
GMB,2015-01-31,2015,1,0
GMB,2015-02-28,2015,2,0
GMB,2015-03-31,2015,3,0
GMB,2015-04-30,2015,4,0
GMB,2015-05-31,2015,5,0
GMB,2015-06-30,2015,6,0
GMB,2015-07-31,2015,7,0
GMB,2015-08-31,2015,8,0
GMB,2015-09-30,2015,9,0
GMB,2015-10-31,2015,10,0
GMB,2015-11-30,2015,11,0
GMB,2015-12-31,2015,12,0
GMB,2016-01-31,2016,1,0
GMB,2016-02-29,2016,2,0
GMB,2016-03-31,2016,3,0
GMB,2016-04-30,2016,4,0
GMB,2016-05-31,2016,5,0
GMB,2016-06-30,2016,6,0
GMB,2016-07-31,2016,7,0
GMB,2016-08-31,2016,8,0
GMB,2016-09-30,2016,9,0
GMB,2016-10-31,2016,10,0
GMB,2016-11-30,2016,11,0
GMB,2016-12-31,2016,12,0
GNB,1990-01-31,1990,1,0
GNB,1990-02-28,1990,2,0
GNB,1990-03-31,1990,3,0
GNB,1990-04-30,1990,4,0
GNB,1990-05-31,1990,5,0
GNB,1990-06-30,1990,6,0
GNB,1990-07-31,1990,7,0
GNB,1990-08-31,1990,8,0
GNB,1990-09-30,1990,9,0
GNB,1990-10-31,1990,10,0
GNB,1990-11-30,1990,11,0
GNB,1990-12-31,1990,12,0
GNB,1991-01-31,1991,1,0
GNB,1991-02-28,1991,2,0
GNB,1991-03-31,1991,3,0
GNB,1991-04-30,1991,4,0
GNB,1991-05-31,1991,5,0
GNB,1991-06-30,1991,6,0
GNB,1991-07-31,1991,7,0
GNB,1991-08-31,1991,8,0
GNB,1991-09-30,1991,9,0
GNB,1991-10-31,1991,10,0
GNB,1991-11-30,1991,11,0
GNB,1991-12-31,1991,12,0
GNB,1992-01-31,1992,1,0
GNB,1992-02-29,1992,2,0
GNB,1992-03-31,1992,3,0
GNB,1992-04-30,1992,4,0
GNB,1992-05-31,1992,5,0
GNB,1992-06-30,1992,6,0
GNB,1992-07-31,1992,7,0
GNB,1992-08-31,1992,8,0
GNB,1992-09-30,1992,9,0
GNB,1992-10-31,1992,10,0
GNB,1992-11-30,1992,11,0
GNB,1992-12-31,1992,12,0
GNB,1993-01-31,1993,1,1
GNB,1993-02-28,1993,2,1
GNB,1993-03-31,1993,3,1
GNB,1993-04-30,1993,4,1
GNB,1993-05-31,1993,5,1
GNB,1993-06-30,1993,6,1
GNB,1993-07-31,1993,7,1
GNB,1993-08-31,1993,8,1
GNB,1993-09-30,1993,9,1
GNB,1993-10-31,1993,10,1
GNB,1993-11-30,1993,11,1
GNB,1993-12-31,1993,12,1
GNB,1994-01-31,1994,1,0
GNB,1994-02-28,1994,2,0
GNB,1994-03-31,1994,3,0
GNB,1994-04-30,1994,4,0
GNB,1994-05-31,1994,5,0
GNB,1994-06-30,1994,6,0
GNB,1994-07-31,1994,7,0
GNB,1994-08-31,1994,8,0
GNB,1994-09-30,1994,9,0
GNB,1994-10-31,1994,10,0
GNB,1994-11-30,1994,11,0
GNB,1994-12-31,1994,12,0
GNB,1995-01-31,1995,1,0
GNB,1995-02-28,1995,2,0
GNB,1995-03-31,1995,3,0
GNB,1995-04-30,1995,4,0
GNB,1995-05-31,1995,5,0
GNB,1995-06-30,1995,6,0
GNB,1995-07-31,1995,7,0
GNB,1995-08-31,1995,8,0
GNB,1995-09-30,1995,9,0
GNB,1995-10-31,1995,10,0
GNB,1995-11-30,1995,11,0
GNB,1995-12-31,1995,12,0
GNB,1996-01-31,1996,1,0
GNB,1996-02-29,1996,2,0
GNB,1996-03-31,1996,3,0
GNB,1996-04-30,1996,4,0
GNB,1996-05-31,1996,5,0
GNB,1996-06-30,1996,6,0
GNB,1996-07-31,1996,7,0
GNB,1996-08-31,1996,8,0
GNB,1996-09-30,1996,9,0
GNB,1996-10-31,1996,10,0
GNB,1996-11-30,1996,11,0
GNB,1996-12-31,1996,12,0
GNB,1997-01-31,1997,1,0
GNB,1997-02-28,1997,2,0
GNB,1997-03-31,1997,3,0
GNB,1997-04-30,1997,4,0
GNB,1997-05-31,1997,5,0
GNB,1997-06-30,1997,6,0
GNB,1997-07-31,1997,7,0
GNB,1997-08-31,1997,8,0
GNB,1997-09-30,1997,9,0
GNB,1997-10-31,1997,10,0
GNB,1997-11-30,1997,11,0
GNB,1997-12-31,1997,12,0
GNB,1998-01-31,1998,1,0
GNB,1998-02-28,1998,2,0
GNB,1998-03-31,1998,3,0
GNB,1998-04-30,1998,4,0
GNB,1998-05-31,1998,5,0
GNB,1998-06-30,1998,6,0
GNB,1998-07-31,1998,7,0
GNB,1998-08-31,1998,8,0
GNB,1998-09-30,1998,9,0
GNB,1998-10-31,1998,10,0
GNB,1998-11-30,1998,11,0
GNB,1998-12-31,1998,12,0
GNB,1999-01-31,1999,1,0
GNB,1999-02-28,1999,2,0
GNB,1999-03-31,1999,3,0
GNB,1999-04-30,1999,4,0
GNB,1999-05-31,1999,5,0
GNB,1999-06-30,1999,6,0
GNB,1999-07-31,1999,7,0
GNB,1999-08-31,1999,8,0
GNB,1999-09-30,1999,9,0
GNB,1999-10-31,1999,10,0
GNB,1999-11-30,1999,11,0
GNB,1999-12-31,1999,12,0
GNB,2000-01-31,2000,1,0
GNB,2000-02-29,2000,2,0
GNB,2000-03-31,2000,3,0
GNB,2000-04-30,2000,4,0
GNB,2000-05-31,2000,5,0
GNB,2000-06-30,2000,6,0
GNB,2000-07-31,2000,7,0
GNB,2000-08-31,2000,8,0
GNB,2000-09-30,2000,9,0
GNB,2000-10-31,2000,10,0
GNB,2000-11-30,2000,11,0
GNB,2000-12-31,2000,12,0
GNB,2001-01-31,2001,1,0
GNB,2001-02-28,2001,2,0
GNB,2001-03-31,2001,3,0
GNB,2001-04-30,2001,4,0
GNB,2001-05-31,2001,5,0
GNB,2001-06-30,2001,6,0
GNB,2001-07-31,2001,7,0
GNB,2001-08-31,2001,8,0
GNB,2001-09-30,2001,9,0
GNB,2001-10-31,2001,10,0
GNB,2001-11-30,2001,11,0
GNB,2001-12-31,2001,12,0
GNB,2002-01-31,2002,1,0
GNB,2002-02-28,2002,2,0
GNB,2002-03-31,2002,3,0
GNB,2002-04-30,2002,4,0
GNB,2002-05-31,2002,5,0
GNB,2002-06-30,2002,6,0
GNB,2002-07-31,2002,7,0
GNB,2002-08-31,2002,8,0
GNB,2002-09-30,2002,9,0
GNB,2002-10-31,2002,10,0
GNB,2002-11-30,2002,11,0
GNB,2002-12-31,2002,12,0
GNB,2003-01-31,2003,1,0
GNB,2003-02-28,2003,2,0
GNB,2003-03-31,2003,3,0
GNB,2003-04-30,2003,4,0
GNB,2003-05-31,2003,5,0
GNB,2003-06-30,2003,6,0
GNB,2003-07-31,2003,7,0
GNB,2003-08-31,2003,8,0
GNB,2003-09-30,2003,9,0
GNB,2003-10-31,2003,10,0
GNB,2003-11-30,2003,11,0
GNB,2003-12-31,2003,12,0
GNB,2004-01-31,2004,1,0
GNB,2004-02-29,2004,2,0
GNB,2004-03-31,2004,3,0
GNB,2004-04-30,2004,4,0
GNB,2004-05-31,2004,5,0
GNB,2004-06-30,2004,6,0
GNB,2004-07-31,2004,7,0
GNB,2004-08-31,2004,8,0
GNB,2004-09-30,2004,9,0
GNB,2004-10-31,2004,10,0
GNB,2004-11-30,2004,11,0
GNB,2004-12-31,2004,12,0
GNB,2005-01-31,2005,1,0
GNB,2005-02-28,2005,2,0
GNB,2005-03-31,2005,3,0
GNB,2005-04-30,2005,4,0
GNB,2005-05-31,2005,5,0
GNB,2005-06-30,2005,6,0
GNB,2005-07-31,2005,7,0
GNB,2005-08-31,2005,8,0
GNB,2005-09-30,2005,9,0
GNB,2005-10-31,2005,10,0
GNB,2005-11-30,2005,11,0
GNB,2005-12-31,2005,12,0
GNB,2006-01-31,2006,1,0
GNB,2006-02-28,2006,2,0
GNB,2006-03-31,2006,3,0
GNB,2006-04-30,2006,4,0
GNB,2006-05-31,2006,5,0
GNB,2006-06-30,2006,6,0
GNB,2006-07-31,2006,7,0
GNB,2006-08-31,2006,8,0
GNB,2006-09-30,2006,9,0
GNB,2006-10-31,2006,10,0
GNB,2006-11-30,2006,11,0
GNB,2006-12-31,2006,12,0
GNB,2007-01-31,2007,1,0
GNB,2007-02-28,2007,2,0
GNB,2007-03-31,2007,3,0
GNB,2007-04-30,2007,4,0
GNB,2007-05-31,2007,5,0
GNB,2007-06-30,2007,6,0
GNB,2007-07-31,2007,7,0
GNB,2007-08-31,2007,8,0
GNB,2007-09-30,2007,9,0
GNB,2007-10-31,2007,10,0
GNB,2007-11-30,2007,11,0
GNB,2007-12-31,2007,12,0
GNB,2008-01-31,2008,1,0
GNB,2008-02-29,2008,2,0
GNB,2008-03-31,2008,3,0
GNB,2008-04-30,2008,4,0
GNB,2008-05-31,2008,5,0
GNB,2008-06-30,2008,6,0
GNB,2008-07-31,2008,7,0
GNB,2008-08-31,2008,8,0
GNB,2008-09-30,2008,9,0
GNB,2008-10-31,2008,10,0
GNB,2008-11-30,2008,11,0
GNB,2008-12-31,2008,12,0
GNB,2009-01-31,2009,1,0
GNB,2009-02-28,2009,2,0
GNB,2009-03-31,2009,3,0
GNB,2009-04-30,2009,4,0
GNB,2009-05-31,2009,5,0
GNB,2009-06-30,2009,6,0
GNB,2009-07-31,2009,7,0
GNB,2009-08-31,2009,8,0
GNB,2009-09-30,2009,9,0
GNB,2009-10-31,2009,10,0
GNB,2009-11-30,2009,11,0
GNB,2009-12-31,2009,12,0
GNB,2010-01-31,2010,1,0
GNB,2010-02-28,2010,2,0
GNB,2010-03-31,2010,3,0
GNB,2010-04-30,2010,4,0
GNB,2010-05-31,2010,5,0
GNB,2010-06-30,2010,6,0
GNB,2010-07-31,2010,7,0
GNB,2010-08-31,2010,8,0
GNB,2010-09-30,2010,9,0
GNB,2010-10-31,2010,10,0
GNB,2010-11-30,2010,11,0
GNB,2010-12-31,2010,12,0
GNB,2011-01-31,2011,1,0
GNB,2011-02-28,2011,2,0
GNB,2011-03-31,2011,3,0
GNB,2011-04-30,2011,4,0
GNB,2011-05-31,2011,5,0
GNB,2011-06-30,2011,6,0
GNB,2011-07-31,2011,7,0
GNB,2011-08-31,2011,8,0
GNB,2011-09-30,2011,9,0
GNB,2011-10-31,2011,10,0
GNB,2011-11-30,2011,11,0
GNB,2011-12-31,2011,12,0
GNB,2012-01-31,2012,1,0
GNB,2012-02-29,2012,2,0
GNB,2012-03-31,2012,3,0
GNB,2012-04-30,2012,4,0
GNB,2012-05-31,2012,5,0
GNB,2012-06-30,2012,6,0
GNB,2012-07-31,2012,7,0
GNB,2012-08-31,2012,8,0
GNB,2012-09-30,2012,9,0
GNB,2012-10-31,2012,10,0
GNB,2012-11-30,2012,11,0
GNB,2012-12-31,2012,12,0
GNB,2013-01-31,2013,1,0
GNB,2013-02-28,2013,2,0
GNB,2013-03-31,2013,3,0
GNB,2013-04-30,2013,4,0
GNB,2013-05-31,2013,5,0
GNB,2013-06-30,2013,6,0
GNB,2013-07-31,2013,7,0
GNB,2013-08-31,2013,8,0
GNB,2013-09-30,2013,9,0
GNB,2013-10-31,2013,10,0
GNB,2013-11-30,2013,11,0
GNB,2013-12-31,2013,12,0
GNB,2014-01-31,2014,1,0
GNB,2014-02-28,2014,2,0
GNB,2014-03-31,2014,3,0
GNB,2014-04-30,2014,4,0
GNB,2014-05-31,2014,5,0
GNB,2014-06-30,2014,6,0
GNB,2014-07-31,2014,7,0
GNB,2014-08-31,2014,8,0
GNB,2014-09-30,2014,9,0
GNB,2014-10-31,2014,10,0
GNB,2014-11-30,2014,11,0
GNB,2014-12-31,2014,12,0
GNB,2015-01-31,2015,1,0
GNB,2015-02-28,2015,2,0
GNB,2015-03-31,2015,3,0
GNB,2015-04-30,2015,4,0
GNB,2015-05-31,2015,5,0
GNB,2015-06-30,2015,6,0
GNB,2015-07-31,2015,7,0
GNB,2015-08-31,2015,8,0
GNB,2015-09-30,2015,9,0
GNB,2015-10-31,2015,10,0
GNB,2015-11-30,2015,11,0
GNB,2015-12-31,2015,12,0
GNB,2016-01-31,2016,1,0
GNB,2016-02-29,2016,2,0
GNB,2016-03-31,2016,3,0
GNB,2016-04-30,2016,4,0
GNB,2016-05-31,2016,5,0
GNB,2016-06-30,2016,6,0
GNB,2016-07-31,2016,7,0
GNB,2016-08-31,2016,8,0
GNB,2016-09-30,2016,9,0
GNB,2016-10-31,2016,10,0
GNB,2016-11-30,2016,11,0
GNB,2016-12-31,2016,12,0
GNQ,1990-01-31,1990,1,0
GNQ,1990-02-28,1990,2,0
GNQ,1990-03-31,1990,3,0
GNQ,1990-04-30,1990,4,0
GNQ,1990-05-31,1990,5,0
GNQ,1990-06-30,1990,6,0
GNQ,1990-07-31,1990,7,0
GNQ,1990-08-31,1990,8,0
GNQ,1990-09-30,1990,9,0
GNQ,1990-10-31,1990,10,0
GNQ,1990-11-30,1990,11,0
GNQ,1990-12-31,1990,12,0
GNQ,1991-01-31,1991,1,0
GNQ,1991-02-28,1991,2,0
GNQ,1991-03-31,1991,3,0
GNQ,1991-04-30,1991,4,0
GNQ,1991-05-31,1991,5,0
GNQ,1991-06-30,1991,6,0
GNQ,1991-07-31,1991,7,0
GNQ,1991-08-31,1991,8,0
GNQ,1991-09-30,1991,9,0
GNQ,1991-10-31,1991,10,0
GNQ,1991-11-30,1991,11,0
GNQ,1991-12-31,1991,12,0
GNQ,1992-01-31,1992,1,0
GNQ,1992-02-29,1992,2,0
GNQ,1992-03-31,1992,3,0
GNQ,1992-04-30,1992,4,0
GNQ,1992-05-31,1992,5,0
GNQ,1992-06-30,1992,6,0
GNQ,1992-07-31,1992,7,0
GNQ,1992-08-31,1992,8,0
GNQ,1992-09-30,1992,9,0
GNQ,1992-10-31,1992,10,0
GNQ,1992-11-30,1992,11,0
GNQ,1992-12-31,1992,12,0
GNQ,1993-01-31,1993,1,1
GNQ,1993-02-28,1993,2,1
GNQ,1993-03-31,1993,3,1
GNQ,1993-04-30,1993,4,1
GNQ,1993-05-31,1993,5,1
GNQ,1993-06-30,1993,6,1
GNQ,1993-07-31,1993,7,1
GNQ,1993-08-31,1993,8,1
GNQ,1993-09-30,1993,9,1
GNQ,1993-10-31,1993,10,1
GNQ,1993-11-30,1993,11,1
GNQ,1993-12-31,1993,12,1
GNQ,1994-01-31,1994,1,0
GNQ,1994-02-28,1994,2,0
GNQ,1994-03-31,1994,3,0
GNQ,1994-04-30,1994,4,0
GNQ,1994-05-31,1994,5,0
GNQ,1994-06-30,1994,6,0
GNQ,1994-07-31,1994,7,0
GNQ,1994-08-31,1994,8,0
GNQ,1994-09-30,1994,9,0
GNQ,1994-10-31,1994,10,0
GNQ,1994-11-30,1994,11,0
GNQ,1994-12-31,1994,12,0
GNQ,1995-01-31,1995,1,0
GNQ,1995-02-28,1995,2,0
GNQ,1995-03-31,1995,3,0
GNQ,1995-04-30,1995,4,0
GNQ,1995-05-31,1995,5,0
GNQ,1995-06-30,1995,6,0
GNQ,1995-07-31,1995,7,0
GNQ,1995-08-31,1995,8,0
GNQ,1995-09-30,1995,9,0
GNQ,1995-10-31,1995,10,0
GNQ,1995-11-30,1995,11,0
GNQ,1995-12-31,1995,12,0
GNQ,1996-01-31,1996,1,0
GNQ,1996-02-29,1996,2,0
GNQ,1996-03-31,1996,3,0
GNQ,1996-04-30,1996,4,0
GNQ,1996-05-31,1996,5,0
GNQ,1996-06-30,1996,6,0
GNQ,1996-07-31,1996,7,0
GNQ,1996-08-31,1996,8,0
GNQ,1996-09-30,1996,9,0
GNQ,1996-10-31,1996,10,0
GNQ,1996-11-30,1996,11,0
GNQ,1996-12-31,1996,12,0
GNQ,1997-01-31,1997,1,0
GNQ,1997-02-28,1997,2,0
GNQ,1997-03-31,1997,3,0
GNQ,1997-04-30,1997,4,0
GNQ,1997-05-31,1997,5,0
GNQ,1997-06-30,1997,6,0
GNQ,1997-07-31,1997,7,0
GNQ,1997-08-31,1997,8,0
GNQ,1997-09-30,1997,9,0
GNQ,1997-10-31,1997,10,0
GNQ,1997-11-30,1997,11,0
GNQ,1997-12-31,1997,12,0
GNQ,1998-01-31,1998,1,0
GNQ,1998-02-28,1998,2,0
GNQ,1998-03-31,1998,3,0
GNQ,1998-04-30,1998,4,0
GNQ,1998-05-31,1998,5,0
GNQ,1998-06-30,1998,6,0
GNQ,1998-07-31,1998,7,0
GNQ,1998-08-31,1998,8,0
GNQ,1998-09-30,1998,9,0
GNQ,1998-10-31,1998,10,0
GNQ,1998-11-30,1998,11,0
GNQ,1998-12-31,1998,12,0
GNQ,1999-01-31,1999,1,0
GNQ,1999-02-28,1999,2,0
GNQ,1999-03-31,1999,3,0
GNQ,1999-04-30,1999,4,0
GNQ,1999-05-31,1999,5,0
GNQ,1999-06-30,1999,6,0
GNQ,1999-07-31,1999,7,0
GNQ,1999-08-31,1999,8,0
GNQ,1999-09-30,1999,9,0
GNQ,1999-10-31,1999,10,0
GNQ,1999-11-30,1999,11,0
GNQ,1999-12-31,1999,12,0
GNQ,2000-01-31,2000,1,0
GNQ,2000-02-29,2000,2,0
GNQ,2000-03-31,2000,3,0
GNQ,2000-04-30,2000,4,0
GNQ,2000-05-31,2000,5,0
GNQ,2000-06-30,2000,6,0
GNQ,2000-07-31,2000,7,0
GNQ,2000-08-31,2000,8,0
GNQ,2000-09-30,2000,9,0
GNQ,2000-10-31,2000,10,0
GNQ,2000-11-30,2000,11,0
GNQ,2000-12-31,2000,12,0
GNQ,2001-01-31,2001,1,0
GNQ,2001-02-28,2001,2,0
GNQ,2001-03-31,2001,3,0
GNQ,2001-04-30,2001,4,0
GNQ,2001-05-31,2001,5,0
GNQ,2001-06-30,2001,6,0
GNQ,2001-07-31,2001,7,0
GNQ,2001-08-31,2001,8,0
GNQ,2001-09-30,2001,9,0
GNQ,2001-10-31,2001,10,0
GNQ,2001-11-30,2001,11,0
GNQ,2001-12-31,2001,12,0
GNQ,2002-01-31,2002,1,0
GNQ,2002-02-28,2002,2,0
GNQ,2002-03-31,2002,3,0
GNQ,2002-04-30,2002,4,0
GNQ,2002-05-31,2002,5,0
GNQ,2002-06-30,2002,6,0
GNQ,2002-07-31,2002,7,0
GNQ,2002-08-31,2002,8,0
GNQ,2002-09-30,2002,9,0
GNQ,2002-10-31,2002,10,0
GNQ,2002-11-30,2002,11,0
GNQ,2002-12-31,2002,12,0
GNQ,2003-01-31,2003,1,0
GNQ,2003-02-28,2003,2,0
GNQ,2003-03-31,2003,3,0
GNQ,2003-04-30,2003,4,0
GNQ,2003-05-31,2003,5,0
GNQ,2003-06-30,2003,6,0
GNQ,2003-07-31,2003,7,0
GNQ,2003-08-31,2003,8,0
GNQ,2003-09-30,2003,9,0
GNQ,2003-10-31,2003,10,0
GNQ,2003-11-30,2003,11,0
GNQ,2003-12-31,2003,12,0
GNQ,2004-01-31,2004,1,0
GNQ,2004-02-29,2004,2,0
GNQ,2004-03-31,2004,3,0
GNQ,2004-04-30,2004,4,0
GNQ,2004-05-31,2004,5,0
GNQ,2004-06-30,2004,6,0
GNQ,2004-07-31,2004,7,0
GNQ,2004-08-31,2004,8,0
GNQ,2004-09-30,2004,9,0
GNQ,2004-10-31,2004,10,0
GNQ,2004-11-30,2004,11,0
GNQ,2004-12-31,2004,12,0
GNQ,2005-01-31,2005,1,0
GNQ,2005-02-28,2005,2,0
GNQ,2005-03-31,2005,3,0
GNQ,2005-04-30,2005,4,0
GNQ,2005-05-31,2005,5,0
GNQ,2005-06-30,2005,6,0
GNQ,2005-07-31,2005,7,0
GNQ,2005-08-31,2005,8,0
GNQ,2005-09-30,2005,9,0
GNQ,2005-10-31,2005,10,0
GNQ,2005-11-30,2005,11,0
GNQ,2005-12-31,2005,12,0
GNQ,2006-01-31,2006,1,0
GNQ,2006-02-28,2006,2,0
GNQ,2006-03-31,2006,3,0
GNQ,2006-04-30,2006,4,0
GNQ,2006-05-31,2006,5,0
GNQ,2006-06-30,2006,6,0
GNQ,2006-07-31,2006,7,0
GNQ,2006-08-31,2006,8,0
GNQ,2006-09-30,2006,9,0
GNQ,2006-10-31,2006,10,0
GNQ,2006-11-30,2006,11,0
GNQ,2006-12-31,2006,12,0
GNQ,2007-01-31,2007,1,0
GNQ,2007-02-28,2007,2,0
GNQ,2007-03-31,2007,3,0
GNQ,2007-04-30,2007,4,0
GNQ,2007-05-31,2007,5,0
GNQ,2007-06-30,2007,6,0
GNQ,2007-07-31,2007,7,0
GNQ,2007-08-31,2007,8,0
GNQ,2007-09-30,2007,9,0
GNQ,2007-10-31,2007,10,0
GNQ,2007-11-30,2007,11,0
GNQ,2007-12-31,2007,12,0
GNQ,2008-01-31,2008,1,0
GNQ,2008-02-29,2008,2,0
GNQ,2008-03-31,2008,3,0
GNQ,2008-04-30,2008,4,0
GNQ,2008-05-31,2008,5,0
GNQ,2008-06-30,2008,6,0
GNQ,2008-07-31,2008,7,0
GNQ,2008-08-31,2008,8,0
GNQ,2008-09-30,2008,9,0
GNQ,2008-10-31,2008,10,0
GNQ,2008-11-30,2008,11,0
GNQ,2008-12-31,2008,12,0
GNQ,2009-01-31,2009,1,0
GNQ,2009-02-28,2009,2,0
GNQ,2009-03-31,2009,3,0
GNQ,2009-04-30,2009,4,0
GNQ,2009-05-31,2009,5,0
GNQ,2009-06-30,2009,6,0
GNQ,2009-07-31,2009,7,0
GNQ,2009-08-31,2009,8,0
GNQ,2009-09-30,2009,9,0
GNQ,2009-10-31,2009,10,0
GNQ,2009-11-30,2009,11,0
GNQ,2009-12-31,2009,12,0
GNQ,2010-01-31,2010,1,0
GNQ,2010-02-28,2010,2,0
GNQ,2010-03-31,2010,3,0
GNQ,2010-04-30,2010,4,0
GNQ,2010-05-31,2010,5,0
GNQ,2010-06-30,2010,6,0
GNQ,2010-07-31,2010,7,0
GNQ,2010-08-31,2010,8,0
GNQ,2010-09-30,2010,9,0
GNQ,2010-10-31,2010,10,0
GNQ,2010-11-30,2010,11,0
GNQ,2010-12-31,2010,12,0
GNQ,2011-01-31,2011,1,0
GNQ,2011-02-28,2011,2,0
GNQ,2011-03-31,2011,3,0
GNQ,2011-04-30,2011,4,0
GNQ,2011-05-31,2011,5,0
GNQ,2011-06-30,2011,6,0
GNQ,2011-07-31,2011,7,0
GNQ,2011-08-31,2011,8,0
GNQ,2011-09-30,2011,9,0
GNQ,2011-10-31,2011,10,0
GNQ,2011-11-30,2011,11,0
GNQ,2011-12-31,2011,12,0
GNQ,2012-01-31,2012,1,0
GNQ,2012-02-29,2012,2,0
GNQ,2012-03-31,2012,3,0
GNQ,2012-04-30,2012,4,0
GNQ,2012-05-31,2012,5,0
GNQ,2012-06-30,2012,6,0
GNQ,2012-07-31,2012,7,0
GNQ,2012-08-31,2012,8,0
GNQ,2012-09-30,2012,9,0
GNQ,2012-10-31,2012,10,0
GNQ,2012-11-30,2012,11,0
GNQ,2012-12-31,2012,12,0
GNQ,2013-01-31,2013,1,0
GNQ,2013-02-28,2013,2,0
GNQ,2013-03-31,2013,3,0
GNQ,2013-04-30,2013,4,0
GNQ,2013-05-31,2013,5,0
GNQ,2013-06-30,2013,6,0
GNQ,2013-07-31,2013,7,0
GNQ,2013-08-31,2013,8,0
GNQ,2013-09-30,2013,9,0
GNQ,2013-10-31,2013,10,0
GNQ,2013-11-30,2013,11,0
GNQ,2013-12-31,2013,12,0
GNQ,2014-01-31,2014,1,0
GNQ,2014-02-28,2014,2,0
GNQ,2014-03-31,2014,3,0
GNQ,2014-04-30,2014,4,0
GNQ,2014-05-31,2014,5,0
GNQ,2014-06-30,2014,6,0
GNQ,2014-07-31,2014,7,0
GNQ,2014-08-31,2014,8,0
GNQ,2014-09-30,2014,9,0
GNQ,2014-10-31,2014,10,0
GNQ,2014-11-30,2014,11,0
GNQ,2014-12-31,2014,12,0
GNQ,2015-01-31,2015,1,0
GNQ,2015-02-28,2015,2,0
GNQ,2015-03-31,2015,3,0
GNQ,2015-04-30,2015,4,0
GNQ,2015-05-31,2015,5,0
GNQ,2015-06-30,2015,6,0
GNQ,2015-07-31,2015,7,0
GNQ,2015-08-31,2015,8,0
GNQ,2015-09-30,2015,9,0
GNQ,2015-10-31,2015,10,0
GNQ,2015-11-30,2015,11,0
GNQ,2015-12-31,2015,12,0
GNQ,2016-01-31,2016,1,0
GNQ,2016-02-29,2016,2,0
GNQ,2016-03-31,2016,3,0
GNQ,2016-04-30,2016,4,0
GNQ,2016-05-31,2016,5,0
GNQ,2016-06-30,2016,6,0
GNQ,2016-07-31,2016,7,0
GNQ,2016-08-31,2016,8,0
GNQ,2016-09-30,2016,9,0
GNQ,2016-10-31,2016,10,0
GNQ,2016-11-30,2016,11,0
GNQ,2016-12-31,2016,12,0
GRC,1990-01-31,1990,1,0
GRC,1990-02-28,1990,2,0
GRC,1990-03-31,1990,3,0
GRC,1990-04-30,1990,4,0
GRC,1990-05-31,1990,5,0
GRC,1990-06-30,1990,6,0
GRC,1990-07-31,1990,7,0
GRC,1990-08-31,1990,8,0
GRC,1990-09-30,1990,9,0
GRC,1990-10-31,1990,10,0
GRC,1990-11-30,1990,11,0
GRC,1990-12-31,1990,12,0
GRC,1991-01-31,1991,1,0
GRC,1991-02-28,1991,2,0
GRC,1991-03-31,1991,3,0
GRC,1991-04-30,1991,4,0
GRC,1991-05-31,1991,5,0
GRC,1991-06-30,1991,6,0
GRC,1991-07-31,1991,7,0
GRC,1991-08-31,1991,8,0
GRC,1991-09-30,1991,9,0
GRC,1991-10-31,1991,10,0
GRC,1991-11-30,1991,11,0
GRC,1991-12-31,1991,12,0
GRC,1992-01-31,1992,1,0
GRC,1992-02-29,1992,2,0
GRC,1992-03-31,1992,3,0
GRC,1992-04-30,1992,4,0
GRC,1992-05-31,1992,5,0
GRC,1992-06-30,1992,6,0
GRC,1992-07-31,1992,7,0
GRC,1992-08-31,1992,8,0
GRC,1992-09-30,1992,9,0
GRC,1992-10-31,1992,10,0
GRC,1992-11-30,1992,11,0
GRC,1992-12-31,1992,12,0
GRC,1993-01-31,1993,1,0
GRC,1993-02-28,1993,2,0
GRC,1993-03-31,1993,3,0
GRC,1993-04-30,1993,4,0
GRC,1993-05-31,1993,5,0
GRC,1993-06-30,1993,6,0
GRC,1993-07-31,1993,7,0
GRC,1993-08-31,1993,8,0
GRC,1993-09-30,1993,9,0
GRC,1993-10-31,1993,10,0
GRC,1993-11-30,1993,11,0
GRC,1993-12-31,1993,12,0
GRC,1994-01-31,1994,1,0
GRC,1994-02-28,1994,2,0
GRC,1994-03-31,1994,3,0
GRC,1994-04-30,1994,4,0
GRC,1994-05-31,1994,5,0
GRC,1994-06-30,1994,6,0
GRC,1994-07-31,1994,7,0
GRC,1994-08-31,1994,8,0
GRC,1994-09-30,1994,9,0
GRC,1994-10-31,1994,10,0
GRC,1994-11-30,1994,11,0
GRC,1994-12-31,1994,12,0
GRC,1995-01-31,1995,1,0
GRC,1995-02-28,1995,2,0
GRC,1995-03-31,1995,3,0
GRC,1995-04-30,1995,4,0
GRC,1995-05-31,1995,5,0
GRC,1995-06-30,1995,6,0
GRC,1995-07-31,1995,7,0
GRC,1995-08-31,1995,8,0
GRC,1995-09-30,1995,9,0
GRC,1995-10-31,1995,10,0
GRC,1995-11-30,1995,11,0
GRC,1995-12-31,1995,12,0
GRC,1996-01-31,1996,1,0
GRC,1996-02-29,1996,2,0
GRC,1996-03-31,1996,3,0
GRC,1996-04-30,1996,4,0
GRC,1996-05-31,1996,5,0
GRC,1996-06-30,1996,6,0
GRC,1996-07-31,1996,7,0
GRC,1996-08-31,1996,8,0
GRC,1996-09-30,1996,9,0
GRC,1996-10-31,1996,10,0
GRC,1996-11-30,1996,11,0
GRC,1996-12-31,1996,12,0
GRC,1997-01-31,1997,1,0
GRC,1997-02-28,1997,2,0
GRC,1997-03-31,1997,3,0
GRC,1997-04-30,1997,4,0
GRC,1997-05-31,1997,5,0
GRC,1997-06-30,1997,6,0
GRC,1997-07-31,1997,7,0
GRC,1997-08-31,1997,8,0
GRC,1997-09-30,1997,9,0
GRC,1997-10-31,1997,10,0
GRC,1997-11-30,1997,11,0
GRC,1997-12-31,1997,12,0
GRC,1998-01-31,1998,1,0
GRC,1998-02-28,1998,2,0
GRC,1998-03-31,1998,3,0
GRC,1998-04-30,1998,4,0
GRC,1998-05-31,1998,5,0
GRC,1998-06-30,1998,6,0
GRC,1998-07-31,1998,7,0
GRC,1998-08-31,1998,8,0
GRC,1998-09-30,1998,9,0
GRC,1998-10-31,1998,10,0
GRC,1998-11-30,1998,11,0
GRC,1998-12-31,1998,12,0
GRC,1999-01-31,1999,1,0
GRC,1999-02-28,1999,2,0
GRC,1999-03-31,1999,3,0
GRC,1999-04-30,1999,4,0
GRC,1999-05-31,1999,5,0
GRC,1999-06-30,1999,6,0
GRC,1999-07-31,1999,7,0
GRC,1999-08-31,1999,8,0
GRC,1999-09-30,1999,9,0
GRC,1999-10-31,1999,10,0
GRC,1999-11-30,1999,11,0
GRC,1999-12-31,1999,12,0
GRC,2000-01-31,2000,1,0
GRC,2000-02-29,2000,2,0
GRC,2000-03-31,2000,3,0
GRC,2000-04-30,2000,4,0
GRC,2000-05-31,2000,5,0
GRC,2000-06-30,2000,6,0
GRC,2000-07-31,2000,7,0
GRC,2000-08-31,2000,8,0
GRC,2000-09-30,2000,9,0
GRC,2000-10-31,2000,10,0
GRC,2000-11-30,2000,11,0
GRC,2000-12-31,2000,12,0
GTM,1990-01-31,1990,1,0
GTM,1990-02-28,1990,2,0
GTM,1990-03-31,1990,3,0
GTM,1990-04-30,1990,4,0
GTM,1990-05-31,1990,5,0
GTM,1990-06-30,1990,6,0
GTM,1990-07-31,1990,7,0
GTM,1990-08-31,1990,8,0
GTM,1990-09-30,1990,9,0
GTM,1990-10-31,1990,10,0
GTM,1990-11-30,1990,11,0
GTM,1990-12-31,1990,12,0
GTM,1991-01-31,1991,1,0
GTM,1991-02-28,1991,2,0
GTM,1991-03-31,1991,3,0
GTM,1991-04-30,1991,4,0
GTM,1991-05-31,1991,5,0
GTM,1991-06-30,1991,6,0
GTM,1991-07-31,1991,7,0
GTM,1991-08-31,1991,8,0
GTM,1991-09-30,1991,9,0
GTM,1991-10-31,1991,10,0
GTM,1991-11-30,1991,11,0
GTM,1991-12-31,1991,12,0
GTM,1992-01-31,1992,1,0
GTM,1992-02-29,1992,2,0
GTM,1992-03-31,1992,3,0
GTM,1992-04-30,1992,4,0
GTM,1992-05-31,1992,5,0
GTM,1992-06-30,1992,6,0
GTM,1992-07-31,1992,7,0
GTM,1992-08-31,1992,8,0
GTM,1992-09-30,1992,9,0
GTM,1992-10-31,1992,10,0
GTM,1992-11-30,1992,11,0
GTM,1992-12-31,1992,12,0
GTM,1993-01-31,1993,1,0
GTM,1993-02-28,1993,2,0
GTM,1993-03-31,1993,3,0
GTM,1993-04-30,1993,4,0
GTM,1993-05-31,1993,5,0
GTM,1993-06-30,1993,6,0
GTM,1993-07-31,1993,7,0
GTM,1993-08-31,1993,8,0
GTM,1993-09-30,1993,9,0
GTM,1993-10-31,1993,10,0
GTM,1993-11-30,1993,11,0
GTM,1993-12-31,1993,12,0
GTM,1994-01-31,1994,1,0
GTM,1994-02-28,1994,2,0
GTM,1994-03-31,1994,3,0
GTM,1994-04-30,1994,4,0
GTM,1994-05-31,1994,5,0
GTM,1994-06-30,1994,6,0
GTM,1994-07-31,1994,7,0
GTM,1994-08-31,1994,8,0
GTM,1994-09-30,1994,9,0
GTM,1994-10-31,1994,10,0
GTM,1994-11-30,1994,11,0
GTM,1994-12-31,1994,12,0
GTM,1995-01-31,1995,1,0
GTM,1995-02-28,1995,2,0
GTM,1995-03-31,1995,3,0
GTM,1995-04-30,1995,4,0
GTM,1995-05-31,1995,5,0
GTM,1995-06-30,1995,6,0
GTM,1995-07-31,1995,7,0
GTM,1995-08-31,1995,8,0
GTM,1995-09-30,1995,9,0
GTM,1995-10-31,1995,10,0
GTM,1995-11-30,1995,11,0
GTM,1995-12-31,1995,12,0
GTM,1996-01-31,1996,1,0
GTM,1996-02-29,1996,2,0
GTM,1996-03-31,1996,3,0
GTM,1996-04-30,1996,4,0
GTM,1996-05-31,1996,5,0
GTM,1996-06-30,1996,6,0
GTM,1996-07-31,1996,7,0
GTM,1996-08-31,1996,8,0
GTM,1996-09-30,1996,9,0
GTM,1996-10-31,1996,10,0
GTM,1996-11-30,1996,11,0
GTM,1996-12-31,1996,12,0
GTM,1997-01-31,1997,1,0
GTM,1997-02-28,1997,2,0
GTM,1997-03-31,1997,3,0
GTM,1997-04-30,1997,4,0
GTM,1997-05-31,1997,5,0
GTM,1997-06-30,1997,6,0
GTM,1997-07-31,1997,7,0
GTM,1997-08-31,1997,8,0
GTM,1997-09-30,1997,9,0
GTM,1997-10-31,1997,10,0
GTM,1997-11-30,1997,11,0
GTM,1997-12-31,1997,12,0
GTM,1998-01-31,1998,1,0
GTM,1998-02-28,1998,2,0
GTM,1998-03-31,1998,3,0
GTM,1998-04-30,1998,4,0
GTM,1998-05-31,1998,5,0
GTM,1998-06-30,1998,6,0
GTM,1998-07-31,1998,7,0
GTM,1998-08-31,1998,8,0
GTM,1998-09-30,1998,9,0
GTM,1998-10-31,1998,10,0
GTM,1998-11-30,1998,11,0
GTM,1998-12-31,1998,12,0
GTM,1999-01-31,1999,1,0
GTM,1999-02-28,1999,2,0
GTM,1999-03-31,1999,3,0
GTM,1999-04-30,1999,4,0
GTM,1999-05-31,1999,5,0
GTM,1999-06-30,1999,6,0
GTM,1999-07-31,1999,7,0
GTM,1999-08-31,1999,8,0
GTM,1999-09-30,1999,9,0
GTM,1999-10-31,1999,10,0
GTM,1999-11-30,1999,11,0
GTM,1999-12-31,1999,12,0
GTM,2000-01-31,2000,1,0
GTM,2000-02-29,2000,2,0
GTM,2000-03-31,2000,3,0
GTM,2000-04-30,2000,4,0
GTM,2000-05-31,2000,5,0
GTM,2000-06-30,2000,6,0
GTM,2000-07-31,2000,7,0
GTM,2000-08-31,2000,8,0
GTM,2000-09-30,2000,9,0
GTM,2000-10-31,2000,10,0
GTM,2000-11-30,2000,11,0
GTM,2000-12-31,2000,12,0
GTM,2001-01-31,2001,1,0
GTM,2001-02-28,2001,2,0
GTM,2001-03-31,2001,3,0
GTM,2001-04-30,2001,4,0
GTM,2001-05-31,2001,5,0
GTM,2001-06-30,2001,6,0
GTM,2001-07-31,2001,7,0
GTM,2001-08-31,2001,8,0
GTM,2001-09-30,2001,9,0
GTM,2001-10-31,2001,10,0
GTM,2001-11-30,2001,11,0
GTM,2001-12-31,2001,12,0
GTM,2002-01-31,2002,1,0
GTM,2002-02-28,2002,2,0
GTM,2002-03-31,2002,3,0
GTM,2002-04-30,2002,4,0
GTM,2002-05-31,2002,5,0
GTM,2002-06-30,2002,6,0
GTM,2002-07-31,2002,7,0
GTM,2002-08-31,2002,8,0
GTM,2002-09-30,2002,9,0
GTM,2002-10-31,2002,10,0
GTM,2002-11-30,2002,11,0
GTM,2002-12-31,2002,12,0
GTM,2003-01-31,2003,1,0
GTM,2003-02-28,2003,2,0
GTM,2003-03-31,2003,3,0
GTM,2003-04-30,2003,4,0
GTM,2003-05-31,2003,5,0
GTM,2003-06-30,2003,6,0
GTM,2003-07-31,2003,7,0
GTM,2003-08-31,2003,8,0
GTM,2003-09-30,2003,9,0
GTM,2003-10-31,2003,10,0
GTM,2003-11-30,2003,11,0
GTM,2003-12-31,2003,12,0
GTM,2004-01-31,2004,1,0
GTM,2004-02-29,2004,2,0
GTM,2004-03-31,2004,3,0
GTM,2004-04-30,2004,4,0
GTM,2004-05-31,2004,5,0
GTM,2004-06-30,2004,6,0
GTM,2004-07-31,2004,7,0
GTM,2004-08-31,2004,8,0
GTM,2004-09-30,2004,9,0
GTM,2004-10-31,2004,10,0
GTM,2004-11-30,2004,11,0
GTM,2004-12-31,2004,12,0
GTM,2005-01-31,2005,1,0
GTM,2005-02-28,2005,2,0
GTM,2005-03-31,2005,3,0
GTM,2005-04-30,2005,4,0
GTM,2005-05-31,2005,5,0
GTM,2005-06-30,2005,6,0
GTM,2005-07-31,2005,7,0
GTM,2005-08-31,2005,8,0
GTM,2005-09-30,2005,9,0
GTM,2005-10-31,2005,10,0
GTM,2005-11-30,2005,11,0
GTM,2005-12-31,2005,12,0
GTM,2006-01-31,2006,1,0
GTM,2006-02-28,2006,2,0
GTM,2006-03-31,2006,3,0
GTM,2006-04-30,2006,4,0
GTM,2006-05-31,2006,5,0
GTM,2006-06-30,2006,6,0
GTM,2006-07-31,2006,7,0
GTM,2006-08-31,2006,8,0
GTM,2006-09-30,2006,9,0
GTM,2006-10-31,2006,10,0
GTM,2006-11-30,2006,11,0
GTM,2006-12-31,2006,12,0
GTM,2007-01-31,2007,1,0
GTM,2007-02-28,2007,2,0
GTM,2007-03-31,2007,3,0
GTM,2007-04-30,2007,4,0
GTM,2007-05-31,2007,5,0
GTM,2007-06-30,2007,6,0
GTM,2007-07-31,2007,7,0
GTM,2007-08-31,2007,8,0
GTM,2007-09-30,2007,9,0
GTM,2007-10-31,2007,10,0
GTM,2007-11-30,2007,11,0
GTM,2007-12-31,2007,12,0
GTM,2008-01-31,2008,1,0
GTM,2008-02-29,2008,2,0
GTM,2008-03-31,2008,3,0
GTM,2008-04-30,2008,4,0
GTM,2008-05-31,2008,5,0
GTM,2008-06-30,2008,6,0
GTM,2008-07-31,2008,7,0
GTM,2008-08-31,2008,8,0
GTM,2008-09-30,2008,9,0
GTM,2008-10-31,2008,10,0
GTM,2008-11-30,2008,11,0
GTM,2008-12-31,2008,12,0
GTM,2009-01-31,2009,1,0
GTM,2009-02-28,2009,2,0
GTM,2009-03-31,2009,3,0
GTM,2009-04-30,2009,4,0
GTM,2009-05-31,2009,5,0
GTM,2009-06-30,2009,6,0
GTM,2009-07-31,2009,7,0
GTM,2009-08-31,2009,8,0
GTM,2009-09-30,2009,9,0
GTM,2009-10-31,2009,10,0
GTM,2009-11-30,2009,11,0
GTM,2009-12-31,2009,12,0
GTM,2010-01-31,2010,1,0
GTM,2010-02-28,2010,2,0
GTM,2010-03-31,2010,3,0
GTM,2010-04-30,2010,4,0
GTM,2010-05-31,2010,5,0
GTM,2010-06-30,2010,6,0
GTM,2010-07-31,2010,7,0
GTM,2010-08-31,2010,8,0
GTM,2010-09-30,2010,9,0
GTM,2010-10-31,2010,10,0
GTM,2010-11-30,2010,11,0
GTM,2010-12-31,2010,12,0
GTM,2011-01-31,2011,1,0
GTM,2011-02-28,2011,2,0
GTM,2011-03-31,2011,3,0
GTM,2011-04-30,2011,4,0
GTM,2011-05-31,2011,5,0
GTM,2011-06-30,2011,6,0
GTM,2011-07-31,2011,7,0
GTM,2011-08-31,2011,8,0
GTM,2011-09-30,2011,9,0
GTM,2011-10-31,2011,10,0
GTM,2011-11-30,2011,11,0
GTM,2011-12-31,2011,12,0
GTM,2012-01-31,2012,1,0
GTM,2012-02-29,2012,2,0
GTM,2012-03-31,2012,3,0
GTM,2012-04-30,2012,4,0
GTM,2012-05-31,2012,5,0
GTM,2012-06-30,2012,6,0
GTM,2012-07-31,2012,7,0
GTM,2012-08-31,2012,8,0
GTM,2012-09-30,2012,9,0
GTM,2012-10-31,2012,10,0
GTM,2012-11-30,2012,11,0
GTM,2012-12-31,2012,12,0
GTM,2013-01-31,2013,1,0
GTM,2013-02-28,2013,2,0
GTM,2013-03-31,2013,3,0
GTM,2013-04-30,2013,4,0
GTM,2013-05-31,2013,5,0
GTM,2013-06-30,2013,6,0
GTM,2013-07-31,2013,7,0
GTM,2013-08-31,2013,8,0
GTM,2013-09-30,2013,9,0
GTM,2013-10-31,2013,10,0
GTM,2013-11-30,2013,11,0
GTM,2013-12-31,2013,12,0
GTM,2014-01-31,2014,1,0
GTM,2014-02-28,2014,2,0
GTM,2014-03-31,2014,3,0
GTM,2014-04-30,2014,4,0
GTM,2014-05-31,2014,5,0
GTM,2014-06-30,2014,6,0
GTM,2014-07-31,2014,7,0
GTM,2014-08-31,2014,8,0
GTM,2014-09-30,2014,9,0
GTM,2014-10-31,2014,10,0
GTM,2014-11-30,2014,11,0
GTM,2014-12-31,2014,12,0
GTM,2015-01-31,2015,1,0
GTM,2015-02-28,2015,2,0
GTM,2015-03-31,2015,3,0
GTM,2015-04-30,2015,4,0
GTM,2015-05-31,2015,5,0
GTM,2015-06-30,2015,6,0
GTM,2015-07-31,2015,7,0
GTM,2015-08-31,2015,8,0
GTM,2015-09-30,2015,9,0
GTM,2015-10-31,2015,10,0
GTM,2015-11-30,2015,11,0
GTM,2015-12-31,2015,12,0
GTM,2016-01-31,2016,1,0
GTM,2016-02-29,2016,2,0
GTM,2016-03-31,2016,3,0
GTM,2016-04-30,2016,4,0
GTM,2016-05-31,2016,5,0
GTM,2016-06-30,2016,6,0
GTM,2016-07-31,2016,7,0
GTM,2016-08-31,2016,8,0
GTM,2016-09-30,2016,9,0
GTM,2016-10-31,2016,10,0
GTM,2016-11-30,2016,11,0
GTM,2016-12-31,2016,12,0
GUY,1990-01-31,1990,1,0
GUY,1990-02-28,1990,2,0
GUY,1990-03-31,1990,3,0
GUY,1990-04-30,1990,4,0
GUY,1990-05-31,1990,5,0
GUY,1990-06-30,1990,6,0
GUY,1990-07-31,1990,7,0
GUY,1990-08-31,1990,8,0
GUY,1990-09-30,1990,9,0
GUY,1990-10-31,1990,10,0
GUY,1990-11-30,1990,11,0
GUY,1990-12-31,1990,12,0
GUY,1991-01-31,1991,1,0
GUY,1991-02-28,1991,2,0
GUY,1991-03-31,1991,3,0
GUY,1991-04-30,1991,4,0
GUY,1991-05-31,1991,5,0
GUY,1991-06-30,1991,6,0
GUY,1991-07-31,1991,7,0
GUY,1991-08-31,1991,8,0
GUY,1991-09-30,1991,9,0
GUY,1991-10-31,1991,10,0
GUY,1991-11-30,1991,11,0
GUY,1991-12-31,1991,12,0
GUY,1992-01-31,1992,1,0
GUY,1992-02-29,1992,2,0
GUY,1992-03-31,1992,3,0
GUY,1992-04-30,1992,4,0
GUY,1992-05-31,1992,5,0
GUY,1992-06-30,1992,6,0
GUY,1992-07-31,1992,7,0
GUY,1992-08-31,1992,8,0
GUY,1992-09-30,1992,9,0
GUY,1992-10-31,1992,10,0
GUY,1992-11-30,1992,11,0
GUY,1992-12-31,1992,12,0
GUY,1993-01-31,1993,1,0
GUY,1993-02-28,1993,2,0
GUY,1993-03-31,1993,3,0
GUY,1993-04-30,1993,4,0
GUY,1993-05-31,1993,5,0
GUY,1993-06-30,1993,6,0
GUY,1993-07-31,1993,7,0
GUY,1993-08-31,1993,8,0
GUY,1993-09-30,1993,9,0
GUY,1993-10-31,1993,10,0
GUY,1993-11-30,1993,11,0
GUY,1993-12-31,1993,12,0
GUY,1994-01-31,1994,1,0
GUY,1994-02-28,1994,2,0
GUY,1994-03-31,1994,3,0
GUY,1994-04-30,1994,4,0
GUY,1994-05-31,1994,5,0
GUY,1994-06-30,1994,6,0
GUY,1994-07-31,1994,7,0
GUY,1994-08-31,1994,8,0
GUY,1994-09-30,1994,9,0
GUY,1994-10-31,1994,10,0
GUY,1994-11-30,1994,11,0
GUY,1994-12-31,1994,12,0
GUY,1995-01-31,1995,1,0
GUY,1995-02-28,1995,2,0
GUY,1995-03-31,1995,3,0
GUY,1995-04-30,1995,4,0
GUY,1995-05-31,1995,5,0
GUY,1995-06-30,1995,6,0
GUY,1995-07-31,1995,7,0
GUY,1995-08-31,1995,8,0
GUY,1995-09-30,1995,9,0
GUY,1995-10-31,1995,10,0
GUY,1995-11-30,1995,11,0
GUY,1995-12-31,1995,12,0
GUY,1996-01-31,1996,1,0
GUY,1996-02-29,1996,2,0
GUY,1996-03-31,1996,3,0
GUY,1996-04-30,1996,4,0
GUY,1996-05-31,1996,5,0
GUY,1996-06-30,1996,6,0
GUY,1996-07-31,1996,7,0
GUY,1996-08-31,1996,8,0
GUY,1996-09-30,1996,9,0
GUY,1996-10-31,1996,10,0
GUY,1996-11-30,1996,11,0
GUY,1996-12-31,1996,12,0
GUY,1997-01-31,1997,1,0
GUY,1997-02-28,1997,2,0
GUY,1997-03-31,1997,3,0
GUY,1997-04-30,1997,4,0
GUY,1997-05-31,1997,5,0
GUY,1997-06-30,1997,6,0
GUY,1997-07-31,1997,7,0
GUY,1997-08-31,1997,8,0
GUY,1997-09-30,1997,9,0
GUY,1997-10-31,1997,10,0
GUY,1997-11-30,1997,11,0
GUY,1997-12-31,1997,12,0
GUY,1998-01-31,1998,1,0
GUY,1998-02-28,1998,2,0
GUY,1998-03-31,1998,3,0
GUY,1998-04-30,1998,4,0
GUY,1998-05-31,1998,5,0
GUY,1998-06-30,1998,6,0
GUY,1998-07-31,1998,7,0
GUY,1998-08-31,1998,8,0
GUY,1998-09-30,1998,9,0
GUY,1998-10-31,1998,10,0
GUY,1998-11-30,1998,11,0
GUY,1998-12-31,1998,12,0
GUY,1999-01-31,1999,1,0
GUY,1999-02-28,1999,2,0
GUY,1999-03-31,1999,3,0
GUY,1999-04-30,1999,4,0
GUY,1999-05-31,1999,5,0
GUY,1999-06-30,1999,6,0
GUY,1999-07-31,1999,7,0
GUY,1999-08-31,1999,8,0
GUY,1999-09-30,1999,9,0
GUY,1999-10-31,1999,10,0
GUY,1999-11-30,1999,11,0
GUY,1999-12-31,1999,12,0
GUY,2000-01-31,2000,1,0
GUY,2000-02-29,2000,2,0
GUY,2000-03-31,2000,3,0
GUY,2000-04-30,2000,4,0
GUY,2000-05-31,2000,5,0
GUY,2000-06-30,2000,6,0
GUY,2000-07-31,2000,7,0
GUY,2000-08-31,2000,8,0
GUY,2000-09-30,2000,9,0
GUY,2000-10-31,2000,10,0
GUY,2000-11-30,2000,11,0
GUY,2000-12-31,2000,12,0
GUY,2001-01-31,2001,1,0
GUY,2001-02-28,2001,2,0
GUY,2001-03-31,2001,3,0
GUY,2001-04-30,2001,4,0
GUY,2001-05-31,2001,5,0
GUY,2001-06-30,2001,6,0
GUY,2001-07-31,2001,7,0
GUY,2001-08-31,2001,8,0
GUY,2001-09-30,2001,9,0
GUY,2001-10-31,2001,10,0
GUY,2001-11-30,2001,11,0
GUY,2001-12-31,2001,12,0
GUY,2002-01-31,2002,1,0
GUY,2002-02-28,2002,2,0
GUY,2002-03-31,2002,3,0
GUY,2002-04-30,2002,4,0
GUY,2002-05-31,2002,5,0
GUY,2002-06-30,2002,6,0
GUY,2002-07-31,2002,7,0
GUY,2002-08-31,2002,8,0
GUY,2002-09-30,2002,9,0
GUY,2002-10-31,2002,10,0
GUY,2002-11-30,2002,11,0
GUY,2002-12-31,2002,12,0
GUY,2003-01-31,2003,1,0
GUY,2003-02-28,2003,2,0
GUY,2003-03-31,2003,3,0
GUY,2003-04-30,2003,4,0
GUY,2003-05-31,2003,5,0
GUY,2003-06-30,2003,6,0
GUY,2003-07-31,2003,7,0
GUY,2003-08-31,2003,8,0
GUY,2003-09-30,2003,9,0
GUY,2003-10-31,2003,10,0
GUY,2003-11-30,2003,11,0
GUY,2003-12-31,2003,12,0
GUY,2004-01-31,2004,1,0
GUY,2004-02-29,2004,2,0
GUY,2004-03-31,2004,3,0
GUY,2004-04-30,2004,4,0
GUY,2004-05-31,2004,5,0
GUY,2004-06-30,2004,6,0
GUY,2004-07-31,2004,7,0
GUY,2004-08-31,2004,8,0
GUY,2004-09-30,2004,9,0
GUY,2004-10-31,2004,10,0
GUY,2004-11-30,2004,11,0
GUY,2004-12-31,2004,12,0
GUY,2005-01-31,2005,1,0
GUY,2005-02-28,2005,2,0
GUY,2005-03-31,2005,3,0
GUY,2005-04-30,2005,4,0
GUY,2005-05-31,2005,5,0
GUY,2005-06-30,2005,6,0
GUY,2005-07-31,2005,7,0
GUY,2005-08-31,2005,8,0
GUY,2005-09-30,2005,9,0
GUY,2005-10-31,2005,10,0
GUY,2005-11-30,2005,11,0
GUY,2005-12-31,2005,12,0
GUY,2006-01-31,2006,1,0
GUY,2006-02-28,2006,2,0
GUY,2006-03-31,2006,3,0
GUY,2006-04-30,2006,4,0
GUY,2006-05-31,2006,5,0
GUY,2006-06-30,2006,6,0
GUY,2006-07-31,2006,7,0
GUY,2006-08-31,2006,8,0
GUY,2006-09-30,2006,9,0
GUY,2006-10-31,2006,10,0
GUY,2006-11-30,2006,11,0
GUY,2006-12-31,2006,12,0
GUY,2007-01-31,2007,1,0
GUY,2007-02-28,2007,2,0
GUY,2007-03-31,2007,3,0
GUY,2007-04-30,2007,4,0
GUY,2007-05-31,2007,5,0
GUY,2007-06-30,2007,6,0
GUY,2007-07-31,2007,7,0
GUY,2007-08-31,2007,8,0
GUY,2007-09-30,2007,9,0
GUY,2007-10-31,2007,10,0
GUY,2007-11-30,2007,11,0
GUY,2007-12-31,2007,12,0
GUY,2008-01-31,2008,1,0
GUY,2008-02-29,2008,2,0
GUY,2008-03-31,2008,3,0
GUY,2008-04-30,2008,4,0
GUY,2008-05-31,2008,5,0
GUY,2008-06-30,2008,6,0
GUY,2008-07-31,2008,7,0
GUY,2008-08-31,2008,8,0
GUY,2008-09-30,2008,9,0
GUY,2008-10-31,2008,10,0
GUY,2008-11-30,2008,11,0
GUY,2008-12-31,2008,12,0
GUY,2009-01-31,2009,1,0
GUY,2009-02-28,2009,2,0
GUY,2009-03-31,2009,3,0
GUY,2009-04-30,2009,4,0
GUY,2009-05-31,2009,5,0
GUY,2009-06-30,2009,6,0
GUY,2009-07-31,2009,7,0
GUY,2009-08-31,2009,8,0
GUY,2009-09-30,2009,9,0
GUY,2009-10-31,2009,10,0
GUY,2009-11-30,2009,11,0
GUY,2009-12-31,2009,12,0
GUY,2010-01-31,2010,1,0
GUY,2010-02-28,2010,2,0
GUY,2010-03-31,2010,3,0
GUY,2010-04-30,2010,4,0
GUY,2010-05-31,2010,5,0
GUY,2010-06-30,2010,6,0
GUY,2010-07-31,2010,7,0
GUY,2010-08-31,2010,8,0
GUY,2010-09-30,2010,9,0
GUY,2010-10-31,2010,10,0
GUY,2010-11-30,2010,11,0
GUY,2010-12-31,2010,12,0
GUY,2011-01-31,2011,1,0
GUY,2011-02-28,2011,2,0
GUY,2011-03-31,2011,3,0
GUY,2011-04-30,2011,4,0
GUY,2011-05-31,2011,5,0
GUY,2011-06-30,2011,6,0
GUY,2011-07-31,2011,7,0
GUY,2011-08-31,2011,8,0
GUY,2011-09-30,2011,9,0
GUY,2011-10-31,2011,10,0
GUY,2011-11-30,2011,11,0
GUY,2011-12-31,2011,12,0
GUY,2012-01-31,2012,1,0
GUY,2012-02-29,2012,2,0
GUY,2012-03-31,2012,3,0
GUY,2012-04-30,2012,4,0
GUY,2012-05-31,2012,5,0
GUY,2012-06-30,2012,6,0
GUY,2012-07-31,2012,7,0
GUY,2012-08-31,2012,8,0
GUY,2012-09-30,2012,9,0
GUY,2012-10-31,2012,10,0
GUY,2012-11-30,2012,11,0
GUY,2012-12-31,2012,12,0
GUY,2013-01-31,2013,1,0
GUY,2013-02-28,2013,2,0
GUY,2013-03-31,2013,3,0
GUY,2013-04-30,2013,4,0
GUY,2013-05-31,2013,5,0
GUY,2013-06-30,2013,6,0
GUY,2013-07-31,2013,7,0
GUY,2013-08-31,2013,8,0
GUY,2013-09-30,2013,9,0
GUY,2013-10-31,2013,10,0
GUY,2013-11-30,2013,11,0
GUY,2013-12-31,2013,12,0
GUY,2014-01-31,2014,1,0
GUY,2014-02-28,2014,2,0
GUY,2014-03-31,2014,3,0
GUY,2014-04-30,2014,4,0
GUY,2014-05-31,2014,5,0
GUY,2014-06-30,2014,6,0
GUY,2014-07-31,2014,7,0
GUY,2014-08-31,2014,8,0
GUY,2014-09-30,2014,9,0
GUY,2014-10-31,2014,10,0
GUY,2014-11-30,2014,11,0
GUY,2014-12-31,2014,12,0
GUY,2015-01-31,2015,1,0
GUY,2015-02-28,2015,2,0
GUY,2015-03-31,2015,3,0
GUY,2015-04-30,2015,4,0
GUY,2015-05-31,2015,5,0
GUY,2015-06-30,2015,6,0
GUY,2015-07-31,2015,7,0
GUY,2015-08-31,2015,8,0
GUY,2015-09-30,2015,9,0
GUY,2015-10-31,2015,10,0
GUY,2015-11-30,2015,11,0
GUY,2015-12-31,2015,12,0
GUY,2016-01-31,2016,1,0
GUY,2016-02-29,2016,2,0
GUY,2016-03-31,2016,3,0
GUY,2016-04-30,2016,4,0
GUY,2016-05-31,2016,5,0
GUY,2016-06-30,2016,6,0
GUY,2016-07-31,2016,7,0
GUY,2016-08-31,2016,8,0
GUY,2016-09-30,2016,9,0
GUY,2016-10-31,2016,10,0
GUY,2016-11-30,2016,11,0
GUY,2016-12-31,2016,12,0
HND,1990-01-31,1990,1,0
HND,1990-02-28,1990,2,0
HND,1990-03-31,1990,3,0
HND,1990-04-30,1990,4,0
HND,1990-05-31,1990,5,0
HND,1990-06-30,1990,6,0
HND,1990-07-31,1990,7,0
HND,1990-08-31,1990,8,0
HND,1990-09-30,1990,9,0
HND,1990-10-31,1990,10,0
HND,1990-11-30,1990,11,0
HND,1990-12-31,1990,12,0
HND,1991-01-31,1991,1,0
HND,1991-02-28,1991,2,0
HND,1991-03-31,1991,3,0
HND,1991-04-30,1991,4,0
HND,1991-05-31,1991,5,0
HND,1991-06-30,1991,6,0
HND,1991-07-31,1991,7,0
HND,1991-08-31,1991,8,0
HND,1991-09-30,1991,9,0
HND,1991-10-31,1991,10,0
HND,1991-11-30,1991,11,0
HND,1991-12-31,1991,12,0
HND,1992-01-31,1992,1,0
HND,1992-02-29,1992,2,0
HND,1992-03-31,1992,3,0
HND,1992-04-30,1992,4,0
HND,1992-05-31,1992,5,0
HND,1992-06-30,1992,6,0
HND,1992-07-31,1992,7,0
HND,1992-08-31,1992,8,0
HND,1992-09-30,1992,9,0
HND,1992-10-31,1992,10,0
HND,1992-11-30,1992,11,0
HND,1992-12-31,1992,12,0
HND,1993-01-31,1993,1,0
HND,1993-02-28,1993,2,0
HND,1993-03-31,1993,3,0
HND,1993-04-30,1993,4,0
HND,1993-05-31,1993,5,0
HND,1993-06-30,1993,6,0
HND,1993-07-31,1993,7,0
HND,1993-08-31,1993,8,0
HND,1993-09-30,1993,9,0
HND,1993-10-31,1993,10,0
HND,1993-11-30,1993,11,0
HND,1993-12-31,1993,12,0
HND,1994-01-31,1994,1,0
HND,1994-02-28,1994,2,0
HND,1994-03-31,1994,3,0
HND,1994-04-30,1994,4,0
HND,1994-05-31,1994,5,0
HND,1994-06-30,1994,6,0
HND,1994-07-31,1994,7,0
HND,1994-08-31,1994,8,0
HND,1994-09-30,1994,9,0
HND,1994-10-31,1994,10,0
HND,1994-11-30,1994,11,0
HND,1994-12-31,1994,12,0
HND,1995-01-31,1995,1,0
HND,1995-02-28,1995,2,0
HND,1995-03-31,1995,3,0
HND,1995-04-30,1995,4,0
HND,1995-05-31,1995,5,0
HND,1995-06-30,1995,6,0
HND,1995-07-31,1995,7,0
HND,1995-08-31,1995,8,0
HND,1995-09-30,1995,9,0
HND,1995-10-31,1995,10,0
HND,1995-11-30,1995,11,0
HND,1995-12-31,1995,12,0
HND,1996-01-31,1996,1,0
HND,1996-02-29,1996,2,0
HND,1996-03-31,1996,3,0
HND,1996-04-30,1996,4,0
HND,1996-05-31,1996,5,0
HND,1996-06-30,1996,6,0
HND,1996-07-31,1996,7,0
HND,1996-08-31,1996,8,0
HND,1996-09-30,1996,9,0
HND,1996-10-31,1996,10,0
HND,1996-11-30,1996,11,0
HND,1996-12-31,1996,12,0
HND,1997-01-31,1997,1,0
HND,1997-02-28,1997,2,0
HND,1997-03-31,1997,3,0
HND,1997-04-30,1997,4,0
HND,1997-05-31,1997,5,0
HND,1997-06-30,1997,6,0
HND,1997-07-31,1997,7,0
HND,1997-08-31,1997,8,0
HND,1997-09-30,1997,9,0
HND,1997-10-31,1997,10,0
HND,1997-11-30,1997,11,0
HND,1997-12-31,1997,12,0
HND,1998-01-31,1998,1,0
HND,1998-02-28,1998,2,0
HND,1998-03-31,1998,3,0
HND,1998-04-30,1998,4,0
HND,1998-05-31,1998,5,0
HND,1998-06-30,1998,6,0
HND,1998-07-31,1998,7,0
HND,1998-08-31,1998,8,0
HND,1998-09-30,1998,9,0
HND,1998-10-31,1998,10,0
HND,1998-11-30,1998,11,0
HND,1998-12-31,1998,12,0
HND,1999-01-31,1999,1,0
HND,1999-02-28,1999,2,0
HND,1999-03-31,1999,3,0
HND,1999-04-30,1999,4,0
HND,1999-05-31,1999,5,0
HND,1999-06-30,1999,6,0
HND,1999-07-31,1999,7,0
HND,1999-08-31,1999,8,0
HND,1999-09-30,1999,9,0
HND,1999-10-31,1999,10,0
HND,1999-11-30,1999,11,0
HND,1999-12-31,1999,12,0
HND,2000-01-31,2000,1,0
HND,2000-02-29,2000,2,0
HND,2000-03-31,2000,3,0
HND,2000-04-30,2000,4,0
HND,2000-05-31,2000,5,0
HND,2000-06-30,2000,6,0
HND,2000-07-31,2000,7,0
HND,2000-08-31,2000,8,0
HND,2000-09-30,2000,9,0
HND,2000-10-31,2000,10,0
HND,2000-11-30,2000,11,0
HND,2000-12-31,2000,12,0
HND,2001-01-31,2001,1,0
HND,2001-02-28,2001,2,0
HND,2001-03-31,2001,3,0
HND,2001-04-30,2001,4,0
HND,2001-05-31,2001,5,0
HND,2001-06-30,2001,6,0
HND,2001-07-31,2001,7,0
HND,2001-08-31,2001,8,0
HND,2001-09-30,2001,9,0
HND,2001-10-31,2001,10,0
HND,2001-11-30,2001,11,0
HND,2001-12-31,2001,12,0
HND,2002-01-31,2002,1,0
HND,2002-02-28,2002,2,0
HND,2002-03-31,2002,3,0
HND,2002-04-30,2002,4,0
HND,2002-05-31,2002,5,0
HND,2002-06-30,2002,6,0
HND,2002-07-31,2002,7,0
HND,2002-08-31,2002,8,0
HND,2002-09-30,2002,9,0
HND,2002-10-31,2002,10,0
HND,2002-11-30,2002,11,0
HND,2002-12-31,2002,12,0
HND,2003-01-31,2003,1,0
HND,2003-02-28,2003,2,0
HND,2003-03-31,2003,3,0
HND,2003-04-30,2003,4,0
HND,2003-05-31,2003,5,0
HND,2003-06-30,2003,6,0
HND,2003-07-31,2003,7,0
HND,2003-08-31,2003,8,0
HND,2003-09-30,2003,9,0
HND,2003-10-31,2003,10,0
HND,2003-11-30,2003,11,0
HND,2003-12-31,2003,12,0
HND,2004-01-31,2004,1,0
HND,2004-02-29,2004,2,0
HND,2004-03-31,2004,3,0
HND,2004-04-30,2004,4,0
HND,2004-05-31,2004,5,0
HND,2004-06-30,2004,6,0
HND,2004-07-31,2004,7,0
HND,2004-08-31,2004,8,0
HND,2004-09-30,2004,9,0
HND,2004-10-31,2004,10,0
HND,2004-11-30,2004,11,0
HND,2004-12-31,2004,12,0
HND,2005-01-31,2005,1,0
HND,2005-02-28,2005,2,0
HND,2005-03-31,2005,3,0
HND,2005-04-30,2005,4,0
HND,2005-05-31,2005,5,0
HND,2005-06-30,2005,6,0
HND,2005-07-31,2005,7,0
HND,2005-08-31,2005,8,0
HND,2005-09-30,2005,9,0
HND,2005-10-31,2005,10,0
HND,2005-11-30,2005,11,0
HND,2005-12-31,2005,12,0
HND,2006-01-31,2006,1,0
HND,2006-02-28,2006,2,0
HND,2006-03-31,2006,3,0
HND,2006-04-30,2006,4,0
HND,2006-05-31,2006,5,0
HND,2006-06-30,2006,6,0
HND,2006-07-31,2006,7,0
HND,2006-08-31,2006,8,0
HND,2006-09-30,2006,9,0
HND,2006-10-31,2006,10,0
HND,2006-11-30,2006,11,0
HND,2006-12-31,2006,12,0
HND,2007-01-31,2007,1,0
HND,2007-02-28,2007,2,0
HND,2007-03-31,2007,3,0
HND,2007-04-30,2007,4,0
HND,2007-05-31,2007,5,0
HND,2007-06-30,2007,6,0
HND,2007-07-31,2007,7,0
HND,2007-08-31,2007,8,0
HND,2007-09-30,2007,9,0
HND,2007-10-31,2007,10,0
HND,2007-11-30,2007,11,0
HND,2007-12-31,2007,12,0
HND,2008-01-31,2008,1,0
HND,2008-02-29,2008,2,0
HND,2008-03-31,2008,3,0
HND,2008-04-30,2008,4,0
HND,2008-05-31,2008,5,0
HND,2008-06-30,2008,6,0
HND,2008-07-31,2008,7,0
HND,2008-08-31,2008,8,0
HND,2008-09-30,2008,9,0
HND,2008-10-31,2008,10,0
HND,2008-11-30,2008,11,0
HND,2008-12-31,2008,12,0
HND,2009-01-31,2009,1,0
HND,2009-02-28,2009,2,0
HND,2009-03-31,2009,3,0
HND,2009-04-30,2009,4,0
HND,2009-05-31,2009,5,0
HND,2009-06-30,2009,6,0
HND,2009-07-31,2009,7,0
HND,2009-08-31,2009,8,0
HND,2009-09-30,2009,9,0
HND,2009-10-31,2009,10,0
HND,2009-11-30,2009,11,0
HND,2009-12-31,2009,12,0
HND,2010-01-31,2010,1,0
HND,2010-02-28,2010,2,0
HND,2010-03-31,2010,3,0
HND,2010-04-30,2010,4,0
HND,2010-05-31,2010,5,0
HND,2010-06-30,2010,6,0
HND,2010-07-31,2010,7,0
HND,2010-08-31,2010,8,0
HND,2010-09-30,2010,9,0
HND,2010-10-31,2010,10,0
HND,2010-11-30,2010,11,0
HND,2010-12-31,2010,12,0
HND,2011-01-31,2011,1,0
HND,2011-02-28,2011,2,0
HND,2011-03-31,2011,3,0
HND,2011-04-30,2011,4,0
HND,2011-05-31,2011,5,0
HND,2011-06-30,2011,6,0
HND,2011-07-31,2011,7,0
HND,2011-08-31,2011,8,0
HND,2011-09-30,2011,9,0
HND,2011-10-31,2011,10,0
HND,2011-11-30,2011,11,0
HND,2011-12-31,2011,12,0
HND,2012-01-31,2012,1,0
HND,2012-02-29,2012,2,0
HND,2012-03-31,2012,3,0
HND,2012-04-30,2012,4,0
HND,2012-05-31,2012,5,0
HND,2012-06-30,2012,6,0
HND,2012-07-31,2012,7,0
HND,2012-08-31,2012,8,0
HND,2012-09-30,2012,9,0
HND,2012-10-31,2012,10,0
HND,2012-11-30,2012,11,0
HND,2012-12-31,2012,12,0
HND,2013-01-31,2013,1,0
HND,2013-02-28,2013,2,0
HND,2013-03-31,2013,3,0
HND,2013-04-30,2013,4,0
HND,2013-05-31,2013,5,0
HND,2013-06-30,2013,6,0
HND,2013-07-31,2013,7,0
HND,2013-08-31,2013,8,0
HND,2013-09-30,2013,9,0
HND,2013-10-31,2013,10,0
HND,2013-11-30,2013,11,0
HND,2013-12-31,2013,12,0
HND,2014-01-31,2014,1,0
HND,2014-02-28,2014,2,0
HND,2014-03-31,2014,3,0
HND,2014-04-30,2014,4,0
HND,2014-05-31,2014,5,0
HND,2014-06-30,2014,6,0
HND,2014-07-31,2014,7,0
HND,2014-08-31,2014,8,0
HND,2014-09-30,2014,9,0
HND,2014-10-31,2014,10,0
HND,2014-11-30,2014,11,0
HND,2014-12-31,2014,12,0
HND,2015-01-31,2015,1,0
HND,2015-02-28,2015,2,0
HND,2015-03-31,2015,3,0
HND,2015-04-30,2015,4,0
HND,2015-05-31,2015,5,0
HND,2015-06-30,2015,6,0
HND,2015-07-31,2015,7,0
HND,2015-08-31,2015,8,0
HND,2015-09-30,2015,9,0
HND,2015-10-31,2015,10,0
HND,2015-11-30,2015,11,0
HND,2015-12-31,2015,12,0
HND,2016-01-31,2016,1,0
HND,2016-02-29,2016,2,0
HND,2016-03-31,2016,3,0
HND,2016-04-30,2016,4,0
HND,2016-05-31,2016,5,0
HND,2016-06-30,2016,6,0
HND,2016-07-31,2016,7,0
HND,2016-08-31,2016,8,0
HND,2016-09-30,2016,9,0
HND,2016-10-31,2016,10,0
HND,2016-11-30,2016,11,0
HND,2016-12-31,2016,12,0
HTI,1990-01-31,1990,1,0
HTI,1990-02-28,1990,2,0
HTI,1990-03-31,1990,3,0
HTI,1990-04-30,1990,4,0
HTI,1990-05-31,1990,5,0
HTI,1990-06-30,1990,6,0
HTI,1990-07-31,1990,7,0
HTI,1990-08-31,1990,8,0
HTI,1990-09-30,1990,9,0
HTI,1990-10-31,1990,10,0
HTI,1990-11-30,1990,11,0
HTI,1990-12-31,1990,12,0
HTI,1991-01-31,1991,1,1
HTI,1991-02-28,1991,2,1
HTI,1991-03-31,1991,3,1
HTI,1991-04-30,1991,4,1
HTI,1991-05-31,1991,5,1
HTI,1991-06-30,1991,6,1
HTI,1991-07-31,1991,7,1
HTI,1991-08-31,1991,8,1
HTI,1991-09-30,1991,9,1
HTI,1991-10-31,1991,10,1
HTI,1991-11-30,1991,11,1
HTI,1991-12-31,1991,12,1
HTI,1992-01-31,1992,1,0
HTI,1992-02-29,1992,2,0
HTI,1992-03-31,1992,3,0
HTI,1992-04-30,1992,4,0
HTI,1992-05-31,1992,5,0
HTI,1992-06-30,1992,6,0
HTI,1992-07-31,1992,7,0
HTI,1992-08-31,1992,8,0
HTI,1992-09-30,1992,9,0
HTI,1992-10-31,1992,10,0
HTI,1992-11-30,1992,11,0
HTI,1992-12-31,1992,12,0
HTI,1993-01-31,1993,1,0
HTI,1993-02-28,1993,2,0
HTI,1993-03-31,1993,3,0
HTI,1993-04-30,1993,4,0
HTI,1993-05-31,1993,5,0
HTI,1993-06-30,1993,6,0
HTI,1993-07-31,1993,7,0
HTI,1993-08-31,1993,8,0
HTI,1993-09-30,1993,9,0
HTI,1993-10-31,1993,10,0
HTI,1993-11-30,1993,11,0
HTI,1993-12-31,1993,12,0
HTI,1994-01-31,1994,1,0
HTI,1994-02-28,1994,2,0
HTI,1994-03-31,1994,3,0
HTI,1994-04-30,1994,4,0
HTI,1994-05-31,1994,5,0
HTI,1994-06-30,1994,6,0
HTI,1994-07-31,1994,7,0
HTI,1994-08-31,1994,8,0
HTI,1994-09-30,1994,9,0
HTI,1994-10-31,1994,10,0
HTI,1994-11-30,1994,11,0
HTI,1994-12-31,1994,12,0
HTI,1995-01-31,1995,1,0
HTI,1995-02-28,1995,2,0
HTI,1995-03-31,1995,3,0
HTI,1995-04-30,1995,4,0
HTI,1995-05-31,1995,5,0
HTI,1995-06-30,1995,6,0
HTI,1995-07-31,1995,7,0
HTI,1995-08-31,1995,8,0
HTI,1995-09-30,1995,9,0
HTI,1995-10-31,1995,10,0
HTI,1995-11-30,1995,11,0
HTI,1995-12-31,1995,12,0
HTI,1996-01-31,1996,1,0
HTI,1996-02-29,1996,2,0
HTI,1996-03-31,1996,3,0
HTI,1996-04-30,1996,4,0
HTI,1996-05-31,1996,5,0
HTI,1996-06-30,1996,6,0
HTI,1996-07-31,1996,7,0
HTI,1996-08-31,1996,8,0
HTI,1996-09-30,1996,9,0
HTI,1996-10-31,1996,10,0
HTI,1996-11-30,1996,11,0
HTI,1996-12-31,1996,12,0
HTI,1997-01-31,1997,1,0
HTI,1997-02-28,1997,2,0
HTI,1997-03-31,1997,3,0
HTI,1997-04-30,1997,4,0
HTI,1997-05-31,1997,5,0
HTI,1997-06-30,1997,6,0
HTI,1997-07-31,1997,7,0
HTI,1997-08-31,1997,8,0
HTI,1997-09-30,1997,9,0
HTI,1997-10-31,1997,10,0
HTI,1997-11-30,1997,11,0
HTI,1997-12-31,1997,12,0
HTI,1998-01-31,1998,1,0
HTI,1998-02-28,1998,2,0
HTI,1998-03-31,1998,3,0
HTI,1998-04-30,1998,4,0
HTI,1998-05-31,1998,5,0
HTI,1998-06-30,1998,6,0
HTI,1998-07-31,1998,7,0
HTI,1998-08-31,1998,8,0
HTI,1998-09-30,1998,9,0
HTI,1998-10-31,1998,10,0
HTI,1998-11-30,1998,11,0
HTI,1998-12-31,1998,12,0
HTI,1999-01-31,1999,1,0
HTI,1999-02-28,1999,2,0
HTI,1999-03-31,1999,3,0
HTI,1999-04-30,1999,4,0
HTI,1999-05-31,1999,5,0
HTI,1999-06-30,1999,6,0
HTI,1999-07-31,1999,7,0
HTI,1999-08-31,1999,8,0
HTI,1999-09-30,1999,9,0
HTI,1999-10-31,1999,10,0
HTI,1999-11-30,1999,11,0
HTI,1999-12-31,1999,12,0
HTI,2000-01-31,2000,1,0
HTI,2000-02-29,2000,2,0
HTI,2000-03-31,2000,3,0
HTI,2000-04-30,2000,4,0
HTI,2000-05-31,2000,5,0
HTI,2000-06-30,2000,6,0
HTI,2000-07-31,2000,7,0
HTI,2000-08-31,2000,8,0
HTI,2000-09-30,2000,9,0
HTI,2000-10-31,2000,10,0
HTI,2000-11-30,2000,11,0
HTI,2000-12-31,2000,12,0
HTI,2001-01-31,2001,1,0
HTI,2001-02-28,2001,2,0
HTI,2001-03-31,2001,3,0
HTI,2001-04-30,2001,4,0
HTI,2001-05-31,2001,5,0
HTI,2001-06-30,2001,6,0
HTI,2001-07-31,2001,7,0
HTI,2001-08-31,2001,8,0
HTI,2001-09-30,2001,9,0
HTI,2001-10-31,2001,10,0
HTI,2001-11-30,2001,11,0
HTI,2001-12-31,2001,12,0
HTI,2002-01-31,2002,1,1
HTI,2002-02-28,2002,2,1
HTI,2002-03-31,2002,3,1
HTI,2002-04-30,2002,4,1
HTI,2002-05-31,2002,5,1
HTI,2002-06-30,2002,6,1
HTI,2002-07-31,2002,7,1
HTI,2002-08-31,2002,8,1
HTI,2002-09-30,2002,9,1
HTI,2002-10-31,2002,10,1
HTI,2002-11-30,2002,11,1
HTI,2002-12-31,2002,12,1
HTI,2003-01-31,2003,1,0
HTI,2003-02-28,2003,2,0
HTI,2003-03-31,2003,3,0
HTI,2003-04-30,2003,4,0
HTI,2003-05-31,2003,5,0
HTI,2003-06-30,2003,6,0
HTI,2003-07-31,2003,7,0
HTI,2003-08-31,2003,8,0
HTI,2003-09-30,2003,9,0
HTI,2003-10-31,2003,10,0
HTI,2003-11-30,2003,11,0
HTI,2003-12-31,2003,12,0
HTI,2004-01-31,2004,1,0
HTI,2004-02-29,2004,2,0
HTI,2004-03-31,2004,3,0
HTI,2004-04-30,2004,4,0
HTI,2004-05-31,2004,5,0
HTI,2004-06-30,2004,6,0
HTI,2004-07-31,2004,7,0
HTI,2004-08-31,2004,8,0
HTI,2004-09-30,2004,9,0
HTI,2004-10-31,2004,10,0
HTI,2004-11-30,2004,11,0
HTI,2004-12-31,2004,12,0
HTI,2005-01-31,2005,1,0
HTI,2005-02-28,2005,2,0
HTI,2005-03-31,2005,3,0
HTI,2005-04-30,2005,4,0
HTI,2005-05-31,2005,5,0
HTI,2005-06-30,2005,6,0
HTI,2005-07-31,2005,7,0
HTI,2005-08-31,2005,8,0
HTI,2005-09-30,2005,9,0
HTI,2005-10-31,2005,10,0
HTI,2005-11-30,2005,11,0
HTI,2005-12-31,2005,12,0
HTI,2006-01-31,2006,1,0
HTI,2006-02-28,2006,2,0
HTI,2006-03-31,2006,3,0
HTI,2006-04-30,2006,4,0
HTI,2006-05-31,2006,5,0
HTI,2006-06-30,2006,6,0
HTI,2006-07-31,2006,7,0
HTI,2006-08-31,2006,8,0
HTI,2006-09-30,2006,9,0
HTI,2006-10-31,2006,10,0
HTI,2006-11-30,2006,11,0
HTI,2006-12-31,2006,12,0
HTI,2007-01-31,2007,1,0
HTI,2007-02-28,2007,2,0
HTI,2007-03-31,2007,3,0
HTI,2007-04-30,2007,4,0
HTI,2007-05-31,2007,5,0
HTI,2007-06-30,2007,6,0
HTI,2007-07-31,2007,7,0
HTI,2007-08-31,2007,8,0
HTI,2007-09-30,2007,9,0
HTI,2007-10-31,2007,10,0
HTI,2007-11-30,2007,11,0
HTI,2007-12-31,2007,12,0
HTI,2008-01-31,2008,1,0
HTI,2008-02-29,2008,2,0
HTI,2008-03-31,2008,3,0
HTI,2008-04-30,2008,4,0
HTI,2008-05-31,2008,5,0
HTI,2008-06-30,2008,6,0
HTI,2008-07-31,2008,7,0
HTI,2008-08-31,2008,8,0
HTI,2008-09-30,2008,9,0
HTI,2008-10-31,2008,10,0
HTI,2008-11-30,2008,11,0
HTI,2008-12-31,2008,12,0
HTI,2009-01-31,2009,1,0
HTI,2009-02-28,2009,2,0
HTI,2009-03-31,2009,3,0
HTI,2009-04-30,2009,4,0
HTI,2009-05-31,2009,5,0
HTI,2009-06-30,2009,6,0
HTI,2009-07-31,2009,7,0
HTI,2009-08-31,2009,8,0
HTI,2009-09-30,2009,9,0
HTI,2009-10-31,2009,10,0
HTI,2009-11-30,2009,11,0
HTI,2009-12-31,2009,12,0
HTI,2010-01-31,2010,1,0
HTI,2010-02-28,2010,2,0
HTI,2010-03-31,2010,3,0
HTI,2010-04-30,2010,4,0
HTI,2010-05-31,2010,5,0
HTI,2010-06-30,2010,6,0
HTI,2010-07-31,2010,7,0
HTI,2010-08-31,2010,8,0
HTI,2010-09-30,2010,9,0
HTI,2010-10-31,2010,10,0
HTI,2010-11-30,2010,11,0
HTI,2010-12-31,2010,12,0
HTI,2011-01-31,2011,1,0
HTI,2011-02-28,2011,2,0
HTI,2011-03-31,2011,3,0
HTI,2011-04-30,2011,4,0
HTI,2011-05-31,2011,5,0
HTI,2011-06-30,2011,6,0
HTI,2011-07-31,2011,7,0
HTI,2011-08-31,2011,8,0
HTI,2011-09-30,2011,9,0
HTI,2011-10-31,2011,10,0
HTI,2011-11-30,2011,11,0
HTI,2011-12-31,2011,12,0
HTI,2012-01-31,2012,1,0
HTI,2012-02-29,2012,2,0
HTI,2012-03-31,2012,3,0
HTI,2012-04-30,2012,4,0
HTI,2012-05-31,2012,5,0
HTI,2012-06-30,2012,6,0
HTI,2012-07-31,2012,7,0
HTI,2012-08-31,2012,8,0
HTI,2012-09-30,2012,9,0
HTI,2012-10-31,2012,10,0
HTI,2012-11-30,2012,11,0
HTI,2012-12-31,2012,12,0
HTI,2013-01-31,2013,1,0
HTI,2013-02-28,2013,2,0
HTI,2013-03-31,2013,3,0
HTI,2013-04-30,2013,4,0
HTI,2013-05-31,2013,5,0
HTI,2013-06-30,2013,6,0
HTI,2013-07-31,2013,7,0
HTI,2013-08-31,2013,8,0
HTI,2013-09-30,2013,9,0
HTI,2013-10-31,2013,10,0
HTI,2013-11-30,2013,11,0
HTI,2013-12-31,2013,12,0
HTI,2014-01-31,2014,1,0
HTI,2014-02-28,2014,2,0
HTI,2014-03-31,2014,3,0
HTI,2014-04-30,2014,4,0
HTI,2014-05-31,2014,5,0
HTI,2014-06-30,2014,6,0
HTI,2014-07-31,2014,7,0
HTI,2014-08-31,2014,8,0
HTI,2014-09-30,2014,9,0
HTI,2014-10-31,2014,10,0
HTI,2014-11-30,2014,11,0
HTI,2014-12-31,2014,12,0
HTI,2015-01-31,2015,1,0
HTI,2015-02-28,2015,2,0
HTI,2015-03-31,2015,3,0
HTI,2015-04-30,2015,4,0
HTI,2015-05-31,2015,5,0
HTI,2015-06-30,2015,6,0
HTI,2015-07-31,2015,7,0
HTI,2015-08-31,2015,8,0
HTI,2015-09-30,2015,9,0
HTI,2015-10-31,2015,10,0
HTI,2015-11-30,2015,11,0
HTI,2015-12-31,2015,12,0
HTI,2016-01-31,2016,1,0
HTI,2016-02-29,2016,2,0
HTI,2016-03-31,2016,3,0
HTI,2016-04-30,2016,4,0
HTI,2016-05-31,2016,5,0
HTI,2016-06-30,2016,6,0
HTI,2016-07-31,2016,7,0
HTI,2016-08-31,2016,8,0
HTI,2016-09-30,2016,9,0
HTI,2016-10-31,2016,10,0
HTI,2016-11-30,2016,11,0
HTI,2016-12-31,2016,12,0
IDN,1990-01-31,1990,1,0
IDN,1990-02-28,1990,2,0
IDN,1990-03-31,1990,3,0
IDN,1990-04-30,1990,4,0
IDN,1990-05-31,1990,5,0
IDN,1990-06-30,1990,6,0
IDN,1990-07-31,1990,7,0
IDN,1990-08-31,1990,8,0
IDN,1990-09-30,1990,9,0
IDN,1990-10-31,1990,10,0
IDN,1990-11-30,1990,11,0
IDN,1990-12-31,1990,12,0
IDN,1991-01-31,1991,1,0
IDN,1991-02-28,1991,2,0
IDN,1991-03-31,1991,3,0
IDN,1991-04-30,1991,4,0
IDN,1991-05-31,1991,5,0
IDN,1991-06-30,1991,6,0
IDN,1991-07-31,1991,7,0
IDN,1991-08-31,1991,8,0
IDN,1991-09-30,1991,9,0
IDN,1991-10-31,1991,10,0
IDN,1991-11-30,1991,11,0
IDN,1991-12-31,1991,12,0
IDN,1992-01-31,1992,1,0
IDN,1992-02-29,1992,2,0
IDN,1992-03-31,1992,3,0
IDN,1992-04-30,1992,4,0
IDN,1992-05-31,1992,5,0
IDN,1992-06-30,1992,6,0
IDN,1992-07-31,1992,7,0
IDN,1992-08-31,1992,8,0
IDN,1992-09-30,1992,9,0
IDN,1992-10-31,1992,10,0
IDN,1992-11-30,1992,11,0
IDN,1992-12-31,1992,12,0
IDN,1993-01-31,1993,1,0
IDN,1993-02-28,1993,2,0
IDN,1993-03-31,1993,3,0
IDN,1993-04-30,1993,4,0
IDN,1993-05-31,1993,5,0
IDN,1993-06-30,1993,6,0
IDN,1993-07-31,1993,7,0
IDN,1993-08-31,1993,8,0
IDN,1993-09-30,1993,9,0
IDN,1993-10-31,1993,10,0
IDN,1993-11-30,1993,11,0
IDN,1993-12-31,1993,12,0
IDN,1994-01-31,1994,1,0
IDN,1994-02-28,1994,2,0
IDN,1994-03-31,1994,3,0
IDN,1994-04-30,1994,4,0
IDN,1994-05-31,1994,5,0
IDN,1994-06-30,1994,6,0
IDN,1994-07-31,1994,7,0
IDN,1994-08-31,1994,8,0
IDN,1994-09-30,1994,9,0
IDN,1994-10-31,1994,10,0
IDN,1994-11-30,1994,11,0
IDN,1994-12-31,1994,12,0
IDN,1995-01-31,1995,1,0
IDN,1995-02-28,1995,2,0
IDN,1995-03-31,1995,3,0
IDN,1995-04-30,1995,4,0
IDN,1995-05-31,1995,5,0
IDN,1995-06-30,1995,6,0
IDN,1995-07-31,1995,7,0
IDN,1995-08-31,1995,8,0
IDN,1995-09-30,1995,9,0
IDN,1995-10-31,1995,10,0
IDN,1995-11-30,1995,11,0
IDN,1995-12-31,1995,12,0
IDN,1996-01-31,1996,1,0
IDN,1996-02-29,1996,2,0
IDN,1996-03-31,1996,3,0
IDN,1996-04-30,1996,4,0
IDN,1996-05-31,1996,5,0
IDN,1996-06-30,1996,6,0
IDN,1996-07-31,1996,7,0
IDN,1996-08-31,1996,8,0
IDN,1996-09-30,1996,9,0
IDN,1996-10-31,1996,10,0
IDN,1996-11-30,1996,11,0
IDN,1996-12-31,1996,12,0
IDN,1997-01-31,1997,1,1
IDN,1997-02-28,1997,2,1
IDN,1997-03-31,1997,3,1
IDN,1997-04-30,1997,4,1
IDN,1997-05-31,1997,5,1
IDN,1997-06-30,1997,6,1
IDN,1997-07-31,1997,7,1
IDN,1997-08-31,1997,8,1
IDN,1997-09-30,1997,9,1
IDN,1997-10-31,1997,10,1
IDN,1997-11-30,1997,11,1
IDN,1997-12-31,1997,12,1
IDN,1998-01-31,1998,1,0
IDN,1998-02-28,1998,2,0
IDN,1998-03-31,1998,3,0
IDN,1998-04-30,1998,4,0
IDN,1998-05-31,1998,5,0
IDN,1998-06-30,1998,6,0
IDN,1998-07-31,1998,7,0
IDN,1998-08-31,1998,8,0
IDN,1998-09-30,1998,9,0
IDN,1998-10-31,1998,10,0
IDN,1998-11-30,1998,11,0
IDN,1998-12-31,1998,12,0
IDN,1999-01-31,1999,1,0
IDN,1999-02-28,1999,2,0
IDN,1999-03-31,1999,3,0
IDN,1999-04-30,1999,4,0
IDN,1999-05-31,1999,5,0
IDN,1999-06-30,1999,6,0
IDN,1999-07-31,1999,7,0
IDN,1999-08-31,1999,8,0
IDN,1999-09-30,1999,9,0
IDN,1999-10-31,1999,10,0
IDN,1999-11-30,1999,11,0
IDN,1999-12-31,1999,12,0
IDN,2000-01-31,2000,1,0
IDN,2000-02-29,2000,2,0
IDN,2000-03-31,2000,3,0
IDN,2000-04-30,2000,4,0
IDN,2000-05-31,2000,5,0
IDN,2000-06-30,2000,6,0
IDN,2000-07-31,2000,7,0
IDN,2000-08-31,2000,8,0
IDN,2000-09-30,2000,9,0
IDN,2000-10-31,2000,10,0
IDN,2000-11-30,2000,11,0
IDN,2000-12-31,2000,12,0
IDN,2001-01-31,2001,1,0
IDN,2001-02-28,2001,2,0
IDN,2001-03-31,2001,3,0
IDN,2001-04-30,2001,4,0
IDN,2001-05-31,2001,5,0
IDN,2001-06-30,2001,6,0
IDN,2001-07-31,2001,7,0
IDN,2001-08-31,2001,8,0
IDN,2001-09-30,2001,9,0
IDN,2001-10-31,2001,10,0
IDN,2001-11-30,2001,11,0
IDN,2001-12-31,2001,12,0
IDN,2002-01-31,2002,1,0
IDN,2002-02-28,2002,2,0
IDN,2002-03-31,2002,3,0
IDN,2002-04-30,2002,4,0
IDN,2002-05-31,2002,5,0
IDN,2002-06-30,2002,6,0
IDN,2002-07-31,2002,7,0
IDN,2002-08-31,2002,8,0
IDN,2002-09-30,2002,9,0
IDN,2002-10-31,2002,10,0
IDN,2002-11-30,2002,11,0
IDN,2002-12-31,2002,12,0
IDN,2003-01-31,2003,1,0
IDN,2003-02-28,2003,2,0
IDN,2003-03-31,2003,3,0
IDN,2003-04-30,2003,4,0
IDN,2003-05-31,2003,5,0
IDN,2003-06-30,2003,6,0
IDN,2003-07-31,2003,7,0
IDN,2003-08-31,2003,8,0
IDN,2003-09-30,2003,9,0
IDN,2003-10-31,2003,10,0
IDN,2003-11-30,2003,11,0
IDN,2003-12-31,2003,12,0
IDN,2004-01-31,2004,1,0
IDN,2004-02-29,2004,2,0
IDN,2004-03-31,2004,3,0
IDN,2004-04-30,2004,4,0
IDN,2004-05-31,2004,5,0
IDN,2004-06-30,2004,6,0
IDN,2004-07-31,2004,7,0
IDN,2004-08-31,2004,8,0
IDN,2004-09-30,2004,9,0
IDN,2004-10-31,2004,10,0
IDN,2004-11-30,2004,11,0
IDN,2004-12-31,2004,12,0
IDN,2005-01-31,2005,1,0
IDN,2005-02-28,2005,2,0
IDN,2005-03-31,2005,3,0
IDN,2005-04-30,2005,4,0
IDN,2005-05-31,2005,5,0
IDN,2005-06-30,2005,6,0
IDN,2005-07-31,2005,7,0
IDN,2005-08-31,2005,8,0
IDN,2005-09-30,2005,9,0
IDN,2005-10-31,2005,10,0
IDN,2005-11-30,2005,11,0
IDN,2005-12-31,2005,12,0
IDN,2006-01-31,2006,1,0
IDN,2006-02-28,2006,2,0
IDN,2006-03-31,2006,3,0
IDN,2006-04-30,2006,4,0
IDN,2006-05-31,2006,5,0
IDN,2006-06-30,2006,6,0
IDN,2006-07-31,2006,7,0
IDN,2006-08-31,2006,8,0
IDN,2006-09-30,2006,9,0
IDN,2006-10-31,2006,10,0
IDN,2006-11-30,2006,11,0
IDN,2006-12-31,2006,12,0
IDN,2007-01-31,2007,1,0
IDN,2007-02-28,2007,2,0
IDN,2007-03-31,2007,3,0
IDN,2007-04-30,2007,4,0
IDN,2007-05-31,2007,5,0
IDN,2007-06-30,2007,6,0
IDN,2007-07-31,2007,7,0
IDN,2007-08-31,2007,8,0
IDN,2007-09-30,2007,9,0
IDN,2007-10-31,2007,10,0
IDN,2007-11-30,2007,11,0
IDN,2007-12-31,2007,12,0
IDN,2008-01-31,2008,1,0
IDN,2008-02-29,2008,2,0
IDN,2008-03-31,2008,3,0
IDN,2008-04-30,2008,4,0
IDN,2008-05-31,2008,5,0
IDN,2008-06-30,2008,6,0
IDN,2008-07-31,2008,7,0
IDN,2008-08-31,2008,8,0
IDN,2008-09-30,2008,9,0
IDN,2008-10-31,2008,10,0
IDN,2008-11-30,2008,11,0
IDN,2008-12-31,2008,12,0
IDN,2009-01-31,2009,1,0
IDN,2009-02-28,2009,2,0
IDN,2009-03-31,2009,3,0
IDN,2009-04-30,2009,4,0
IDN,2009-05-31,2009,5,0
IDN,2009-06-30,2009,6,0
IDN,2009-07-31,2009,7,0
IDN,2009-08-31,2009,8,0
IDN,2009-09-30,2009,9,0
IDN,2009-10-31,2009,10,0
IDN,2009-11-30,2009,11,0
IDN,2009-12-31,2009,12,0
IDN,2010-01-31,2010,1,0
IDN,2010-02-28,2010,2,0
IDN,2010-03-31,2010,3,0
IDN,2010-04-30,2010,4,0
IDN,2010-05-31,2010,5,0
IDN,2010-06-30,2010,6,0
IDN,2010-07-31,2010,7,0
IDN,2010-08-31,2010,8,0
IDN,2010-09-30,2010,9,0
IDN,2010-10-31,2010,10,0
IDN,2010-11-30,2010,11,0
IDN,2010-12-31,2010,12,0
IDN,2011-01-31,2011,1,0
IDN,2011-02-28,2011,2,0
IDN,2011-03-31,2011,3,0
IDN,2011-04-30,2011,4,0
IDN,2011-05-31,2011,5,0
IDN,2011-06-30,2011,6,0
IDN,2011-07-31,2011,7,0
IDN,2011-08-31,2011,8,0
IDN,2011-09-30,2011,9,0
IDN,2011-10-31,2011,10,0
IDN,2011-11-30,2011,11,0
IDN,2011-12-31,2011,12,0
IDN,2012-01-31,2012,1,0
IDN,2012-02-29,2012,2,0
IDN,2012-03-31,2012,3,0
IDN,2012-04-30,2012,4,0
IDN,2012-05-31,2012,5,0
IDN,2012-06-30,2012,6,0
IDN,2012-07-31,2012,7,0
IDN,2012-08-31,2012,8,0
IDN,2012-09-30,2012,9,0
IDN,2012-10-31,2012,10,0
IDN,2012-11-30,2012,11,0
IDN,2012-12-31,2012,12,0
IDN,2013-01-31,2013,1,0
IDN,2013-02-28,2013,2,0
IDN,2013-03-31,2013,3,0
IDN,2013-04-30,2013,4,0
IDN,2013-05-31,2013,5,0
IDN,2013-06-30,2013,6,0
IDN,2013-07-31,2013,7,0
IDN,2013-08-31,2013,8,0
IDN,2013-09-30,2013,9,0
IDN,2013-10-31,2013,10,0
IDN,2013-11-30,2013,11,0
IDN,2013-12-31,2013,12,0
IDN,2014-01-31,2014,1,0
IDN,2014-02-28,2014,2,0
IDN,2014-03-31,2014,3,0
IDN,2014-04-30,2014,4,0
IDN,2014-05-31,2014,5,0
IDN,2014-06-30,2014,6,0
IDN,2014-07-31,2014,7,0
IDN,2014-08-31,2014,8,0
IDN,2014-09-30,2014,9,0
IDN,2014-10-31,2014,10,0
IDN,2014-11-30,2014,11,0
IDN,2014-12-31,2014,12,0
IDN,2015-01-31,2015,1,0
IDN,2015-02-28,2015,2,0
IDN,2015-03-31,2015,3,0
IDN,2015-04-30,2015,4,0
IDN,2015-05-31,2015,5,0
IDN,2015-06-30,2015,6,0
IDN,2015-07-31,2015,7,0
IDN,2015-08-31,2015,8,0
IDN,2015-09-30,2015,9,0
IDN,2015-10-31,2015,10,0
IDN,2015-11-30,2015,11,0
IDN,2015-12-31,2015,12,0
IDN,2016-01-31,2016,1,0
IDN,2016-02-29,2016,2,0
IDN,2016-03-31,2016,3,0
IDN,2016-04-30,2016,4,0
IDN,2016-05-31,2016,5,0
IDN,2016-06-30,2016,6,0
IDN,2016-07-31,2016,7,0
IDN,2016-08-31,2016,8,0
IDN,2016-09-30,2016,9,0
IDN,2016-10-31,2016,10,0
IDN,2016-11-30,2016,11,0
IDN,2016-12-31,2016,12,0
JAM,1990-01-31,1990,1,1
JAM,1990-02-28,1990,2,1
JAM,1990-03-31,1990,3,1
JAM,1990-04-30,1990,4,1
JAM,1990-05-31,1990,5,1
JAM,1990-06-30,1990,6,1
JAM,1990-07-31,1990,7,1
JAM,1990-08-31,1990,8,1
JAM,1990-09-30,1990,9,1
JAM,1990-10-31,1990,10,1
JAM,1990-11-30,1990,11,1
JAM,1990-12-31,1990,12,1
JAM,1991-01-31,1991,1,0
JAM,1991-02-28,1991,2,0
JAM,1991-03-31,1991,3,0
JAM,1991-04-30,1991,4,0
JAM,1991-05-31,1991,5,0
JAM,1991-06-30,1991,6,0
JAM,1991-07-31,1991,7,0
JAM,1991-08-31,1991,8,0
JAM,1991-09-30,1991,9,0
JAM,1991-10-31,1991,10,0
JAM,1991-11-30,1991,11,0
JAM,1991-12-31,1991,12,0
JAM,1992-01-31,1992,1,0
JAM,1992-02-29,1992,2,0
JAM,1992-03-31,1992,3,0
JAM,1992-04-30,1992,4,0
JAM,1992-05-31,1992,5,0
JAM,1992-06-30,1992,6,0
JAM,1992-07-31,1992,7,0
JAM,1992-08-31,1992,8,0
JAM,1992-09-30,1992,9,0
JAM,1992-10-31,1992,10,0
JAM,1992-11-30,1992,11,0
JAM,1992-12-31,1992,12,0
JAM,1993-01-31,1993,1,0
JAM,1993-02-28,1993,2,0
JAM,1993-03-31,1993,3,0
JAM,1993-04-30,1993,4,0
JAM,1993-05-31,1993,5,0
JAM,1993-06-30,1993,6,0
JAM,1993-07-31,1993,7,0
JAM,1993-08-31,1993,8,0
JAM,1993-09-30,1993,9,0
JAM,1993-10-31,1993,10,0
JAM,1993-11-30,1993,11,0
JAM,1993-12-31,1993,12,0
JAM,1994-01-31,1994,1,0
JAM,1994-02-28,1994,2,0
JAM,1994-03-31,1994,3,0
JAM,1994-04-30,1994,4,0
JAM,1994-05-31,1994,5,0
JAM,1994-06-30,1994,6,0
JAM,1994-07-31,1994,7,0
JAM,1994-08-31,1994,8,0
JAM,1994-09-30,1994,9,0
JAM,1994-10-31,1994,10,0
JAM,1994-11-30,1994,11,0
JAM,1994-12-31,1994,12,0
JAM,1995-01-31,1995,1,0
JAM,1995-02-28,1995,2,0
JAM,1995-03-31,1995,3,0
JAM,1995-04-30,1995,4,0
JAM,1995-05-31,1995,5,0
JAM,1995-06-30,1995,6,0
JAM,1995-07-31,1995,7,0
JAM,1995-08-31,1995,8,0
JAM,1995-09-30,1995,9,0
JAM,1995-10-31,1995,10,0
JAM,1995-11-30,1995,11,0
JAM,1995-12-31,1995,12,0
JAM,1996-01-31,1996,1,0
JAM,1996-02-29,1996,2,0
JAM,1996-03-31,1996,3,0
JAM,1996-04-30,1996,4,0
JAM,1996-05-31,1996,5,0
JAM,1996-06-30,1996,6,0
JAM,1996-07-31,1996,7,0
JAM,1996-08-31,1996,8,0
JAM,1996-09-30,1996,9,0
JAM,1996-10-31,1996,10,0
JAM,1996-11-30,1996,11,0
JAM,1996-12-31,1996,12,0
JAM,1997-01-31,1997,1,0
JAM,1997-02-28,1997,2,0
JAM,1997-03-31,1997,3,0
JAM,1997-04-30,1997,4,0
JAM,1997-05-31,1997,5,0
JAM,1997-06-30,1997,6,0
JAM,1997-07-31,1997,7,0
JAM,1997-08-31,1997,8,0
JAM,1997-09-30,1997,9,0
JAM,1997-10-31,1997,10,0
JAM,1997-11-30,1997,11,0
JAM,1997-12-31,1997,12,0
JAM,1998-01-31,1998,1,0
JAM,1998-02-28,1998,2,0
JAM,1998-03-31,1998,3,0
JAM,1998-04-30,1998,4,0
JAM,1998-05-31,1998,5,0
JAM,1998-06-30,1998,6,0
JAM,1998-07-31,1998,7,0
JAM,1998-08-31,1998,8,0
JAM,1998-09-30,1998,9,0
JAM,1998-10-31,1998,10,0
JAM,1998-11-30,1998,11,0
JAM,1998-12-31,1998,12,0
JAM,1999-01-31,1999,1,0
JAM,1999-02-28,1999,2,0
JAM,1999-03-31,1999,3,0
JAM,1999-04-30,1999,4,0
JAM,1999-05-31,1999,5,0
JAM,1999-06-30,1999,6,0
JAM,1999-07-31,1999,7,0
JAM,1999-08-31,1999,8,0
JAM,1999-09-30,1999,9,0
JAM,1999-10-31,1999,10,0
JAM,1999-11-30,1999,11,0
JAM,1999-12-31,1999,12,0
JAM,2000-01-31,2000,1,0
JAM,2000-02-29,2000,2,0
JAM,2000-03-31,2000,3,0
JAM,2000-04-30,2000,4,0
JAM,2000-05-31,2000,5,0
JAM,2000-06-30,2000,6,0
JAM,2000-07-31,2000,7,0
JAM,2000-08-31,2000,8,0
JAM,2000-09-30,2000,9,0
JAM,2000-10-31,2000,10,0
JAM,2000-11-30,2000,11,0
JAM,2000-12-31,2000,12,0
JAM,2001-01-31,2001,1,0
JAM,2001-02-28,2001,2,0
JAM,2001-03-31,2001,3,0
JAM,2001-04-30,2001,4,0
JAM,2001-05-31,2001,5,0
JAM,2001-06-30,2001,6,0
JAM,2001-07-31,2001,7,0
JAM,2001-08-31,2001,8,0
JAM,2001-09-30,2001,9,0
JAM,2001-10-31,2001,10,0
JAM,2001-11-30,2001,11,0
JAM,2001-12-31,2001,12,0
JAM,2002-01-31,2002,1,0
JAM,2002-02-28,2002,2,0
JAM,2002-03-31,2002,3,0
JAM,2002-04-30,2002,4,0
JAM,2002-05-31,2002,5,0
JAM,2002-06-30,2002,6,0
JAM,2002-07-31,2002,7,0
JAM,2002-08-31,2002,8,0
JAM,2002-09-30,2002,9,0
JAM,2002-10-31,2002,10,0
JAM,2002-11-30,2002,11,0
JAM,2002-12-31,2002,12,0
JAM,2003-01-31,2003,1,0
JAM,2003-02-28,2003,2,0
JAM,2003-03-31,2003,3,0
JAM,2003-04-30,2003,4,0
JAM,2003-05-31,2003,5,0
JAM,2003-06-30,2003,6,0
JAM,2003-07-31,2003,7,0
JAM,2003-08-31,2003,8,0
JAM,2003-09-30,2003,9,0
JAM,2003-10-31,2003,10,0
JAM,2003-11-30,2003,11,0
JAM,2003-12-31,2003,12,0
JAM,2004-01-31,2004,1,0
JAM,2004-02-29,2004,2,0
JAM,2004-03-31,2004,3,0
JAM,2004-04-30,2004,4,0
JAM,2004-05-31,2004,5,0
JAM,2004-06-30,2004,6,0
JAM,2004-07-31,2004,7,0
JAM,2004-08-31,2004,8,0
JAM,2004-09-30,2004,9,0
JAM,2004-10-31,2004,10,0
JAM,2004-11-30,2004,11,0
JAM,2004-12-31,2004,12,0
JAM,2005-01-31,2005,1,0
JAM,2005-02-28,2005,2,0
JAM,2005-03-31,2005,3,0
JAM,2005-04-30,2005,4,0
JAM,2005-05-31,2005,5,0
JAM,2005-06-30,2005,6,0
JAM,2005-07-31,2005,7,0
JAM,2005-08-31,2005,8,0
JAM,2005-09-30,2005,9,0
JAM,2005-10-31,2005,10,0
JAM,2005-11-30,2005,11,0
JAM,2005-12-31,2005,12,0
JAM,2006-01-31,2006,1,0
JAM,2006-02-28,2006,2,0
JAM,2006-03-31,2006,3,0
JAM,2006-04-30,2006,4,0
JAM,2006-05-31,2006,5,0
JAM,2006-06-30,2006,6,0
JAM,2006-07-31,2006,7,0
JAM,2006-08-31,2006,8,0
JAM,2006-09-30,2006,9,0
JAM,2006-10-31,2006,10,0
JAM,2006-11-30,2006,11,0
JAM,2006-12-31,2006,12,0
JAM,2007-01-31,2007,1,0
JAM,2007-02-28,2007,2,0
JAM,2007-03-31,2007,3,0
JAM,2007-04-30,2007,4,0
JAM,2007-05-31,2007,5,0
JAM,2007-06-30,2007,6,0
JAM,2007-07-31,2007,7,0
JAM,2007-08-31,2007,8,0
JAM,2007-09-30,2007,9,0
JAM,2007-10-31,2007,10,0
JAM,2007-11-30,2007,11,0
JAM,2007-12-31,2007,12,0
JAM,2008-01-31,2008,1,0
JAM,2008-02-29,2008,2,0
JAM,2008-03-31,2008,3,0
JAM,2008-04-30,2008,4,0
JAM,2008-05-31,2008,5,0
JAM,2008-06-30,2008,6,0
JAM,2008-07-31,2008,7,0
JAM,2008-08-31,2008,8,0
JAM,2008-09-30,2008,9,0
JAM,2008-10-31,2008,10,0
JAM,2008-11-30,2008,11,0
JAM,2008-12-31,2008,12,0
JAM,2009-01-31,2009,1,0
JAM,2009-02-28,2009,2,0
JAM,2009-03-31,2009,3,0
JAM,2009-04-30,2009,4,0
JAM,2009-05-31,2009,5,0
JAM,2009-06-30,2009,6,0
JAM,2009-07-31,2009,7,0
JAM,2009-08-31,2009,8,0
JAM,2009-09-30,2009,9,0
JAM,2009-10-31,2009,10,0
JAM,2009-11-30,2009,11,0
JAM,2009-12-31,2009,12,0
JAM,2010-01-31,2010,1,0
JAM,2010-02-28,2010,2,0
JAM,2010-03-31,2010,3,0
JAM,2010-04-30,2010,4,0
JAM,2010-05-31,2010,5,0
JAM,2010-06-30,2010,6,0
JAM,2010-07-31,2010,7,0
JAM,2010-08-31,2010,8,0
JAM,2010-09-30,2010,9,0
JAM,2010-10-31,2010,10,0
JAM,2010-11-30,2010,11,0
JAM,2010-12-31,2010,12,0
JAM,2011-01-31,2011,1,0
JAM,2011-02-28,2011,2,0
JAM,2011-03-31,2011,3,0
JAM,2011-04-30,2011,4,0
JAM,2011-05-31,2011,5,0
JAM,2011-06-30,2011,6,0
JAM,2011-07-31,2011,7,0
JAM,2011-08-31,2011,8,0
JAM,2011-09-30,2011,9,0
JAM,2011-10-31,2011,10,0
JAM,2011-11-30,2011,11,0
JAM,2011-12-31,2011,12,0
JAM,2012-01-31,2012,1,0
JAM,2012-02-29,2012,2,0
JAM,2012-03-31,2012,3,0
JAM,2012-04-30,2012,4,0
JAM,2012-05-31,2012,5,0
JAM,2012-06-30,2012,6,0
JAM,2012-07-31,2012,7,0
JAM,2012-08-31,2012,8,0
JAM,2012-09-30,2012,9,0
JAM,2012-10-31,2012,10,0
JAM,2012-11-30,2012,11,0
JAM,2012-12-31,2012,12,0
JAM,2013-01-31,2013,1,0
JAM,2013-02-28,2013,2,0
JAM,2013-03-31,2013,3,0
JAM,2013-04-30,2013,4,0
JAM,2013-05-31,2013,5,0
JAM,2013-06-30,2013,6,0
JAM,2013-07-31,2013,7,0
JAM,2013-08-31,2013,8,0
JAM,2013-09-30,2013,9,0
JAM,2013-10-31,2013,10,0
JAM,2013-11-30,2013,11,0
JAM,2013-12-31,2013,12,0
JAM,2014-01-31,2014,1,0
JAM,2014-02-28,2014,2,0
JAM,2014-03-31,2014,3,0
JAM,2014-04-30,2014,4,0
JAM,2014-05-31,2014,5,0
JAM,2014-06-30,2014,6,0
JAM,2014-07-31,2014,7,0
JAM,2014-08-31,2014,8,0
JAM,2014-09-30,2014,9,0
JAM,2014-10-31,2014,10,0
JAM,2014-11-30,2014,11,0
JAM,2014-12-31,2014,12,0
JAM,2015-01-31,2015,1,0
JAM,2015-02-28,2015,2,0
JAM,2015-03-31,2015,3,0
JAM,2015-04-30,2015,4,0
JAM,2015-05-31,2015,5,0
JAM,2015-06-30,2015,6,0
JAM,2015-07-31,2015,7,0
JAM,2015-08-31,2015,8,0
JAM,2015-09-30,2015,9,0
JAM,2015-10-31,2015,10,0
JAM,2015-11-30,2015,11,0
JAM,2015-12-31,2015,12,0
JAM,2016-01-31,2016,1,0
JAM,2016-02-29,2016,2,0
JAM,2016-03-31,2016,3,0
JAM,2016-04-30,2016,4,0
JAM,2016-05-31,2016,5,0
JAM,2016-06-30,2016,6,0
JAM,2016-07-31,2016,7,0
JAM,2016-08-31,2016,8,0
JAM,2016-09-30,2016,9,0
JAM,2016-10-31,2016,10,0
JAM,2016-11-30,2016,11,0
JAM,2016-12-31,2016,12,0
JOR,1990-01-31,1990,1,0
JOR,1990-02-28,1990,2,0
JOR,1990-03-31,1990,3,0
JOR,1990-04-30,1990,4,0
JOR,1990-05-31,1990,5,0
JOR,1990-06-30,1990,6,0
JOR,1990-07-31,1990,7,0
JOR,1990-08-31,1990,8,0
JOR,1990-09-30,1990,9,0
JOR,1990-10-31,1990,10,0
JOR,1990-11-30,1990,11,0
JOR,1990-12-31,1990,12,0
JOR,1991-01-31,1991,1,0
JOR,1991-02-28,1991,2,0
JOR,1991-03-31,1991,3,0
JOR,1991-04-30,1991,4,0
JOR,1991-05-31,1991,5,0
JOR,1991-06-30,1991,6,0
JOR,1991-07-31,1991,7,0
JOR,1991-08-31,1991,8,0
JOR,1991-09-30,1991,9,0
JOR,1991-10-31,1991,10,0
JOR,1991-11-30,1991,11,0
JOR,1991-12-31,1991,12,0
JOR,1992-01-31,1992,1,0
JOR,1992-02-29,1992,2,0
JOR,1992-03-31,1992,3,0
JOR,1992-04-30,1992,4,0
JOR,1992-05-31,1992,5,0
JOR,1992-06-30,1992,6,0
JOR,1992-07-31,1992,7,0
JOR,1992-08-31,1992,8,0
JOR,1992-09-30,1992,9,0
JOR,1992-10-31,1992,10,0
JOR,1992-11-30,1992,11,0
JOR,1992-12-31,1992,12,0
JOR,1993-01-31,1993,1,0
JOR,1993-02-28,1993,2,0
JOR,1993-03-31,1993,3,0
JOR,1993-04-30,1993,4,0
JOR,1993-05-31,1993,5,0
JOR,1993-06-30,1993,6,0
JOR,1993-07-31,1993,7,0
JOR,1993-08-31,1993,8,0
JOR,1993-09-30,1993,9,0
JOR,1993-10-31,1993,10,0
JOR,1993-11-30,1993,11,0
JOR,1993-12-31,1993,12,0
JOR,1994-01-31,1994,1,0
JOR,1994-02-28,1994,2,0
JOR,1994-03-31,1994,3,0
JOR,1994-04-30,1994,4,0
JOR,1994-05-31,1994,5,0
JOR,1994-06-30,1994,6,0
JOR,1994-07-31,1994,7,0
JOR,1994-08-31,1994,8,0
JOR,1994-09-30,1994,9,0
JOR,1994-10-31,1994,10,0
JOR,1994-11-30,1994,11,0
JOR,1994-12-31,1994,12,0
JOR,1995-01-31,1995,1,0
JOR,1995-02-28,1995,2,0
JOR,1995-03-31,1995,3,0
JOR,1995-04-30,1995,4,0
JOR,1995-05-31,1995,5,0
JOR,1995-06-30,1995,6,0
JOR,1995-07-31,1995,7,0
JOR,1995-08-31,1995,8,0
JOR,1995-09-30,1995,9,0
JOR,1995-10-31,1995,10,0
JOR,1995-11-30,1995,11,0
JOR,1995-12-31,1995,12,0
JOR,1996-01-31,1996,1,0
JOR,1996-02-29,1996,2,0
JOR,1996-03-31,1996,3,0
JOR,1996-04-30,1996,4,0
JOR,1996-05-31,1996,5,0
JOR,1996-06-30,1996,6,0
JOR,1996-07-31,1996,7,0
JOR,1996-08-31,1996,8,0
JOR,1996-09-30,1996,9,0
JOR,1996-10-31,1996,10,0
JOR,1996-11-30,1996,11,0
JOR,1996-12-31,1996,12,0
JOR,1997-01-31,1997,1,0
JOR,1997-02-28,1997,2,0
JOR,1997-03-31,1997,3,0
JOR,1997-04-30,1997,4,0
JOR,1997-05-31,1997,5,0
JOR,1997-06-30,1997,6,0
JOR,1997-07-31,1997,7,0
JOR,1997-08-31,1997,8,0
JOR,1997-09-30,1997,9,0
JOR,1997-10-31,1997,10,0
JOR,1997-11-30,1997,11,0
JOR,1997-12-31,1997,12,0
JOR,1998-01-31,1998,1,0
JOR,1998-02-28,1998,2,0
JOR,1998-03-31,1998,3,0
JOR,1998-04-30,1998,4,0
JOR,1998-05-31,1998,5,0
JOR,1998-06-30,1998,6,0
JOR,1998-07-31,1998,7,0
JOR,1998-08-31,1998,8,0
JOR,1998-09-30,1998,9,0
JOR,1998-10-31,1998,10,0
JOR,1998-11-30,1998,11,0
JOR,1998-12-31,1998,12,0
JOR,1999-01-31,1999,1,0
JOR,1999-02-28,1999,2,0
JOR,1999-03-31,1999,3,0
JOR,1999-04-30,1999,4,0
JOR,1999-05-31,1999,5,0
JOR,1999-06-30,1999,6,0
JOR,1999-07-31,1999,7,0
JOR,1999-08-31,1999,8,0
JOR,1999-09-30,1999,9,0
JOR,1999-10-31,1999,10,0
JOR,1999-11-30,1999,11,0
JOR,1999-12-31,1999,12,0
JOR,2000-01-31,2000,1,0
JOR,2000-02-29,2000,2,0
JOR,2000-03-31,2000,3,0
JOR,2000-04-30,2000,4,0
JOR,2000-05-31,2000,5,0
JOR,2000-06-30,2000,6,0
JOR,2000-07-31,2000,7,0
JOR,2000-08-31,2000,8,0
JOR,2000-09-30,2000,9,0
JOR,2000-10-31,2000,10,0
JOR,2000-11-30,2000,11,0
JOR,2000-12-31,2000,12,0
JOR,2001-01-31,2001,1,0
JOR,2001-02-28,2001,2,0
JOR,2001-03-31,2001,3,0
JOR,2001-04-30,2001,4,0
JOR,2001-05-31,2001,5,0
JOR,2001-06-30,2001,6,0
JOR,2001-07-31,2001,7,0
JOR,2001-08-31,2001,8,0
JOR,2001-09-30,2001,9,0
JOR,2001-10-31,2001,10,0
JOR,2001-11-30,2001,11,0
JOR,2001-12-31,2001,12,0
JOR,2002-01-31,2002,1,0
JOR,2002-02-28,2002,2,0
JOR,2002-03-31,2002,3,0
JOR,2002-04-30,2002,4,0
JOR,2002-05-31,2002,5,0
JOR,2002-06-30,2002,6,0
JOR,2002-07-31,2002,7,0
JOR,2002-08-31,2002,8,0
JOR,2002-09-30,2002,9,0
JOR,2002-10-31,2002,10,0
JOR,2002-11-30,2002,11,0
JOR,2002-12-31,2002,12,0
JOR,2003-01-31,2003,1,0
JOR,2003-02-28,2003,2,0
JOR,2003-03-31,2003,3,0
JOR,2003-04-30,2003,4,0
JOR,2003-05-31,2003,5,0
JOR,2003-06-30,2003,6,0
JOR,2003-07-31,2003,7,0
JOR,2003-08-31,2003,8,0
JOR,2003-09-30,2003,9,0
JOR,2003-10-31,2003,10,0
JOR,2003-11-30,2003,11,0
JOR,2003-12-31,2003,12,0
JOR,2004-01-31,2004,1,0
JOR,2004-02-29,2004,2,0
JOR,2004-03-31,2004,3,0
JOR,2004-04-30,2004,4,0
JOR,2004-05-31,2004,5,0
JOR,2004-06-30,2004,6,0
JOR,2004-07-31,2004,7,0
JOR,2004-08-31,2004,8,0
JOR,2004-09-30,2004,9,0
JOR,2004-10-31,2004,10,0
JOR,2004-11-30,2004,11,0
JOR,2004-12-31,2004,12,0
JOR,2005-01-31,2005,1,0
JOR,2005-02-28,2005,2,0
JOR,2005-03-31,2005,3,0
JOR,2005-04-30,2005,4,0
JOR,2005-05-31,2005,5,0
JOR,2005-06-30,2005,6,0
JOR,2005-07-31,2005,7,0
JOR,2005-08-31,2005,8,0
JOR,2005-09-30,2005,9,0
JOR,2005-10-31,2005,10,0
JOR,2005-11-30,2005,11,0
JOR,2005-12-31,2005,12,0
JOR,2006-01-31,2006,1,0
JOR,2006-02-28,2006,2,0
JOR,2006-03-31,2006,3,0
JOR,2006-04-30,2006,4,0
JOR,2006-05-31,2006,5,0
JOR,2006-06-30,2006,6,0
JOR,2006-07-31,2006,7,0
JOR,2006-08-31,2006,8,0
JOR,2006-09-30,2006,9,0
JOR,2006-10-31,2006,10,0
JOR,2006-11-30,2006,11,0
JOR,2006-12-31,2006,12,0
JOR,2007-01-31,2007,1,0
JOR,2007-02-28,2007,2,0
JOR,2007-03-31,2007,3,0
JOR,2007-04-30,2007,4,0
JOR,2007-05-31,2007,5,0
JOR,2007-06-30,2007,6,0
JOR,2007-07-31,2007,7,0
JOR,2007-08-31,2007,8,0
JOR,2007-09-30,2007,9,0
JOR,2007-10-31,2007,10,0
JOR,2007-11-30,2007,11,0
JOR,2007-12-31,2007,12,0
JOR,2008-01-31,2008,1,0
JOR,2008-02-29,2008,2,0
JOR,2008-03-31,2008,3,0
JOR,2008-04-30,2008,4,0
JOR,2008-05-31,2008,5,0
JOR,2008-06-30,2008,6,0
JOR,2008-07-31,2008,7,0
JOR,2008-08-31,2008,8,0
JOR,2008-09-30,2008,9,0
JOR,2008-10-31,2008,10,0
JOR,2008-11-30,2008,11,0
JOR,2008-12-31,2008,12,0
JOR,2009-01-31,2009,1,0
JOR,2009-02-28,2009,2,0
JOR,2009-03-31,2009,3,0
JOR,2009-04-30,2009,4,0
JOR,2009-05-31,2009,5,0
JOR,2009-06-30,2009,6,0
JOR,2009-07-31,2009,7,0
JOR,2009-08-31,2009,8,0
JOR,2009-09-30,2009,9,0
JOR,2009-10-31,2009,10,0
JOR,2009-11-30,2009,11,0
JOR,2009-12-31,2009,12,0
JOR,2010-01-31,2010,1,0
JOR,2010-02-28,2010,2,0
JOR,2010-03-31,2010,3,0
JOR,2010-04-30,2010,4,0
JOR,2010-05-31,2010,5,0
JOR,2010-06-30,2010,6,0
JOR,2010-07-31,2010,7,0
JOR,2010-08-31,2010,8,0
JOR,2010-09-30,2010,9,0
JOR,2010-10-31,2010,10,0
JOR,2010-11-30,2010,11,0
JOR,2010-12-31,2010,12,0
JOR,2011-01-31,2011,1,0
JOR,2011-02-28,2011,2,0
JOR,2011-03-31,2011,3,0
JOR,2011-04-30,2011,4,0
JOR,2011-05-31,2011,5,0
JOR,2011-06-30,2011,6,0
JOR,2011-07-31,2011,7,0
JOR,2011-08-31,2011,8,0
JOR,2011-09-30,2011,9,0
JOR,2011-10-31,2011,10,0
JOR,2011-11-30,2011,11,0
JOR,2011-12-31,2011,12,0
JOR,2012-01-31,2012,1,0
JOR,2012-02-29,2012,2,0
JOR,2012-03-31,2012,3,0
JOR,2012-04-30,2012,4,0
JOR,2012-05-31,2012,5,0
JOR,2012-06-30,2012,6,0
JOR,2012-07-31,2012,7,0
JOR,2012-08-31,2012,8,0
JOR,2012-09-30,2012,9,0
JOR,2012-10-31,2012,10,0
JOR,2012-11-30,2012,11,0
JOR,2012-12-31,2012,12,0
JOR,2013-01-31,2013,1,0
JOR,2013-02-28,2013,2,0
JOR,2013-03-31,2013,3,0
JOR,2013-04-30,2013,4,0
JOR,2013-05-31,2013,5,0
JOR,2013-06-30,2013,6,0
JOR,2013-07-31,2013,7,0
JOR,2013-08-31,2013,8,0
JOR,2013-09-30,2013,9,0
JOR,2013-10-31,2013,10,0
JOR,2013-11-30,2013,11,0
JOR,2013-12-31,2013,12,0
JOR,2014-01-31,2014,1,0
JOR,2014-02-28,2014,2,0
JOR,2014-03-31,2014,3,0
JOR,2014-04-30,2014,4,0
JOR,2014-05-31,2014,5,0
JOR,2014-06-30,2014,6,0
JOR,2014-07-31,2014,7,0
JOR,2014-08-31,2014,8,0
JOR,2014-09-30,2014,9,0
JOR,2014-10-31,2014,10,0
JOR,2014-11-30,2014,11,0
JOR,2014-12-31,2014,12,0
JOR,2015-01-31,2015,1,0
JOR,2015-02-28,2015,2,0
JOR,2015-03-31,2015,3,0
JOR,2015-04-30,2015,4,0
JOR,2015-05-31,2015,5,0
JOR,2015-06-30,2015,6,0
JOR,2015-07-31,2015,7,0
JOR,2015-08-31,2015,8,0
JOR,2015-09-30,2015,9,0
JOR,2015-10-31,2015,10,0
JOR,2015-11-30,2015,11,0
JOR,2015-12-31,2015,12,0
JOR,2016-01-31,2016,1,0
JOR,2016-02-29,2016,2,0
JOR,2016-03-31,2016,3,0
JOR,2016-04-30,2016,4,0
JOR,2016-05-31,2016,5,0
JOR,2016-06-30,2016,6,0
JOR,2016-07-31,2016,7,0
JOR,2016-08-31,2016,8,0
JOR,2016-09-30,2016,9,0
JOR,2016-10-31,2016,10,0
JOR,2016-11-30,2016,11,0
JOR,2016-12-31,2016,12,0
KAZ,1993-11-30,1993,11,0
KAZ,1993-12-31,1993,12,0
KAZ,1994-01-31,1994,1,0
KAZ,1994-02-28,1994,2,0
KAZ,1994-03-31,1994,3,0
KAZ,1994-04-30,1994,4,0
KAZ,1994-05-31,1994,5,0
KAZ,1994-06-30,1994,6,0
KAZ,1994-07-31,1994,7,0
KAZ,1994-08-31,1994,8,0
KAZ,1994-09-30,1994,9,0
KAZ,1994-10-31,1994,10,0
KAZ,1994-11-30,1994,11,0
KAZ,1994-12-31,1994,12,0
KAZ,1995-01-31,1995,1,0
KAZ,1995-02-28,1995,2,0
KAZ,1995-03-31,1995,3,0
KAZ,1995-04-30,1995,4,0
KAZ,1995-05-31,1995,5,0
KAZ,1995-06-30,1995,6,0
KAZ,1995-07-31,1995,7,0
KAZ,1995-08-31,1995,8,0
KAZ,1995-09-30,1995,9,0
KAZ,1995-10-31,1995,10,0
KAZ,1995-11-30,1995,11,0
KAZ,1995-12-31,1995,12,0
KAZ,1996-01-31,1996,1,0
KAZ,1996-02-29,1996,2,0
KAZ,1996-03-31,1996,3,0
KAZ,1996-04-30,1996,4,0
KAZ,1996-05-31,1996,5,0
KAZ,1996-06-30,1996,6,0
KAZ,1996-07-31,1996,7,0
KAZ,1996-08-31,1996,8,0
KAZ,1996-09-30,1996,9,0
KAZ,1996-10-31,1996,10,0
KAZ,1996-11-30,1996,11,0
KAZ,1996-12-31,1996,12,0
KAZ,1997-01-31,1997,1,0
KAZ,1997-02-28,1997,2,0
KAZ,1997-03-31,1997,3,0
KAZ,1997-04-30,1997,4,0
KAZ,1997-05-31,1997,5,0
KAZ,1997-06-30,1997,6,0
KAZ,1997-07-31,1997,7,0
KAZ,1997-08-31,1997,8,0
KAZ,1997-09-30,1997,9,0
KAZ,1997-10-31,1997,10,0
KAZ,1997-11-30,1997,11,0
KAZ,1997-12-31,1997,12,0
KAZ,1998-01-31,1998,1,1
KAZ,1998-02-28,1998,2,1
KAZ,1998-03-31,1998,3,1
KAZ,1998-04-30,1998,4,1
KAZ,1998-05-31,1998,5,1
KAZ,1998-06-30,1998,6,1
KAZ,1998-07-31,1998,7,1
KAZ,1998-08-31,1998,8,1
KAZ,1998-09-30,1998,9,1
KAZ,1998-10-31,1998,10,1
KAZ,1998-11-30,1998,11,1
KAZ,1998-12-31,1998,12,1
KAZ,1999-01-31,1999,1,0
KAZ,1999-02-28,1999,2,0
KAZ,1999-03-31,1999,3,0
KAZ,1999-04-30,1999,4,0
KAZ,1999-05-31,1999,5,0
KAZ,1999-06-30,1999,6,0
KAZ,1999-07-31,1999,7,0
KAZ,1999-08-31,1999,8,0
KAZ,1999-09-30,1999,9,0
KAZ,1999-10-31,1999,10,0
KAZ,1999-11-30,1999,11,0
KAZ,1999-12-31,1999,12,0
KAZ,2000-01-31,2000,1,0
KAZ,2000-02-29,2000,2,0
KAZ,2000-03-31,2000,3,0
KAZ,2000-04-30,2000,4,0
KAZ,2000-05-31,2000,5,0
KAZ,2000-06-30,2000,6,0
KAZ,2000-07-31,2000,7,0
KAZ,2000-08-31,2000,8,0
KAZ,2000-09-30,2000,9,0
KAZ,2000-10-31,2000,10,0
KAZ,2000-11-30,2000,11,0
KAZ,2000-12-31,2000,12,0
KAZ,2001-01-31,2001,1,0
KAZ,2001-02-28,2001,2,0
KAZ,2001-03-31,2001,3,0
KAZ,2001-04-30,2001,4,0
KAZ,2001-05-31,2001,5,0
KAZ,2001-06-30,2001,6,0
KAZ,2001-07-31,2001,7,0
KAZ,2001-08-31,2001,8,0
KAZ,2001-09-30,2001,9,0
KAZ,2001-10-31,2001,10,0
KAZ,2001-11-30,2001,11,0
KAZ,2001-12-31,2001,12,0
KAZ,2002-01-31,2002,1,0
KAZ,2002-02-28,2002,2,0
KAZ,2002-03-31,2002,3,0
KAZ,2002-04-30,2002,4,0
KAZ,2002-05-31,2002,5,0
KAZ,2002-06-30,2002,6,0
KAZ,2002-07-31,2002,7,0
KAZ,2002-08-31,2002,8,0
KAZ,2002-09-30,2002,9,0
KAZ,2002-10-31,2002,10,0
KAZ,2002-11-30,2002,11,0
KAZ,2002-12-31,2002,12,0
KAZ,2003-01-31,2003,1,0
KAZ,2003-02-28,2003,2,0
KAZ,2003-03-31,2003,3,0
KAZ,2003-04-30,2003,4,0
KAZ,2003-05-31,2003,5,0
KAZ,2003-06-30,2003,6,0
KAZ,2003-07-31,2003,7,0
KAZ,2003-08-31,2003,8,0
KAZ,2003-09-30,2003,9,0
KAZ,2003-10-31,2003,10,0
KAZ,2003-11-30,2003,11,0
KAZ,2003-12-31,2003,12,0
KAZ,2004-01-31,2004,1,0
KAZ,2004-02-29,2004,2,0
KAZ,2004-03-31,2004,3,0
KAZ,2004-04-30,2004,4,0
KAZ,2004-05-31,2004,5,0
KAZ,2004-06-30,2004,6,0
KAZ,2004-07-31,2004,7,0
KAZ,2004-08-31,2004,8,0
KAZ,2004-09-30,2004,9,0
KAZ,2004-10-31,2004,10,0
KAZ,2004-11-30,2004,11,0
KAZ,2004-12-31,2004,12,0
KAZ,2005-01-31,2005,1,0
KAZ,2005-02-28,2005,2,0
KAZ,2005-03-31,2005,3,0
KAZ,2005-04-30,2005,4,0
KAZ,2005-05-31,2005,5,0
KAZ,2005-06-30,2005,6,0
KAZ,2005-07-31,2005,7,0
KAZ,2005-08-31,2005,8,0
KAZ,2005-09-30,2005,9,0
KAZ,2005-10-31,2005,10,0
KAZ,2005-11-30,2005,11,0
KAZ,2005-12-31,2005,12,0
KAZ,2006-01-31,2006,1,0
KAZ,2006-02-28,2006,2,0
KAZ,2006-03-31,2006,3,0
KAZ,2006-04-30,2006,4,0
KAZ,2006-05-31,2006,5,0
KAZ,2006-06-30,2006,6,0
KAZ,2006-07-31,2006,7,0
KAZ,2006-08-31,2006,8,0
KAZ,2006-09-30,2006,9,0
KAZ,2006-10-31,2006,10,0
KAZ,2006-11-30,2006,11,0
KAZ,2006-12-31,2006,12,0
KAZ,2007-01-31,2007,1,0
KAZ,2007-02-28,2007,2,0
KAZ,2007-03-31,2007,3,0
KAZ,2007-04-30,2007,4,0
KAZ,2007-05-31,2007,5,0
KAZ,2007-06-30,2007,6,0
KAZ,2007-07-31,2007,7,0
KAZ,2007-08-31,2007,8,0
KAZ,2007-09-30,2007,9,0
KAZ,2007-10-31,2007,10,0
KAZ,2007-11-30,2007,11,0
KAZ,2007-12-31,2007,12,0
KAZ,2008-01-31,2008,1,0
KAZ,2008-02-29,2008,2,0
KAZ,2008-03-31,2008,3,0
KAZ,2008-04-30,2008,4,0
KAZ,2008-05-31,2008,5,0
KAZ,2008-06-30,2008,6,0
KAZ,2008-07-31,2008,7,0
KAZ,2008-08-31,2008,8,0
KAZ,2008-09-30,2008,9,0
KAZ,2008-10-31,2008,10,0
KAZ,2008-11-30,2008,11,0
KAZ,2008-12-31,2008,12,0
KAZ,2009-01-31,2009,1,0
KAZ,2009-02-28,2009,2,0
KAZ,2009-03-31,2009,3,0
KAZ,2009-04-30,2009,4,0
KAZ,2009-05-31,2009,5,0
KAZ,2009-06-30,2009,6,0
KAZ,2009-07-31,2009,7,0
KAZ,2009-08-31,2009,8,0
KAZ,2009-09-30,2009,9,0
KAZ,2009-10-31,2009,10,0
KAZ,2009-11-30,2009,11,0
KAZ,2009-12-31,2009,12,0
KAZ,2010-01-31,2010,1,0
KAZ,2010-02-28,2010,2,0
KAZ,2010-03-31,2010,3,0
KAZ,2010-04-30,2010,4,0
KAZ,2010-05-31,2010,5,0
KAZ,2010-06-30,2010,6,0
KAZ,2010-07-31,2010,7,0
KAZ,2010-08-31,2010,8,0
KAZ,2010-09-30,2010,9,0
KAZ,2010-10-31,2010,10,0
KAZ,2010-11-30,2010,11,0
KAZ,2010-12-31,2010,12,0
KAZ,2011-01-31,2011,1,0
KAZ,2011-02-28,2011,2,0
KAZ,2011-03-31,2011,3,0
KAZ,2011-04-30,2011,4,0
KAZ,2011-05-31,2011,5,0
KAZ,2011-06-30,2011,6,0
KAZ,2011-07-31,2011,7,0
KAZ,2011-08-31,2011,8,0
KAZ,2011-09-30,2011,9,0
KAZ,2011-10-31,2011,10,0
KAZ,2011-11-30,2011,11,0
KAZ,2011-12-31,2011,12,0
KAZ,2012-01-31,2012,1,0
KAZ,2012-02-29,2012,2,0
KAZ,2012-03-31,2012,3,0
KAZ,2012-04-30,2012,4,0
KAZ,2012-05-31,2012,5,0
KAZ,2012-06-30,2012,6,0
KAZ,2012-07-31,2012,7,0
KAZ,2012-08-31,2012,8,0
KAZ,2012-09-30,2012,9,0
KAZ,2012-10-31,2012,10,0
KAZ,2012-11-30,2012,11,0
KAZ,2012-12-31,2012,12,0
KAZ,2013-01-31,2013,1,0
KAZ,2013-02-28,2013,2,0
KAZ,2013-03-31,2013,3,0
KAZ,2013-04-30,2013,4,0
KAZ,2013-05-31,2013,5,0
KAZ,2013-06-30,2013,6,0
KAZ,2013-07-31,2013,7,0
KAZ,2013-08-31,2013,8,0
KAZ,2013-09-30,2013,9,0
KAZ,2013-10-31,2013,10,0
KAZ,2013-11-30,2013,11,0
KAZ,2013-12-31,2013,12,0
KAZ,2014-01-31,2014,1,1
KAZ,2014-02-28,2014,2,1
KAZ,2014-03-31,2014,3,1
KAZ,2014-04-30,2014,4,1
KAZ,2014-05-31,2014,5,1
KAZ,2014-06-30,2014,6,1
KAZ,2014-07-31,2014,7,1
KAZ,2014-08-31,2014,8,1
KAZ,2014-09-30,2014,9,1
KAZ,2014-10-31,2014,10,1
KAZ,2014-11-30,2014,11,1
KAZ,2014-12-31,2014,12,1
KAZ,2015-01-31,2015,1,0
KAZ,2015-02-28,2015,2,0
KAZ,2015-03-31,2015,3,0
KAZ,2015-04-30,2015,4,0
KAZ,2015-05-31,2015,5,0
KAZ,2015-06-30,2015,6,0
KAZ,2015-07-31,2015,7,0
KAZ,2015-08-31,2015,8,0
KAZ,2015-09-30,2015,9,0
KAZ,2015-10-31,2015,10,0
KAZ,2015-11-30,2015,11,0
KAZ,2015-12-31,2015,12,0
KAZ,2016-01-31,2016,1,0
KAZ,2016-02-29,2016,2,0
KAZ,2016-03-31,2016,3,0
KAZ,2016-04-30,2016,4,0
KAZ,2016-05-31,2016,5,0
KAZ,2016-06-30,2016,6,0
KAZ,2016-07-31,2016,7,0
KAZ,2016-08-31,2016,8,0
KAZ,2016-09-30,2016,9,0
KAZ,2016-10-31,2016,10,0
KAZ,2016-11-30,2016,11,0
KAZ,2016-12-31,2016,12,0
KEN,1990-01-31,1990,1,0
KEN,1990-02-28,1990,2,0
KEN,1990-03-31,1990,3,0
KEN,1990-04-30,1990,4,0
KEN,1990-05-31,1990,5,0
KEN,1990-06-30,1990,6,0
KEN,1990-07-31,1990,7,0
KEN,1990-08-31,1990,8,0
KEN,1990-09-30,1990,9,0
KEN,1990-10-31,1990,10,0
KEN,1990-11-30,1990,11,0
KEN,1990-12-31,1990,12,0
KEN,1991-01-31,1991,1,0
KEN,1991-02-28,1991,2,0
KEN,1991-03-31,1991,3,0
KEN,1991-04-30,1991,4,0
KEN,1991-05-31,1991,5,0
KEN,1991-06-30,1991,6,0
KEN,1991-07-31,1991,7,0
KEN,1991-08-31,1991,8,0
KEN,1991-09-30,1991,9,0
KEN,1991-10-31,1991,10,0
KEN,1991-11-30,1991,11,0
KEN,1991-12-31,1991,12,0
KEN,1992-01-31,1992,1,1
KEN,1992-02-29,1992,2,1
KEN,1992-03-31,1992,3,1
KEN,1992-04-30,1992,4,1
KEN,1992-05-31,1992,5,1
KEN,1992-06-30,1992,6,1
KEN,1992-07-31,1992,7,1
KEN,1992-08-31,1992,8,1
KEN,1992-09-30,1992,9,1
KEN,1992-10-31,1992,10,1
KEN,1992-11-30,1992,11,1
KEN,1992-12-31,1992,12,1
KEN,1993-01-31,1993,1,0
KEN,1993-02-28,1993,2,0
KEN,1993-03-31,1993,3,0
KEN,1993-04-30,1993,4,0
KEN,1993-05-31,1993,5,0
KEN,1993-06-30,1993,6,0
KEN,1993-07-31,1993,7,0
KEN,1993-08-31,1993,8,0
KEN,1993-09-30,1993,9,0
KEN,1993-10-31,1993,10,0
KEN,1993-11-30,1993,11,0
KEN,1993-12-31,1993,12,0
KEN,1994-01-31,1994,1,0
KEN,1994-02-28,1994,2,0
KEN,1994-03-31,1994,3,0
KEN,1994-04-30,1994,4,0
KEN,1994-05-31,1994,5,0
KEN,1994-06-30,1994,6,0
KEN,1994-07-31,1994,7,0
KEN,1994-08-31,1994,8,0
KEN,1994-09-30,1994,9,0
KEN,1994-10-31,1994,10,0
KEN,1994-11-30,1994,11,0
KEN,1994-12-31,1994,12,0
KEN,1995-01-31,1995,1,0
KEN,1995-02-28,1995,2,0
KEN,1995-03-31,1995,3,0
KEN,1995-04-30,1995,4,0
KEN,1995-05-31,1995,5,0
KEN,1995-06-30,1995,6,0
KEN,1995-07-31,1995,7,0
KEN,1995-08-31,1995,8,0
KEN,1995-09-30,1995,9,0
KEN,1995-10-31,1995,10,0
KEN,1995-11-30,1995,11,0
KEN,1995-12-31,1995,12,0
KEN,1996-01-31,1996,1,0
KEN,1996-02-29,1996,2,0
KEN,1996-03-31,1996,3,0
KEN,1996-04-30,1996,4,0
KEN,1996-05-31,1996,5,0
KEN,1996-06-30,1996,6,0
KEN,1996-07-31,1996,7,0
KEN,1996-08-31,1996,8,0
KEN,1996-09-30,1996,9,0
KEN,1996-10-31,1996,10,0
KEN,1996-11-30,1996,11,0
KEN,1996-12-31,1996,12,0
KEN,1997-01-31,1997,1,0
KEN,1997-02-28,1997,2,0
KEN,1997-03-31,1997,3,0
KEN,1997-04-30,1997,4,0
KEN,1997-05-31,1997,5,0
KEN,1997-06-30,1997,6,0
KEN,1997-07-31,1997,7,0
KEN,1997-08-31,1997,8,0
KEN,1997-09-30,1997,9,0
KEN,1997-10-31,1997,10,0
KEN,1997-11-30,1997,11,0
KEN,1997-12-31,1997,12,0
KEN,1998-01-31,1998,1,0
KEN,1998-02-28,1998,2,0
KEN,1998-03-31,1998,3,0
KEN,1998-04-30,1998,4,0
KEN,1998-05-31,1998,5,0
KEN,1998-06-30,1998,6,0
KEN,1998-07-31,1998,7,0
KEN,1998-08-31,1998,8,0
KEN,1998-09-30,1998,9,0
KEN,1998-10-31,1998,10,0
KEN,1998-11-30,1998,11,0
KEN,1998-12-31,1998,12,0
KEN,1999-01-31,1999,1,0
KEN,1999-02-28,1999,2,0
KEN,1999-03-31,1999,3,0
KEN,1999-04-30,1999,4,0
KEN,1999-05-31,1999,5,0
KEN,1999-06-30,1999,6,0
KEN,1999-07-31,1999,7,0
KEN,1999-08-31,1999,8,0
KEN,1999-09-30,1999,9,0
KEN,1999-10-31,1999,10,0
KEN,1999-11-30,1999,11,0
KEN,1999-12-31,1999,12,0
KEN,2000-01-31,2000,1,0
KEN,2000-02-29,2000,2,0
KEN,2000-03-31,2000,3,0
KEN,2000-04-30,2000,4,0
KEN,2000-05-31,2000,5,0
KEN,2000-06-30,2000,6,0
KEN,2000-07-31,2000,7,0
KEN,2000-08-31,2000,8,0
KEN,2000-09-30,2000,9,0
KEN,2000-10-31,2000,10,0
KEN,2000-11-30,2000,11,0
KEN,2000-12-31,2000,12,0
KEN,2001-01-31,2001,1,0
KEN,2001-02-28,2001,2,0
KEN,2001-03-31,2001,3,0
KEN,2001-04-30,2001,4,0
KEN,2001-05-31,2001,5,0
KEN,2001-06-30,2001,6,0
KEN,2001-07-31,2001,7,0
KEN,2001-08-31,2001,8,0
KEN,2001-09-30,2001,9,0
KEN,2001-10-31,2001,10,0
KEN,2001-11-30,2001,11,0
KEN,2001-12-31,2001,12,0
KEN,2002-01-31,2002,1,0
KEN,2002-02-28,2002,2,0
KEN,2002-03-31,2002,3,0
KEN,2002-04-30,2002,4,0
KEN,2002-05-31,2002,5,0
KEN,2002-06-30,2002,6,0
KEN,2002-07-31,2002,7,0
KEN,2002-08-31,2002,8,0
KEN,2002-09-30,2002,9,0
KEN,2002-10-31,2002,10,0
KEN,2002-11-30,2002,11,0
KEN,2002-12-31,2002,12,0
KEN,2003-01-31,2003,1,0
KEN,2003-02-28,2003,2,0
KEN,2003-03-31,2003,3,0
KEN,2003-04-30,2003,4,0
KEN,2003-05-31,2003,5,0
KEN,2003-06-30,2003,6,0
KEN,2003-07-31,2003,7,0
KEN,2003-08-31,2003,8,0
KEN,2003-09-30,2003,9,0
KEN,2003-10-31,2003,10,0
KEN,2003-11-30,2003,11,0
KEN,2003-12-31,2003,12,0
KEN,2004-01-31,2004,1,0
KEN,2004-02-29,2004,2,0
KEN,2004-03-31,2004,3,0
KEN,2004-04-30,2004,4,0
KEN,2004-05-31,2004,5,0
KEN,2004-06-30,2004,6,0
KEN,2004-07-31,2004,7,0
KEN,2004-08-31,2004,8,0
KEN,2004-09-30,2004,9,0
KEN,2004-10-31,2004,10,0
KEN,2004-11-30,2004,11,0
KEN,2004-12-31,2004,12,0
KEN,2005-01-31,2005,1,0
KEN,2005-02-28,2005,2,0
KEN,2005-03-31,2005,3,0
KEN,2005-04-30,2005,4,0
KEN,2005-05-31,2005,5,0
KEN,2005-06-30,2005,6,0
KEN,2005-07-31,2005,7,0
KEN,2005-08-31,2005,8,0
KEN,2005-09-30,2005,9,0
KEN,2005-10-31,2005,10,0
KEN,2005-11-30,2005,11,0
KEN,2005-12-31,2005,12,0
KEN,2006-01-31,2006,1,0
KEN,2006-02-28,2006,2,0
KEN,2006-03-31,2006,3,0
KEN,2006-04-30,2006,4,0
KEN,2006-05-31,2006,5,0
KEN,2006-06-30,2006,6,0
KEN,2006-07-31,2006,7,0
KEN,2006-08-31,2006,8,0
KEN,2006-09-30,2006,9,0
KEN,2006-10-31,2006,10,0
KEN,2006-11-30,2006,11,0
KEN,2006-12-31,2006,12,0
KEN,2007-01-31,2007,1,0
KEN,2007-02-28,2007,2,0
KEN,2007-03-31,2007,3,0
KEN,2007-04-30,2007,4,0
KEN,2007-05-31,2007,5,0
KEN,2007-06-30,2007,6,0
KEN,2007-07-31,2007,7,0
KEN,2007-08-31,2007,8,0
KEN,2007-09-30,2007,9,0
KEN,2007-10-31,2007,10,0
KEN,2007-11-30,2007,11,0
KEN,2007-12-31,2007,12,0
KEN,2008-01-31,2008,1,0
KEN,2008-02-29,2008,2,0
KEN,2008-03-31,2008,3,0
KEN,2008-04-30,2008,4,0
KEN,2008-05-31,2008,5,0
KEN,2008-06-30,2008,6,0
KEN,2008-07-31,2008,7,0
KEN,2008-08-31,2008,8,0
KEN,2008-09-30,2008,9,0
KEN,2008-10-31,2008,10,0
KEN,2008-11-30,2008,11,0
KEN,2008-12-31,2008,12,0
KEN,2009-01-31,2009,1,0
KEN,2009-02-28,2009,2,0
KEN,2009-03-31,2009,3,0
KEN,2009-04-30,2009,4,0
KEN,2009-05-31,2009,5,0
KEN,2009-06-30,2009,6,0
KEN,2009-07-31,2009,7,0
KEN,2009-08-31,2009,8,0
KEN,2009-09-30,2009,9,0
KEN,2009-10-31,2009,10,0
KEN,2009-11-30,2009,11,0
KEN,2009-12-31,2009,12,0
KEN,2010-01-31,2010,1,0
KEN,2010-02-28,2010,2,0
KEN,2010-03-31,2010,3,0
KEN,2010-04-30,2010,4,0
KEN,2010-05-31,2010,5,0
KEN,2010-06-30,2010,6,0
KEN,2010-07-31,2010,7,0
KEN,2010-08-31,2010,8,0
KEN,2010-09-30,2010,9,0
KEN,2010-10-31,2010,10,0
KEN,2010-11-30,2010,11,0
KEN,2010-12-31,2010,12,0
KEN,2011-01-31,2011,1,0
KEN,2011-02-28,2011,2,0
KEN,2011-03-31,2011,3,0
KEN,2011-04-30,2011,4,0
KEN,2011-05-31,2011,5,0
KEN,2011-06-30,2011,6,0
KEN,2011-07-31,2011,7,0
KEN,2011-08-31,2011,8,0
KEN,2011-09-30,2011,9,0
KEN,2011-10-31,2011,10,0
KEN,2011-11-30,2011,11,0
KEN,2011-12-31,2011,12,0
KEN,2012-01-31,2012,1,0
KEN,2012-02-29,2012,2,0
KEN,2012-03-31,2012,3,0
KEN,2012-04-30,2012,4,0
KEN,2012-05-31,2012,5,0
KEN,2012-06-30,2012,6,0
KEN,2012-07-31,2012,7,0
KEN,2012-08-31,2012,8,0
KEN,2012-09-30,2012,9,0
KEN,2012-10-31,2012,10,0
KEN,2012-11-30,2012,11,0
KEN,2012-12-31,2012,12,0
KEN,2013-01-31,2013,1,0
KEN,2013-02-28,2013,2,0
KEN,2013-03-31,2013,3,0
KEN,2013-04-30,2013,4,0
KEN,2013-05-31,2013,5,0
KEN,2013-06-30,2013,6,0
KEN,2013-07-31,2013,7,0
KEN,2013-08-31,2013,8,0
KEN,2013-09-30,2013,9,0
KEN,2013-10-31,2013,10,0
KEN,2013-11-30,2013,11,0
KEN,2013-12-31,2013,12,0
KEN,2014-01-31,2014,1,0
KEN,2014-02-28,2014,2,0
KEN,2014-03-31,2014,3,0
KEN,2014-04-30,2014,4,0
KEN,2014-05-31,2014,5,0
KEN,2014-06-30,2014,6,0
KEN,2014-07-31,2014,7,0
KEN,2014-08-31,2014,8,0
KEN,2014-09-30,2014,9,0
KEN,2014-10-31,2014,10,0
KEN,2014-11-30,2014,11,0
KEN,2014-12-31,2014,12,0
KEN,2015-01-31,2015,1,0
KEN,2015-02-28,2015,2,0
KEN,2015-03-31,2015,3,0
KEN,2015-04-30,2015,4,0
KEN,2015-05-31,2015,5,0
KEN,2015-06-30,2015,6,0
KEN,2015-07-31,2015,7,0
KEN,2015-08-31,2015,8,0
KEN,2015-09-30,2015,9,0
KEN,2015-10-31,2015,10,0
KEN,2015-11-30,2015,11,0
KEN,2015-12-31,2015,12,0
KEN,2016-01-31,2016,1,0
KEN,2016-02-29,2016,2,0
KEN,2016-03-31,2016,3,0
KEN,2016-04-30,2016,4,0
KEN,2016-05-31,2016,5,0
KEN,2016-06-30,2016,6,0
KEN,2016-07-31,2016,7,0
KEN,2016-08-31,2016,8,0
KEN,2016-09-30,2016,9,0
KEN,2016-10-31,2016,10,0
KEN,2016-11-30,2016,11,0
KEN,2016-12-31,2016,12,0
KGZ,1993-05-31,1993,5,0
KGZ,1993-06-30,1993,6,0
KGZ,1993-07-31,1993,7,0
KGZ,1993-08-31,1993,8,0
KGZ,1993-09-30,1993,9,0
KGZ,1993-10-31,1993,10,0
KGZ,1993-11-30,1993,11,0
KGZ,1993-12-31,1993,12,0
KGZ,1994-01-31,1994,1,0
KGZ,1994-02-28,1994,2,0
KGZ,1994-03-31,1994,3,0
KGZ,1994-04-30,1994,4,0
KGZ,1994-05-31,1994,5,0
KGZ,1994-06-30,1994,6,0
KGZ,1994-07-31,1994,7,0
KGZ,1994-08-31,1994,8,0
KGZ,1994-09-30,1994,9,0
KGZ,1994-10-31,1994,10,0
KGZ,1994-11-30,1994,11,0
KGZ,1994-12-31,1994,12,0
KGZ,1995-01-31,1995,1,0
KGZ,1995-02-28,1995,2,0
KGZ,1995-03-31,1995,3,0
KGZ,1995-04-30,1995,4,0
KGZ,1995-05-31,1995,5,0
KGZ,1995-06-30,1995,6,0
KGZ,1995-07-31,1995,7,0
KGZ,1995-08-31,1995,8,0
KGZ,1995-09-30,1995,9,0
KGZ,1995-10-31,1995,10,0
KGZ,1995-11-30,1995,11,0
KGZ,1995-12-31,1995,12,0
KGZ,1996-01-31,1996,1,1
KGZ,1996-02-29,1996,2,1
KGZ,1996-03-31,1996,3,1
KGZ,1996-04-30,1996,4,1
KGZ,1996-05-31,1996,5,1
KGZ,1996-06-30,1996,6,1
KGZ,1996-07-31,1996,7,1
KGZ,1996-08-31,1996,8,1
KGZ,1996-09-30,1996,9,1
KGZ,1996-10-31,1996,10,1
KGZ,1996-11-30,1996,11,1
KGZ,1996-12-31,1996,12,1
KGZ,1997-01-31,1997,1,0
KGZ,1997-02-28,1997,2,0
KGZ,1997-03-31,1997,3,0
KGZ,1997-04-30,1997,4,0
KGZ,1997-05-31,1997,5,0
KGZ,1997-06-30,1997,6,0
KGZ,1997-07-31,1997,7,0
KGZ,1997-08-31,1997,8,0
KGZ,1997-09-30,1997,9,0
KGZ,1997-10-31,1997,10,0
KGZ,1997-11-30,1997,11,0
KGZ,1997-12-31,1997,12,0
KGZ,1998-01-31,1998,1,0
KGZ,1998-02-28,1998,2,0
KGZ,1998-03-31,1998,3,0
KGZ,1998-04-30,1998,4,0
KGZ,1998-05-31,1998,5,0
KGZ,1998-06-30,1998,6,0
KGZ,1998-07-31,1998,7,0
KGZ,1998-08-31,1998,8,0
KGZ,1998-09-30,1998,9,0
KGZ,1998-10-31,1998,10,0
KGZ,1998-11-30,1998,11,0
KGZ,1998-12-31,1998,12,0
KGZ,1999-01-31,1999,1,0
KGZ,1999-02-28,1999,2,0
KGZ,1999-03-31,1999,3,0
KGZ,1999-04-30,1999,4,0
KGZ,1999-05-31,1999,5,0
KGZ,1999-06-30,1999,6,0
KGZ,1999-07-31,1999,7,0
KGZ,1999-08-31,1999,8,0
KGZ,1999-09-30,1999,9,0
KGZ,1999-10-31,1999,10,0
KGZ,1999-11-30,1999,11,0
KGZ,1999-12-31,1999,12,0
KGZ,2000-01-31,2000,1,0
KGZ,2000-02-29,2000,2,0
KGZ,2000-03-31,2000,3,0
KGZ,2000-04-30,2000,4,0
KGZ,2000-05-31,2000,5,0
KGZ,2000-06-30,2000,6,0
KGZ,2000-07-31,2000,7,0
KGZ,2000-08-31,2000,8,0
KGZ,2000-09-30,2000,9,0
KGZ,2000-10-31,2000,10,0
KGZ,2000-11-30,2000,11,0
KGZ,2000-12-31,2000,12,0
KGZ,2001-01-31,2001,1,0
KGZ,2001-02-28,2001,2,0
KGZ,2001-03-31,2001,3,0
KGZ,2001-04-30,2001,4,0
KGZ,2001-05-31,2001,5,0
KGZ,2001-06-30,2001,6,0
KGZ,2001-07-31,2001,7,0
KGZ,2001-08-31,2001,8,0
KGZ,2001-09-30,2001,9,0
KGZ,2001-10-31,2001,10,0
KGZ,2001-11-30,2001,11,0
KGZ,2001-12-31,2001,12,0
KGZ,2002-01-31,2002,1,0
KGZ,2002-02-28,2002,2,0
KGZ,2002-03-31,2002,3,0
KGZ,2002-04-30,2002,4,0
KGZ,2002-05-31,2002,5,0
KGZ,2002-06-30,2002,6,0
KGZ,2002-07-31,2002,7,0
KGZ,2002-08-31,2002,8,0
KGZ,2002-09-30,2002,9,0
KGZ,2002-10-31,2002,10,0
KGZ,2002-11-30,2002,11,0
KGZ,2002-12-31,2002,12,0
KGZ,2003-01-31,2003,1,0
KGZ,2003-02-28,2003,2,0
KGZ,2003-03-31,2003,3,0
KGZ,2003-04-30,2003,4,0
KGZ,2003-05-31,2003,5,0
KGZ,2003-06-30,2003,6,0
KGZ,2003-07-31,2003,7,0
KGZ,2003-08-31,2003,8,0
KGZ,2003-09-30,2003,9,0
KGZ,2003-10-31,2003,10,0
KGZ,2003-11-30,2003,11,0
KGZ,2003-12-31,2003,12,0
KGZ,2004-01-31,2004,1,0
KGZ,2004-02-29,2004,2,0
KGZ,2004-03-31,2004,3,0
KGZ,2004-04-30,2004,4,0
KGZ,2004-05-31,2004,5,0
KGZ,2004-06-30,2004,6,0
KGZ,2004-07-31,2004,7,0
KGZ,2004-08-31,2004,8,0
KGZ,2004-09-30,2004,9,0
KGZ,2004-10-31,2004,10,0
KGZ,2004-11-30,2004,11,0
KGZ,2004-12-31,2004,12,0
KGZ,2005-01-31,2005,1,0
KGZ,2005-02-28,2005,2,0
KGZ,2005-03-31,2005,3,0
KGZ,2005-04-30,2005,4,0
KGZ,2005-05-31,2005,5,0
KGZ,2005-06-30,2005,6,0
KGZ,2005-07-31,2005,7,0
KGZ,2005-08-31,2005,8,0
KGZ,2005-09-30,2005,9,0
KGZ,2005-10-31,2005,10,0
KGZ,2005-11-30,2005,11,0
KGZ,2005-12-31,2005,12,0
KGZ,2006-01-31,2006,1,0
KGZ,2006-02-28,2006,2,0
KGZ,2006-03-31,2006,3,0
KGZ,2006-04-30,2006,4,0
KGZ,2006-05-31,2006,5,0
KGZ,2006-06-30,2006,6,0
KGZ,2006-07-31,2006,7,0
KGZ,2006-08-31,2006,8,0
KGZ,2006-09-30,2006,9,0
KGZ,2006-10-31,2006,10,0
KGZ,2006-11-30,2006,11,0
KGZ,2006-12-31,2006,12,0
KGZ,2007-01-31,2007,1,0
KGZ,2007-02-28,2007,2,0
KGZ,2007-03-31,2007,3,0
KGZ,2007-04-30,2007,4,0
KGZ,2007-05-31,2007,5,0
KGZ,2007-06-30,2007,6,0
KGZ,2007-07-31,2007,7,0
KGZ,2007-08-31,2007,8,0
KGZ,2007-09-30,2007,9,0
KGZ,2007-10-31,2007,10,0
KGZ,2007-11-30,2007,11,0
KGZ,2007-12-31,2007,12,0
KGZ,2008-01-31,2008,1,0
KGZ,2008-02-29,2008,2,0
KGZ,2008-03-31,2008,3,0
KGZ,2008-04-30,2008,4,0
KGZ,2008-05-31,2008,5,0
KGZ,2008-06-30,2008,6,0
KGZ,2008-07-31,2008,7,0
KGZ,2008-08-31,2008,8,0
KGZ,2008-09-30,2008,9,0
KGZ,2008-10-31,2008,10,0
KGZ,2008-11-30,2008,11,0
KGZ,2008-12-31,2008,12,0
KGZ,2009-01-31,2009,1,0
KGZ,2009-02-28,2009,2,0
KGZ,2009-03-31,2009,3,0
KGZ,2009-04-30,2009,4,0
KGZ,2009-05-31,2009,5,0
KGZ,2009-06-30,2009,6,0
KGZ,2009-07-31,2009,7,0
KGZ,2009-08-31,2009,8,0
KGZ,2009-09-30,2009,9,0
KGZ,2009-10-31,2009,10,0
KGZ,2009-11-30,2009,11,0
KGZ,2009-12-31,2009,12,0
KGZ,2010-01-31,2010,1,0
KGZ,2010-02-28,2010,2,0
KGZ,2010-03-31,2010,3,0
KGZ,2010-04-30,2010,4,0
KGZ,2010-05-31,2010,5,0
KGZ,2010-06-30,2010,6,0
KGZ,2010-07-31,2010,7,0
KGZ,2010-08-31,2010,8,0
KGZ,2010-09-30,2010,9,0
KGZ,2010-10-31,2010,10,0
KGZ,2010-11-30,2010,11,0
KGZ,2010-12-31,2010,12,0
KGZ,2011-01-31,2011,1,0
KGZ,2011-02-28,2011,2,0
KGZ,2011-03-31,2011,3,0
KGZ,2011-04-30,2011,4,0
KGZ,2011-05-31,2011,5,0
KGZ,2011-06-30,2011,6,0
KGZ,2011-07-31,2011,7,0
KGZ,2011-08-31,2011,8,0
KGZ,2011-09-30,2011,9,0
KGZ,2011-10-31,2011,10,0
KGZ,2011-11-30,2011,11,0
KGZ,2011-12-31,2011,12,0
KGZ,2012-01-31,2012,1,0
KGZ,2012-02-29,2012,2,0
KGZ,2012-03-31,2012,3,0
KGZ,2012-04-30,2012,4,0
KGZ,2012-05-31,2012,5,0
KGZ,2012-06-30,2012,6,0
KGZ,2012-07-31,2012,7,0
KGZ,2012-08-31,2012,8,0
KGZ,2012-09-30,2012,9,0
KGZ,2012-10-31,2012,10,0
KGZ,2012-11-30,2012,11,0
KGZ,2012-12-31,2012,12,0
KGZ,2013-01-31,2013,1,0
KGZ,2013-02-28,2013,2,0
KGZ,2013-03-31,2013,3,0
KGZ,2013-04-30,2013,4,0
KGZ,2013-05-31,2013,5,0
KGZ,2013-06-30,2013,6,0
KGZ,2013-07-31,2013,7,0
KGZ,2013-08-31,2013,8,0
KGZ,2013-09-30,2013,9,0
KGZ,2013-10-31,2013,10,0
KGZ,2013-11-30,2013,11,0
KGZ,2013-12-31,2013,12,0
KGZ,2014-01-31,2014,1,0
KGZ,2014-02-28,2014,2,0
KGZ,2014-03-31,2014,3,0
KGZ,2014-04-30,2014,4,0
KGZ,2014-05-31,2014,5,0
KGZ,2014-06-30,2014,6,0
KGZ,2014-07-31,2014,7,0
KGZ,2014-08-31,2014,8,0
KGZ,2014-09-30,2014,9,0
KGZ,2014-10-31,2014,10,0
KGZ,2014-11-30,2014,11,0
KGZ,2014-12-31,2014,12,0
KGZ,2015-01-31,2015,1,0
KGZ,2015-02-28,2015,2,0
KGZ,2015-03-31,2015,3,0
KGZ,2015-04-30,2015,4,0
KGZ,2015-05-31,2015,5,0
KGZ,2015-06-30,2015,6,0
KGZ,2015-07-31,2015,7,0
KGZ,2015-08-31,2015,8,0
KGZ,2015-09-30,2015,9,0
KGZ,2015-10-31,2015,10,0
KGZ,2015-11-30,2015,11,0
KGZ,2015-12-31,2015,12,0
KGZ,2016-01-31,2016,1,0
KGZ,2016-02-29,2016,2,0
KGZ,2016-03-31,2016,3,0
KGZ,2016-04-30,2016,4,0
KGZ,2016-05-31,2016,5,0
KGZ,2016-06-30,2016,6,0
KGZ,2016-07-31,2016,7,0
KGZ,2016-08-31,2016,8,0
KGZ,2016-09-30,2016,9,0
KGZ,2016-10-31,2016,10,0
KGZ,2016-11-30,2016,11,0
KGZ,2016-12-31,2016,12,0
KHM,1990-01-31,1990,1,0
KHM,1990-02-28,1990,2,0
KHM,1990-03-31,1990,3,0
KHM,1990-04-30,1990,4,0
KHM,1990-05-31,1990,5,0
KHM,1990-06-30,1990,6,0
KHM,1990-07-31,1990,7,0
KHM,1990-08-31,1990,8,0
KHM,1990-09-30,1990,9,0
KHM,1990-10-31,1990,10,0
KHM,1990-11-30,1990,11,0
KHM,1990-12-31,1990,12,0
KHM,1991-01-31,1991,1,1
KHM,1991-02-28,1991,2,1
KHM,1991-03-31,1991,3,1
KHM,1991-04-30,1991,4,1
KHM,1991-05-31,1991,5,1
KHM,1991-06-30,1991,6,1
KHM,1991-07-31,1991,7,1
KHM,1991-08-31,1991,8,1
KHM,1991-09-30,1991,9,1
KHM,1991-10-31,1991,10,1
KHM,1991-11-30,1991,11,1
KHM,1991-12-31,1991,12,1
KHM,1992-01-31,1992,1,0
KHM,1992-02-29,1992,2,0
KHM,1992-03-31,1992,3,0
KHM,1992-04-30,1992,4,0
KHM,1992-05-31,1992,5,0
KHM,1992-06-30,1992,6,0
KHM,1992-07-31,1992,7,0
KHM,1992-08-31,1992,8,0
KHM,1992-09-30,1992,9,0
KHM,1992-10-31,1992,10,0
KHM,1992-11-30,1992,11,0
KHM,1992-12-31,1992,12,0
KHM,1993-01-31,1993,1,0
KHM,1993-02-28,1993,2,0
KHM,1993-03-31,1993,3,0
KHM,1993-04-30,1993,4,0
KHM,1993-05-31,1993,5,0
KHM,1993-06-30,1993,6,0
KHM,1993-07-31,1993,7,0
KHM,1993-08-31,1993,8,0
KHM,1993-09-30,1993,9,0
KHM,1993-10-31,1993,10,0
KHM,1993-11-30,1993,11,0
KHM,1993-12-31,1993,12,0
KHM,1994-01-31,1994,1,0
KHM,1994-02-28,1994,2,0
KHM,1994-03-31,1994,3,0
KHM,1994-04-30,1994,4,0
KHM,1994-05-31,1994,5,0
KHM,1994-06-30,1994,6,0
KHM,1994-07-31,1994,7,0
KHM,1994-08-31,1994,8,0
KHM,1994-09-30,1994,9,0
KHM,1994-10-31,1994,10,0
KHM,1994-11-30,1994,11,0
KHM,1994-12-31,1994,12,0
KHM,1995-01-31,1995,1,0
KHM,1995-02-28,1995,2,0
KHM,1995-03-31,1995,3,0
KHM,1995-04-30,1995,4,0
KHM,1995-05-31,1995,5,0
KHM,1995-06-30,1995,6,0
KHM,1995-07-31,1995,7,0
KHM,1995-08-31,1995,8,0
KHM,1995-09-30,1995,9,0
KHM,1995-10-31,1995,10,0
KHM,1995-11-30,1995,11,0
KHM,1995-12-31,1995,12,0
KHM,1996-01-31,1996,1,0
KHM,1996-02-29,1996,2,0
KHM,1996-03-31,1996,3,0
KHM,1996-04-30,1996,4,0
KHM,1996-05-31,1996,5,0
KHM,1996-06-30,1996,6,0
KHM,1996-07-31,1996,7,0
KHM,1996-08-31,1996,8,0
KHM,1996-09-30,1996,9,0
KHM,1996-10-31,1996,10,0
KHM,1996-11-30,1996,11,0
KHM,1996-12-31,1996,12,0
KHM,1997-01-31,1997,1,0
KHM,1997-02-28,1997,2,0
KHM,1997-03-31,1997,3,0
KHM,1997-04-30,1997,4,0
KHM,1997-05-31,1997,5,0
KHM,1997-06-30,1997,6,0
KHM,1997-07-31,1997,7,0
KHM,1997-08-31,1997,8,0
KHM,1997-09-30,1997,9,0
KHM,1997-10-31,1997,10,0
KHM,1997-11-30,1997,11,0
KHM,1997-12-31,1997,12,0
KHM,1998-01-31,1998,1,0
KHM,1998-02-28,1998,2,0
KHM,1998-03-31,1998,3,0
KHM,1998-04-30,1998,4,0
KHM,1998-05-31,1998,5,0
KHM,1998-06-30,1998,6,0
KHM,1998-07-31,1998,7,0
KHM,1998-08-31,1998,8,0
KHM,1998-09-30,1998,9,0
KHM,1998-10-31,1998,10,0
KHM,1998-11-30,1998,11,0
KHM,1998-12-31,1998,12,0
KHM,1999-01-31,1999,1,0
KHM,1999-02-28,1999,2,0
KHM,1999-03-31,1999,3,0
KHM,1999-04-30,1999,4,0
KHM,1999-05-31,1999,5,0
KHM,1999-06-30,1999,6,0
KHM,1999-07-31,1999,7,0
KHM,1999-08-31,1999,8,0
KHM,1999-09-30,1999,9,0
KHM,1999-10-31,1999,10,0
KHM,1999-11-30,1999,11,0
KHM,1999-12-31,1999,12,0
KHM,2000-01-31,2000,1,0
KHM,2000-02-29,2000,2,0
KHM,2000-03-31,2000,3,0
KHM,2000-04-30,2000,4,0
KHM,2000-05-31,2000,5,0
KHM,2000-06-30,2000,6,0
KHM,2000-07-31,2000,7,0
KHM,2000-08-31,2000,8,0
KHM,2000-09-30,2000,9,0
KHM,2000-10-31,2000,10,0
KHM,2000-11-30,2000,11,0
KHM,2000-12-31,2000,12,0
KHM,2001-01-31,2001,1,0
KHM,2001-02-28,2001,2,0
KHM,2001-03-31,2001,3,0
KHM,2001-04-30,2001,4,0
KHM,2001-05-31,2001,5,0
KHM,2001-06-30,2001,6,0
KHM,2001-07-31,2001,7,0
KHM,2001-08-31,2001,8,0
KHM,2001-09-30,2001,9,0
KHM,2001-10-31,2001,10,0
KHM,2001-11-30,2001,11,0
KHM,2001-12-31,2001,12,0
KHM,2002-01-31,2002,1,0
KHM,2002-02-28,2002,2,0
KHM,2002-03-31,2002,3,0
KHM,2002-04-30,2002,4,0
KHM,2002-05-31,2002,5,0
KHM,2002-06-30,2002,6,0
KHM,2002-07-31,2002,7,0
KHM,2002-08-31,2002,8,0
KHM,2002-09-30,2002,9,0
KHM,2002-10-31,2002,10,0
KHM,2002-11-30,2002,11,0
KHM,2002-12-31,2002,12,0
KHM,2003-01-31,2003,1,0
KHM,2003-02-28,2003,2,0
KHM,2003-03-31,2003,3,0
KHM,2003-04-30,2003,4,0
KHM,2003-05-31,2003,5,0
KHM,2003-06-30,2003,6,0
KHM,2003-07-31,2003,7,0
KHM,2003-08-31,2003,8,0
KHM,2003-09-30,2003,9,0
KHM,2003-10-31,2003,10,0
KHM,2003-11-30,2003,11,0
KHM,2003-12-31,2003,12,0
KHM,2004-01-31,2004,1,0
KHM,2004-02-29,2004,2,0
KHM,2004-03-31,2004,3,0
KHM,2004-04-30,2004,4,0
KHM,2004-05-31,2004,5,0
KHM,2004-06-30,2004,6,0
KHM,2004-07-31,2004,7,0
KHM,2004-08-31,2004,8,0
KHM,2004-09-30,2004,9,0
KHM,2004-10-31,2004,10,0
KHM,2004-11-30,2004,11,0
KHM,2004-12-31,2004,12,0
KHM,2005-01-31,2005,1,0
KHM,2005-02-28,2005,2,0
KHM,2005-03-31,2005,3,0
KHM,2005-04-30,2005,4,0
KHM,2005-05-31,2005,5,0
KHM,2005-06-30,2005,6,0
KHM,2005-07-31,2005,7,0
KHM,2005-08-31,2005,8,0
KHM,2005-09-30,2005,9,0
KHM,2005-10-31,2005,10,0
KHM,2005-11-30,2005,11,0
KHM,2005-12-31,2005,12,0
KHM,2006-01-31,2006,1,0
KHM,2006-02-28,2006,2,0
KHM,2006-03-31,2006,3,0
KHM,2006-04-30,2006,4,0
KHM,2006-05-31,2006,5,0
KHM,2006-06-30,2006,6,0
KHM,2006-07-31,2006,7,0
KHM,2006-08-31,2006,8,0
KHM,2006-09-30,2006,9,0
KHM,2006-10-31,2006,10,0
KHM,2006-11-30,2006,11,0
KHM,2006-12-31,2006,12,0
KHM,2007-01-31,2007,1,0
KHM,2007-02-28,2007,2,0
KHM,2007-03-31,2007,3,0
KHM,2007-04-30,2007,4,0
KHM,2007-05-31,2007,5,0
KHM,2007-06-30,2007,6,0
KHM,2007-07-31,2007,7,0
KHM,2007-08-31,2007,8,0
KHM,2007-09-30,2007,9,0
KHM,2007-10-31,2007,10,0
KHM,2007-11-30,2007,11,0
KHM,2007-12-31,2007,12,0
KHM,2008-01-31,2008,1,0
KHM,2008-02-29,2008,2,0
KHM,2008-03-31,2008,3,0
KHM,2008-04-30,2008,4,0
KHM,2008-05-31,2008,5,0
KHM,2008-06-30,2008,6,0
KHM,2008-07-31,2008,7,0
KHM,2008-08-31,2008,8,0
KHM,2008-09-30,2008,9,0
KHM,2008-10-31,2008,10,0
KHM,2008-11-30,2008,11,0
KHM,2008-12-31,2008,12,0
KHM,2009-01-31,2009,1,0
KHM,2009-02-28,2009,2,0
KHM,2009-03-31,2009,3,0
KHM,2009-04-30,2009,4,0
KHM,2009-05-31,2009,5,0
KHM,2009-06-30,2009,6,0
KHM,2009-07-31,2009,7,0
KHM,2009-08-31,2009,8,0
KHM,2009-09-30,2009,9,0
KHM,2009-10-31,2009,10,0
KHM,2009-11-30,2009,11,0
KHM,2009-12-31,2009,12,0
KHM,2010-01-31,2010,1,0
KHM,2010-02-28,2010,2,0
KHM,2010-03-31,2010,3,0
KHM,2010-04-30,2010,4,0
KHM,2010-05-31,2010,5,0
KHM,2010-06-30,2010,6,0
KHM,2010-07-31,2010,7,0
KHM,2010-08-31,2010,8,0
KHM,2010-09-30,2010,9,0
KHM,2010-10-31,2010,10,0
KHM,2010-11-30,2010,11,0
KHM,2010-12-31,2010,12,0
KHM,2011-01-31,2011,1,0
KHM,2011-02-28,2011,2,0
KHM,2011-03-31,2011,3,0
KHM,2011-04-30,2011,4,0
KHM,2011-05-31,2011,5,0
KHM,2011-06-30,2011,6,0
KHM,2011-07-31,2011,7,0
KHM,2011-08-31,2011,8,0
KHM,2011-09-30,2011,9,0
KHM,2011-10-31,2011,10,0
KHM,2011-11-30,2011,11,0
KHM,2011-12-31,2011,12,0
KHM,2012-01-31,2012,1,0
KHM,2012-02-29,2012,2,0
KHM,2012-03-31,2012,3,0
KHM,2012-04-30,2012,4,0
KHM,2012-05-31,2012,5,0
KHM,2012-06-30,2012,6,0
KHM,2012-07-31,2012,7,0
KHM,2012-08-31,2012,8,0
KHM,2012-09-30,2012,9,0
KHM,2012-10-31,2012,10,0
KHM,2012-11-30,2012,11,0
KHM,2012-12-31,2012,12,0
KHM,2013-01-31,2013,1,0
KHM,2013-02-28,2013,2,0
KHM,2013-03-31,2013,3,0
KHM,2013-04-30,2013,4,0
KHM,2013-05-31,2013,5,0
KHM,2013-06-30,2013,6,0
KHM,2013-07-31,2013,7,0
KHM,2013-08-31,2013,8,0
KHM,2013-09-30,2013,9,0
KHM,2013-10-31,2013,10,0
KHM,2013-11-30,2013,11,0
KHM,2013-12-31,2013,12,0
KHM,2014-01-31,2014,1,0
KHM,2014-02-28,2014,2,0
KHM,2014-03-31,2014,3,0
KHM,2014-04-30,2014,4,0
KHM,2014-05-31,2014,5,0
KHM,2014-06-30,2014,6,0
KHM,2014-07-31,2014,7,0
KHM,2014-08-31,2014,8,0
KHM,2014-09-30,2014,9,0
KHM,2014-10-31,2014,10,0
KHM,2014-11-30,2014,11,0
KHM,2014-12-31,2014,12,0
KHM,2015-01-31,2015,1,0
KHM,2015-02-28,2015,2,0
KHM,2015-03-31,2015,3,0
KHM,2015-04-30,2015,4,0
KHM,2015-05-31,2015,5,0
KHM,2015-06-30,2015,6,0
KHM,2015-07-31,2015,7,0
KHM,2015-08-31,2015,8,0
KHM,2015-09-30,2015,9,0
KHM,2015-10-31,2015,10,0
KHM,2015-11-30,2015,11,0
KHM,2015-12-31,2015,12,0
KHM,2016-01-31,2016,1,0
KHM,2016-02-29,2016,2,0
KHM,2016-03-31,2016,3,0
KHM,2016-04-30,2016,4,0
KHM,2016-05-31,2016,5,0
KHM,2016-06-30,2016,6,0
KHM,2016-07-31,2016,7,0
KHM,2016-08-31,2016,8,0
KHM,2016-09-30,2016,9,0
KHM,2016-10-31,2016,10,0
KHM,2016-11-30,2016,11,0
KHM,2016-12-31,2016,12,0
KOR,1990-01-31,1990,1,0
KOR,1990-02-28,1990,2,0
KOR,1990-03-31,1990,3,0
KOR,1990-04-30,1990,4,0
KOR,1990-05-31,1990,5,0
KOR,1990-06-30,1990,6,0
KOR,1990-07-31,1990,7,0
KOR,1990-08-31,1990,8,0
KOR,1990-09-30,1990,9,0
KOR,1990-10-31,1990,10,0
KOR,1990-11-30,1990,11,0
KOR,1990-12-31,1990,12,0
KOR,1991-01-31,1991,1,0
KOR,1991-02-28,1991,2,0
KOR,1991-03-31,1991,3,0
KOR,1991-04-30,1991,4,0
KOR,1991-05-31,1991,5,0
KOR,1991-06-30,1991,6,0
KOR,1991-07-31,1991,7,0
KOR,1991-08-31,1991,8,0
KOR,1991-09-30,1991,9,0
KOR,1991-10-31,1991,10,0
KOR,1991-11-30,1991,11,0
KOR,1991-12-31,1991,12,0
KOR,1992-01-31,1992,1,0
KOR,1992-02-29,1992,2,0
KOR,1992-03-31,1992,3,0
KOR,1992-04-30,1992,4,0
KOR,1992-05-31,1992,5,0
KOR,1992-06-30,1992,6,0
KOR,1992-07-31,1992,7,0
KOR,1992-08-31,1992,8,0
KOR,1992-09-30,1992,9,0
KOR,1992-10-31,1992,10,0
KOR,1992-11-30,1992,11,0
KOR,1992-12-31,1992,12,0
KOR,1993-01-31,1993,1,0
KOR,1993-02-28,1993,2,0
KOR,1993-03-31,1993,3,0
KOR,1993-04-30,1993,4,0
KOR,1993-05-31,1993,5,0
KOR,1993-06-30,1993,6,0
KOR,1993-07-31,1993,7,0
KOR,1993-08-31,1993,8,0
KOR,1993-09-30,1993,9,0
KOR,1993-10-31,1993,10,0
KOR,1993-11-30,1993,11,0
KOR,1993-12-31,1993,12,0
KOR,1994-01-31,1994,1,0
KOR,1994-02-28,1994,2,0
KOR,1994-03-31,1994,3,0
KOR,1994-04-30,1994,4,0
KOR,1994-05-31,1994,5,0
KOR,1994-06-30,1994,6,0
KOR,1994-07-31,1994,7,0
KOR,1994-08-31,1994,8,0
KOR,1994-09-30,1994,9,0
KOR,1994-10-31,1994,10,0
KOR,1994-11-30,1994,11,0
KOR,1994-12-31,1994,12,0
KOR,1995-01-31,1995,1,0
KOR,1995-02-28,1995,2,0
KOR,1995-03-31,1995,3,0
KOR,1995-04-30,1995,4,0
KOR,1995-05-31,1995,5,0
KOR,1995-06-30,1995,6,0
KOR,1995-07-31,1995,7,0
KOR,1995-08-31,1995,8,0
KOR,1995-09-30,1995,9,0
KOR,1995-10-31,1995,10,0
KOR,1995-11-30,1995,11,0
KOR,1995-12-31,1995,12,0
KOR,1996-01-31,1996,1,0
KOR,1996-02-29,1996,2,0
KOR,1996-03-31,1996,3,0
KOR,1996-04-30,1996,4,0
KOR,1996-05-31,1996,5,0
KOR,1996-06-30,1996,6,0
KOR,1996-07-31,1996,7,0
KOR,1996-08-31,1996,8,0
KOR,1996-09-30,1996,9,0
KOR,1996-10-31,1996,10,0
KOR,1996-11-30,1996,11,0
KOR,1996-12-31,1996,12,0
KOR,1997-01-31,1997,1,1
KOR,1997-02-28,1997,2,1
KOR,1997-03-31,1997,3,1
KOR,1997-04-30,1997,4,1
KOR,1997-05-31,1997,5,1
KOR,1997-06-30,1997,6,1
KOR,1997-07-31,1997,7,1
KOR,1997-08-31,1997,8,1
KOR,1997-09-30,1997,9,1
KOR,1997-10-31,1997,10,1
KOR,1997-11-30,1997,11,1
KOR,1997-12-31,1997,12,1
KOR,1998-01-31,1998,1,0
KOR,1998-02-28,1998,2,0
KOR,1998-03-31,1998,3,0
KOR,1998-04-30,1998,4,0
KOR,1998-05-31,1998,5,0
KOR,1998-06-30,1998,6,0
KOR,1998-07-31,1998,7,0
KOR,1998-08-31,1998,8,0
KOR,1998-09-30,1998,9,0
KOR,1998-10-31,1998,10,0
KOR,1998-11-30,1998,11,0
KOR,1998-12-31,1998,12,0
KOR,1999-01-31,1999,1,0
KOR,1999-02-28,1999,2,0
KOR,1999-03-31,1999,3,0
KOR,1999-04-30,1999,4,0
KOR,1999-05-31,1999,5,0
KOR,1999-06-30,1999,6,0
KOR,1999-07-31,1999,7,0
KOR,1999-08-31,1999,8,0
KOR,1999-09-30,1999,9,0
KOR,1999-10-31,1999,10,0
KOR,1999-11-30,1999,11,0
KOR,1999-12-31,1999,12,0
KOR,2000-01-31,2000,1,0
KOR,2000-02-29,2000,2,0
KOR,2000-03-31,2000,3,0
KOR,2000-04-30,2000,4,0
KOR,2000-05-31,2000,5,0
KOR,2000-06-30,2000,6,0
KOR,2000-07-31,2000,7,0
KOR,2000-08-31,2000,8,0
KOR,2000-09-30,2000,9,0
KOR,2000-10-31,2000,10,0
KOR,2000-11-30,2000,11,0
KOR,2000-12-31,2000,12,0
KOR,2001-01-31,2001,1,0
KOR,2001-02-28,2001,2,0
KOR,2001-03-31,2001,3,0
KOR,2001-04-30,2001,4,0
KOR,2001-05-31,2001,5,0
KOR,2001-06-30,2001,6,0
KOR,2001-07-31,2001,7,0
KOR,2001-08-31,2001,8,0
KOR,2001-09-30,2001,9,0
KOR,2001-10-31,2001,10,0
KOR,2001-11-30,2001,11,0
KOR,2001-12-31,2001,12,0
KOR,2002-01-31,2002,1,0
KOR,2002-02-28,2002,2,0
KOR,2002-03-31,2002,3,0
KOR,2002-04-30,2002,4,0
KOR,2002-05-31,2002,5,0
KOR,2002-06-30,2002,6,0
KOR,2002-07-31,2002,7,0
KOR,2002-08-31,2002,8,0
KOR,2002-09-30,2002,9,0
KOR,2002-10-31,2002,10,0
KOR,2002-11-30,2002,11,0
KOR,2002-12-31,2002,12,0
KOR,2003-01-31,2003,1,0
KOR,2003-02-28,2003,2,0
KOR,2003-03-31,2003,3,0
KOR,2003-04-30,2003,4,0
KOR,2003-05-31,2003,5,0
KOR,2003-06-30,2003,6,0
KOR,2003-07-31,2003,7,0
KOR,2003-08-31,2003,8,0
KOR,2003-09-30,2003,9,0
KOR,2003-10-31,2003,10,0
KOR,2003-11-30,2003,11,0
KOR,2003-12-31,2003,12,0
KOR,2004-01-31,2004,1,0
KOR,2004-02-29,2004,2,0
KOR,2004-03-31,2004,3,0
KOR,2004-04-30,2004,4,0
KOR,2004-05-31,2004,5,0
KOR,2004-06-30,2004,6,0
KOR,2004-07-31,2004,7,0
KOR,2004-08-31,2004,8,0
KOR,2004-09-30,2004,9,0
KOR,2004-10-31,2004,10,0
KOR,2004-11-30,2004,11,0
KOR,2004-12-31,2004,12,0
KOR,2005-01-31,2005,1,0
KOR,2005-02-28,2005,2,0
KOR,2005-03-31,2005,3,0
KOR,2005-04-30,2005,4,0
KOR,2005-05-31,2005,5,0
KOR,2005-06-30,2005,6,0
KOR,2005-07-31,2005,7,0
KOR,2005-08-31,2005,8,0
KOR,2005-09-30,2005,9,0
KOR,2005-10-31,2005,10,0
KOR,2005-11-30,2005,11,0
KOR,2005-12-31,2005,12,0
KOR,2006-01-31,2006,1,0
KOR,2006-02-28,2006,2,0
KOR,2006-03-31,2006,3,0
KOR,2006-04-30,2006,4,0
KOR,2006-05-31,2006,5,0
KOR,2006-06-30,2006,6,0
KOR,2006-07-31,2006,7,0
KOR,2006-08-31,2006,8,0
KOR,2006-09-30,2006,9,0
KOR,2006-10-31,2006,10,0
KOR,2006-11-30,2006,11,0
KOR,2006-12-31,2006,12,0
KOR,2007-01-31,2007,1,0
KOR,2007-02-28,2007,2,0
KOR,2007-03-31,2007,3,0
KOR,2007-04-30,2007,4,0
KOR,2007-05-31,2007,5,0
KOR,2007-06-30,2007,6,0
KOR,2007-07-31,2007,7,0
KOR,2007-08-31,2007,8,0
KOR,2007-09-30,2007,9,0
KOR,2007-10-31,2007,10,0
KOR,2007-11-30,2007,11,0
KOR,2007-12-31,2007,12,0
KOR,2008-01-31,2008,1,0
KOR,2008-02-29,2008,2,0
KOR,2008-03-31,2008,3,0
KOR,2008-04-30,2008,4,0
KOR,2008-05-31,2008,5,0
KOR,2008-06-30,2008,6,0
KOR,2008-07-31,2008,7,0
KOR,2008-08-31,2008,8,0
KOR,2008-09-30,2008,9,0
KOR,2008-10-31,2008,10,0
KOR,2008-11-30,2008,11,0
KOR,2008-12-31,2008,12,0
KOR,2009-01-31,2009,1,0
KOR,2009-02-28,2009,2,0
KOR,2009-03-31,2009,3,0
KOR,2009-04-30,2009,4,0
KOR,2009-05-31,2009,5,0
KOR,2009-06-30,2009,6,0
KOR,2009-07-31,2009,7,0
KOR,2009-08-31,2009,8,0
KOR,2009-09-30,2009,9,0
KOR,2009-10-31,2009,10,0
KOR,2009-11-30,2009,11,0
KOR,2009-12-31,2009,12,0
KOR,2010-01-31,2010,1,0
KOR,2010-02-28,2010,2,0
KOR,2010-03-31,2010,3,0
KOR,2010-04-30,2010,4,0
KOR,2010-05-31,2010,5,0
KOR,2010-06-30,2010,6,0
KOR,2010-07-31,2010,7,0
KOR,2010-08-31,2010,8,0
KOR,2010-09-30,2010,9,0
KOR,2010-10-31,2010,10,0
KOR,2010-11-30,2010,11,0
KOR,2010-12-31,2010,12,0
KOR,2011-01-31,2011,1,0
KOR,2011-02-28,2011,2,0
KOR,2011-03-31,2011,3,0
KOR,2011-04-30,2011,4,0
KOR,2011-05-31,2011,5,0
KOR,2011-06-30,2011,6,0
KOR,2011-07-31,2011,7,0
KOR,2011-08-31,2011,8,0
KOR,2011-09-30,2011,9,0
KOR,2011-10-31,2011,10,0
KOR,2011-11-30,2011,11,0
KOR,2011-12-31,2011,12,0
KOR,2012-01-31,2012,1,0
KOR,2012-02-29,2012,2,0
KOR,2012-03-31,2012,3,0
KOR,2012-04-30,2012,4,0
KOR,2012-05-31,2012,5,0
KOR,2012-06-30,2012,6,0
KOR,2012-07-31,2012,7,0
KOR,2012-08-31,2012,8,0
KOR,2012-09-30,2012,9,0
KOR,2012-10-31,2012,10,0
KOR,2012-11-30,2012,11,0
KOR,2012-12-31,2012,12,0
KOR,2013-01-31,2013,1,0
KOR,2013-02-28,2013,2,0
KOR,2013-03-31,2013,3,0
KOR,2013-04-30,2013,4,0
KOR,2013-05-31,2013,5,0
KOR,2013-06-30,2013,6,0
KOR,2013-07-31,2013,7,0
KOR,2013-08-31,2013,8,0
KOR,2013-09-30,2013,9,0
KOR,2013-10-31,2013,10,0
KOR,2013-11-30,2013,11,0
KOR,2013-12-31,2013,12,0
KOR,2014-01-31,2014,1,0
KOR,2014-02-28,2014,2,0
KOR,2014-03-31,2014,3,0
KOR,2014-04-30,2014,4,0
KOR,2014-05-31,2014,5,0
KOR,2014-06-30,2014,6,0
KOR,2014-07-31,2014,7,0
KOR,2014-08-31,2014,8,0
KOR,2014-09-30,2014,9,0
KOR,2014-10-31,2014,10,0
KOR,2014-11-30,2014,11,0
KOR,2014-12-31,2014,12,0
KOR,2015-01-31,2015,1,0
KOR,2015-02-28,2015,2,0
KOR,2015-03-31,2015,3,0
KOR,2015-04-30,2015,4,0
KOR,2015-05-31,2015,5,0
KOR,2015-06-30,2015,6,0
KOR,2015-07-31,2015,7,0
KOR,2015-08-31,2015,8,0
KOR,2015-09-30,2015,9,0
KOR,2015-10-31,2015,10,0
KOR,2015-11-30,2015,11,0
KOR,2015-12-31,2015,12,0
KOR,2016-01-31,2016,1,0
KOR,2016-02-29,2016,2,0
KOR,2016-03-31,2016,3,0
KOR,2016-04-30,2016,4,0
KOR,2016-05-31,2016,5,0
KOR,2016-06-30,2016,6,0
KOR,2016-07-31,2016,7,0
KOR,2016-08-31,2016,8,0
KOR,2016-09-30,2016,9,0
KOR,2016-10-31,2016,10,0
KOR,2016-11-30,2016,11,0
KOR,2016-12-31,2016,12,0
LAO,1990-01-31,1990,1,0
LAO,1990-02-28,1990,2,0
LAO,1990-03-31,1990,3,0
LAO,1990-04-30,1990,4,0
LAO,1990-05-31,1990,5,0
LAO,1990-06-30,1990,6,0
LAO,1990-07-31,1990,7,0
LAO,1990-08-31,1990,8,0
LAO,1990-09-30,1990,9,0
LAO,1990-10-31,1990,10,0
LAO,1990-11-30,1990,11,0
LAO,1990-12-31,1990,12,0
LAO,1991-01-31,1991,1,0
LAO,1991-02-28,1991,2,0
LAO,1991-03-31,1991,3,0
LAO,1991-04-30,1991,4,0
LAO,1991-05-31,1991,5,0
LAO,1991-06-30,1991,6,0
LAO,1991-07-31,1991,7,0
LAO,1991-08-31,1991,8,0
LAO,1991-09-30,1991,9,0
LAO,1991-10-31,1991,10,0
LAO,1991-11-30,1991,11,0
LAO,1991-12-31,1991,12,0
LAO,1992-01-31,1992,1,0
LAO,1992-02-29,1992,2,0
LAO,1992-03-31,1992,3,0
LAO,1992-04-30,1992,4,0
LAO,1992-05-31,1992,5,0
LAO,1992-06-30,1992,6,0
LAO,1992-07-31,1992,7,0
LAO,1992-08-31,1992,8,0
LAO,1992-09-30,1992,9,0
LAO,1992-10-31,1992,10,0
LAO,1992-11-30,1992,11,0
LAO,1992-12-31,1992,12,0
LAO,1993-01-31,1993,1,0
LAO,1993-02-28,1993,2,0
LAO,1993-03-31,1993,3,0
LAO,1993-04-30,1993,4,0
LAO,1993-05-31,1993,5,0
LAO,1993-06-30,1993,6,0
LAO,1993-07-31,1993,7,0
LAO,1993-08-31,1993,8,0
LAO,1993-09-30,1993,9,0
LAO,1993-10-31,1993,10,0
LAO,1993-11-30,1993,11,0
LAO,1993-12-31,1993,12,0
LAO,1994-01-31,1994,1,0
LAO,1994-02-28,1994,2,0
LAO,1994-03-31,1994,3,0
LAO,1994-04-30,1994,4,0
LAO,1994-05-31,1994,5,0
LAO,1994-06-30,1994,6,0
LAO,1994-07-31,1994,7,0
LAO,1994-08-31,1994,8,0
LAO,1994-09-30,1994,9,0
LAO,1994-10-31,1994,10,0
LAO,1994-11-30,1994,11,0
LAO,1994-12-31,1994,12,0
LAO,1995-01-31,1995,1,0
LAO,1995-02-28,1995,2,0
LAO,1995-03-31,1995,3,0
LAO,1995-04-30,1995,4,0
LAO,1995-05-31,1995,5,0
LAO,1995-06-30,1995,6,0
LAO,1995-07-31,1995,7,0
LAO,1995-08-31,1995,8,0
LAO,1995-09-30,1995,9,0
LAO,1995-10-31,1995,10,0
LAO,1995-11-30,1995,11,0
LAO,1995-12-31,1995,12,0
LAO,1996-01-31,1996,1,1
LAO,1996-02-29,1996,2,1
LAO,1996-03-31,1996,3,1
LAO,1996-04-30,1996,4,1
LAO,1996-05-31,1996,5,1
LAO,1996-06-30,1996,6,1
LAO,1996-07-31,1996,7,1
LAO,1996-08-31,1996,8,1
LAO,1996-09-30,1996,9,1
LAO,1996-10-31,1996,10,1
LAO,1996-11-30,1996,11,1
LAO,1996-12-31,1996,12,1
LAO,1997-01-31,1997,1,0
LAO,1997-02-28,1997,2,0
LAO,1997-03-31,1997,3,0
LAO,1997-04-30,1997,4,0
LAO,1997-05-31,1997,5,0
LAO,1997-06-30,1997,6,0
LAO,1997-07-31,1997,7,0
LAO,1997-08-31,1997,8,0
LAO,1997-09-30,1997,9,0
LAO,1997-10-31,1997,10,0
LAO,1997-11-30,1997,11,0
LAO,1997-12-31,1997,12,0
LAO,1998-01-31,1998,1,0
LAO,1998-02-28,1998,2,0
LAO,1998-03-31,1998,3,0
LAO,1998-04-30,1998,4,0
LAO,1998-05-31,1998,5,0
LAO,1998-06-30,1998,6,0
LAO,1998-07-31,1998,7,0
LAO,1998-08-31,1998,8,0
LAO,1998-09-30,1998,9,0
LAO,1998-10-31,1998,10,0
LAO,1998-11-30,1998,11,0
LAO,1998-12-31,1998,12,0
LAO,1999-01-31,1999,1,0
LAO,1999-02-28,1999,2,0
LAO,1999-03-31,1999,3,0
LAO,1999-04-30,1999,4,0
LAO,1999-05-31,1999,5,0
LAO,1999-06-30,1999,6,0
LAO,1999-07-31,1999,7,0
LAO,1999-08-31,1999,8,0
LAO,1999-09-30,1999,9,0
LAO,1999-10-31,1999,10,0
LAO,1999-11-30,1999,11,0
LAO,1999-12-31,1999,12,0
LAO,2000-01-31,2000,1,0
LAO,2000-02-29,2000,2,0
LAO,2000-03-31,2000,3,0
LAO,2000-04-30,2000,4,0
LAO,2000-05-31,2000,5,0
LAO,2000-06-30,2000,6,0
LAO,2000-07-31,2000,7,0
LAO,2000-08-31,2000,8,0
LAO,2000-09-30,2000,9,0
LAO,2000-10-31,2000,10,0
LAO,2000-11-30,2000,11,0
LAO,2000-12-31,2000,12,0
LAO,2001-01-31,2001,1,0
LAO,2001-02-28,2001,2,0
LAO,2001-03-31,2001,3,0
LAO,2001-04-30,2001,4,0
LAO,2001-05-31,2001,5,0
LAO,2001-06-30,2001,6,0
LAO,2001-07-31,2001,7,0
LAO,2001-08-31,2001,8,0
LAO,2001-09-30,2001,9,0
LAO,2001-10-31,2001,10,0
LAO,2001-11-30,2001,11,0
LAO,2001-12-31,2001,12,0
LAO,2002-01-31,2002,1,0
LAO,2002-02-28,2002,2,0
LAO,2002-03-31,2002,3,0
LAO,2002-04-30,2002,4,0
LAO,2002-05-31,2002,5,0
LAO,2002-06-30,2002,6,0
LAO,2002-07-31,2002,7,0
LAO,2002-08-31,2002,8,0
LAO,2002-09-30,2002,9,0
LAO,2002-10-31,2002,10,0
LAO,2002-11-30,2002,11,0
LAO,2002-12-31,2002,12,0
LAO,2003-01-31,2003,1,0
LAO,2003-02-28,2003,2,0
LAO,2003-03-31,2003,3,0
LAO,2003-04-30,2003,4,0
LAO,2003-05-31,2003,5,0
LAO,2003-06-30,2003,6,0
LAO,2003-07-31,2003,7,0
LAO,2003-08-31,2003,8,0
LAO,2003-09-30,2003,9,0
LAO,2003-10-31,2003,10,0
LAO,2003-11-30,2003,11,0
LAO,2003-12-31,2003,12,0
LAO,2004-01-31,2004,1,0
LAO,2004-02-29,2004,2,0
LAO,2004-03-31,2004,3,0
LAO,2004-04-30,2004,4,0
LAO,2004-05-31,2004,5,0
LAO,2004-06-30,2004,6,0
LAO,2004-07-31,2004,7,0
LAO,2004-08-31,2004,8,0
LAO,2004-09-30,2004,9,0
LAO,2004-10-31,2004,10,0
LAO,2004-11-30,2004,11,0
LAO,2004-12-31,2004,12,0
LAO,2005-01-31,2005,1,0
LAO,2005-02-28,2005,2,0
LAO,2005-03-31,2005,3,0
LAO,2005-04-30,2005,4,0
LAO,2005-05-31,2005,5,0
LAO,2005-06-30,2005,6,0
LAO,2005-07-31,2005,7,0
LAO,2005-08-31,2005,8,0
LAO,2005-09-30,2005,9,0
LAO,2005-10-31,2005,10,0
LAO,2005-11-30,2005,11,0
LAO,2005-12-31,2005,12,0
LAO,2006-01-31,2006,1,0
LAO,2006-02-28,2006,2,0
LAO,2006-03-31,2006,3,0
LAO,2006-04-30,2006,4,0
LAO,2006-05-31,2006,5,0
LAO,2006-06-30,2006,6,0
LAO,2006-07-31,2006,7,0
LAO,2006-08-31,2006,8,0
LAO,2006-09-30,2006,9,0
LAO,2006-10-31,2006,10,0
LAO,2006-11-30,2006,11,0
LAO,2006-12-31,2006,12,0
LAO,2007-01-31,2007,1,0
LAO,2007-02-28,2007,2,0
LAO,2007-03-31,2007,3,0
LAO,2007-04-30,2007,4,0
LAO,2007-05-31,2007,5,0
LAO,2007-06-30,2007,6,0
LAO,2007-07-31,2007,7,0
LAO,2007-08-31,2007,8,0
LAO,2007-09-30,2007,9,0
LAO,2007-10-31,2007,10,0
LAO,2007-11-30,2007,11,0
LAO,2007-12-31,2007,12,0
LAO,2008-01-31,2008,1,0
LAO,2008-02-29,2008,2,0
LAO,2008-03-31,2008,3,0
LAO,2008-04-30,2008,4,0
LAO,2008-05-31,2008,5,0
LAO,2008-06-30,2008,6,0
LAO,2008-07-31,2008,7,0
LAO,2008-08-31,2008,8,0
LAO,2008-09-30,2008,9,0
LAO,2008-10-31,2008,10,0
LAO,2008-11-30,2008,11,0
LAO,2008-12-31,2008,12,0
LAO,2009-01-31,2009,1,0
LAO,2009-02-28,2009,2,0
LAO,2009-03-31,2009,3,0
LAO,2009-04-30,2009,4,0
LAO,2009-05-31,2009,5,0
LAO,2009-06-30,2009,6,0
LAO,2009-07-31,2009,7,0
LAO,2009-08-31,2009,8,0
LAO,2009-09-30,2009,9,0
LAO,2009-10-31,2009,10,0
LAO,2009-11-30,2009,11,0
LAO,2009-12-31,2009,12,0
LAO,2010-01-31,2010,1,0
LAO,2010-02-28,2010,2,0
LAO,2010-03-31,2010,3,0
LAO,2010-04-30,2010,4,0
LAO,2010-05-31,2010,5,0
LAO,2010-06-30,2010,6,0
LAO,2010-07-31,2010,7,0
LAO,2010-08-31,2010,8,0
LAO,2010-09-30,2010,9,0
LAO,2010-10-31,2010,10,0
LAO,2010-11-30,2010,11,0
LAO,2010-12-31,2010,12,0
LAO,2011-01-31,2011,1,0
LAO,2011-02-28,2011,2,0
LAO,2011-03-31,2011,3,0
LAO,2011-04-30,2011,4,0
LAO,2011-05-31,2011,5,0
LAO,2011-06-30,2011,6,0
LAO,2011-07-31,2011,7,0
LAO,2011-08-31,2011,8,0
LAO,2011-09-30,2011,9,0
LAO,2011-10-31,2011,10,0
LAO,2011-11-30,2011,11,0
LAO,2011-12-31,2011,12,0
LAO,2012-01-31,2012,1,0
LAO,2012-02-29,2012,2,0
LAO,2012-03-31,2012,3,0
LAO,2012-04-30,2012,4,0
LAO,2012-05-31,2012,5,0
LAO,2012-06-30,2012,6,0
LAO,2012-07-31,2012,7,0
LAO,2012-08-31,2012,8,0
LAO,2012-09-30,2012,9,0
LAO,2012-10-31,2012,10,0
LAO,2012-11-30,2012,11,0
LAO,2012-12-31,2012,12,0
LAO,2013-01-31,2013,1,0
LAO,2013-02-28,2013,2,0
LAO,2013-03-31,2013,3,0
LAO,2013-04-30,2013,4,0
LAO,2013-05-31,2013,5,0
LAO,2013-06-30,2013,6,0
LAO,2013-07-31,2013,7,0
LAO,2013-08-31,2013,8,0
LAO,2013-09-30,2013,9,0
LAO,2013-10-31,2013,10,0
LAO,2013-11-30,2013,11,0
LAO,2013-12-31,2013,12,0
LAO,2014-01-31,2014,1,0
LAO,2014-02-28,2014,2,0
LAO,2014-03-31,2014,3,0
LAO,2014-04-30,2014,4,0
LAO,2014-05-31,2014,5,0
LAO,2014-06-30,2014,6,0
LAO,2014-07-31,2014,7,0
LAO,2014-08-31,2014,8,0
LAO,2014-09-30,2014,9,0
LAO,2014-10-31,2014,10,0
LAO,2014-11-30,2014,11,0
LAO,2014-12-31,2014,12,0
LAO,2015-01-31,2015,1,0
LAO,2015-02-28,2015,2,0
LAO,2015-03-31,2015,3,0
LAO,2015-04-30,2015,4,0
LAO,2015-05-31,2015,5,0
LAO,2015-06-30,2015,6,0
LAO,2015-07-31,2015,7,0
LAO,2015-08-31,2015,8,0
LAO,2015-09-30,2015,9,0
LAO,2015-10-31,2015,10,0
LAO,2015-11-30,2015,11,0
LAO,2015-12-31,2015,12,0
LAO,2016-01-31,2016,1,0
LAO,2016-02-29,2016,2,0
LAO,2016-03-31,2016,3,0
LAO,2016-04-30,2016,4,0
LAO,2016-05-31,2016,5,0
LAO,2016-06-30,2016,6,0
LAO,2016-07-31,2016,7,0
LAO,2016-08-31,2016,8,0
LAO,2016-09-30,2016,9,0
LAO,2016-10-31,2016,10,0
LAO,2016-11-30,2016,11,0
LAO,2016-12-31,2016,12,0
LBN,1990-01-31,1990,1,0
LBN,1990-02-28,1990,2,0
LBN,1990-03-31,1990,3,0
LBN,1990-04-30,1990,4,0
LBN,1990-05-31,1990,5,0
LBN,1990-06-30,1990,6,0
LBN,1990-07-31,1990,7,0
LBN,1990-08-31,1990,8,0
LBN,1990-09-30,1990,9,0
LBN,1990-10-31,1990,10,0
LBN,1990-11-30,1990,11,0
LBN,1990-12-31,1990,12,0
LBN,1991-01-31,1991,1,0
LBN,1991-02-28,1991,2,0
LBN,1991-03-31,1991,3,0
LBN,1991-04-30,1991,4,0
LBN,1991-05-31,1991,5,0
LBN,1991-06-30,1991,6,0
LBN,1991-07-31,1991,7,0
LBN,1991-08-31,1991,8,0
LBN,1991-09-30,1991,9,0
LBN,1991-10-31,1991,10,0
LBN,1991-11-30,1991,11,0
LBN,1991-12-31,1991,12,0
LBN,1992-01-31,1992,1,0
LBN,1992-02-29,1992,2,0
LBN,1992-03-31,1992,3,0
LBN,1992-04-30,1992,4,0
LBN,1992-05-31,1992,5,0
LBN,1992-06-30,1992,6,0
LBN,1992-07-31,1992,7,0
LBN,1992-08-31,1992,8,0
LBN,1992-09-30,1992,9,0
LBN,1992-10-31,1992,10,0
LBN,1992-11-30,1992,11,0
LBN,1992-12-31,1992,12,0
LBN,1993-01-31,1993,1,0
LBN,1993-02-28,1993,2,0
LBN,1993-03-31,1993,3,0
LBN,1993-04-30,1993,4,0
LBN,1993-05-31,1993,5,0
LBN,1993-06-30,1993,6,0
LBN,1993-07-31,1993,7,0
LBN,1993-08-31,1993,8,0
LBN,1993-09-30,1993,9,0
LBN,1993-10-31,1993,10,0
LBN,1993-11-30,1993,11,0
LBN,1993-12-31,1993,12,0
LBN,1994-01-31,1994,1,0
LBN,1994-02-28,1994,2,0
LBN,1994-03-31,1994,3,0
LBN,1994-04-30,1994,4,0
LBN,1994-05-31,1994,5,0
LBN,1994-06-30,1994,6,0
LBN,1994-07-31,1994,7,0
LBN,1994-08-31,1994,8,0
LBN,1994-09-30,1994,9,0
LBN,1994-10-31,1994,10,0
LBN,1994-11-30,1994,11,0
LBN,1994-12-31,1994,12,0
LBN,1995-01-31,1995,1,0
LBN,1995-02-28,1995,2,0
LBN,1995-03-31,1995,3,0
LBN,1995-04-30,1995,4,0
LBN,1995-05-31,1995,5,0
LBN,1995-06-30,1995,6,0
LBN,1995-07-31,1995,7,0
LBN,1995-08-31,1995,8,0
LBN,1995-09-30,1995,9,0
LBN,1995-10-31,1995,10,0
LBN,1995-11-30,1995,11,0
LBN,1995-12-31,1995,12,0
LBN,1996-01-31,1996,1,0
LBN,1996-02-29,1996,2,0
LBN,1996-03-31,1996,3,0
LBN,1996-04-30,1996,4,0
LBN,1996-05-31,1996,5,0
LBN,1996-06-30,1996,6,0
LBN,1996-07-31,1996,7,0
LBN,1996-08-31,1996,8,0
LBN,1996-09-30,1996,9,0
LBN,1996-10-31,1996,10,0
LBN,1996-11-30,1996,11,0
LBN,1996-12-31,1996,12,0
LBN,1997-01-31,1997,1,0
LBN,1997-02-28,1997,2,0
LBN,1997-03-31,1997,3,0
LBN,1997-04-30,1997,4,0
LBN,1997-05-31,1997,5,0
LBN,1997-06-30,1997,6,0
LBN,1997-07-31,1997,7,0
LBN,1997-08-31,1997,8,0
LBN,1997-09-30,1997,9,0
LBN,1997-10-31,1997,10,0
LBN,1997-11-30,1997,11,0
LBN,1997-12-31,1997,12,0
LBN,1998-01-31,1998,1,0
LBN,1998-02-28,1998,2,0
LBN,1998-03-31,1998,3,0
LBN,1998-04-30,1998,4,0
LBN,1998-05-31,1998,5,0
LBN,1998-06-30,1998,6,0
LBN,1998-07-31,1998,7,0
LBN,1998-08-31,1998,8,0
LBN,1998-09-30,1998,9,0
LBN,1998-10-31,1998,10,0
LBN,1998-11-30,1998,11,0
LBN,1998-12-31,1998,12,0
LBN,1999-01-31,1999,1,0
LBN,1999-02-28,1999,2,0
LBN,1999-03-31,1999,3,0
LBN,1999-04-30,1999,4,0
LBN,1999-05-31,1999,5,0
LBN,1999-06-30,1999,6,0
LBN,1999-07-31,1999,7,0
LBN,1999-08-31,1999,8,0
LBN,1999-09-30,1999,9,0
LBN,1999-10-31,1999,10,0
LBN,1999-11-30,1999,11,0
LBN,1999-12-31,1999,12,0
LBN,2000-01-31,2000,1,0
LBN,2000-02-29,2000,2,0
LBN,2000-03-31,2000,3,0
LBN,2000-04-30,2000,4,0
LBN,2000-05-31,2000,5,0
LBN,2000-06-30,2000,6,0
LBN,2000-07-31,2000,7,0
LBN,2000-08-31,2000,8,0
LBN,2000-09-30,2000,9,0
LBN,2000-10-31,2000,10,0
LBN,2000-11-30,2000,11,0
LBN,2000-12-31,2000,12,0
LBN,2001-01-31,2001,1,0
LBN,2001-02-28,2001,2,0
LBN,2001-03-31,2001,3,0
LBN,2001-04-30,2001,4,0
LBN,2001-05-31,2001,5,0
LBN,2001-06-30,2001,6,0
LBN,2001-07-31,2001,7,0
LBN,2001-08-31,2001,8,0
LBN,2001-09-30,2001,9,0
LBN,2001-10-31,2001,10,0
LBN,2001-11-30,2001,11,0
LBN,2001-12-31,2001,12,0
LBN,2002-01-31,2002,1,0
LBN,2002-02-28,2002,2,0
LBN,2002-03-31,2002,3,0
LBN,2002-04-30,2002,4,0
LBN,2002-05-31,2002,5,0
LBN,2002-06-30,2002,6,0
LBN,2002-07-31,2002,7,0
LBN,2002-08-31,2002,8,0
LBN,2002-09-30,2002,9,0
LBN,2002-10-31,2002,10,0
LBN,2002-11-30,2002,11,0
LBN,2002-12-31,2002,12,0
LBN,2003-01-31,2003,1,0
LBN,2003-02-28,2003,2,0
LBN,2003-03-31,2003,3,0
LBN,2003-04-30,2003,4,0
LBN,2003-05-31,2003,5,0
LBN,2003-06-30,2003,6,0
LBN,2003-07-31,2003,7,0
LBN,2003-08-31,2003,8,0
LBN,2003-09-30,2003,9,0
LBN,2003-10-31,2003,10,0
LBN,2003-11-30,2003,11,0
LBN,2003-12-31,2003,12,0
LBN,2004-01-31,2004,1,0
LBN,2004-02-29,2004,2,0
LBN,2004-03-31,2004,3,0
LBN,2004-04-30,2004,4,0
LBN,2004-05-31,2004,5,0
LBN,2004-06-30,2004,6,0
LBN,2004-07-31,2004,7,0
LBN,2004-08-31,2004,8,0
LBN,2004-09-30,2004,9,0
LBN,2004-10-31,2004,10,0
LBN,2004-11-30,2004,11,0
LBN,2004-12-31,2004,12,0
LBN,2005-01-31,2005,1,0
LBN,2005-02-28,2005,2,0
LBN,2005-03-31,2005,3,0
LBN,2005-04-30,2005,4,0
LBN,2005-05-31,2005,5,0
LBN,2005-06-30,2005,6,0
LBN,2005-07-31,2005,7,0
LBN,2005-08-31,2005,8,0
LBN,2005-09-30,2005,9,0
LBN,2005-10-31,2005,10,0
LBN,2005-11-30,2005,11,0
LBN,2005-12-31,2005,12,0
LBN,2006-01-31,2006,1,0
LBN,2006-02-28,2006,2,0
LBN,2006-03-31,2006,3,0
LBN,2006-04-30,2006,4,0
LBN,2006-05-31,2006,5,0
LBN,2006-06-30,2006,6,0
LBN,2006-07-31,2006,7,0
LBN,2006-08-31,2006,8,0
LBN,2006-09-30,2006,9,0
LBN,2006-10-31,2006,10,0
LBN,2006-11-30,2006,11,0
LBN,2006-12-31,2006,12,0
LBN,2007-01-31,2007,1,0
LBN,2007-02-28,2007,2,0
LBN,2007-03-31,2007,3,0
LBN,2007-04-30,2007,4,0
LBN,2007-05-31,2007,5,0
LBN,2007-06-30,2007,6,0
LBN,2007-07-31,2007,7,0
LBN,2007-08-31,2007,8,0
LBN,2007-09-30,2007,9,0
LBN,2007-10-31,2007,10,0
LBN,2007-11-30,2007,11,0
LBN,2007-12-31,2007,12,0
LBN,2008-01-31,2008,1,0
LBN,2008-02-29,2008,2,0
LBN,2008-03-31,2008,3,0
LBN,2008-04-30,2008,4,0
LBN,2008-05-31,2008,5,0
LBN,2008-06-30,2008,6,0
LBN,2008-07-31,2008,7,0
LBN,2008-08-31,2008,8,0
LBN,2008-09-30,2008,9,0
LBN,2008-10-31,2008,10,0
LBN,2008-11-30,2008,11,0
LBN,2008-12-31,2008,12,0
LBN,2009-01-31,2009,1,0
LBN,2009-02-28,2009,2,0
LBN,2009-03-31,2009,3,0
LBN,2009-04-30,2009,4,0
LBN,2009-05-31,2009,5,0
LBN,2009-06-30,2009,6,0
LBN,2009-07-31,2009,7,0
LBN,2009-08-31,2009,8,0
LBN,2009-09-30,2009,9,0
LBN,2009-10-31,2009,10,0
LBN,2009-11-30,2009,11,0
LBN,2009-12-31,2009,12,0
LBN,2010-01-31,2010,1,0
LBN,2010-02-28,2010,2,0
LBN,2010-03-31,2010,3,0
LBN,2010-04-30,2010,4,0
LBN,2010-05-31,2010,5,0
LBN,2010-06-30,2010,6,0
LBN,2010-07-31,2010,7,0
LBN,2010-08-31,2010,8,0
LBN,2010-09-30,2010,9,0
LBN,2010-10-31,2010,10,0
LBN,2010-11-30,2010,11,0
LBN,2010-12-31,2010,12,0
LBN,2011-01-31,2011,1,0
LBN,2011-02-28,2011,2,0
LBN,2011-03-31,2011,3,0
LBN,2011-04-30,2011,4,0
LBN,2011-05-31,2011,5,0
LBN,2011-06-30,2011,6,0
LBN,2011-07-31,2011,7,0
LBN,2011-08-31,2011,8,0
LBN,2011-09-30,2011,9,0
LBN,2011-10-31,2011,10,0
LBN,2011-11-30,2011,11,0
LBN,2011-12-31,2011,12,0
LBN,2012-01-31,2012,1,0
LBN,2012-02-29,2012,2,0
LBN,2012-03-31,2012,3,0
LBN,2012-04-30,2012,4,0
LBN,2012-05-31,2012,5,0
LBN,2012-06-30,2012,6,0
LBN,2012-07-31,2012,7,0
LBN,2012-08-31,2012,8,0
LBN,2012-09-30,2012,9,0
LBN,2012-10-31,2012,10,0
LBN,2012-11-30,2012,11,0
LBN,2012-12-31,2012,12,0
LBN,2013-01-31,2013,1,0
LBN,2013-02-28,2013,2,0
LBN,2013-03-31,2013,3,0
LBN,2013-04-30,2013,4,0
LBN,2013-05-31,2013,5,0
LBN,2013-06-30,2013,6,0
LBN,2013-07-31,2013,7,0
LBN,2013-08-31,2013,8,0
LBN,2013-09-30,2013,9,0
LBN,2013-10-31,2013,10,0
LBN,2013-11-30,2013,11,0
LBN,2013-12-31,2013,12,0
LBN,2014-01-31,2014,1,0
LBN,2014-02-28,2014,2,0
LBN,2014-03-31,2014,3,0
LBN,2014-04-30,2014,4,0
LBN,2014-05-31,2014,5,0
LBN,2014-06-30,2014,6,0
LBN,2014-07-31,2014,7,0
LBN,2014-08-31,2014,8,0
LBN,2014-09-30,2014,9,0
LBN,2014-10-31,2014,10,0
LBN,2014-11-30,2014,11,0
LBN,2014-12-31,2014,12,0
LBN,2015-01-31,2015,1,0
LBN,2015-02-28,2015,2,0
LBN,2015-03-31,2015,3,0
LBN,2015-04-30,2015,4,0
LBN,2015-05-31,2015,5,0
LBN,2015-06-30,2015,6,0
LBN,2015-07-31,2015,7,0
LBN,2015-08-31,2015,8,0
LBN,2015-09-30,2015,9,0
LBN,2015-10-31,2015,10,0
LBN,2015-11-30,2015,11,0
LBN,2015-12-31,2015,12,0
LBN,2016-01-31,2016,1,0
LBN,2016-02-29,2016,2,0
LBN,2016-03-31,2016,3,0
LBN,2016-04-30,2016,4,0
LBN,2016-05-31,2016,5,0
LBN,2016-06-30,2016,6,0
LBN,2016-07-31,2016,7,0
LBN,2016-08-31,2016,8,0
LBN,2016-09-30,2016,9,0
LBN,2016-10-31,2016,10,0
LBN,2016-11-30,2016,11,0
LBN,2016-12-31,2016,12,0
LBY,1990-01-31,1990,1,0
LBY,1990-02-28,1990,2,0
LBY,1990-03-31,1990,3,0
LBY,1990-04-30,1990,4,0
LBY,1990-05-31,1990,5,0
LBY,1990-06-30,1990,6,0
LBY,1990-07-31,1990,7,0
LBY,1990-08-31,1990,8,0
LBY,1990-09-30,1990,9,0
LBY,1990-10-31,1990,10,0
LBY,1990-11-30,1990,11,0
LBY,1990-12-31,1990,12,0
LBY,1991-01-31,1991,1,0
LBY,1991-02-28,1991,2,0
LBY,1991-03-31,1991,3,0
LBY,1991-04-30,1991,4,0
LBY,1991-05-31,1991,5,0
LBY,1991-06-30,1991,6,0
LBY,1991-07-31,1991,7,0
LBY,1991-08-31,1991,8,0
LBY,1991-09-30,1991,9,0
LBY,1991-10-31,1991,10,0
LBY,1991-11-30,1991,11,0
LBY,1991-12-31,1991,12,0
LBY,1992-01-31,1992,1,0
LBY,1992-02-29,1992,2,0
LBY,1992-03-31,1992,3,0
LBY,1992-04-30,1992,4,0
LBY,1992-05-31,1992,5,0
LBY,1992-06-30,1992,6,0
LBY,1992-07-31,1992,7,0
LBY,1992-08-31,1992,8,0
LBY,1992-09-30,1992,9,0
LBY,1992-10-31,1992,10,0
LBY,1992-11-30,1992,11,0
LBY,1992-12-31,1992,12,0
LBY,1993-01-31,1993,1,0
LBY,1993-02-28,1993,2,0
LBY,1993-03-31,1993,3,0
LBY,1993-04-30,1993,4,0
LBY,1993-05-31,1993,5,0
LBY,1993-06-30,1993,6,0
LBY,1993-07-31,1993,7,0
LBY,1993-08-31,1993,8,0
LBY,1993-09-30,1993,9,0
LBY,1993-10-31,1993,10,0
LBY,1993-11-30,1993,11,0
LBY,1993-12-31,1993,12,0
LBY,1994-01-31,1994,1,0
LBY,1994-02-28,1994,2,0
LBY,1994-03-31,1994,3,0
LBY,1994-04-30,1994,4,0
LBY,1994-05-31,1994,5,0
LBY,1994-06-30,1994,6,0
LBY,1994-07-31,1994,7,0
LBY,1994-08-31,1994,8,0
LBY,1994-09-30,1994,9,0
LBY,1994-10-31,1994,10,0
LBY,1994-11-30,1994,11,0
LBY,1994-12-31,1994,12,0
LBY,1995-01-31,1995,1,0
LBY,1995-02-28,1995,2,0
LBY,1995-03-31,1995,3,0
LBY,1995-04-30,1995,4,0
LBY,1995-05-31,1995,5,0
LBY,1995-06-30,1995,6,0
LBY,1995-07-31,1995,7,0
LBY,1995-08-31,1995,8,0
LBY,1995-09-30,1995,9,0
LBY,1995-10-31,1995,10,0
LBY,1995-11-30,1995,11,0
LBY,1995-12-31,1995,12,0
LBY,1996-01-31,1996,1,0
LBY,1996-02-29,1996,2,0
LBY,1996-03-31,1996,3,0
LBY,1996-04-30,1996,4,0
LBY,1996-05-31,1996,5,0
LBY,1996-06-30,1996,6,0
LBY,1996-07-31,1996,7,0
LBY,1996-08-31,1996,8,0
LBY,1996-09-30,1996,9,0
LBY,1996-10-31,1996,10,0
LBY,1996-11-30,1996,11,0
LBY,1996-12-31,1996,12,0
LBY,1997-01-31,1997,1,0
LBY,1997-02-28,1997,2,0
LBY,1997-03-31,1997,3,0
LBY,1997-04-30,1997,4,0
LBY,1997-05-31,1997,5,0
LBY,1997-06-30,1997,6,0
LBY,1997-07-31,1997,7,0
LBY,1997-08-31,1997,8,0
LBY,1997-09-30,1997,9,0
LBY,1997-10-31,1997,10,0
LBY,1997-11-30,1997,11,0
LBY,1997-12-31,1997,12,0
LBY,1998-01-31,1998,1,0
LBY,1998-02-28,1998,2,0
LBY,1998-03-31,1998,3,0
LBY,1998-04-30,1998,4,0
LBY,1998-05-31,1998,5,0
LBY,1998-06-30,1998,6,0
LBY,1998-07-31,1998,7,0
LBY,1998-08-31,1998,8,0
LBY,1998-09-30,1998,9,0
LBY,1998-10-31,1998,10,0
LBY,1998-11-30,1998,11,0
LBY,1998-12-31,1998,12,0
LBY,1999-01-31,1999,1,0
LBY,1999-02-28,1999,2,0
LBY,1999-03-31,1999,3,0
LBY,1999-04-30,1999,4,0
LBY,1999-05-31,1999,5,0
LBY,1999-06-30,1999,6,0
LBY,1999-07-31,1999,7,0
LBY,1999-08-31,1999,8,0
LBY,1999-09-30,1999,9,0
LBY,1999-10-31,1999,10,0
LBY,1999-11-30,1999,11,0
LBY,1999-12-31,1999,12,0
LBY,2000-01-31,2000,1,0
LBY,2000-02-29,2000,2,0
LBY,2000-03-31,2000,3,0
LBY,2000-04-30,2000,4,0
LBY,2000-05-31,2000,5,0
LBY,2000-06-30,2000,6,0
LBY,2000-07-31,2000,7,0
LBY,2000-08-31,2000,8,0
LBY,2000-09-30,2000,9,0
LBY,2000-10-31,2000,10,0
LBY,2000-11-30,2000,11,0
LBY,2000-12-31,2000,12,0
LBY,2001-01-31,2001,1,1
LBY,2001-02-28,2001,2,1
LBY,2001-03-31,2001,3,1
LBY,2001-04-30,2001,4,1
LBY,2001-05-31,2001,5,1
LBY,2001-06-30,2001,6,1
LBY,2001-07-31,2001,7,1
LBY,2001-08-31,2001,8,1
LBY,2001-09-30,2001,9,1
LBY,2001-10-31,2001,10,1
LBY,2001-11-30,2001,11,1
LBY,2001-12-31,2001,12,1
LBY,2002-01-31,2002,1,0
LBY,2002-02-28,2002,2,0
LBY,2002-03-31,2002,3,0
LBY,2002-04-30,2002,4,0
LBY,2002-05-31,2002,5,0
LBY,2002-06-30,2002,6,0
LBY,2002-07-31,2002,7,0
LBY,2002-08-31,2002,8,0
LBY,2002-09-30,2002,9,0
LBY,2002-10-31,2002,10,0
LBY,2002-11-30,2002,11,0
LBY,2002-12-31,2002,12,0
LBY,2003-01-31,2003,1,0
LBY,2003-02-28,2003,2,0
LBY,2003-03-31,2003,3,0
LBY,2003-04-30,2003,4,0
LBY,2003-05-31,2003,5,0
LBY,2003-06-30,2003,6,0
LBY,2003-07-31,2003,7,0
LBY,2003-08-31,2003,8,0
LBY,2003-09-30,2003,9,0
LBY,2003-10-31,2003,10,0
LBY,2003-11-30,2003,11,0
LBY,2003-12-31,2003,12,0
LBY,2004-01-31,2004,1,0
LBY,2004-02-29,2004,2,0
LBY,2004-03-31,2004,3,0
LBY,2004-04-30,2004,4,0
LBY,2004-05-31,2004,5,0
LBY,2004-06-30,2004,6,0
LBY,2004-07-31,2004,7,0
LBY,2004-08-31,2004,8,0
LBY,2004-09-30,2004,9,0
LBY,2004-10-31,2004,10,0
LBY,2004-11-30,2004,11,0
LBY,2004-12-31,2004,12,0
LBY,2005-01-31,2005,1,0
LBY,2005-02-28,2005,2,0
LBY,2005-03-31,2005,3,0
LBY,2005-04-30,2005,4,0
LBY,2005-05-31,2005,5,0
LBY,2005-06-30,2005,6,0
LBY,2005-07-31,2005,7,0
LBY,2005-08-31,2005,8,0
LBY,2005-09-30,2005,9,0
LBY,2005-10-31,2005,10,0
LBY,2005-11-30,2005,11,0
LBY,2005-12-31,2005,12,0
LBY,2006-01-31,2006,1,0
LBY,2006-02-28,2006,2,0
LBY,2006-03-31,2006,3,0
LBY,2006-04-30,2006,4,0
LBY,2006-05-31,2006,5,0
LBY,2006-06-30,2006,6,0
LBY,2006-07-31,2006,7,0
LBY,2006-08-31,2006,8,0
LBY,2006-09-30,2006,9,0
LBY,2006-10-31,2006,10,0
LBY,2006-11-30,2006,11,0
LBY,2006-12-31,2006,12,0
LBY,2007-01-31,2007,1,0
LBY,2007-02-28,2007,2,0
LBY,2007-03-31,2007,3,0
LBY,2007-04-30,2007,4,0
LBY,2007-05-31,2007,5,0
LBY,2007-06-30,2007,6,0
LBY,2007-07-31,2007,7,0
LBY,2007-08-31,2007,8,0
LBY,2007-09-30,2007,9,0
LBY,2007-10-31,2007,10,0
LBY,2007-11-30,2007,11,0
LBY,2007-12-31,2007,12,0
LBY,2008-01-31,2008,1,0
LBY,2008-02-29,2008,2,0
LBY,2008-03-31,2008,3,0
LBY,2008-04-30,2008,4,0
LBY,2008-05-31,2008,5,0
LBY,2008-06-30,2008,6,0
LBY,2008-07-31,2008,7,0
LBY,2008-08-31,2008,8,0
LBY,2008-09-30,2008,9,0
LBY,2008-10-31,2008,10,0
LBY,2008-11-30,2008,11,0
LBY,2008-12-31,2008,12,0
LBY,2009-01-31,2009,1,0
LBY,2009-02-28,2009,2,0
LBY,2009-03-31,2009,3,0
LBY,2009-04-30,2009,4,0
LBY,2009-05-31,2009,5,0
LBY,2009-06-30,2009,6,0
LBY,2009-07-31,2009,7,0
LBY,2009-08-31,2009,8,0
LBY,2009-09-30,2009,9,0
LBY,2009-10-31,2009,10,0
LBY,2009-11-30,2009,11,0
LBY,2009-12-31,2009,12,0
LBY,2010-01-31,2010,1,0
LBY,2010-02-28,2010,2,0
LBY,2010-03-31,2010,3,0
LBY,2010-04-30,2010,4,0
LBY,2010-05-31,2010,5,0
LBY,2010-06-30,2010,6,0
LBY,2010-07-31,2010,7,0
LBY,2010-08-31,2010,8,0
LBY,2010-09-30,2010,9,0
LBY,2010-10-31,2010,10,0
LBY,2010-11-30,2010,11,0
LBY,2010-12-31,2010,12,0
LBY,2011-01-31,2011,1,0
LBY,2011-02-28,2011,2,0
LBY,2011-03-31,2011,3,0
LBY,2011-04-30,2011,4,0
LBY,2011-05-31,2011,5,0
LBY,2011-06-30,2011,6,0
LBY,2011-07-31,2011,7,0
LBY,2011-08-31,2011,8,0
LBY,2011-09-30,2011,9,0
LBY,2011-10-31,2011,10,0
LBY,2011-11-30,2011,11,0
LBY,2011-12-31,2011,12,0
LBY,2012-01-31,2012,1,0
LBY,2012-02-29,2012,2,0
LBY,2012-03-31,2012,3,0
LBY,2012-04-30,2012,4,0
LBY,2012-05-31,2012,5,0
LBY,2012-06-30,2012,6,0
LBY,2012-07-31,2012,7,0
LBY,2012-08-31,2012,8,0
LBY,2012-09-30,2012,9,0
LBY,2012-10-31,2012,10,0
LBY,2012-11-30,2012,11,0
LBY,2012-12-31,2012,12,0
LBY,2013-01-31,2013,1,0
LBY,2013-02-28,2013,2,0
LBY,2013-03-31,2013,3,0
LBY,2013-04-30,2013,4,0
LBY,2013-05-31,2013,5,0
LBY,2013-06-30,2013,6,0
LBY,2013-07-31,2013,7,0
LBY,2013-08-31,2013,8,0
LBY,2013-09-30,2013,9,0
LBY,2013-10-31,2013,10,0
LBY,2013-11-30,2013,11,0
LBY,2013-12-31,2013,12,0
LBY,2014-01-31,2014,1,0
LBY,2014-02-28,2014,2,0
LBY,2014-03-31,2014,3,0
LBY,2014-04-30,2014,4,0
LBY,2014-05-31,2014,5,0
LBY,2014-06-30,2014,6,0
LBY,2014-07-31,2014,7,0
LBY,2014-08-31,2014,8,0
LBY,2014-09-30,2014,9,0
LBY,2014-10-31,2014,10,0
LBY,2014-11-30,2014,11,0
LBY,2014-12-31,2014,12,0
LBY,2015-01-31,2015,1,0
LBY,2015-02-28,2015,2,0
LBY,2015-03-31,2015,3,0
LBY,2015-04-30,2015,4,0
LBY,2015-05-31,2015,5,0
LBY,2015-06-30,2015,6,0
LBY,2015-07-31,2015,7,0
LBY,2015-08-31,2015,8,0
LBY,2015-09-30,2015,9,0
LBY,2015-10-31,2015,10,0
LBY,2015-11-30,2015,11,0
LBY,2015-12-31,2015,12,0
LBY,2016-01-31,2016,1,0
LBY,2016-02-29,2016,2,0
LBY,2016-03-31,2016,3,0
LBY,2016-04-30,2016,4,0
LBY,2016-05-31,2016,5,0
LBY,2016-06-30,2016,6,0
LBY,2016-07-31,2016,7,0
LBY,2016-08-31,2016,8,0
LBY,2016-09-30,2016,9,0
LBY,2016-10-31,2016,10,0
LBY,2016-11-30,2016,11,0
LBY,2016-12-31,2016,12,0
LKA,1990-01-31,1990,1,0
LKA,1990-02-28,1990,2,0
LKA,1990-03-31,1990,3,0
LKA,1990-04-30,1990,4,0
LKA,1990-05-31,1990,5,0
LKA,1990-06-30,1990,6,0
LKA,1990-07-31,1990,7,0
LKA,1990-08-31,1990,8,0
LKA,1990-09-30,1990,9,0
LKA,1990-10-31,1990,10,0
LKA,1990-11-30,1990,11,0
LKA,1990-12-31,1990,12,0
LKA,1991-01-31,1991,1,0
LKA,1991-02-28,1991,2,0
LKA,1991-03-31,1991,3,0
LKA,1991-04-30,1991,4,0
LKA,1991-05-31,1991,5,0
LKA,1991-06-30,1991,6,0
LKA,1991-07-31,1991,7,0
LKA,1991-08-31,1991,8,0
LKA,1991-09-30,1991,9,0
LKA,1991-10-31,1991,10,0
LKA,1991-11-30,1991,11,0
LKA,1991-12-31,1991,12,0
LKA,1992-01-31,1992,1,0
LKA,1992-02-29,1992,2,0
LKA,1992-03-31,1992,3,0
LKA,1992-04-30,1992,4,0
LKA,1992-05-31,1992,5,0
LKA,1992-06-30,1992,6,0
LKA,1992-07-31,1992,7,0
LKA,1992-08-31,1992,8,0
LKA,1992-09-30,1992,9,0
LKA,1992-10-31,1992,10,0
LKA,1992-11-30,1992,11,0
LKA,1992-12-31,1992,12,0
LKA,1993-01-31,1993,1,0
LKA,1993-02-28,1993,2,0
LKA,1993-03-31,1993,3,0
LKA,1993-04-30,1993,4,0
LKA,1993-05-31,1993,5,0
LKA,1993-06-30,1993,6,0
LKA,1993-07-31,1993,7,0
LKA,1993-08-31,1993,8,0
LKA,1993-09-30,1993,9,0
LKA,1993-10-31,1993,10,0
LKA,1993-11-30,1993,11,0
LKA,1993-12-31,1993,12,0
LKA,1994-01-31,1994,1,0
LKA,1994-02-28,1994,2,0
LKA,1994-03-31,1994,3,0
LKA,1994-04-30,1994,4,0
LKA,1994-05-31,1994,5,0
LKA,1994-06-30,1994,6,0
LKA,1994-07-31,1994,7,0
LKA,1994-08-31,1994,8,0
LKA,1994-09-30,1994,9,0
LKA,1994-10-31,1994,10,0
LKA,1994-11-30,1994,11,0
LKA,1994-12-31,1994,12,0
LKA,1995-01-31,1995,1,0
LKA,1995-02-28,1995,2,0
LKA,1995-03-31,1995,3,0
LKA,1995-04-30,1995,4,0
LKA,1995-05-31,1995,5,0
LKA,1995-06-30,1995,6,0
LKA,1995-07-31,1995,7,0
LKA,1995-08-31,1995,8,0
LKA,1995-09-30,1995,9,0
LKA,1995-10-31,1995,10,0
LKA,1995-11-30,1995,11,0
LKA,1995-12-31,1995,12,0
LKA,1996-01-31,1996,1,0
LKA,1996-02-29,1996,2,0
LKA,1996-03-31,1996,3,0
LKA,1996-04-30,1996,4,0
LKA,1996-05-31,1996,5,0
LKA,1996-06-30,1996,6,0
LKA,1996-07-31,1996,7,0
LKA,1996-08-31,1996,8,0
LKA,1996-09-30,1996,9,0
LKA,1996-10-31,1996,10,0
LKA,1996-11-30,1996,11,0
LKA,1996-12-31,1996,12,0
LKA,1997-01-31,1997,1,0
LKA,1997-02-28,1997,2,0
LKA,1997-03-31,1997,3,0
LKA,1997-04-30,1997,4,0
LKA,1997-05-31,1997,5,0
LKA,1997-06-30,1997,6,0
LKA,1997-07-31,1997,7,0
LKA,1997-08-31,1997,8,0
LKA,1997-09-30,1997,9,0
LKA,1997-10-31,1997,10,0
LKA,1997-11-30,1997,11,0
LKA,1997-12-31,1997,12,0
LKA,1998-01-31,1998,1,0
LKA,1998-02-28,1998,2,0
LKA,1998-03-31,1998,3,0
LKA,1998-04-30,1998,4,0
LKA,1998-05-31,1998,5,0
LKA,1998-06-30,1998,6,0
LKA,1998-07-31,1998,7,0
LKA,1998-08-31,1998,8,0
LKA,1998-09-30,1998,9,0
LKA,1998-10-31,1998,10,0
LKA,1998-11-30,1998,11,0
LKA,1998-12-31,1998,12,0
LKA,1999-01-31,1999,1,0
LKA,1999-02-28,1999,2,0
LKA,1999-03-31,1999,3,0
LKA,1999-04-30,1999,4,0
LKA,1999-05-31,1999,5,0
LKA,1999-06-30,1999,6,0
LKA,1999-07-31,1999,7,0
LKA,1999-08-31,1999,8,0
LKA,1999-09-30,1999,9,0
LKA,1999-10-31,1999,10,0
LKA,1999-11-30,1999,11,0
LKA,1999-12-31,1999,12,0
LKA,2000-01-31,2000,1,0
LKA,2000-02-29,2000,2,0
LKA,2000-03-31,2000,3,0
LKA,2000-04-30,2000,4,0
LKA,2000-05-31,2000,5,0
LKA,2000-06-30,2000,6,0
LKA,2000-07-31,2000,7,0
LKA,2000-08-31,2000,8,0
LKA,2000-09-30,2000,9,0
LKA,2000-10-31,2000,10,0
LKA,2000-11-30,2000,11,0
LKA,2000-12-31,2000,12,0
LKA,2001-01-31,2001,1,0
LKA,2001-02-28,2001,2,0
LKA,2001-03-31,2001,3,0
LKA,2001-04-30,2001,4,0
LKA,2001-05-31,2001,5,0
LKA,2001-06-30,2001,6,0
LKA,2001-07-31,2001,7,0
LKA,2001-08-31,2001,8,0
LKA,2001-09-30,2001,9,0
LKA,2001-10-31,2001,10,0
LKA,2001-11-30,2001,11,0
LKA,2001-12-31,2001,12,0
LKA,2002-01-31,2002,1,0
LKA,2002-02-28,2002,2,0
LKA,2002-03-31,2002,3,0
LKA,2002-04-30,2002,4,0
LKA,2002-05-31,2002,5,0
LKA,2002-06-30,2002,6,0
LKA,2002-07-31,2002,7,0
LKA,2002-08-31,2002,8,0
LKA,2002-09-30,2002,9,0
LKA,2002-10-31,2002,10,0
LKA,2002-11-30,2002,11,0
LKA,2002-12-31,2002,12,0
LKA,2003-01-31,2003,1,0
LKA,2003-02-28,2003,2,0
LKA,2003-03-31,2003,3,0
LKA,2003-04-30,2003,4,0
LKA,2003-05-31,2003,5,0
LKA,2003-06-30,2003,6,0
LKA,2003-07-31,2003,7,0
LKA,2003-08-31,2003,8,0
LKA,2003-09-30,2003,9,0
LKA,2003-10-31,2003,10,0
LKA,2003-11-30,2003,11,0
LKA,2003-12-31,2003,12,0
LKA,2004-01-31,2004,1,0
LKA,2004-02-29,2004,2,0
LKA,2004-03-31,2004,3,0
LKA,2004-04-30,2004,4,0
LKA,2004-05-31,2004,5,0
LKA,2004-06-30,2004,6,0
LKA,2004-07-31,2004,7,0
LKA,2004-08-31,2004,8,0
LKA,2004-09-30,2004,9,0
LKA,2004-10-31,2004,10,0
LKA,2004-11-30,2004,11,0
LKA,2004-12-31,2004,12,0
LKA,2005-01-31,2005,1,0
LKA,2005-02-28,2005,2,0
LKA,2005-03-31,2005,3,0
LKA,2005-04-30,2005,4,0
LKA,2005-05-31,2005,5,0
LKA,2005-06-30,2005,6,0
LKA,2005-07-31,2005,7,0
LKA,2005-08-31,2005,8,0
LKA,2005-09-30,2005,9,0
LKA,2005-10-31,2005,10,0
LKA,2005-11-30,2005,11,0
LKA,2005-12-31,2005,12,0
LKA,2006-01-31,2006,1,0
LKA,2006-02-28,2006,2,0
LKA,2006-03-31,2006,3,0
LKA,2006-04-30,2006,4,0
LKA,2006-05-31,2006,5,0
LKA,2006-06-30,2006,6,0
LKA,2006-07-31,2006,7,0
LKA,2006-08-31,2006,8,0
LKA,2006-09-30,2006,9,0
LKA,2006-10-31,2006,10,0
LKA,2006-11-30,2006,11,0
LKA,2006-12-31,2006,12,0
LKA,2007-01-31,2007,1,0
LKA,2007-02-28,2007,2,0
LKA,2007-03-31,2007,3,0
LKA,2007-04-30,2007,4,0
LKA,2007-05-31,2007,5,0
LKA,2007-06-30,2007,6,0
LKA,2007-07-31,2007,7,0
LKA,2007-08-31,2007,8,0
LKA,2007-09-30,2007,9,0
LKA,2007-10-31,2007,10,0
LKA,2007-11-30,2007,11,0
LKA,2007-12-31,2007,12,0
LKA,2008-01-31,2008,1,0
LKA,2008-02-29,2008,2,0
LKA,2008-03-31,2008,3,0
LKA,2008-04-30,2008,4,0
LKA,2008-05-31,2008,5,0
LKA,2008-06-30,2008,6,0
LKA,2008-07-31,2008,7,0
LKA,2008-08-31,2008,8,0
LKA,2008-09-30,2008,9,0
LKA,2008-10-31,2008,10,0
LKA,2008-11-30,2008,11,0
LKA,2008-12-31,2008,12,0
LKA,2009-01-31,2009,1,0
LKA,2009-02-28,2009,2,0
LKA,2009-03-31,2009,3,0
LKA,2009-04-30,2009,4,0
LKA,2009-05-31,2009,5,0
LKA,2009-06-30,2009,6,0
LKA,2009-07-31,2009,7,0
LKA,2009-08-31,2009,8,0
LKA,2009-09-30,2009,9,0
LKA,2009-10-31,2009,10,0
LKA,2009-11-30,2009,11,0
LKA,2009-12-31,2009,12,0
LKA,2010-01-31,2010,1,0
LKA,2010-02-28,2010,2,0
LKA,2010-03-31,2010,3,0
LKA,2010-04-30,2010,4,0
LKA,2010-05-31,2010,5,0
LKA,2010-06-30,2010,6,0
LKA,2010-07-31,2010,7,0
LKA,2010-08-31,2010,8,0
LKA,2010-09-30,2010,9,0
LKA,2010-10-31,2010,10,0
LKA,2010-11-30,2010,11,0
LKA,2010-12-31,2010,12,0
LKA,2011-01-31,2011,1,0
LKA,2011-02-28,2011,2,0
LKA,2011-03-31,2011,3,0
LKA,2011-04-30,2011,4,0
LKA,2011-05-31,2011,5,0
LKA,2011-06-30,2011,6,0
LKA,2011-07-31,2011,7,0
LKA,2011-08-31,2011,8,0
LKA,2011-09-30,2011,9,0
LKA,2011-10-31,2011,10,0
LKA,2011-11-30,2011,11,0
LKA,2011-12-31,2011,12,0
LKA,2012-01-31,2012,1,0
LKA,2012-02-29,2012,2,0
LKA,2012-03-31,2012,3,0
LKA,2012-04-30,2012,4,0
LKA,2012-05-31,2012,5,0
LKA,2012-06-30,2012,6,0
LKA,2012-07-31,2012,7,0
LKA,2012-08-31,2012,8,0
LKA,2012-09-30,2012,9,0
LKA,2012-10-31,2012,10,0
LKA,2012-11-30,2012,11,0
LKA,2012-12-31,2012,12,0
LKA,2013-01-31,2013,1,0
LKA,2013-02-28,2013,2,0
LKA,2013-03-31,2013,3,0
LKA,2013-04-30,2013,4,0
LKA,2013-05-31,2013,5,0
LKA,2013-06-30,2013,6,0
LKA,2013-07-31,2013,7,0
LKA,2013-08-31,2013,8,0
LKA,2013-09-30,2013,9,0
LKA,2013-10-31,2013,10,0
LKA,2013-11-30,2013,11,0
LKA,2013-12-31,2013,12,0
LKA,2014-01-31,2014,1,0
LKA,2014-02-28,2014,2,0
LKA,2014-03-31,2014,3,0
LKA,2014-04-30,2014,4,0
LKA,2014-05-31,2014,5,0
LKA,2014-06-30,2014,6,0
LKA,2014-07-31,2014,7,0
LKA,2014-08-31,2014,8,0
LKA,2014-09-30,2014,9,0
LKA,2014-10-31,2014,10,0
LKA,2014-11-30,2014,11,0
LKA,2014-12-31,2014,12,0
LKA,2015-01-31,2015,1,0
LKA,2015-02-28,2015,2,0
LKA,2015-03-31,2015,3,0
LKA,2015-04-30,2015,4,0
LKA,2015-05-31,2015,5,0
LKA,2015-06-30,2015,6,0
LKA,2015-07-31,2015,7,0
LKA,2015-08-31,2015,8,0
LKA,2015-09-30,2015,9,0
LKA,2015-10-31,2015,10,0
LKA,2015-11-30,2015,11,0
LKA,2015-12-31,2015,12,0
LKA,2016-01-31,2016,1,0
LKA,2016-02-29,2016,2,0
LKA,2016-03-31,2016,3,0
LKA,2016-04-30,2016,4,0
LKA,2016-05-31,2016,5,0
LKA,2016-06-30,2016,6,0
LKA,2016-07-31,2016,7,0
LKA,2016-08-31,2016,8,0
LKA,2016-09-30,2016,9,0
LKA,2016-10-31,2016,10,0
LKA,2016-11-30,2016,11,0
LKA,2016-12-31,2016,12,0
LSO,1990-01-31,1990,1,0
LSO,1990-02-28,1990,2,0
LSO,1990-03-31,1990,3,0
LSO,1990-04-30,1990,4,0
LSO,1990-05-31,1990,5,0
LSO,1990-06-30,1990,6,0
LSO,1990-07-31,1990,7,0
LSO,1990-08-31,1990,8,0
LSO,1990-09-30,1990,9,0
LSO,1990-10-31,1990,10,0
LSO,1990-11-30,1990,11,0
LSO,1990-12-31,1990,12,0
LSO,1991-01-31,1991,1,0
LSO,1991-02-28,1991,2,0
LSO,1991-03-31,1991,3,0
LSO,1991-04-30,1991,4,0
LSO,1991-05-31,1991,5,0
LSO,1991-06-30,1991,6,0
LSO,1991-07-31,1991,7,0
LSO,1991-08-31,1991,8,0
LSO,1991-09-30,1991,9,0
LSO,1991-10-31,1991,10,0
LSO,1991-11-30,1991,11,0
LSO,1991-12-31,1991,12,0
LSO,1992-01-31,1992,1,0
LSO,1992-02-29,1992,2,0
LSO,1992-03-31,1992,3,0
LSO,1992-04-30,1992,4,0
LSO,1992-05-31,1992,5,0
LSO,1992-06-30,1992,6,0
LSO,1992-07-31,1992,7,0
LSO,1992-08-31,1992,8,0
LSO,1992-09-30,1992,9,0
LSO,1992-10-31,1992,10,0
LSO,1992-11-30,1992,11,0
LSO,1992-12-31,1992,12,0
LSO,1993-01-31,1993,1,0
LSO,1993-02-28,1993,2,0
LSO,1993-03-31,1993,3,0
LSO,1993-04-30,1993,4,0
LSO,1993-05-31,1993,5,0
LSO,1993-06-30,1993,6,0
LSO,1993-07-31,1993,7,0
LSO,1993-08-31,1993,8,0
LSO,1993-09-30,1993,9,0
LSO,1993-10-31,1993,10,0
LSO,1993-11-30,1993,11,0
LSO,1993-12-31,1993,12,0
LSO,1994-01-31,1994,1,0
LSO,1994-02-28,1994,2,0
LSO,1994-03-31,1994,3,0
LSO,1994-04-30,1994,4,0
LSO,1994-05-31,1994,5,0
LSO,1994-06-30,1994,6,0
LSO,1994-07-31,1994,7,0
LSO,1994-08-31,1994,8,0
LSO,1994-09-30,1994,9,0
LSO,1994-10-31,1994,10,0
LSO,1994-11-30,1994,11,0
LSO,1994-12-31,1994,12,0
LSO,1995-01-31,1995,1,0
LSO,1995-02-28,1995,2,0
LSO,1995-03-31,1995,3,0
LSO,1995-04-30,1995,4,0
LSO,1995-05-31,1995,5,0
LSO,1995-06-30,1995,6,0
LSO,1995-07-31,1995,7,0
LSO,1995-08-31,1995,8,0
LSO,1995-09-30,1995,9,0
LSO,1995-10-31,1995,10,0
LSO,1995-11-30,1995,11,0
LSO,1995-12-31,1995,12,0
LSO,1996-01-31,1996,1,0
LSO,1996-02-29,1996,2,0
LSO,1996-03-31,1996,3,0
LSO,1996-04-30,1996,4,0
LSO,1996-05-31,1996,5,0
LSO,1996-06-30,1996,6,0
LSO,1996-07-31,1996,7,0
LSO,1996-08-31,1996,8,0
LSO,1996-09-30,1996,9,0
LSO,1996-10-31,1996,10,0
LSO,1996-11-30,1996,11,0
LSO,1996-12-31,1996,12,0
LSO,1997-01-31,1997,1,0
LSO,1997-02-28,1997,2,0
LSO,1997-03-31,1997,3,0
LSO,1997-04-30,1997,4,0
LSO,1997-05-31,1997,5,0
LSO,1997-06-30,1997,6,0
LSO,1997-07-31,1997,7,0
LSO,1997-08-31,1997,8,0
LSO,1997-09-30,1997,9,0
LSO,1997-10-31,1997,10,0
LSO,1997-11-30,1997,11,0
LSO,1997-12-31,1997,12,0
LSO,1998-01-31,1998,1,0
LSO,1998-02-28,1998,2,0
LSO,1998-03-31,1998,3,0
LSO,1998-04-30,1998,4,0
LSO,1998-05-31,1998,5,0
LSO,1998-06-30,1998,6,0
LSO,1998-07-31,1998,7,0
LSO,1998-08-31,1998,8,0
LSO,1998-09-30,1998,9,0
LSO,1998-10-31,1998,10,0
LSO,1998-11-30,1998,11,0
LSO,1998-12-31,1998,12,0
LSO,1999-01-31,1999,1,0
LSO,1999-02-28,1999,2,0
LSO,1999-03-31,1999,3,0
LSO,1999-04-30,1999,4,0
LSO,1999-05-31,1999,5,0
LSO,1999-06-30,1999,6,0
LSO,1999-07-31,1999,7,0
LSO,1999-08-31,1999,8,0
LSO,1999-09-30,1999,9,0
LSO,1999-10-31,1999,10,0
LSO,1999-11-30,1999,11,0
LSO,1999-12-31,1999,12,0
LSO,2000-01-31,2000,1,0
LSO,2000-02-29,2000,2,0
LSO,2000-03-31,2000,3,0
LSO,2000-04-30,2000,4,0
LSO,2000-05-31,2000,5,0
LSO,2000-06-30,2000,6,0
LSO,2000-07-31,2000,7,0
LSO,2000-08-31,2000,8,0
LSO,2000-09-30,2000,9,0
LSO,2000-10-31,2000,10,0
LSO,2000-11-30,2000,11,0
LSO,2000-12-31,2000,12,0
LSO,2001-01-31,2001,1,0
LSO,2001-02-28,2001,2,0
LSO,2001-03-31,2001,3,0
LSO,2001-04-30,2001,4,0
LSO,2001-05-31,2001,5,0
LSO,2001-06-30,2001,6,0
LSO,2001-07-31,2001,7,0
LSO,2001-08-31,2001,8,0
LSO,2001-09-30,2001,9,0
LSO,2001-10-31,2001,10,0
LSO,2001-11-30,2001,11,0
LSO,2001-12-31,2001,12,0
LSO,2002-01-31,2002,1,0
LSO,2002-02-28,2002,2,0
LSO,2002-03-31,2002,3,0
LSO,2002-04-30,2002,4,0
LSO,2002-05-31,2002,5,0
LSO,2002-06-30,2002,6,0
LSO,2002-07-31,2002,7,0
LSO,2002-08-31,2002,8,0
LSO,2002-09-30,2002,9,0
LSO,2002-10-31,2002,10,0
LSO,2002-11-30,2002,11,0
LSO,2002-12-31,2002,12,0
LSO,2003-01-31,2003,1,0
LSO,2003-02-28,2003,2,0
LSO,2003-03-31,2003,3,0
LSO,2003-04-30,2003,4,0
LSO,2003-05-31,2003,5,0
LSO,2003-06-30,2003,6,0
LSO,2003-07-31,2003,7,0
LSO,2003-08-31,2003,8,0
LSO,2003-09-30,2003,9,0
LSO,2003-10-31,2003,10,0
LSO,2003-11-30,2003,11,0
LSO,2003-12-31,2003,12,0
LSO,2004-01-31,2004,1,0
LSO,2004-02-29,2004,2,0
LSO,2004-03-31,2004,3,0
LSO,2004-04-30,2004,4,0
LSO,2004-05-31,2004,5,0
LSO,2004-06-30,2004,6,0
LSO,2004-07-31,2004,7,0
LSO,2004-08-31,2004,8,0
LSO,2004-09-30,2004,9,0
LSO,2004-10-31,2004,10,0
LSO,2004-11-30,2004,11,0
LSO,2004-12-31,2004,12,0
LSO,2005-01-31,2005,1,0
LSO,2005-02-28,2005,2,0
LSO,2005-03-31,2005,3,0
LSO,2005-04-30,2005,4,0
LSO,2005-05-31,2005,5,0
LSO,2005-06-30,2005,6,0
LSO,2005-07-31,2005,7,0
LSO,2005-08-31,2005,8,0
LSO,2005-09-30,2005,9,0
LSO,2005-10-31,2005,10,0
LSO,2005-11-30,2005,11,0
LSO,2005-12-31,2005,12,0
LSO,2006-01-31,2006,1,0
LSO,2006-02-28,2006,2,0
LSO,2006-03-31,2006,3,0
LSO,2006-04-30,2006,4,0
LSO,2006-05-31,2006,5,0
LSO,2006-06-30,2006,6,0
LSO,2006-07-31,2006,7,0
LSO,2006-08-31,2006,8,0
LSO,2006-09-30,2006,9,0
LSO,2006-10-31,2006,10,0
LSO,2006-11-30,2006,11,0
LSO,2006-12-31,2006,12,0
LSO,2007-01-31,2007,1,0
LSO,2007-02-28,2007,2,0
LSO,2007-03-31,2007,3,0
LSO,2007-04-30,2007,4,0
LSO,2007-05-31,2007,5,0
LSO,2007-06-30,2007,6,0
LSO,2007-07-31,2007,7,0
LSO,2007-08-31,2007,8,0
LSO,2007-09-30,2007,9,0
LSO,2007-10-31,2007,10,0
LSO,2007-11-30,2007,11,0
LSO,2007-12-31,2007,12,0
LSO,2008-01-31,2008,1,0
LSO,2008-02-29,2008,2,0
LSO,2008-03-31,2008,3,0
LSO,2008-04-30,2008,4,0
LSO,2008-05-31,2008,5,0
LSO,2008-06-30,2008,6,0
LSO,2008-07-31,2008,7,0
LSO,2008-08-31,2008,8,0
LSO,2008-09-30,2008,9,0
LSO,2008-10-31,2008,10,0
LSO,2008-11-30,2008,11,0
LSO,2008-12-31,2008,12,0
LSO,2009-01-31,2009,1,0
LSO,2009-02-28,2009,2,0
LSO,2009-03-31,2009,3,0
LSO,2009-04-30,2009,4,0
LSO,2009-05-31,2009,5,0
LSO,2009-06-30,2009,6,0
LSO,2009-07-31,2009,7,0
LSO,2009-08-31,2009,8,0
LSO,2009-09-30,2009,9,0
LSO,2009-10-31,2009,10,0
LSO,2009-11-30,2009,11,0
LSO,2009-12-31,2009,12,0
LSO,2010-01-31,2010,1,0
LSO,2010-02-28,2010,2,0
LSO,2010-03-31,2010,3,0
LSO,2010-04-30,2010,4,0
LSO,2010-05-31,2010,5,0
LSO,2010-06-30,2010,6,0
LSO,2010-07-31,2010,7,0
LSO,2010-08-31,2010,8,0
LSO,2010-09-30,2010,9,0
LSO,2010-10-31,2010,10,0
LSO,2010-11-30,2010,11,0
LSO,2010-12-31,2010,12,0
LSO,2011-01-31,2011,1,0
LSO,2011-02-28,2011,2,0
LSO,2011-03-31,2011,3,0
LSO,2011-04-30,2011,4,0
LSO,2011-05-31,2011,5,0
LSO,2011-06-30,2011,6,0
LSO,2011-07-31,2011,7,0
LSO,2011-08-31,2011,8,0
LSO,2011-09-30,2011,9,0
LSO,2011-10-31,2011,10,0
LSO,2011-11-30,2011,11,0
LSO,2011-12-31,2011,12,0
LSO,2012-01-31,2012,1,0
LSO,2012-02-29,2012,2,0
LSO,2012-03-31,2012,3,0
LSO,2012-04-30,2012,4,0
LSO,2012-05-31,2012,5,0
LSO,2012-06-30,2012,6,0
LSO,2012-07-31,2012,7,0
LSO,2012-08-31,2012,8,0
LSO,2012-09-30,2012,9,0
LSO,2012-10-31,2012,10,0
LSO,2012-11-30,2012,11,0
LSO,2012-12-31,2012,12,0
LSO,2013-01-31,2013,1,0
LSO,2013-02-28,2013,2,0
LSO,2013-03-31,2013,3,0
LSO,2013-04-30,2013,4,0
LSO,2013-05-31,2013,5,0
LSO,2013-06-30,2013,6,0
LSO,2013-07-31,2013,7,0
LSO,2013-08-31,2013,8,0
LSO,2013-09-30,2013,9,0
LSO,2013-10-31,2013,10,0
LSO,2013-11-30,2013,11,0
LSO,2013-12-31,2013,12,0
LSO,2014-01-31,2014,1,1
LSO,2014-02-28,2014,2,1
LSO,2014-03-31,2014,3,1
LSO,2014-04-30,2014,4,1
LSO,2014-05-31,2014,5,1
LSO,2014-06-30,2014,6,1
LSO,2014-07-31,2014,7,1
LSO,2014-08-31,2014,8,1
LSO,2014-09-30,2014,9,1
LSO,2014-10-31,2014,10,1
LSO,2014-11-30,2014,11,1
LSO,2014-12-31,2014,12,1
LSO,2015-01-31,2015,1,0
LSO,2015-02-28,2015,2,0
LSO,2015-03-31,2015,3,0
LSO,2015-04-30,2015,4,0
LSO,2015-05-31,2015,5,0
LSO,2015-06-30,2015,6,0
LSO,2015-07-31,2015,7,0
LSO,2015-08-31,2015,8,0
LSO,2015-09-30,2015,9,0
LSO,2015-10-31,2015,10,0
LSO,2015-11-30,2015,11,0
LSO,2015-12-31,2015,12,0
LSO,2016-01-31,2016,1,0
LSO,2016-02-29,2016,2,0
LSO,2016-03-31,2016,3,0
LSO,2016-04-30,2016,4,0
LSO,2016-05-31,2016,5,0
LSO,2016-06-30,2016,6,0
LSO,2016-07-31,2016,7,0
LSO,2016-08-31,2016,8,0
LSO,2016-09-30,2016,9,0
LSO,2016-10-31,2016,10,0
LSO,2016-11-30,2016,11,0
LSO,2016-12-31,2016,12,0
LTU,1992-01-31,1992,1,0
LTU,1992-02-29,1992,2,0
LTU,1992-03-31,1992,3,0
LTU,1992-04-30,1992,4,0
LTU,1992-05-31,1992,5,0
LTU,1992-06-30,1992,6,0
LTU,1992-07-31,1992,7,0
LTU,1992-08-31,1992,8,0
LTU,1992-09-30,1992,9,0
LTU,1992-10-31,1992,10,0
LTU,1992-11-30,1992,11,0
LTU,1992-12-31,1992,12,0
LTU,1993-01-31,1993,1,0
LTU,1993-02-28,1993,2,0
LTU,1993-03-31,1993,3,0
LTU,1993-04-30,1993,4,0
LTU,1993-05-31,1993,5,0
LTU,1993-06-30,1993,6,0
LTU,1993-07-31,1993,7,0
LTU,1993-08-31,1993,8,0
LTU,1993-09-30,1993,9,0
LTU,1993-10-31,1993,10,0
LTU,1993-11-30,1993,11,0
LTU,1993-12-31,1993,12,0
LTU,1994-01-31,1994,1,0
LTU,1994-02-28,1994,2,0
LTU,1994-03-31,1994,3,0
LTU,1994-04-30,1994,4,0
LTU,1994-05-31,1994,5,0
LTU,1994-06-30,1994,6,0
LTU,1994-07-31,1994,7,0
LTU,1994-08-31,1994,8,0
LTU,1994-09-30,1994,9,0
LTU,1994-10-31,1994,10,0
LTU,1994-11-30,1994,11,0
LTU,1994-12-31,1994,12,0
LTU,1995-01-31,1995,1,0
LTU,1995-02-28,1995,2,0
LTU,1995-03-31,1995,3,0
LTU,1995-04-30,1995,4,0
LTU,1995-05-31,1995,5,0
LTU,1995-06-30,1995,6,0
LTU,1995-07-31,1995,7,0
LTU,1995-08-31,1995,8,0
LTU,1995-09-30,1995,9,0
LTU,1995-10-31,1995,10,0
LTU,1995-11-30,1995,11,0
LTU,1995-12-31,1995,12,0
LTU,1996-01-31,1996,1,0
LTU,1996-02-29,1996,2,0
LTU,1996-03-31,1996,3,0
LTU,1996-04-30,1996,4,0
LTU,1996-05-31,1996,5,0
LTU,1996-06-30,1996,6,0
LTU,1996-07-31,1996,7,0
LTU,1996-08-31,1996,8,0
LTU,1996-09-30,1996,9,0
LTU,1996-10-31,1996,10,0
LTU,1996-11-30,1996,11,0
LTU,1996-12-31,1996,12,0
LTU,1997-01-31,1997,1,0
LTU,1997-02-28,1997,2,0
LTU,1997-03-31,1997,3,0
LTU,1997-04-30,1997,4,0
LTU,1997-05-31,1997,5,0
LTU,1997-06-30,1997,6,0
LTU,1997-07-31,1997,7,0
LTU,1997-08-31,1997,8,0
LTU,1997-09-30,1997,9,0
LTU,1997-10-31,1997,10,0
LTU,1997-11-30,1997,11,0
LTU,1997-12-31,1997,12,0
LTU,1998-01-31,1998,1,0
LTU,1998-02-28,1998,2,0
LTU,1998-03-31,1998,3,0
LTU,1998-04-30,1998,4,0
LTU,1998-05-31,1998,5,0
LTU,1998-06-30,1998,6,0
LTU,1998-07-31,1998,7,0
LTU,1998-08-31,1998,8,0
LTU,1998-09-30,1998,9,0
LTU,1998-10-31,1998,10,0
LTU,1998-11-30,1998,11,0
LTU,1998-12-31,1998,12,0
LTU,1999-01-31,1999,1,0
LTU,1999-02-28,1999,2,0
LTU,1999-03-31,1999,3,0
LTU,1999-04-30,1999,4,0
LTU,1999-05-31,1999,5,0
LTU,1999-06-30,1999,6,0
LTU,1999-07-31,1999,7,0
LTU,1999-08-31,1999,8,0
LTU,1999-09-30,1999,9,0
LTU,1999-10-31,1999,10,0
LTU,1999-11-30,1999,11,0
LTU,1999-12-31,1999,12,0
LTU,2000-01-31,2000,1,0
LTU,2000-02-29,2000,2,0
LTU,2000-03-31,2000,3,0
LTU,2000-04-30,2000,4,0
LTU,2000-05-31,2000,5,0
LTU,2000-06-30,2000,6,0
LTU,2000-07-31,2000,7,0
LTU,2000-08-31,2000,8,0
LTU,2000-09-30,2000,9,0
LTU,2000-10-31,2000,10,0
LTU,2000-11-30,2000,11,0
LTU,2000-12-31,2000,12,0
LTU,2001-01-31,2001,1,0
LTU,2001-02-28,2001,2,0
LTU,2001-03-31,2001,3,0
LTU,2001-04-30,2001,4,0
LTU,2001-05-31,2001,5,0
LTU,2001-06-30,2001,6,0
LTU,2001-07-31,2001,7,0
LTU,2001-08-31,2001,8,0
LTU,2001-09-30,2001,9,0
LTU,2001-10-31,2001,10,0
LTU,2001-11-30,2001,11,0
LTU,2001-12-31,2001,12,0
LTU,2002-01-31,2002,1,0
LTU,2002-02-28,2002,2,0
LTU,2002-03-31,2002,3,0
LTU,2002-04-30,2002,4,0
LTU,2002-05-31,2002,5,0
LTU,2002-06-30,2002,6,0
LTU,2002-07-31,2002,7,0
LTU,2002-08-31,2002,8,0
LTU,2002-09-30,2002,9,0
LTU,2002-10-31,2002,10,0
LTU,2002-11-30,2002,11,0
LTU,2002-12-31,2002,12,0
LTU,2003-01-31,2003,1,0
LTU,2003-02-28,2003,2,0
LTU,2003-03-31,2003,3,0
LTU,2003-04-30,2003,4,0
LTU,2003-05-31,2003,5,0
LTU,2003-06-30,2003,6,0
LTU,2003-07-31,2003,7,0
LTU,2003-08-31,2003,8,0
LTU,2003-09-30,2003,9,0
LTU,2003-10-31,2003,10,0
LTU,2003-11-30,2003,11,0
LTU,2003-12-31,2003,12,0
LTU,2004-01-31,2004,1,0
LTU,2004-02-29,2004,2,0
LTU,2004-03-31,2004,3,0
LTU,2004-04-30,2004,4,0
LTU,2004-05-31,2004,5,0
LTU,2004-06-30,2004,6,0
LTU,2004-07-31,2004,7,0
LTU,2004-08-31,2004,8,0
LTU,2004-09-30,2004,9,0
LTU,2004-10-31,2004,10,0
LTU,2004-11-30,2004,11,0
LTU,2004-12-31,2004,12,0
LTU,2005-01-31,2005,1,0
LTU,2005-02-28,2005,2,0
LTU,2005-03-31,2005,3,0
LTU,2005-04-30,2005,4,0
LTU,2005-05-31,2005,5,0
LTU,2005-06-30,2005,6,0
LTU,2005-07-31,2005,7,0
LTU,2005-08-31,2005,8,0
LTU,2005-09-30,2005,9,0
LTU,2005-10-31,2005,10,0
LTU,2005-11-30,2005,11,0
LTU,2005-12-31,2005,12,0
LTU,2006-01-31,2006,1,0
LTU,2006-02-28,2006,2,0
LTU,2006-03-31,2006,3,0
LTU,2006-04-30,2006,4,0
LTU,2006-05-31,2006,5,0
LTU,2006-06-30,2006,6,0
LTU,2006-07-31,2006,7,0
LTU,2006-08-31,2006,8,0
LTU,2006-09-30,2006,9,0
LTU,2006-10-31,2006,10,0
LTU,2006-11-30,2006,11,0
LTU,2006-12-31,2006,12,0
LTU,2007-01-31,2007,1,0
LTU,2007-02-28,2007,2,0
LTU,2007-03-31,2007,3,0
LTU,2007-04-30,2007,4,0
LTU,2007-05-31,2007,5,0
LTU,2007-06-30,2007,6,0
LTU,2007-07-31,2007,7,0
LTU,2007-08-31,2007,8,0
LTU,2007-09-30,2007,9,0
LTU,2007-10-31,2007,10,0
LTU,2007-11-30,2007,11,0
LTU,2007-12-31,2007,12,0
LTU,2008-01-31,2008,1,0
LTU,2008-02-29,2008,2,0
LTU,2008-03-31,2008,3,0
LTU,2008-04-30,2008,4,0
LTU,2008-05-31,2008,5,0
LTU,2008-06-30,2008,6,0
LTU,2008-07-31,2008,7,0
LTU,2008-08-31,2008,8,0
LTU,2008-09-30,2008,9,0
LTU,2008-10-31,2008,10,0
LTU,2008-11-30,2008,11,0
LTU,2008-12-31,2008,12,0
LTU,2009-01-31,2009,1,0
LTU,2009-02-28,2009,2,0
LTU,2009-03-31,2009,3,0
LTU,2009-04-30,2009,4,0
LTU,2009-05-31,2009,5,0
LTU,2009-06-30,2009,6,0
LTU,2009-07-31,2009,7,0
LTU,2009-08-31,2009,8,0
LTU,2009-09-30,2009,9,0
LTU,2009-10-31,2009,10,0
LTU,2009-11-30,2009,11,0
LTU,2009-12-31,2009,12,0
LTU,2010-01-31,2010,1,0
LTU,2010-02-28,2010,2,0
LTU,2010-03-31,2010,3,0
LTU,2010-04-30,2010,4,0
LTU,2010-05-31,2010,5,0
LTU,2010-06-30,2010,6,0
LTU,2010-07-31,2010,7,0
LTU,2010-08-31,2010,8,0
LTU,2010-09-30,2010,9,0
LTU,2010-10-31,2010,10,0
LTU,2010-11-30,2010,11,0
LTU,2010-12-31,2010,12,0
LTU,2011-01-31,2011,1,0
LTU,2011-02-28,2011,2,0
LTU,2011-03-31,2011,3,0
LTU,2011-04-30,2011,4,0
LTU,2011-05-31,2011,5,0
LTU,2011-06-30,2011,6,0
LTU,2011-07-31,2011,7,0
LTU,2011-08-31,2011,8,0
LTU,2011-09-30,2011,9,0
LTU,2011-10-31,2011,10,0
LTU,2011-11-30,2011,11,0
LTU,2011-12-31,2011,12,0
LTU,2012-01-31,2012,1,0
LTU,2012-02-29,2012,2,0
LTU,2012-03-31,2012,3,0
LTU,2012-04-30,2012,4,0
LTU,2012-05-31,2012,5,0
LTU,2012-06-30,2012,6,0
LTU,2012-07-31,2012,7,0
LTU,2012-08-31,2012,8,0
LTU,2012-09-30,2012,9,0
LTU,2012-10-31,2012,10,0
LTU,2012-11-30,2012,11,0
LTU,2012-12-31,2012,12,0
LTU,2013-01-31,2013,1,0
LTU,2013-02-28,2013,2,0
LTU,2013-03-31,2013,3,0
LTU,2013-04-30,2013,4,0
LTU,2013-05-31,2013,5,0
LTU,2013-06-30,2013,6,0
LTU,2013-07-31,2013,7,0
LTU,2013-08-31,2013,8,0
LTU,2013-09-30,2013,9,0
LTU,2013-10-31,2013,10,0
LTU,2013-11-30,2013,11,0
LTU,2013-12-31,2013,12,0
LTU,2014-01-31,2014,1,0
LTU,2014-02-28,2014,2,0
LTU,2014-03-31,2014,3,0
LTU,2014-04-30,2014,4,0
LTU,2014-05-31,2014,5,0
LTU,2014-06-30,2014,6,0
LTU,2014-07-31,2014,7,0
LTU,2014-08-31,2014,8,0
LTU,2014-09-30,2014,9,0
LTU,2014-10-31,2014,10,0
LTU,2014-11-30,2014,11,0
LTU,2014-12-31,2014,12,0
LVA,1992-02-29,1992,2,0
LVA,1992-03-31,1992,3,0
LVA,1992-04-30,1992,4,0
LVA,1992-05-31,1992,5,0
LVA,1992-06-30,1992,6,0
LVA,1992-07-31,1992,7,0
LVA,1992-08-31,1992,8,0
LVA,1992-09-30,1992,9,0
LVA,1992-10-31,1992,10,0
LVA,1992-11-30,1992,11,0
LVA,1992-12-31,1992,12,0
LVA,1993-01-31,1993,1,0
LVA,1993-02-28,1993,2,0
LVA,1993-03-31,1993,3,0
LVA,1993-04-30,1993,4,0
LVA,1993-05-31,1993,5,0
LVA,1993-06-30,1993,6,0
LVA,1993-07-31,1993,7,0
LVA,1993-08-31,1993,8,0
LVA,1993-09-30,1993,9,0
LVA,1993-10-31,1993,10,0
LVA,1993-11-30,1993,11,0
LVA,1993-12-31,1993,12,0
LVA,1994-01-31,1994,1,0
LVA,1994-02-28,1994,2,0
LVA,1994-03-31,1994,3,0
LVA,1994-04-30,1994,4,0
LVA,1994-05-31,1994,5,0
LVA,1994-06-30,1994,6,0
LVA,1994-07-31,1994,7,0
LVA,1994-08-31,1994,8,0
LVA,1994-09-30,1994,9,0
LVA,1994-10-31,1994,10,0
LVA,1994-11-30,1994,11,0
LVA,1994-12-31,1994,12,0
LVA,1995-01-31,1995,1,0
LVA,1995-02-28,1995,2,0
LVA,1995-03-31,1995,3,0
LVA,1995-04-30,1995,4,0
LVA,1995-05-31,1995,5,0
LVA,1995-06-30,1995,6,0
LVA,1995-07-31,1995,7,0
LVA,1995-08-31,1995,8,0
LVA,1995-09-30,1995,9,0
LVA,1995-10-31,1995,10,0
LVA,1995-11-30,1995,11,0
LVA,1995-12-31,1995,12,0
LVA,1996-01-31,1996,1,0
LVA,1996-02-29,1996,2,0
LVA,1996-03-31,1996,3,0
LVA,1996-04-30,1996,4,0
LVA,1996-05-31,1996,5,0
LVA,1996-06-30,1996,6,0
LVA,1996-07-31,1996,7,0
LVA,1996-08-31,1996,8,0
LVA,1996-09-30,1996,9,0
LVA,1996-10-31,1996,10,0
LVA,1996-11-30,1996,11,0
LVA,1996-12-31,1996,12,0
LVA,1997-01-31,1997,1,0
LVA,1997-02-28,1997,2,0
LVA,1997-03-31,1997,3,0
LVA,1997-04-30,1997,4,0
LVA,1997-05-31,1997,5,0
LVA,1997-06-30,1997,6,0
LVA,1997-07-31,1997,7,0
LVA,1997-08-31,1997,8,0
LVA,1997-09-30,1997,9,0
LVA,1997-10-31,1997,10,0
LVA,1997-11-30,1997,11,0
LVA,1997-12-31,1997,12,0
LVA,1998-01-31,1998,1,0
LVA,1998-02-28,1998,2,0
LVA,1998-03-31,1998,3,0
LVA,1998-04-30,1998,4,0
LVA,1998-05-31,1998,5,0
LVA,1998-06-30,1998,6,0
LVA,1998-07-31,1998,7,0
LVA,1998-08-31,1998,8,0
LVA,1998-09-30,1998,9,0
LVA,1998-10-31,1998,10,0
LVA,1998-11-30,1998,11,0
LVA,1998-12-31,1998,12,0
LVA,1999-01-31,1999,1,0
LVA,1999-02-28,1999,2,0
LVA,1999-03-31,1999,3,0
LVA,1999-04-30,1999,4,0
LVA,1999-05-31,1999,5,0
LVA,1999-06-30,1999,6,0
LVA,1999-07-31,1999,7,0
LVA,1999-08-31,1999,8,0
LVA,1999-09-30,1999,9,0
LVA,1999-10-31,1999,10,0
LVA,1999-11-30,1999,11,0
LVA,1999-12-31,1999,12,0
LVA,2000-01-31,2000,1,0
LVA,2000-02-29,2000,2,0
LVA,2000-03-31,2000,3,0
LVA,2000-04-30,2000,4,0
LVA,2000-05-31,2000,5,0
LVA,2000-06-30,2000,6,0
LVA,2000-07-31,2000,7,0
LVA,2000-08-31,2000,8,0
LVA,2000-09-30,2000,9,0
LVA,2000-10-31,2000,10,0
LVA,2000-11-30,2000,11,0
LVA,2000-12-31,2000,12,0
LVA,2001-01-31,2001,1,0
LVA,2001-02-28,2001,2,0
LVA,2001-03-31,2001,3,0
LVA,2001-04-30,2001,4,0
LVA,2001-05-31,2001,5,0
LVA,2001-06-30,2001,6,0
LVA,2001-07-31,2001,7,0
LVA,2001-08-31,2001,8,0
LVA,2001-09-30,2001,9,0
LVA,2001-10-31,2001,10,0
LVA,2001-11-30,2001,11,0
LVA,2001-12-31,2001,12,0
LVA,2002-01-31,2002,1,0
LVA,2002-02-28,2002,2,0
LVA,2002-03-31,2002,3,0
LVA,2002-04-30,2002,4,0
LVA,2002-05-31,2002,5,0
LVA,2002-06-30,2002,6,0
LVA,2002-07-31,2002,7,0
LVA,2002-08-31,2002,8,0
LVA,2002-09-30,2002,9,0
LVA,2002-10-31,2002,10,0
LVA,2002-11-30,2002,11,0
LVA,2002-12-31,2002,12,0
LVA,2003-01-31,2003,1,0
LVA,2003-02-28,2003,2,0
LVA,2003-03-31,2003,3,0
LVA,2003-04-30,2003,4,0
LVA,2003-05-31,2003,5,0
LVA,2003-06-30,2003,6,0
LVA,2003-07-31,2003,7,0
LVA,2003-08-31,2003,8,0
LVA,2003-09-30,2003,9,0
LVA,2003-10-31,2003,10,0
LVA,2003-11-30,2003,11,0
LVA,2003-12-31,2003,12,0
LVA,2004-01-31,2004,1,0
LVA,2004-02-29,2004,2,0
LVA,2004-03-31,2004,3,0
LVA,2004-04-30,2004,4,0
LVA,2004-05-31,2004,5,0
LVA,2004-06-30,2004,6,0
LVA,2004-07-31,2004,7,0
LVA,2004-08-31,2004,8,0
LVA,2004-09-30,2004,9,0
LVA,2004-10-31,2004,10,0
LVA,2004-11-30,2004,11,0
LVA,2004-12-31,2004,12,0
LVA,2005-01-31,2005,1,0
LVA,2005-02-28,2005,2,0
LVA,2005-03-31,2005,3,0
LVA,2005-04-30,2005,4,0
LVA,2005-05-31,2005,5,0
LVA,2005-06-30,2005,6,0
LVA,2005-07-31,2005,7,0
LVA,2005-08-31,2005,8,0
LVA,2005-09-30,2005,9,0
LVA,2005-10-31,2005,10,0
LVA,2005-11-30,2005,11,0
LVA,2005-12-31,2005,12,0
LVA,2006-01-31,2006,1,0
LVA,2006-02-28,2006,2,0
LVA,2006-03-31,2006,3,0
LVA,2006-04-30,2006,4,0
LVA,2006-05-31,2006,5,0
LVA,2006-06-30,2006,6,0
LVA,2006-07-31,2006,7,0
LVA,2006-08-31,2006,8,0
LVA,2006-09-30,2006,9,0
LVA,2006-10-31,2006,10,0
LVA,2006-11-30,2006,11,0
LVA,2006-12-31,2006,12,0
LVA,2007-01-31,2007,1,0
LVA,2007-02-28,2007,2,0
LVA,2007-03-31,2007,3,0
LVA,2007-04-30,2007,4,0
LVA,2007-05-31,2007,5,0
LVA,2007-06-30,2007,6,0
LVA,2007-07-31,2007,7,0
LVA,2007-08-31,2007,8,0
LVA,2007-09-30,2007,9,0
LVA,2007-10-31,2007,10,0
LVA,2007-11-30,2007,11,0
LVA,2007-12-31,2007,12,0
LVA,2008-01-31,2008,1,0
LVA,2008-02-29,2008,2,0
LVA,2008-03-31,2008,3,0
LVA,2008-04-30,2008,4,0
LVA,2008-05-31,2008,5,0
LVA,2008-06-30,2008,6,0
LVA,2008-07-31,2008,7,0
LVA,2008-08-31,2008,8,0
LVA,2008-09-30,2008,9,0
LVA,2008-10-31,2008,10,0
LVA,2008-11-30,2008,11,0
LVA,2008-12-31,2008,12,0
LVA,2009-01-31,2009,1,0
LVA,2009-02-28,2009,2,0
LVA,2009-03-31,2009,3,0
LVA,2009-04-30,2009,4,0
LVA,2009-05-31,2009,5,0
LVA,2009-06-30,2009,6,0
LVA,2009-07-31,2009,7,0
LVA,2009-08-31,2009,8,0
LVA,2009-09-30,2009,9,0
LVA,2009-10-31,2009,10,0
LVA,2009-11-30,2009,11,0
LVA,2009-12-31,2009,12,0
LVA,2010-01-31,2010,1,0
LVA,2010-02-28,2010,2,0
LVA,2010-03-31,2010,3,0
LVA,2010-04-30,2010,4,0
LVA,2010-05-31,2010,5,0
LVA,2010-06-30,2010,6,0
LVA,2010-07-31,2010,7,0
LVA,2010-08-31,2010,8,0
LVA,2010-09-30,2010,9,0
LVA,2010-10-31,2010,10,0
LVA,2010-11-30,2010,11,0
LVA,2010-12-31,2010,12,0
LVA,2011-01-31,2011,1,0
LVA,2011-02-28,2011,2,0
LVA,2011-03-31,2011,3,0
LVA,2011-04-30,2011,4,0
LVA,2011-05-31,2011,5,0
LVA,2011-06-30,2011,6,0
LVA,2011-07-31,2011,7,0
LVA,2011-08-31,2011,8,0
LVA,2011-09-30,2011,9,0
LVA,2011-10-31,2011,10,0
LVA,2011-11-30,2011,11,0
LVA,2011-12-31,2011,12,0
LVA,2012-01-31,2012,1,0
LVA,2012-02-29,2012,2,0
LVA,2012-03-31,2012,3,0
LVA,2012-04-30,2012,4,0
LVA,2012-05-31,2012,5,0
LVA,2012-06-30,2012,6,0
LVA,2012-07-31,2012,7,0
LVA,2012-08-31,2012,8,0
LVA,2012-09-30,2012,9,0
LVA,2012-10-31,2012,10,0
LVA,2012-11-30,2012,11,0
LVA,2012-12-31,2012,12,0
LVA,2013-01-31,2013,1,0
LVA,2013-02-28,2013,2,0
LVA,2013-03-31,2013,3,0
LVA,2013-04-30,2013,4,0
LVA,2013-05-31,2013,5,0
LVA,2013-06-30,2013,6,0
LVA,2013-07-31,2013,7,0
LVA,2013-08-31,2013,8,0
LVA,2013-09-30,2013,9,0
LVA,2013-10-31,2013,10,0
LVA,2013-11-30,2013,11,0
LVA,2013-12-31,2013,12,0
MAR,1990-01-31,1990,1,0
MAR,1990-02-28,1990,2,0
MAR,1990-03-31,1990,3,0
MAR,1990-04-30,1990,4,0
MAR,1990-05-31,1990,5,0
MAR,1990-06-30,1990,6,0
MAR,1990-07-31,1990,7,0
MAR,1990-08-31,1990,8,0
MAR,1990-09-30,1990,9,0
MAR,1990-10-31,1990,10,0
MAR,1990-11-30,1990,11,0
MAR,1990-12-31,1990,12,0
MAR,1991-01-31,1991,1,0
MAR,1991-02-28,1991,2,0
MAR,1991-03-31,1991,3,0
MAR,1991-04-30,1991,4,0
MAR,1991-05-31,1991,5,0
MAR,1991-06-30,1991,6,0
MAR,1991-07-31,1991,7,0
MAR,1991-08-31,1991,8,0
MAR,1991-09-30,1991,9,0
MAR,1991-10-31,1991,10,0
MAR,1991-11-30,1991,11,0
MAR,1991-12-31,1991,12,0
MAR,1992-01-31,1992,1,0
MAR,1992-02-29,1992,2,0
MAR,1992-03-31,1992,3,0
MAR,1992-04-30,1992,4,0
MAR,1992-05-31,1992,5,0
MAR,1992-06-30,1992,6,0
MAR,1992-07-31,1992,7,0
MAR,1992-08-31,1992,8,0
MAR,1992-09-30,1992,9,0
MAR,1992-10-31,1992,10,0
MAR,1992-11-30,1992,11,0
MAR,1992-12-31,1992,12,0
MAR,1993-01-31,1993,1,0
MAR,1993-02-28,1993,2,0
MAR,1993-03-31,1993,3,0
MAR,1993-04-30,1993,4,0
MAR,1993-05-31,1993,5,0
MAR,1993-06-30,1993,6,0
MAR,1993-07-31,1993,7,0
MAR,1993-08-31,1993,8,0
MAR,1993-09-30,1993,9,0
MAR,1993-10-31,1993,10,0
MAR,1993-11-30,1993,11,0
MAR,1993-12-31,1993,12,0
MAR,1994-01-31,1994,1,0
MAR,1994-02-28,1994,2,0
MAR,1994-03-31,1994,3,0
MAR,1994-04-30,1994,4,0
MAR,1994-05-31,1994,5,0
MAR,1994-06-30,1994,6,0
MAR,1994-07-31,1994,7,0
MAR,1994-08-31,1994,8,0
MAR,1994-09-30,1994,9,0
MAR,1994-10-31,1994,10,0
MAR,1994-11-30,1994,11,0
MAR,1994-12-31,1994,12,0
MAR,1995-01-31,1995,1,0
MAR,1995-02-28,1995,2,0
MAR,1995-03-31,1995,3,0
MAR,1995-04-30,1995,4,0
MAR,1995-05-31,1995,5,0
MAR,1995-06-30,1995,6,0
MAR,1995-07-31,1995,7,0
MAR,1995-08-31,1995,8,0
MAR,1995-09-30,1995,9,0
MAR,1995-10-31,1995,10,0
MAR,1995-11-30,1995,11,0
MAR,1995-12-31,1995,12,0
MAR,1996-01-31,1996,1,0
MAR,1996-02-29,1996,2,0
MAR,1996-03-31,1996,3,0
MAR,1996-04-30,1996,4,0
MAR,1996-05-31,1996,5,0
MAR,1996-06-30,1996,6,0
MAR,1996-07-31,1996,7,0
MAR,1996-08-31,1996,8,0
MAR,1996-09-30,1996,9,0
MAR,1996-10-31,1996,10,0
MAR,1996-11-30,1996,11,0
MAR,1996-12-31,1996,12,0
MAR,1997-01-31,1997,1,0
MAR,1997-02-28,1997,2,0
MAR,1997-03-31,1997,3,0
MAR,1997-04-30,1997,4,0
MAR,1997-05-31,1997,5,0
MAR,1997-06-30,1997,6,0
MAR,1997-07-31,1997,7,0
MAR,1997-08-31,1997,8,0
MAR,1997-09-30,1997,9,0
MAR,1997-10-31,1997,10,0
MAR,1997-11-30,1997,11,0
MAR,1997-12-31,1997,12,0
MAR,1998-01-31,1998,1,0
MAR,1998-02-28,1998,2,0
MAR,1998-03-31,1998,3,0
MAR,1998-04-30,1998,4,0
MAR,1998-05-31,1998,5,0
MAR,1998-06-30,1998,6,0
MAR,1998-07-31,1998,7,0
MAR,1998-08-31,1998,8,0
MAR,1998-09-30,1998,9,0
MAR,1998-10-31,1998,10,0
MAR,1998-11-30,1998,11,0
MAR,1998-12-31,1998,12,0
MAR,1999-01-31,1999,1,0
MAR,1999-02-28,1999,2,0
MAR,1999-03-31,1999,3,0
MAR,1999-04-30,1999,4,0
MAR,1999-05-31,1999,5,0
MAR,1999-06-30,1999,6,0
MAR,1999-07-31,1999,7,0
MAR,1999-08-31,1999,8,0
MAR,1999-09-30,1999,9,0
MAR,1999-10-31,1999,10,0
MAR,1999-11-30,1999,11,0
MAR,1999-12-31,1999,12,0
MAR,2000-01-31,2000,1,0
MAR,2000-02-29,2000,2,0
MAR,2000-03-31,2000,3,0
MAR,2000-04-30,2000,4,0
MAR,2000-05-31,2000,5,0
MAR,2000-06-30,2000,6,0
MAR,2000-07-31,2000,7,0
MAR,2000-08-31,2000,8,0
MAR,2000-09-30,2000,9,0
MAR,2000-10-31,2000,10,0
MAR,2000-11-30,2000,11,0
MAR,2000-12-31,2000,12,0
MAR,2001-01-31,2001,1,0
MAR,2001-02-28,2001,2,0
MAR,2001-03-31,2001,3,0
MAR,2001-04-30,2001,4,0
MAR,2001-05-31,2001,5,0
MAR,2001-06-30,2001,6,0
MAR,2001-07-31,2001,7,0
MAR,2001-08-31,2001,8,0
MAR,2001-09-30,2001,9,0
MAR,2001-10-31,2001,10,0
MAR,2001-11-30,2001,11,0
MAR,2001-12-31,2001,12,0
MAR,2002-01-31,2002,1,0
MAR,2002-02-28,2002,2,0
MAR,2002-03-31,2002,3,0
MAR,2002-04-30,2002,4,0
MAR,2002-05-31,2002,5,0
MAR,2002-06-30,2002,6,0
MAR,2002-07-31,2002,7,0
MAR,2002-08-31,2002,8,0
MAR,2002-09-30,2002,9,0
MAR,2002-10-31,2002,10,0
MAR,2002-11-30,2002,11,0
MAR,2002-12-31,2002,12,0
MAR,2003-01-31,2003,1,0
MAR,2003-02-28,2003,2,0
MAR,2003-03-31,2003,3,0
MAR,2003-04-30,2003,4,0
MAR,2003-05-31,2003,5,0
MAR,2003-06-30,2003,6,0
MAR,2003-07-31,2003,7,0
MAR,2003-08-31,2003,8,0
MAR,2003-09-30,2003,9,0
MAR,2003-10-31,2003,10,0
MAR,2003-11-30,2003,11,0
MAR,2003-12-31,2003,12,0
MAR,2004-01-31,2004,1,0
MAR,2004-02-29,2004,2,0
MAR,2004-03-31,2004,3,0
MAR,2004-04-30,2004,4,0
MAR,2004-05-31,2004,5,0
MAR,2004-06-30,2004,6,0
MAR,2004-07-31,2004,7,0
MAR,2004-08-31,2004,8,0
MAR,2004-09-30,2004,9,0
MAR,2004-10-31,2004,10,0
MAR,2004-11-30,2004,11,0
MAR,2004-12-31,2004,12,0
MAR,2005-01-31,2005,1,0
MAR,2005-02-28,2005,2,0
MAR,2005-03-31,2005,3,0
MAR,2005-04-30,2005,4,0
MAR,2005-05-31,2005,5,0
MAR,2005-06-30,2005,6,0
MAR,2005-07-31,2005,7,0
MAR,2005-08-31,2005,8,0
MAR,2005-09-30,2005,9,0
MAR,2005-10-31,2005,10,0
MAR,2005-11-30,2005,11,0
MAR,2005-12-31,2005,12,0
MAR,2006-01-31,2006,1,0
MAR,2006-02-28,2006,2,0
MAR,2006-03-31,2006,3,0
MAR,2006-04-30,2006,4,0
MAR,2006-05-31,2006,5,0
MAR,2006-06-30,2006,6,0
MAR,2006-07-31,2006,7,0
MAR,2006-08-31,2006,8,0
MAR,2006-09-30,2006,9,0
MAR,2006-10-31,2006,10,0
MAR,2006-11-30,2006,11,0
MAR,2006-12-31,2006,12,0
MAR,2007-01-31,2007,1,0
MAR,2007-02-28,2007,2,0
MAR,2007-03-31,2007,3,0
MAR,2007-04-30,2007,4,0
MAR,2007-05-31,2007,5,0
MAR,2007-06-30,2007,6,0
MAR,2007-07-31,2007,7,0
MAR,2007-08-31,2007,8,0
MAR,2007-09-30,2007,9,0
MAR,2007-10-31,2007,10,0
MAR,2007-11-30,2007,11,0
MAR,2007-12-31,2007,12,0
MAR,2008-01-31,2008,1,0
MAR,2008-02-29,2008,2,0
MAR,2008-03-31,2008,3,0
MAR,2008-04-30,2008,4,0
MAR,2008-05-31,2008,5,0
MAR,2008-06-30,2008,6,0
MAR,2008-07-31,2008,7,0
MAR,2008-08-31,2008,8,0
MAR,2008-09-30,2008,9,0
MAR,2008-10-31,2008,10,0
MAR,2008-11-30,2008,11,0
MAR,2008-12-31,2008,12,0
MAR,2009-01-31,2009,1,0
MAR,2009-02-28,2009,2,0
MAR,2009-03-31,2009,3,0
MAR,2009-04-30,2009,4,0
MAR,2009-05-31,2009,5,0
MAR,2009-06-30,2009,6,0
MAR,2009-07-31,2009,7,0
MAR,2009-08-31,2009,8,0
MAR,2009-09-30,2009,9,0
MAR,2009-10-31,2009,10,0
MAR,2009-11-30,2009,11,0
MAR,2009-12-31,2009,12,0
MAR,2010-01-31,2010,1,0
MAR,2010-02-28,2010,2,0
MAR,2010-03-31,2010,3,0
MAR,2010-04-30,2010,4,0
MAR,2010-05-31,2010,5,0
MAR,2010-06-30,2010,6,0
MAR,2010-07-31,2010,7,0
MAR,2010-08-31,2010,8,0
MAR,2010-09-30,2010,9,0
MAR,2010-10-31,2010,10,0
MAR,2010-11-30,2010,11,0
MAR,2010-12-31,2010,12,0
MAR,2011-01-31,2011,1,0
MAR,2011-02-28,2011,2,0
MAR,2011-03-31,2011,3,0
MAR,2011-04-30,2011,4,0
MAR,2011-05-31,2011,5,0
MAR,2011-06-30,2011,6,0
MAR,2011-07-31,2011,7,0
MAR,2011-08-31,2011,8,0
MAR,2011-09-30,2011,9,0
MAR,2011-10-31,2011,10,0
MAR,2011-11-30,2011,11,0
MAR,2011-12-31,2011,12,0
MAR,2012-01-31,2012,1,0
MAR,2012-02-29,2012,2,0
MAR,2012-03-31,2012,3,0
MAR,2012-04-30,2012,4,0
MAR,2012-05-31,2012,5,0
MAR,2012-06-30,2012,6,0
MAR,2012-07-31,2012,7,0
MAR,2012-08-31,2012,8,0
MAR,2012-09-30,2012,9,0
MAR,2012-10-31,2012,10,0
MAR,2012-11-30,2012,11,0
MAR,2012-12-31,2012,12,0
MAR,2013-01-31,2013,1,0
MAR,2013-02-28,2013,2,0
MAR,2013-03-31,2013,3,0
MAR,2013-04-30,2013,4,0
MAR,2013-05-31,2013,5,0
MAR,2013-06-30,2013,6,0
MAR,2013-07-31,2013,7,0
MAR,2013-08-31,2013,8,0
MAR,2013-09-30,2013,9,0
MAR,2013-10-31,2013,10,0
MAR,2013-11-30,2013,11,0
MAR,2013-12-31,2013,12,0
MAR,2014-01-31,2014,1,0
MAR,2014-02-28,2014,2,0
MAR,2014-03-31,2014,3,0
MAR,2014-04-30,2014,4,0
MAR,2014-05-31,2014,5,0
MAR,2014-06-30,2014,6,0
MAR,2014-07-31,2014,7,0
MAR,2014-08-31,2014,8,0
MAR,2014-09-30,2014,9,0
MAR,2014-10-31,2014,10,0
MAR,2014-11-30,2014,11,0
MAR,2014-12-31,2014,12,0
MAR,2015-01-31,2015,1,0
MAR,2015-02-28,2015,2,0
MAR,2015-03-31,2015,3,0
MAR,2015-04-30,2015,4,0
MAR,2015-05-31,2015,5,0
MAR,2015-06-30,2015,6,0
MAR,2015-07-31,2015,7,0
MAR,2015-08-31,2015,8,0
MAR,2015-09-30,2015,9,0
MAR,2015-10-31,2015,10,0
MAR,2015-11-30,2015,11,0
MAR,2015-12-31,2015,12,0
MAR,2016-01-31,2016,1,0
MAR,2016-02-29,2016,2,0
MAR,2016-03-31,2016,3,0
MAR,2016-04-30,2016,4,0
MAR,2016-05-31,2016,5,0
MAR,2016-06-30,2016,6,0
MAR,2016-07-31,2016,7,0
MAR,2016-08-31,2016,8,0
MAR,2016-09-30,2016,9,0
MAR,2016-10-31,2016,10,0
MAR,2016-11-30,2016,11,0
MAR,2016-12-31,2016,12,0
MDA,1991-12-31,1991,12,0
MDA,1992-01-31,1992,1,0
MDA,1992-02-29,1992,2,0
MDA,1992-03-31,1992,3,0
MDA,1992-04-30,1992,4,0
MDA,1992-05-31,1992,5,0
MDA,1992-06-30,1992,6,0
MDA,1992-07-31,1992,7,0
MDA,1992-08-31,1992,8,0
MDA,1992-09-30,1992,9,0
MDA,1992-10-31,1992,10,0
MDA,1992-11-30,1992,11,0
MDA,1992-12-31,1992,12,0
MDA,1993-01-31,1993,1,0
MDA,1993-02-28,1993,2,0
MDA,1993-03-31,1993,3,0
MDA,1993-04-30,1993,4,0
MDA,1993-05-31,1993,5,0
MDA,1993-06-30,1993,6,0
MDA,1993-07-31,1993,7,0
MDA,1993-08-31,1993,8,0
MDA,1993-09-30,1993,9,0
MDA,1993-10-31,1993,10,0
MDA,1993-11-30,1993,11,0
MDA,1993-12-31,1993,12,0
MDA,1994-01-31,1994,1,0
MDA,1994-02-28,1994,2,0
MDA,1994-03-31,1994,3,0
MDA,1994-04-30,1994,4,0
MDA,1994-05-31,1994,5,0
MDA,1994-06-30,1994,6,0
MDA,1994-07-31,1994,7,0
MDA,1994-08-31,1994,8,0
MDA,1994-09-30,1994,9,0
MDA,1994-10-31,1994,10,0
MDA,1994-11-30,1994,11,0
MDA,1994-12-31,1994,12,0
MDA,1995-01-31,1995,1,0
MDA,1995-02-28,1995,2,0
MDA,1995-03-31,1995,3,0
MDA,1995-04-30,1995,4,0
MDA,1995-05-31,1995,5,0
MDA,1995-06-30,1995,6,0
MDA,1995-07-31,1995,7,0
MDA,1995-08-31,1995,8,0
MDA,1995-09-30,1995,9,0
MDA,1995-10-31,1995,10,0
MDA,1995-11-30,1995,11,0
MDA,1995-12-31,1995,12,0
MDA,1996-01-31,1996,1,0
MDA,1996-02-29,1996,2,0
MDA,1996-03-31,1996,3,0
MDA,1996-04-30,1996,4,0
MDA,1996-05-31,1996,5,0
MDA,1996-06-30,1996,6,0
MDA,1996-07-31,1996,7,0
MDA,1996-08-31,1996,8,0
MDA,1996-09-30,1996,9,0
MDA,1996-10-31,1996,10,0
MDA,1996-11-30,1996,11,0
MDA,1996-12-31,1996,12,0
MDA,1997-01-31,1997,1,0
MDA,1997-02-28,1997,2,0
MDA,1997-03-31,1997,3,0
MDA,1997-04-30,1997,4,0
MDA,1997-05-31,1997,5,0
MDA,1997-06-30,1997,6,0
MDA,1997-07-31,1997,7,0
MDA,1997-08-31,1997,8,0
MDA,1997-09-30,1997,9,0
MDA,1997-10-31,1997,10,0
MDA,1997-11-30,1997,11,0
MDA,1997-12-31,1997,12,0
MDA,1998-01-31,1998,1,1
MDA,1998-02-28,1998,2,1
MDA,1998-03-31,1998,3,1
MDA,1998-04-30,1998,4,1
MDA,1998-05-31,1998,5,1
MDA,1998-06-30,1998,6,1
MDA,1998-07-31,1998,7,1
MDA,1998-08-31,1998,8,1
MDA,1998-09-30,1998,9,1
MDA,1998-10-31,1998,10,1
MDA,1998-11-30,1998,11,1
MDA,1998-12-31,1998,12,1
MDA,1999-01-31,1999,1,0
MDA,1999-02-28,1999,2,0
MDA,1999-03-31,1999,3,0
MDA,1999-04-30,1999,4,0
MDA,1999-05-31,1999,5,0
MDA,1999-06-30,1999,6,0
MDA,1999-07-31,1999,7,0
MDA,1999-08-31,1999,8,0
MDA,1999-09-30,1999,9,0
MDA,1999-10-31,1999,10,0
MDA,1999-11-30,1999,11,0
MDA,1999-12-31,1999,12,0
MDA,2000-01-31,2000,1,0
MDA,2000-02-29,2000,2,0
MDA,2000-03-31,2000,3,0
MDA,2000-04-30,2000,4,0
MDA,2000-05-31,2000,5,0
MDA,2000-06-30,2000,6,0
MDA,2000-07-31,2000,7,0
MDA,2000-08-31,2000,8,0
MDA,2000-09-30,2000,9,0
MDA,2000-10-31,2000,10,0
MDA,2000-11-30,2000,11,0
MDA,2000-12-31,2000,12,0
MDA,2001-01-31,2001,1,0
MDA,2001-02-28,2001,2,0
MDA,2001-03-31,2001,3,0
MDA,2001-04-30,2001,4,0
MDA,2001-05-31,2001,5,0
MDA,2001-06-30,2001,6,0
MDA,2001-07-31,2001,7,0
MDA,2001-08-31,2001,8,0
MDA,2001-09-30,2001,9,0
MDA,2001-10-31,2001,10,0
MDA,2001-11-30,2001,11,0
MDA,2001-12-31,2001,12,0
MDA,2002-01-31,2002,1,0
MDA,2002-02-28,2002,2,0
MDA,2002-03-31,2002,3,0
MDA,2002-04-30,2002,4,0
MDA,2002-05-31,2002,5,0
MDA,2002-06-30,2002,6,0
MDA,2002-07-31,2002,7,0
MDA,2002-08-31,2002,8,0
MDA,2002-09-30,2002,9,0
MDA,2002-10-31,2002,10,0
MDA,2002-11-30,2002,11,0
MDA,2002-12-31,2002,12,0
MDA,2003-01-31,2003,1,0
MDA,2003-02-28,2003,2,0
MDA,2003-03-31,2003,3,0
MDA,2003-04-30,2003,4,0
MDA,2003-05-31,2003,5,0
MDA,2003-06-30,2003,6,0
MDA,2003-07-31,2003,7,0
MDA,2003-08-31,2003,8,0
MDA,2003-09-30,2003,9,0
MDA,2003-10-31,2003,10,0
MDA,2003-11-30,2003,11,0
MDA,2003-12-31,2003,12,0
MDA,2004-01-31,2004,1,0
MDA,2004-02-29,2004,2,0
MDA,2004-03-31,2004,3,0
MDA,2004-04-30,2004,4,0
MDA,2004-05-31,2004,5,0
MDA,2004-06-30,2004,6,0
MDA,2004-07-31,2004,7,0
MDA,2004-08-31,2004,8,0
MDA,2004-09-30,2004,9,0
MDA,2004-10-31,2004,10,0
MDA,2004-11-30,2004,11,0
MDA,2004-12-31,2004,12,0
MDA,2005-01-31,2005,1,0
MDA,2005-02-28,2005,2,0
MDA,2005-03-31,2005,3,0
MDA,2005-04-30,2005,4,0
MDA,2005-05-31,2005,5,0
MDA,2005-06-30,2005,6,0
MDA,2005-07-31,2005,7,0
MDA,2005-08-31,2005,8,0
MDA,2005-09-30,2005,9,0
MDA,2005-10-31,2005,10,0
MDA,2005-11-30,2005,11,0
MDA,2005-12-31,2005,12,0
MDA,2006-01-31,2006,1,0
MDA,2006-02-28,2006,2,0
MDA,2006-03-31,2006,3,0
MDA,2006-04-30,2006,4,0
MDA,2006-05-31,2006,5,0
MDA,2006-06-30,2006,6,0
MDA,2006-07-31,2006,7,0
MDA,2006-08-31,2006,8,0
MDA,2006-09-30,2006,9,0
MDA,2006-10-31,2006,10,0
MDA,2006-11-30,2006,11,0
MDA,2006-12-31,2006,12,0
MDA,2007-01-31,2007,1,0
MDA,2007-02-28,2007,2,0
MDA,2007-03-31,2007,3,0
MDA,2007-04-30,2007,4,0
MDA,2007-05-31,2007,5,0
MDA,2007-06-30,2007,6,0
MDA,2007-07-31,2007,7,0
MDA,2007-08-31,2007,8,0
MDA,2007-09-30,2007,9,0
MDA,2007-10-31,2007,10,0
MDA,2007-11-30,2007,11,0
MDA,2007-12-31,2007,12,0
MDA,2008-01-31,2008,1,0
MDA,2008-02-29,2008,2,0
MDA,2008-03-31,2008,3,0
MDA,2008-04-30,2008,4,0
MDA,2008-05-31,2008,5,0
MDA,2008-06-30,2008,6,0
MDA,2008-07-31,2008,7,0
MDA,2008-08-31,2008,8,0
MDA,2008-09-30,2008,9,0
MDA,2008-10-31,2008,10,0
MDA,2008-11-30,2008,11,0
MDA,2008-12-31,2008,12,0
MDA,2009-01-31,2009,1,0
MDA,2009-02-28,2009,2,0
MDA,2009-03-31,2009,3,0
MDA,2009-04-30,2009,4,0
MDA,2009-05-31,2009,5,0
MDA,2009-06-30,2009,6,0
MDA,2009-07-31,2009,7,0
MDA,2009-08-31,2009,8,0
MDA,2009-09-30,2009,9,0
MDA,2009-10-31,2009,10,0
MDA,2009-11-30,2009,11,0
MDA,2009-12-31,2009,12,0
MDA,2010-01-31,2010,1,0
MDA,2010-02-28,2010,2,0
MDA,2010-03-31,2010,3,0
MDA,2010-04-30,2010,4,0
MDA,2010-05-31,2010,5,0
MDA,2010-06-30,2010,6,0
MDA,2010-07-31,2010,7,0
MDA,2010-08-31,2010,8,0
MDA,2010-09-30,2010,9,0
MDA,2010-10-31,2010,10,0
MDA,2010-11-30,2010,11,0
MDA,2010-12-31,2010,12,0
MDA,2011-01-31,2011,1,0
MDA,2011-02-28,2011,2,0
MDA,2011-03-31,2011,3,0
MDA,2011-04-30,2011,4,0
MDA,2011-05-31,2011,5,0
MDA,2011-06-30,2011,6,0
MDA,2011-07-31,2011,7,0
MDA,2011-08-31,2011,8,0
MDA,2011-09-30,2011,9,0
MDA,2011-10-31,2011,10,0
MDA,2011-11-30,2011,11,0
MDA,2011-12-31,2011,12,0
MDA,2012-01-31,2012,1,0
MDA,2012-02-29,2012,2,0
MDA,2012-03-31,2012,3,0
MDA,2012-04-30,2012,4,0
MDA,2012-05-31,2012,5,0
MDA,2012-06-30,2012,6,0
MDA,2012-07-31,2012,7,0
MDA,2012-08-31,2012,8,0
MDA,2012-09-30,2012,9,0
MDA,2012-10-31,2012,10,0
MDA,2012-11-30,2012,11,0
MDA,2012-12-31,2012,12,0
MDA,2013-01-31,2013,1,0
MDA,2013-02-28,2013,2,0
MDA,2013-03-31,2013,3,0
MDA,2013-04-30,2013,4,0
MDA,2013-05-31,2013,5,0
MDA,2013-06-30,2013,6,0
MDA,2013-07-31,2013,7,0
MDA,2013-08-31,2013,8,0
MDA,2013-09-30,2013,9,0
MDA,2013-10-31,2013,10,0
MDA,2013-11-30,2013,11,0
MDA,2013-12-31,2013,12,0
MDA,2014-01-31,2014,1,0
MDA,2014-02-28,2014,2,0
MDA,2014-03-31,2014,3,0
MDA,2014-04-30,2014,4,0
MDA,2014-05-31,2014,5,0
MDA,2014-06-30,2014,6,0
MDA,2014-07-31,2014,7,0
MDA,2014-08-31,2014,8,0
MDA,2014-09-30,2014,9,0
MDA,2014-10-31,2014,10,0
MDA,2014-11-30,2014,11,0
MDA,2014-12-31,2014,12,0
MDA,2015-01-31,2015,1,0
MDA,2015-02-28,2015,2,0
MDA,2015-03-31,2015,3,0
MDA,2015-04-30,2015,4,0
MDA,2015-05-31,2015,5,0
MDA,2015-06-30,2015,6,0
MDA,2015-07-31,2015,7,0
MDA,2015-08-31,2015,8,0
MDA,2015-09-30,2015,9,0
MDA,2015-10-31,2015,10,0
MDA,2015-11-30,2015,11,0
MDA,2015-12-31,2015,12,0
MDA,2016-01-31,2016,1,0
MDA,2016-02-29,2016,2,0
MDA,2016-03-31,2016,3,0
MDA,2016-04-30,2016,4,0
MDA,2016-05-31,2016,5,0
MDA,2016-06-30,2016,6,0
MDA,2016-07-31,2016,7,0
MDA,2016-08-31,2016,8,0
MDA,2016-09-30,2016,9,0
MDA,2016-10-31,2016,10,0
MDA,2016-11-30,2016,11,0
MDA,2016-12-31,2016,12,0
MDG,1990-01-31,1990,1,0
MDG,1990-02-28,1990,2,0
MDG,1990-03-31,1990,3,0
MDG,1990-04-30,1990,4,0
MDG,1990-05-31,1990,5,0
MDG,1990-06-30,1990,6,0
MDG,1990-07-31,1990,7,0
MDG,1990-08-31,1990,8,0
MDG,1990-09-30,1990,9,0
MDG,1990-10-31,1990,10,0
MDG,1990-11-30,1990,11,0
MDG,1990-12-31,1990,12,0
MDG,1991-01-31,1991,1,0
MDG,1991-02-28,1991,2,0
MDG,1991-03-31,1991,3,0
MDG,1991-04-30,1991,4,0
MDG,1991-05-31,1991,5,0
MDG,1991-06-30,1991,6,0
MDG,1991-07-31,1991,7,0
MDG,1991-08-31,1991,8,0
MDG,1991-09-30,1991,9,0
MDG,1991-10-31,1991,10,0
MDG,1991-11-30,1991,11,0
MDG,1991-12-31,1991,12,0
MDG,1992-01-31,1992,1,0
MDG,1992-02-29,1992,2,0
MDG,1992-03-31,1992,3,0
MDG,1992-04-30,1992,4,0
MDG,1992-05-31,1992,5,0
MDG,1992-06-30,1992,6,0
MDG,1992-07-31,1992,7,0
MDG,1992-08-31,1992,8,0
MDG,1992-09-30,1992,9,0
MDG,1992-10-31,1992,10,0
MDG,1992-11-30,1992,11,0
MDG,1992-12-31,1992,12,0
MDG,1993-01-31,1993,1,1
MDG,1993-02-28,1993,2,1
MDG,1993-03-31,1993,3,1
MDG,1993-04-30,1993,4,1
MDG,1993-05-31,1993,5,1
MDG,1993-06-30,1993,6,1
MDG,1993-07-31,1993,7,1
MDG,1993-08-31,1993,8,1
MDG,1993-09-30,1993,9,1
MDG,1993-10-31,1993,10,1
MDG,1993-11-30,1993,11,1
MDG,1993-12-31,1993,12,1
MDG,1994-01-31,1994,1,0
MDG,1994-02-28,1994,2,0
MDG,1994-03-31,1994,3,0
MDG,1994-04-30,1994,4,0
MDG,1994-05-31,1994,5,0
MDG,1994-06-30,1994,6,0
MDG,1994-07-31,1994,7,0
MDG,1994-08-31,1994,8,0
MDG,1994-09-30,1994,9,0
MDG,1994-10-31,1994,10,0
MDG,1994-11-30,1994,11,0
MDG,1994-12-31,1994,12,0
MDG,1995-01-31,1995,1,0
MDG,1995-02-28,1995,2,0
MDG,1995-03-31,1995,3,0
MDG,1995-04-30,1995,4,0
MDG,1995-05-31,1995,5,0
MDG,1995-06-30,1995,6,0
MDG,1995-07-31,1995,7,0
MDG,1995-08-31,1995,8,0
MDG,1995-09-30,1995,9,0
MDG,1995-10-31,1995,10,0
MDG,1995-11-30,1995,11,0
MDG,1995-12-31,1995,12,0
MDG,1996-01-31,1996,1,0
MDG,1996-02-29,1996,2,0
MDG,1996-03-31,1996,3,0
MDG,1996-04-30,1996,4,0
MDG,1996-05-31,1996,5,0
MDG,1996-06-30,1996,6,0
MDG,1996-07-31,1996,7,0
MDG,1996-08-31,1996,8,0
MDG,1996-09-30,1996,9,0
MDG,1996-10-31,1996,10,0
MDG,1996-11-30,1996,11,0
MDG,1996-12-31,1996,12,0
MDG,1997-01-31,1997,1,0
MDG,1997-02-28,1997,2,0
MDG,1997-03-31,1997,3,0
MDG,1997-04-30,1997,4,0
MDG,1997-05-31,1997,5,0
MDG,1997-06-30,1997,6,0
MDG,1997-07-31,1997,7,0
MDG,1997-08-31,1997,8,0
MDG,1997-09-30,1997,9,0
MDG,1997-10-31,1997,10,0
MDG,1997-11-30,1997,11,0
MDG,1997-12-31,1997,12,0
MDG,1998-01-31,1998,1,0
MDG,1998-02-28,1998,2,0
MDG,1998-03-31,1998,3,0
MDG,1998-04-30,1998,4,0
MDG,1998-05-31,1998,5,0
MDG,1998-06-30,1998,6,0
MDG,1998-07-31,1998,7,0
MDG,1998-08-31,1998,8,0
MDG,1998-09-30,1998,9,0
MDG,1998-10-31,1998,10,0
MDG,1998-11-30,1998,11,0
MDG,1998-12-31,1998,12,0
MDG,1999-01-31,1999,1,0
MDG,1999-02-28,1999,2,0
MDG,1999-03-31,1999,3,0
MDG,1999-04-30,1999,4,0
MDG,1999-05-31,1999,5,0
MDG,1999-06-30,1999,6,0
MDG,1999-07-31,1999,7,0
MDG,1999-08-31,1999,8,0
MDG,1999-09-30,1999,9,0
MDG,1999-10-31,1999,10,0
MDG,1999-11-30,1999,11,0
MDG,1999-12-31,1999,12,0
MDG,2000-01-31,2000,1,0
MDG,2000-02-29,2000,2,0
MDG,2000-03-31,2000,3,0
MDG,2000-04-30,2000,4,0
MDG,2000-05-31,2000,5,0
MDG,2000-06-30,2000,6,0
MDG,2000-07-31,2000,7,0
MDG,2000-08-31,2000,8,0
MDG,2000-09-30,2000,9,0
MDG,2000-10-31,2000,10,0
MDG,2000-11-30,2000,11,0
MDG,2000-12-31,2000,12,0
MDG,2001-01-31,2001,1,0
MDG,2001-02-28,2001,2,0
MDG,2001-03-31,2001,3,0
MDG,2001-04-30,2001,4,0
MDG,2001-05-31,2001,5,0
MDG,2001-06-30,2001,6,0
MDG,2001-07-31,2001,7,0
MDG,2001-08-31,2001,8,0
MDG,2001-09-30,2001,9,0
MDG,2001-10-31,2001,10,0
MDG,2001-11-30,2001,11,0
MDG,2001-12-31,2001,12,0
MDG,2002-01-31,2002,1,0
MDG,2002-02-28,2002,2,0
MDG,2002-03-31,2002,3,0
MDG,2002-04-30,2002,4,0
MDG,2002-05-31,2002,5,0
MDG,2002-06-30,2002,6,0
MDG,2002-07-31,2002,7,0
MDG,2002-08-31,2002,8,0
MDG,2002-09-30,2002,9,0
MDG,2002-10-31,2002,10,0
MDG,2002-11-30,2002,11,0
MDG,2002-12-31,2002,12,0
MDG,2003-01-31,2003,1,1
MDG,2003-02-28,2003,2,1
MDG,2003-03-31,2003,3,1
MDG,2003-04-30,2003,4,1
MDG,2003-05-31,2003,5,1
MDG,2003-06-30,2003,6,1
MDG,2003-07-31,2003,7,1
MDG,2003-08-31,2003,8,1
MDG,2003-09-30,2003,9,1
MDG,2003-10-31,2003,10,1
MDG,2003-11-30,2003,11,1
MDG,2003-12-31,2003,12,1
MDG,2004-01-31,2004,1,0
MDG,2004-02-29,2004,2,0
MDG,2004-03-31,2004,3,0
MDG,2004-04-30,2004,4,0
MDG,2004-05-31,2004,5,0
MDG,2004-06-30,2004,6,0
MDG,2004-07-31,2004,7,0
MDG,2004-08-31,2004,8,0
MDG,2004-09-30,2004,9,0
MDG,2004-10-31,2004,10,0
MDG,2004-11-30,2004,11,0
MDG,2004-12-31,2004,12,0
MDG,2005-01-31,2005,1,0
MDG,2005-02-28,2005,2,0
MDG,2005-03-31,2005,3,0
MDG,2005-04-30,2005,4,0
MDG,2005-05-31,2005,5,0
MDG,2005-06-30,2005,6,0
MDG,2005-07-31,2005,7,0
MDG,2005-08-31,2005,8,0
MDG,2005-09-30,2005,9,0
MDG,2005-10-31,2005,10,0
MDG,2005-11-30,2005,11,0
MDG,2005-12-31,2005,12,0
MDG,2006-01-31,2006,1,0
MDG,2006-02-28,2006,2,0
MDG,2006-03-31,2006,3,0
MDG,2006-04-30,2006,4,0
MDG,2006-05-31,2006,5,0
MDG,2006-06-30,2006,6,0
MDG,2006-07-31,2006,7,0
MDG,2006-08-31,2006,8,0
MDG,2006-09-30,2006,9,0
MDG,2006-10-31,2006,10,0
MDG,2006-11-30,2006,11,0
MDG,2006-12-31,2006,12,0
MDG,2007-01-31,2007,1,0
MDG,2007-02-28,2007,2,0
MDG,2007-03-31,2007,3,0
MDG,2007-04-30,2007,4,0
MDG,2007-05-31,2007,5,0
MDG,2007-06-30,2007,6,0
MDG,2007-07-31,2007,7,0
MDG,2007-08-31,2007,8,0
MDG,2007-09-30,2007,9,0
MDG,2007-10-31,2007,10,0
MDG,2007-11-30,2007,11,0
MDG,2007-12-31,2007,12,0
MDG,2008-01-31,2008,1,0
MDG,2008-02-29,2008,2,0
MDG,2008-03-31,2008,3,0
MDG,2008-04-30,2008,4,0
MDG,2008-05-31,2008,5,0
MDG,2008-06-30,2008,6,0
MDG,2008-07-31,2008,7,0
MDG,2008-08-31,2008,8,0
MDG,2008-09-30,2008,9,0
MDG,2008-10-31,2008,10,0
MDG,2008-11-30,2008,11,0
MDG,2008-12-31,2008,12,0
MDG,2009-01-31,2009,1,0
MDG,2009-02-28,2009,2,0
MDG,2009-03-31,2009,3,0
MDG,2009-04-30,2009,4,0
MDG,2009-05-31,2009,5,0
MDG,2009-06-30,2009,6,0
MDG,2009-07-31,2009,7,0
MDG,2009-08-31,2009,8,0
MDG,2009-09-30,2009,9,0
MDG,2009-10-31,2009,10,0
MDG,2009-11-30,2009,11,0
MDG,2009-12-31,2009,12,0
MDG,2010-01-31,2010,1,0
MDG,2010-02-28,2010,2,0
MDG,2010-03-31,2010,3,0
MDG,2010-04-30,2010,4,0
MDG,2010-05-31,2010,5,0
MDG,2010-06-30,2010,6,0
MDG,2010-07-31,2010,7,0
MDG,2010-08-31,2010,8,0
MDG,2010-09-30,2010,9,0
MDG,2010-10-31,2010,10,0
MDG,2010-11-30,2010,11,0
MDG,2010-12-31,2010,12,0
MDG,2011-01-31,2011,1,0
MDG,2011-02-28,2011,2,0
MDG,2011-03-31,2011,3,0
MDG,2011-04-30,2011,4,0
MDG,2011-05-31,2011,5,0
MDG,2011-06-30,2011,6,0
MDG,2011-07-31,2011,7,0
MDG,2011-08-31,2011,8,0
MDG,2011-09-30,2011,9,0
MDG,2011-10-31,2011,10,0
MDG,2011-11-30,2011,11,0
MDG,2011-12-31,2011,12,0
MDG,2012-01-31,2012,1,0
MDG,2012-02-29,2012,2,0
MDG,2012-03-31,2012,3,0
MDG,2012-04-30,2012,4,0
MDG,2012-05-31,2012,5,0
MDG,2012-06-30,2012,6,0
MDG,2012-07-31,2012,7,0
MDG,2012-08-31,2012,8,0
MDG,2012-09-30,2012,9,0
MDG,2012-10-31,2012,10,0
MDG,2012-11-30,2012,11,0
MDG,2012-12-31,2012,12,0
MDG,2013-01-31,2013,1,0
MDG,2013-02-28,2013,2,0
MDG,2013-03-31,2013,3,0
MDG,2013-04-30,2013,4,0
MDG,2013-05-31,2013,5,0
MDG,2013-06-30,2013,6,0
MDG,2013-07-31,2013,7,0
MDG,2013-08-31,2013,8,0
MDG,2013-09-30,2013,9,0
MDG,2013-10-31,2013,10,0
MDG,2013-11-30,2013,11,0
MDG,2013-12-31,2013,12,0
MDG,2014-01-31,2014,1,0
MDG,2014-02-28,2014,2,0
MDG,2014-03-31,2014,3,0
MDG,2014-04-30,2014,4,0
MDG,2014-05-31,2014,5,0
MDG,2014-06-30,2014,6,0
MDG,2014-07-31,2014,7,0
MDG,2014-08-31,2014,8,0
MDG,2014-09-30,2014,9,0
MDG,2014-10-31,2014,10,0
MDG,2014-11-30,2014,11,0
MDG,2014-12-31,2014,12,0
MDG,2015-01-31,2015,1,0
MDG,2015-02-28,2015,2,0
MDG,2015-03-31,2015,3,0
MDG,2015-04-30,2015,4,0
MDG,2015-05-31,2015,5,0
MDG,2015-06-30,2015,6,0
MDG,2015-07-31,2015,7,0
MDG,2015-08-31,2015,8,0
MDG,2015-09-30,2015,9,0
MDG,2015-10-31,2015,10,0
MDG,2015-11-30,2015,11,0
MDG,2015-12-31,2015,12,0
MDG,2016-01-31,2016,1,0
MDG,2016-02-29,2016,2,0
MDG,2016-03-31,2016,3,0
MDG,2016-04-30,2016,4,0
MDG,2016-05-31,2016,5,0
MDG,2016-06-30,2016,6,0
MDG,2016-07-31,2016,7,0
MDG,2016-08-31,2016,8,0
MDG,2016-09-30,2016,9,0
MDG,2016-10-31,2016,10,0
MDG,2016-11-30,2016,11,0
MDG,2016-12-31,2016,12,0
MDV,1990-01-31,1990,1,0
MDV,1990-02-28,1990,2,0
MDV,1990-03-31,1990,3,0
MDV,1990-04-30,1990,4,0
MDV,1990-05-31,1990,5,0
MDV,1990-06-30,1990,6,0
MDV,1990-07-31,1990,7,0
MDV,1990-08-31,1990,8,0
MDV,1990-09-30,1990,9,0
MDV,1990-10-31,1990,10,0
MDV,1990-11-30,1990,11,0
MDV,1990-12-31,1990,12,0
MDV,1991-01-31,1991,1,0
MDV,1991-02-28,1991,2,0
MDV,1991-03-31,1991,3,0
MDV,1991-04-30,1991,4,0
MDV,1991-05-31,1991,5,0
MDV,1991-06-30,1991,6,0
MDV,1991-07-31,1991,7,0
MDV,1991-08-31,1991,8,0
MDV,1991-09-30,1991,9,0
MDV,1991-10-31,1991,10,0
MDV,1991-11-30,1991,11,0
MDV,1991-12-31,1991,12,0
MDV,1992-01-31,1992,1,0
MDV,1992-02-29,1992,2,0
MDV,1992-03-31,1992,3,0
MDV,1992-04-30,1992,4,0
MDV,1992-05-31,1992,5,0
MDV,1992-06-30,1992,6,0
MDV,1992-07-31,1992,7,0
MDV,1992-08-31,1992,8,0
MDV,1992-09-30,1992,9,0
MDV,1992-10-31,1992,10,0
MDV,1992-11-30,1992,11,0
MDV,1992-12-31,1992,12,0
MDV,1993-01-31,1993,1,0
MDV,1993-02-28,1993,2,0
MDV,1993-03-31,1993,3,0
MDV,1993-04-30,1993,4,0
MDV,1993-05-31,1993,5,0
MDV,1993-06-30,1993,6,0
MDV,1993-07-31,1993,7,0
MDV,1993-08-31,1993,8,0
MDV,1993-09-30,1993,9,0
MDV,1993-10-31,1993,10,0
MDV,1993-11-30,1993,11,0
MDV,1993-12-31,1993,12,0
MDV,1994-01-31,1994,1,0
MDV,1994-02-28,1994,2,0
MDV,1994-03-31,1994,3,0
MDV,1994-04-30,1994,4,0
MDV,1994-05-31,1994,5,0
MDV,1994-06-30,1994,6,0
MDV,1994-07-31,1994,7,0
MDV,1994-08-31,1994,8,0
MDV,1994-09-30,1994,9,0
MDV,1994-10-31,1994,10,0
MDV,1994-11-30,1994,11,0
MDV,1994-12-31,1994,12,0
MDV,1995-01-31,1995,1,0
MDV,1995-02-28,1995,2,0
MDV,1995-03-31,1995,3,0
MDV,1995-04-30,1995,4,0
MDV,1995-05-31,1995,5,0
MDV,1995-06-30,1995,6,0
MDV,1995-07-31,1995,7,0
MDV,1995-08-31,1995,8,0
MDV,1995-09-30,1995,9,0
MDV,1995-10-31,1995,10,0
MDV,1995-11-30,1995,11,0
MDV,1995-12-31,1995,12,0
MDV,1996-01-31,1996,1,0
MDV,1996-02-29,1996,2,0
MDV,1996-03-31,1996,3,0
MDV,1996-04-30,1996,4,0
MDV,1996-05-31,1996,5,0
MDV,1996-06-30,1996,6,0
MDV,1996-07-31,1996,7,0
MDV,1996-08-31,1996,8,0
MDV,1996-09-30,1996,9,0
MDV,1996-10-31,1996,10,0
MDV,1996-11-30,1996,11,0
MDV,1996-12-31,1996,12,0
MDV,1997-01-31,1997,1,0
MDV,1997-02-28,1997,2,0
MDV,1997-03-31,1997,3,0
MDV,1997-04-30,1997,4,0
MDV,1997-05-31,1997,5,0
MDV,1997-06-30,1997,6,0
MDV,1997-07-31,1997,7,0
MDV,1997-08-31,1997,8,0
MDV,1997-09-30,1997,9,0
MDV,1997-10-31,1997,10,0
MDV,1997-11-30,1997,11,0
MDV,1997-12-31,1997,12,0
MDV,1998-01-31,1998,1,0
MDV,1998-02-28,1998,2,0
MDV,1998-03-31,1998,3,0
MDV,1998-04-30,1998,4,0
MDV,1998-05-31,1998,5,0
MDV,1998-06-30,1998,6,0
MDV,1998-07-31,1998,7,0
MDV,1998-08-31,1998,8,0
MDV,1998-09-30,1998,9,0
MDV,1998-10-31,1998,10,0
MDV,1998-11-30,1998,11,0
MDV,1998-12-31,1998,12,0
MDV,1999-01-31,1999,1,0
MDV,1999-02-28,1999,2,0
MDV,1999-03-31,1999,3,0
MDV,1999-04-30,1999,4,0
MDV,1999-05-31,1999,5,0
MDV,1999-06-30,1999,6,0
MDV,1999-07-31,1999,7,0
MDV,1999-08-31,1999,8,0
MDV,1999-09-30,1999,9,0
MDV,1999-10-31,1999,10,0
MDV,1999-11-30,1999,11,0
MDV,1999-12-31,1999,12,0
MDV,2000-01-31,2000,1,0
MDV,2000-02-29,2000,2,0
MDV,2000-03-31,2000,3,0
MDV,2000-04-30,2000,4,0
MDV,2000-05-31,2000,5,0
MDV,2000-06-30,2000,6,0
MDV,2000-07-31,2000,7,0
MDV,2000-08-31,2000,8,0
MDV,2000-09-30,2000,9,0
MDV,2000-10-31,2000,10,0
MDV,2000-11-30,2000,11,0
MDV,2000-12-31,2000,12,0
MDV,2001-01-31,2001,1,0
MDV,2001-02-28,2001,2,0
MDV,2001-03-31,2001,3,0
MDV,2001-04-30,2001,4,0
MDV,2001-05-31,2001,5,0
MDV,2001-06-30,2001,6,0
MDV,2001-07-31,2001,7,0
MDV,2001-08-31,2001,8,0
MDV,2001-09-30,2001,9,0
MDV,2001-10-31,2001,10,0
MDV,2001-11-30,2001,11,0
MDV,2001-12-31,2001,12,0
MDV,2002-01-31,2002,1,0
MDV,2002-02-28,2002,2,0
MDV,2002-03-31,2002,3,0
MDV,2002-04-30,2002,4,0
MDV,2002-05-31,2002,5,0
MDV,2002-06-30,2002,6,0
MDV,2002-07-31,2002,7,0
MDV,2002-08-31,2002,8,0
MDV,2002-09-30,2002,9,0
MDV,2002-10-31,2002,10,0
MDV,2002-11-30,2002,11,0
MDV,2002-12-31,2002,12,0
MDV,2003-01-31,2003,1,0
MDV,2003-02-28,2003,2,0
MDV,2003-03-31,2003,3,0
MDV,2003-04-30,2003,4,0
MDV,2003-05-31,2003,5,0
MDV,2003-06-30,2003,6,0
MDV,2003-07-31,2003,7,0
MDV,2003-08-31,2003,8,0
MDV,2003-09-30,2003,9,0
MDV,2003-10-31,2003,10,0
MDV,2003-11-30,2003,11,0
MDV,2003-12-31,2003,12,0
MDV,2004-01-31,2004,1,0
MDV,2004-02-29,2004,2,0
MDV,2004-03-31,2004,3,0
MDV,2004-04-30,2004,4,0
MDV,2004-05-31,2004,5,0
MDV,2004-06-30,2004,6,0
MDV,2004-07-31,2004,7,0
MDV,2004-08-31,2004,8,0
MDV,2004-09-30,2004,9,0
MDV,2004-10-31,2004,10,0
MDV,2004-11-30,2004,11,0
MDV,2004-12-31,2004,12,0
MDV,2005-01-31,2005,1,0
MDV,2005-02-28,2005,2,0
MDV,2005-03-31,2005,3,0
MDV,2005-04-30,2005,4,0
MDV,2005-05-31,2005,5,0
MDV,2005-06-30,2005,6,0
MDV,2005-07-31,2005,7,0
MDV,2005-08-31,2005,8,0
MDV,2005-09-30,2005,9,0
MDV,2005-10-31,2005,10,0
MDV,2005-11-30,2005,11,0
MDV,2005-12-31,2005,12,0
MDV,2006-01-31,2006,1,0
MDV,2006-02-28,2006,2,0
MDV,2006-03-31,2006,3,0
MDV,2006-04-30,2006,4,0
MDV,2006-05-31,2006,5,0
MDV,2006-06-30,2006,6,0
MDV,2006-07-31,2006,7,0
MDV,2006-08-31,2006,8,0
MDV,2006-09-30,2006,9,0
MDV,2006-10-31,2006,10,0
MDV,2006-11-30,2006,11,0
MDV,2006-12-31,2006,12,0
MDV,2007-01-31,2007,1,0
MDV,2007-02-28,2007,2,0
MDV,2007-03-31,2007,3,0
MDV,2007-04-30,2007,4,0
MDV,2007-05-31,2007,5,0
MDV,2007-06-30,2007,6,0
MDV,2007-07-31,2007,7,0
MDV,2007-08-31,2007,8,0
MDV,2007-09-30,2007,9,0
MDV,2007-10-31,2007,10,0
MDV,2007-11-30,2007,11,0
MDV,2007-12-31,2007,12,0
MDV,2008-01-31,2008,1,0
MDV,2008-02-29,2008,2,0
MDV,2008-03-31,2008,3,0
MDV,2008-04-30,2008,4,0
MDV,2008-05-31,2008,5,0
MDV,2008-06-30,2008,6,0
MDV,2008-07-31,2008,7,0
MDV,2008-08-31,2008,8,0
MDV,2008-09-30,2008,9,0
MDV,2008-10-31,2008,10,0
MDV,2008-11-30,2008,11,0
MDV,2008-12-31,2008,12,0
MDV,2009-01-31,2009,1,0
MDV,2009-02-28,2009,2,0
MDV,2009-03-31,2009,3,0
MDV,2009-04-30,2009,4,0
MDV,2009-05-31,2009,5,0
MDV,2009-06-30,2009,6,0
MDV,2009-07-31,2009,7,0
MDV,2009-08-31,2009,8,0
MDV,2009-09-30,2009,9,0
MDV,2009-10-31,2009,10,0
MDV,2009-11-30,2009,11,0
MDV,2009-12-31,2009,12,0
MDV,2010-01-31,2010,1,0
MDV,2010-02-28,2010,2,0
MDV,2010-03-31,2010,3,0
MDV,2010-04-30,2010,4,0
MDV,2010-05-31,2010,5,0
MDV,2010-06-30,2010,6,0
MDV,2010-07-31,2010,7,0
MDV,2010-08-31,2010,8,0
MDV,2010-09-30,2010,9,0
MDV,2010-10-31,2010,10,0
MDV,2010-11-30,2010,11,0
MDV,2010-12-31,2010,12,0
MDV,2011-01-31,2011,1,0
MDV,2011-02-28,2011,2,0
MDV,2011-03-31,2011,3,0
MDV,2011-04-30,2011,4,0
MDV,2011-05-31,2011,5,0
MDV,2011-06-30,2011,6,0
MDV,2011-07-31,2011,7,0
MDV,2011-08-31,2011,8,0
MDV,2011-09-30,2011,9,0
MDV,2011-10-31,2011,10,0
MDV,2011-11-30,2011,11,0
MDV,2011-12-31,2011,12,0
MDV,2012-01-31,2012,1,0
MDV,2012-02-29,2012,2,0
MDV,2012-03-31,2012,3,0
MDV,2012-04-30,2012,4,0
MDV,2012-05-31,2012,5,0
MDV,2012-06-30,2012,6,0
MDV,2012-07-31,2012,7,0
MDV,2012-08-31,2012,8,0
MDV,2012-09-30,2012,9,0
MDV,2012-10-31,2012,10,0
MDV,2012-11-30,2012,11,0
MDV,2012-12-31,2012,12,0
MDV,2013-01-31,2013,1,0
MDV,2013-02-28,2013,2,0
MDV,2013-03-31,2013,3,0
MDV,2013-04-30,2013,4,0
MDV,2013-05-31,2013,5,0
MDV,2013-06-30,2013,6,0
MDV,2013-07-31,2013,7,0
MDV,2013-08-31,2013,8,0
MDV,2013-09-30,2013,9,0
MDV,2013-10-31,2013,10,0
MDV,2013-11-30,2013,11,0
MDV,2013-12-31,2013,12,0
MDV,2014-01-31,2014,1,0
MDV,2014-02-28,2014,2,0
MDV,2014-03-31,2014,3,0
MDV,2014-04-30,2014,4,0
MDV,2014-05-31,2014,5,0
MDV,2014-06-30,2014,6,0
MDV,2014-07-31,2014,7,0
MDV,2014-08-31,2014,8,0
MDV,2014-09-30,2014,9,0
MDV,2014-10-31,2014,10,0
MDV,2014-11-30,2014,11,0
MDV,2014-12-31,2014,12,0
MDV,2015-01-31,2015,1,0
MDV,2015-02-28,2015,2,0
MDV,2015-03-31,2015,3,0
MDV,2015-04-30,2015,4,0
MDV,2015-05-31,2015,5,0
MDV,2015-06-30,2015,6,0
MDV,2015-07-31,2015,7,0
MDV,2015-08-31,2015,8,0
MDV,2015-09-30,2015,9,0
MDV,2015-10-31,2015,10,0
MDV,2015-11-30,2015,11,0
MDV,2015-12-31,2015,12,0
MDV,2016-01-31,2016,1,0
MDV,2016-02-29,2016,2,0
MDV,2016-03-31,2016,3,0
MDV,2016-04-30,2016,4,0
MDV,2016-05-31,2016,5,0
MDV,2016-06-30,2016,6,0
MDV,2016-07-31,2016,7,0
MDV,2016-08-31,2016,8,0
MDV,2016-09-30,2016,9,0
MDV,2016-10-31,2016,10,0
MDV,2016-11-30,2016,11,0
MDV,2016-12-31,2016,12,0
MEX,1990-01-31,1990,1,0
MEX,1990-02-28,1990,2,0
MEX,1990-03-31,1990,3,0
MEX,1990-04-30,1990,4,0
MEX,1990-05-31,1990,5,0
MEX,1990-06-30,1990,6,0
MEX,1990-07-31,1990,7,0
MEX,1990-08-31,1990,8,0
MEX,1990-09-30,1990,9,0
MEX,1990-10-31,1990,10,0
MEX,1990-11-30,1990,11,0
MEX,1990-12-31,1990,12,0
MEX,1991-01-31,1991,1,0
MEX,1991-02-28,1991,2,0
MEX,1991-03-31,1991,3,0
MEX,1991-04-30,1991,4,0
MEX,1991-05-31,1991,5,0
MEX,1991-06-30,1991,6,0
MEX,1991-07-31,1991,7,0
MEX,1991-08-31,1991,8,0
MEX,1991-09-30,1991,9,0
MEX,1991-10-31,1991,10,0
MEX,1991-11-30,1991,11,0
MEX,1991-12-31,1991,12,0
MEX,1992-01-31,1992,1,0
MEX,1992-02-29,1992,2,0
MEX,1992-03-31,1992,3,0
MEX,1992-04-30,1992,4,0
MEX,1992-05-31,1992,5,0
MEX,1992-06-30,1992,6,0
MEX,1992-07-31,1992,7,0
MEX,1992-08-31,1992,8,0
MEX,1992-09-30,1992,9,0
MEX,1992-10-31,1992,10,0
MEX,1992-11-30,1992,11,0
MEX,1992-12-31,1992,12,0
MEX,1993-01-31,1993,1,0
MEX,1993-02-28,1993,2,0
MEX,1993-03-31,1993,3,0
MEX,1993-04-30,1993,4,0
MEX,1993-05-31,1993,5,0
MEX,1993-06-30,1993,6,0
MEX,1993-07-31,1993,7,0
MEX,1993-08-31,1993,8,0
MEX,1993-09-30,1993,9,0
MEX,1993-10-31,1993,10,0
MEX,1993-11-30,1993,11,0
MEX,1993-12-31,1993,12,0
MEX,1994-01-31,1994,1,1
MEX,1994-02-28,1994,2,1
MEX,1994-03-31,1994,3,1
MEX,1994-04-30,1994,4,1
MEX,1994-05-31,1994,5,1
MEX,1994-06-30,1994,6,1
MEX,1994-07-31,1994,7,1
MEX,1994-08-31,1994,8,1
MEX,1994-09-30,1994,9,1
MEX,1994-10-31,1994,10,1
MEX,1994-11-30,1994,11,1
MEX,1994-12-31,1994,12,1
MEX,1995-01-31,1995,1,0
MEX,1995-02-28,1995,2,0
MEX,1995-03-31,1995,3,0
MEX,1995-04-30,1995,4,0
MEX,1995-05-31,1995,5,0
MEX,1995-06-30,1995,6,0
MEX,1995-07-31,1995,7,0
MEX,1995-08-31,1995,8,0
MEX,1995-09-30,1995,9,0
MEX,1995-10-31,1995,10,0
MEX,1995-11-30,1995,11,0
MEX,1995-12-31,1995,12,0
MEX,1996-01-31,1996,1,0
MEX,1996-02-29,1996,2,0
MEX,1996-03-31,1996,3,0
MEX,1996-04-30,1996,4,0
MEX,1996-05-31,1996,5,0
MEX,1996-06-30,1996,6,0
MEX,1996-07-31,1996,7,0
MEX,1996-08-31,1996,8,0
MEX,1996-09-30,1996,9,0
MEX,1996-10-31,1996,10,0
MEX,1996-11-30,1996,11,0
MEX,1996-12-31,1996,12,0
MEX,1997-01-31,1997,1,0
MEX,1997-02-28,1997,2,0
MEX,1997-03-31,1997,3,0
MEX,1997-04-30,1997,4,0
MEX,1997-05-31,1997,5,0
MEX,1997-06-30,1997,6,0
MEX,1997-07-31,1997,7,0
MEX,1997-08-31,1997,8,0
MEX,1997-09-30,1997,9,0
MEX,1997-10-31,1997,10,0
MEX,1997-11-30,1997,11,0
MEX,1997-12-31,1997,12,0
MEX,1998-01-31,1998,1,0
MEX,1998-02-28,1998,2,0
MEX,1998-03-31,1998,3,0
MEX,1998-04-30,1998,4,0
MEX,1998-05-31,1998,5,0
MEX,1998-06-30,1998,6,0
MEX,1998-07-31,1998,7,0
MEX,1998-08-31,1998,8,0
MEX,1998-09-30,1998,9,0
MEX,1998-10-31,1998,10,0
MEX,1998-11-30,1998,11,0
MEX,1998-12-31,1998,12,0
MEX,1999-01-31,1999,1,0
MEX,1999-02-28,1999,2,0
MEX,1999-03-31,1999,3,0
MEX,1999-04-30,1999,4,0
MEX,1999-05-31,1999,5,0
MEX,1999-06-30,1999,6,0
MEX,1999-07-31,1999,7,0
MEX,1999-08-31,1999,8,0
MEX,1999-09-30,1999,9,0
MEX,1999-10-31,1999,10,0
MEX,1999-11-30,1999,11,0
MEX,1999-12-31,1999,12,0
MEX,2000-01-31,2000,1,0
MEX,2000-02-29,2000,2,0
MEX,2000-03-31,2000,3,0
MEX,2000-04-30,2000,4,0
MEX,2000-05-31,2000,5,0
MEX,2000-06-30,2000,6,0
MEX,2000-07-31,2000,7,0
MEX,2000-08-31,2000,8,0
MEX,2000-09-30,2000,9,0
MEX,2000-10-31,2000,10,0
MEX,2000-11-30,2000,11,0
MEX,2000-12-31,2000,12,0
MEX,2001-01-31,2001,1,0
MEX,2001-02-28,2001,2,0
MEX,2001-03-31,2001,3,0
MEX,2001-04-30,2001,4,0
MEX,2001-05-31,2001,5,0
MEX,2001-06-30,2001,6,0
MEX,2001-07-31,2001,7,0
MEX,2001-08-31,2001,8,0
MEX,2001-09-30,2001,9,0
MEX,2001-10-31,2001,10,0
MEX,2001-11-30,2001,11,0
MEX,2001-12-31,2001,12,0
MEX,2002-01-31,2002,1,0
MEX,2002-02-28,2002,2,0
MEX,2002-03-31,2002,3,0
MEX,2002-04-30,2002,4,0
MEX,2002-05-31,2002,5,0
MEX,2002-06-30,2002,6,0
MEX,2002-07-31,2002,7,0
MEX,2002-08-31,2002,8,0
MEX,2002-09-30,2002,9,0
MEX,2002-10-31,2002,10,0
MEX,2002-11-30,2002,11,0
MEX,2002-12-31,2002,12,0
MEX,2003-01-31,2003,1,0
MEX,2003-02-28,2003,2,0
MEX,2003-03-31,2003,3,0
MEX,2003-04-30,2003,4,0
MEX,2003-05-31,2003,5,0
MEX,2003-06-30,2003,6,0
MEX,2003-07-31,2003,7,0
MEX,2003-08-31,2003,8,0
MEX,2003-09-30,2003,9,0
MEX,2003-10-31,2003,10,0
MEX,2003-11-30,2003,11,0
MEX,2003-12-31,2003,12,0
MEX,2004-01-31,2004,1,0
MEX,2004-02-29,2004,2,0
MEX,2004-03-31,2004,3,0
MEX,2004-04-30,2004,4,0
MEX,2004-05-31,2004,5,0
MEX,2004-06-30,2004,6,0
MEX,2004-07-31,2004,7,0
MEX,2004-08-31,2004,8,0
MEX,2004-09-30,2004,9,0
MEX,2004-10-31,2004,10,0
MEX,2004-11-30,2004,11,0
MEX,2004-12-31,2004,12,0
MEX,2005-01-31,2005,1,0
MEX,2005-02-28,2005,2,0
MEX,2005-03-31,2005,3,0
MEX,2005-04-30,2005,4,0
MEX,2005-05-31,2005,5,0
MEX,2005-06-30,2005,6,0
MEX,2005-07-31,2005,7,0
MEX,2005-08-31,2005,8,0
MEX,2005-09-30,2005,9,0
MEX,2005-10-31,2005,10,0
MEX,2005-11-30,2005,11,0
MEX,2005-12-31,2005,12,0
MEX,2006-01-31,2006,1,0
MEX,2006-02-28,2006,2,0
MEX,2006-03-31,2006,3,0
MEX,2006-04-30,2006,4,0
MEX,2006-05-31,2006,5,0
MEX,2006-06-30,2006,6,0
MEX,2006-07-31,2006,7,0
MEX,2006-08-31,2006,8,0
MEX,2006-09-30,2006,9,0
MEX,2006-10-31,2006,10,0
MEX,2006-11-30,2006,11,0
MEX,2006-12-31,2006,12,0
MEX,2007-01-31,2007,1,0
MEX,2007-02-28,2007,2,0
MEX,2007-03-31,2007,3,0
MEX,2007-04-30,2007,4,0
MEX,2007-05-31,2007,5,0
MEX,2007-06-30,2007,6,0
MEX,2007-07-31,2007,7,0
MEX,2007-08-31,2007,8,0
MEX,2007-09-30,2007,9,0
MEX,2007-10-31,2007,10,0
MEX,2007-11-30,2007,11,0
MEX,2007-12-31,2007,12,0
MEX,2008-01-31,2008,1,0
MEX,2008-02-29,2008,2,0
MEX,2008-03-31,2008,3,0
MEX,2008-04-30,2008,4,0
MEX,2008-05-31,2008,5,0
MEX,2008-06-30,2008,6,0
MEX,2008-07-31,2008,7,0
MEX,2008-08-31,2008,8,0
MEX,2008-09-30,2008,9,0
MEX,2008-10-31,2008,10,0
MEX,2008-11-30,2008,11,0
MEX,2008-12-31,2008,12,0
MEX,2009-01-31,2009,1,0
MEX,2009-02-28,2009,2,0
MEX,2009-03-31,2009,3,0
MEX,2009-04-30,2009,4,0
MEX,2009-05-31,2009,5,0
MEX,2009-06-30,2009,6,0
MEX,2009-07-31,2009,7,0
MEX,2009-08-31,2009,8,0
MEX,2009-09-30,2009,9,0
MEX,2009-10-31,2009,10,0
MEX,2009-11-30,2009,11,0
MEX,2009-12-31,2009,12,0
MEX,2010-01-31,2010,1,0
MEX,2010-02-28,2010,2,0
MEX,2010-03-31,2010,3,0
MEX,2010-04-30,2010,4,0
MEX,2010-05-31,2010,5,0
MEX,2010-06-30,2010,6,0
MEX,2010-07-31,2010,7,0
MEX,2010-08-31,2010,8,0
MEX,2010-09-30,2010,9,0
MEX,2010-10-31,2010,10,0
MEX,2010-11-30,2010,11,0
MEX,2010-12-31,2010,12,0
MEX,2011-01-31,2011,1,0
MEX,2011-02-28,2011,2,0
MEX,2011-03-31,2011,3,0
MEX,2011-04-30,2011,4,0
MEX,2011-05-31,2011,5,0
MEX,2011-06-30,2011,6,0
MEX,2011-07-31,2011,7,0
MEX,2011-08-31,2011,8,0
MEX,2011-09-30,2011,9,0
MEX,2011-10-31,2011,10,0
MEX,2011-11-30,2011,11,0
MEX,2011-12-31,2011,12,0
MEX,2012-01-31,2012,1,0
MEX,2012-02-29,2012,2,0
MEX,2012-03-31,2012,3,0
MEX,2012-04-30,2012,4,0
MEX,2012-05-31,2012,5,0
MEX,2012-06-30,2012,6,0
MEX,2012-07-31,2012,7,0
MEX,2012-08-31,2012,8,0
MEX,2012-09-30,2012,9,0
MEX,2012-10-31,2012,10,0
MEX,2012-11-30,2012,11,0
MEX,2012-12-31,2012,12,0
MEX,2013-01-31,2013,1,0
MEX,2013-02-28,2013,2,0
MEX,2013-03-31,2013,3,0
MEX,2013-04-30,2013,4,0
MEX,2013-05-31,2013,5,0
MEX,2013-06-30,2013,6,0
MEX,2013-07-31,2013,7,0
MEX,2013-08-31,2013,8,0
MEX,2013-09-30,2013,9,0
MEX,2013-10-31,2013,10,0
MEX,2013-11-30,2013,11,0
MEX,2013-12-31,2013,12,0
MEX,2014-01-31,2014,1,0
MEX,2014-02-28,2014,2,0
MEX,2014-03-31,2014,3,0
MEX,2014-04-30,2014,4,0
MEX,2014-05-31,2014,5,0
MEX,2014-06-30,2014,6,0
MEX,2014-07-31,2014,7,0
MEX,2014-08-31,2014,8,0
MEX,2014-09-30,2014,9,0
MEX,2014-10-31,2014,10,0
MEX,2014-11-30,2014,11,0
MEX,2014-12-31,2014,12,0
MEX,2015-01-31,2015,1,0
MEX,2015-02-28,2015,2,0
MEX,2015-03-31,2015,3,0
MEX,2015-04-30,2015,4,0
MEX,2015-05-31,2015,5,0
MEX,2015-06-30,2015,6,0
MEX,2015-07-31,2015,7,0
MEX,2015-08-31,2015,8,0
MEX,2015-09-30,2015,9,0
MEX,2015-10-31,2015,10,0
MEX,2015-11-30,2015,11,0
MEX,2015-12-31,2015,12,0
MEX,2016-01-31,2016,1,0
MEX,2016-02-29,2016,2,0
MEX,2016-03-31,2016,3,0
MEX,2016-04-30,2016,4,0
MEX,2016-05-31,2016,5,0
MEX,2016-06-30,2016,6,0
MEX,2016-07-31,2016,7,0
MEX,2016-08-31,2016,8,0
MEX,2016-09-30,2016,9,0
MEX,2016-10-31,2016,10,0
MEX,2016-11-30,2016,11,0
MEX,2016-12-31,2016,12,0
MLI,1990-01-31,1990,1,0
MLI,1990-02-28,1990,2,0
MLI,1990-03-31,1990,3,0
MLI,1990-04-30,1990,4,0
MLI,1990-05-31,1990,5,0
MLI,1990-06-30,1990,6,0
MLI,1990-07-31,1990,7,0
MLI,1990-08-31,1990,8,0
MLI,1990-09-30,1990,9,0
MLI,1990-10-31,1990,10,0
MLI,1990-11-30,1990,11,0
MLI,1990-12-31,1990,12,0
MLI,1991-01-31,1991,1,0
MLI,1991-02-28,1991,2,0
MLI,1991-03-31,1991,3,0
MLI,1991-04-30,1991,4,0
MLI,1991-05-31,1991,5,0
MLI,1991-06-30,1991,6,0
MLI,1991-07-31,1991,7,0
MLI,1991-08-31,1991,8,0
MLI,1991-09-30,1991,9,0
MLI,1991-10-31,1991,10,0
MLI,1991-11-30,1991,11,0
MLI,1991-12-31,1991,12,0
MLI,1992-01-31,1992,1,0
MLI,1992-02-29,1992,2,0
MLI,1992-03-31,1992,3,0
MLI,1992-04-30,1992,4,0
MLI,1992-05-31,1992,5,0
MLI,1992-06-30,1992,6,0
MLI,1992-07-31,1992,7,0
MLI,1992-08-31,1992,8,0
MLI,1992-09-30,1992,9,0
MLI,1992-10-31,1992,10,0
MLI,1992-11-30,1992,11,0
MLI,1992-12-31,1992,12,0
MLI,1993-01-31,1993,1,1
MLI,1993-02-28,1993,2,1
MLI,1993-03-31,1993,3,1
MLI,1993-04-30,1993,4,1
MLI,1993-05-31,1993,5,1
MLI,1993-06-30,1993,6,1
MLI,1993-07-31,1993,7,1
MLI,1993-08-31,1993,8,1
MLI,1993-09-30,1993,9,1
MLI,1993-10-31,1993,10,1
MLI,1993-11-30,1993,11,1
MLI,1993-12-31,1993,12,1
MLI,1994-01-31,1994,1,0
MLI,1994-02-28,1994,2,0
MLI,1994-03-31,1994,3,0
MLI,1994-04-30,1994,4,0
MLI,1994-05-31,1994,5,0
MLI,1994-06-30,1994,6,0
MLI,1994-07-31,1994,7,0
MLI,1994-08-31,1994,8,0
MLI,1994-09-30,1994,9,0
MLI,1994-10-31,1994,10,0
MLI,1994-11-30,1994,11,0
MLI,1994-12-31,1994,12,0
MLI,1995-01-31,1995,1,0
MLI,1995-02-28,1995,2,0
MLI,1995-03-31,1995,3,0
MLI,1995-04-30,1995,4,0
MLI,1995-05-31,1995,5,0
MLI,1995-06-30,1995,6,0
MLI,1995-07-31,1995,7,0
MLI,1995-08-31,1995,8,0
MLI,1995-09-30,1995,9,0
MLI,1995-10-31,1995,10,0
MLI,1995-11-30,1995,11,0
MLI,1995-12-31,1995,12,0
MLI,1996-01-31,1996,1,0
MLI,1996-02-29,1996,2,0
MLI,1996-03-31,1996,3,0
MLI,1996-04-30,1996,4,0
MLI,1996-05-31,1996,5,0
MLI,1996-06-30,1996,6,0
MLI,1996-07-31,1996,7,0
MLI,1996-08-31,1996,8,0
MLI,1996-09-30,1996,9,0
MLI,1996-10-31,1996,10,0
MLI,1996-11-30,1996,11,0
MLI,1996-12-31,1996,12,0
MLI,1997-01-31,1997,1,0
MLI,1997-02-28,1997,2,0
MLI,1997-03-31,1997,3,0
MLI,1997-04-30,1997,4,0
MLI,1997-05-31,1997,5,0
MLI,1997-06-30,1997,6,0
MLI,1997-07-31,1997,7,0
MLI,1997-08-31,1997,8,0
MLI,1997-09-30,1997,9,0
MLI,1997-10-31,1997,10,0
MLI,1997-11-30,1997,11,0
MLI,1997-12-31,1997,12,0
MLI,1998-01-31,1998,1,0
MLI,1998-02-28,1998,2,0
MLI,1998-03-31,1998,3,0
MLI,1998-04-30,1998,4,0
MLI,1998-05-31,1998,5,0
MLI,1998-06-30,1998,6,0
MLI,1998-07-31,1998,7,0
MLI,1998-08-31,1998,8,0
MLI,1998-09-30,1998,9,0
MLI,1998-10-31,1998,10,0
MLI,1998-11-30,1998,11,0
MLI,1998-12-31,1998,12,0
MLI,1999-01-31,1999,1,0
MLI,1999-02-28,1999,2,0
MLI,1999-03-31,1999,3,0
MLI,1999-04-30,1999,4,0
MLI,1999-05-31,1999,5,0
MLI,1999-06-30,1999,6,0
MLI,1999-07-31,1999,7,0
MLI,1999-08-31,1999,8,0
MLI,1999-09-30,1999,9,0
MLI,1999-10-31,1999,10,0
MLI,1999-11-30,1999,11,0
MLI,1999-12-31,1999,12,0
MLI,2000-01-31,2000,1,0
MLI,2000-02-29,2000,2,0
MLI,2000-03-31,2000,3,0
MLI,2000-04-30,2000,4,0
MLI,2000-05-31,2000,5,0
MLI,2000-06-30,2000,6,0
MLI,2000-07-31,2000,7,0
MLI,2000-08-31,2000,8,0
MLI,2000-09-30,2000,9,0
MLI,2000-10-31,2000,10,0
MLI,2000-11-30,2000,11,0
MLI,2000-12-31,2000,12,0
MLI,2001-01-31,2001,1,0
MLI,2001-02-28,2001,2,0
MLI,2001-03-31,2001,3,0
MLI,2001-04-30,2001,4,0
MLI,2001-05-31,2001,5,0
MLI,2001-06-30,2001,6,0
MLI,2001-07-31,2001,7,0
MLI,2001-08-31,2001,8,0
MLI,2001-09-30,2001,9,0
MLI,2001-10-31,2001,10,0
MLI,2001-11-30,2001,11,0
MLI,2001-12-31,2001,12,0
MLI,2002-01-31,2002,1,0
MLI,2002-02-28,2002,2,0
MLI,2002-03-31,2002,3,0
MLI,2002-04-30,2002,4,0
MLI,2002-05-31,2002,5,0
MLI,2002-06-30,2002,6,0
MLI,2002-07-31,2002,7,0
MLI,2002-08-31,2002,8,0
MLI,2002-09-30,2002,9,0
MLI,2002-10-31,2002,10,0
MLI,2002-11-30,2002,11,0
MLI,2002-12-31,2002,12,0
MLI,2003-01-31,2003,1,0
MLI,2003-02-28,2003,2,0
MLI,2003-03-31,2003,3,0
MLI,2003-04-30,2003,4,0
MLI,2003-05-31,2003,5,0
MLI,2003-06-30,2003,6,0
MLI,2003-07-31,2003,7,0
MLI,2003-08-31,2003,8,0
MLI,2003-09-30,2003,9,0
MLI,2003-10-31,2003,10,0
MLI,2003-11-30,2003,11,0
MLI,2003-12-31,2003,12,0
MLI,2004-01-31,2004,1,0
MLI,2004-02-29,2004,2,0
MLI,2004-03-31,2004,3,0
MLI,2004-04-30,2004,4,0
MLI,2004-05-31,2004,5,0
MLI,2004-06-30,2004,6,0
MLI,2004-07-31,2004,7,0
MLI,2004-08-31,2004,8,0
MLI,2004-09-30,2004,9,0
MLI,2004-10-31,2004,10,0
MLI,2004-11-30,2004,11,0
MLI,2004-12-31,2004,12,0
MLI,2005-01-31,2005,1,0
MLI,2005-02-28,2005,2,0
MLI,2005-03-31,2005,3,0
MLI,2005-04-30,2005,4,0
MLI,2005-05-31,2005,5,0
MLI,2005-06-30,2005,6,0
MLI,2005-07-31,2005,7,0
MLI,2005-08-31,2005,8,0
MLI,2005-09-30,2005,9,0
MLI,2005-10-31,2005,10,0
MLI,2005-11-30,2005,11,0
MLI,2005-12-31,2005,12,0
MLI,2006-01-31,2006,1,0
MLI,2006-02-28,2006,2,0
MLI,2006-03-31,2006,3,0
MLI,2006-04-30,2006,4,0
MLI,2006-05-31,2006,5,0
MLI,2006-06-30,2006,6,0
MLI,2006-07-31,2006,7,0
MLI,2006-08-31,2006,8,0
MLI,2006-09-30,2006,9,0
MLI,2006-10-31,2006,10,0
MLI,2006-11-30,2006,11,0
MLI,2006-12-31,2006,12,0
MLI,2007-01-31,2007,1,0
MLI,2007-02-28,2007,2,0
MLI,2007-03-31,2007,3,0
MLI,2007-04-30,2007,4,0
MLI,2007-05-31,2007,5,0
MLI,2007-06-30,2007,6,0
MLI,2007-07-31,2007,7,0
MLI,2007-08-31,2007,8,0
MLI,2007-09-30,2007,9,0
MLI,2007-10-31,2007,10,0
MLI,2007-11-30,2007,11,0
MLI,2007-12-31,2007,12,0
MLI,2008-01-31,2008,1,0
MLI,2008-02-29,2008,2,0
MLI,2008-03-31,2008,3,0
MLI,2008-04-30,2008,4,0
MLI,2008-05-31,2008,5,0
MLI,2008-06-30,2008,6,0
MLI,2008-07-31,2008,7,0
MLI,2008-08-31,2008,8,0
MLI,2008-09-30,2008,9,0
MLI,2008-10-31,2008,10,0
MLI,2008-11-30,2008,11,0
MLI,2008-12-31,2008,12,0
MLI,2009-01-31,2009,1,0
MLI,2009-02-28,2009,2,0
MLI,2009-03-31,2009,3,0
MLI,2009-04-30,2009,4,0
MLI,2009-05-31,2009,5,0
MLI,2009-06-30,2009,6,0
MLI,2009-07-31,2009,7,0
MLI,2009-08-31,2009,8,0
MLI,2009-09-30,2009,9,0
MLI,2009-10-31,2009,10,0
MLI,2009-11-30,2009,11,0
MLI,2009-12-31,2009,12,0
MLI,2010-01-31,2010,1,0
MLI,2010-02-28,2010,2,0
MLI,2010-03-31,2010,3,0
MLI,2010-04-30,2010,4,0
MLI,2010-05-31,2010,5,0
MLI,2010-06-30,2010,6,0
MLI,2010-07-31,2010,7,0
MLI,2010-08-31,2010,8,0
MLI,2010-09-30,2010,9,0
MLI,2010-10-31,2010,10,0
MLI,2010-11-30,2010,11,0
MLI,2010-12-31,2010,12,0
MLI,2011-01-31,2011,1,0
MLI,2011-02-28,2011,2,0
MLI,2011-03-31,2011,3,0
MLI,2011-04-30,2011,4,0
MLI,2011-05-31,2011,5,0
MLI,2011-06-30,2011,6,0
MLI,2011-07-31,2011,7,0
MLI,2011-08-31,2011,8,0
MLI,2011-09-30,2011,9,0
MLI,2011-10-31,2011,10,0
MLI,2011-11-30,2011,11,0
MLI,2011-12-31,2011,12,0
MLI,2012-01-31,2012,1,0
MLI,2012-02-29,2012,2,0
MLI,2012-03-31,2012,3,0
MLI,2012-04-30,2012,4,0
MLI,2012-05-31,2012,5,0
MLI,2012-06-30,2012,6,0
MLI,2012-07-31,2012,7,0
MLI,2012-08-31,2012,8,0
MLI,2012-09-30,2012,9,0
MLI,2012-10-31,2012,10,0
MLI,2012-11-30,2012,11,0
MLI,2012-12-31,2012,12,0
MLI,2013-01-31,2013,1,0
MLI,2013-02-28,2013,2,0
MLI,2013-03-31,2013,3,0
MLI,2013-04-30,2013,4,0
MLI,2013-05-31,2013,5,0
MLI,2013-06-30,2013,6,0
MLI,2013-07-31,2013,7,0
MLI,2013-08-31,2013,8,0
MLI,2013-09-30,2013,9,0
MLI,2013-10-31,2013,10,0
MLI,2013-11-30,2013,11,0
MLI,2013-12-31,2013,12,0
MLI,2014-01-31,2014,1,0
MLI,2014-02-28,2014,2,0
MLI,2014-03-31,2014,3,0
MLI,2014-04-30,2014,4,0
MLI,2014-05-31,2014,5,0
MLI,2014-06-30,2014,6,0
MLI,2014-07-31,2014,7,0
MLI,2014-08-31,2014,8,0
MLI,2014-09-30,2014,9,0
MLI,2014-10-31,2014,10,0
MLI,2014-11-30,2014,11,0
MLI,2014-12-31,2014,12,0
MLI,2015-01-31,2015,1,0
MLI,2015-02-28,2015,2,0
MLI,2015-03-31,2015,3,0
MLI,2015-04-30,2015,4,0
MLI,2015-05-31,2015,5,0
MLI,2015-06-30,2015,6,0
MLI,2015-07-31,2015,7,0
MLI,2015-08-31,2015,8,0
MLI,2015-09-30,2015,9,0
MLI,2015-10-31,2015,10,0
MLI,2015-11-30,2015,11,0
MLI,2015-12-31,2015,12,0
MLI,2016-01-31,2016,1,0
MLI,2016-02-29,2016,2,0
MLI,2016-03-31,2016,3,0
MLI,2016-04-30,2016,4,0
MLI,2016-05-31,2016,5,0
MLI,2016-06-30,2016,6,0
MLI,2016-07-31,2016,7,0
MLI,2016-08-31,2016,8,0
MLI,2016-09-30,2016,9,0
MLI,2016-10-31,2016,10,0
MLI,2016-11-30,2016,11,0
MLI,2016-12-31,2016,12,0
MMR,1990-01-31,1990,1,0
MMR,1990-02-28,1990,2,0
MMR,1990-03-31,1990,3,0
MMR,1990-04-30,1990,4,0
MMR,1990-05-31,1990,5,0
MMR,1990-06-30,1990,6,0
MMR,1990-07-31,1990,7,0
MMR,1990-08-31,1990,8,0
MMR,1990-09-30,1990,9,0
MMR,1990-10-31,1990,10,0
MMR,1990-11-30,1990,11,0
MMR,1990-12-31,1990,12,0
MMR,1991-01-31,1991,1,0
MMR,1991-02-28,1991,2,0
MMR,1991-03-31,1991,3,0
MMR,1991-04-30,1991,4,0
MMR,1991-05-31,1991,5,0
MMR,1991-06-30,1991,6,0
MMR,1991-07-31,1991,7,0
MMR,1991-08-31,1991,8,0
MMR,1991-09-30,1991,9,0
MMR,1991-10-31,1991,10,0
MMR,1991-11-30,1991,11,0
MMR,1991-12-31,1991,12,0
MMR,1992-01-31,1992,1,0
MMR,1992-02-29,1992,2,0
MMR,1992-03-31,1992,3,0
MMR,1992-04-30,1992,4,0
MMR,1992-05-31,1992,5,0
MMR,1992-06-30,1992,6,0
MMR,1992-07-31,1992,7,0
MMR,1992-08-31,1992,8,0
MMR,1992-09-30,1992,9,0
MMR,1992-10-31,1992,10,0
MMR,1992-11-30,1992,11,0
MMR,1992-12-31,1992,12,0
MMR,1993-01-31,1993,1,0
MMR,1993-02-28,1993,2,0
MMR,1993-03-31,1993,3,0
MMR,1993-04-30,1993,4,0
MMR,1993-05-31,1993,5,0
MMR,1993-06-30,1993,6,0
MMR,1993-07-31,1993,7,0
MMR,1993-08-31,1993,8,0
MMR,1993-09-30,1993,9,0
MMR,1993-10-31,1993,10,0
MMR,1993-11-30,1993,11,0
MMR,1993-12-31,1993,12,0
MMR,1994-01-31,1994,1,0
MMR,1994-02-28,1994,2,0
MMR,1994-03-31,1994,3,0
MMR,1994-04-30,1994,4,0
MMR,1994-05-31,1994,5,0
MMR,1994-06-30,1994,6,0
MMR,1994-07-31,1994,7,0
MMR,1994-08-31,1994,8,0
MMR,1994-09-30,1994,9,0
MMR,1994-10-31,1994,10,0
MMR,1994-11-30,1994,11,0
MMR,1994-12-31,1994,12,0
MMR,1995-01-31,1995,1,1
MMR,1995-02-28,1995,2,1
MMR,1995-03-31,1995,3,1
MMR,1995-04-30,1995,4,1
MMR,1995-05-31,1995,5,1
MMR,1995-06-30,1995,6,1
MMR,1995-07-31,1995,7,1
MMR,1995-08-31,1995,8,1
MMR,1995-09-30,1995,9,1
MMR,1995-10-31,1995,10,1
MMR,1995-11-30,1995,11,1
MMR,1995-12-31,1995,12,1
MMR,1996-01-31,1996,1,0
MMR,1996-02-29,1996,2,0
MMR,1996-03-31,1996,3,0
MMR,1996-04-30,1996,4,0
MMR,1996-05-31,1996,5,0
MMR,1996-06-30,1996,6,0
MMR,1996-07-31,1996,7,0
MMR,1996-08-31,1996,8,0
MMR,1996-09-30,1996,9,0
MMR,1996-10-31,1996,10,0
MMR,1996-11-30,1996,11,0
MMR,1996-12-31,1996,12,0
MMR,1997-01-31,1997,1,0
MMR,1997-02-28,1997,2,0
MMR,1997-03-31,1997,3,0
MMR,1997-04-30,1997,4,0
MMR,1997-05-31,1997,5,0
MMR,1997-06-30,1997,6,0
MMR,1997-07-31,1997,7,0
MMR,1997-08-31,1997,8,0
MMR,1997-09-30,1997,9,0
MMR,1997-10-31,1997,10,0
MMR,1997-11-30,1997,11,0
MMR,1997-12-31,1997,12,0
MMR,1998-01-31,1998,1,0
MMR,1998-02-28,1998,2,0
MMR,1998-03-31,1998,3,0
MMR,1998-04-30,1998,4,0
MMR,1998-05-31,1998,5,0
MMR,1998-06-30,1998,6,0
MMR,1998-07-31,1998,7,0
MMR,1998-08-31,1998,8,0
MMR,1998-09-30,1998,9,0
MMR,1998-10-31,1998,10,0
MMR,1998-11-30,1998,11,0
MMR,1998-12-31,1998,12,0
MMR,1999-01-31,1999,1,0
MMR,1999-02-28,1999,2,0
MMR,1999-03-31,1999,3,0
MMR,1999-04-30,1999,4,0
MMR,1999-05-31,1999,5,0
MMR,1999-06-30,1999,6,0
MMR,1999-07-31,1999,7,0
MMR,1999-08-31,1999,8,0
MMR,1999-09-30,1999,9,0
MMR,1999-10-31,1999,10,0
MMR,1999-11-30,1999,11,0
MMR,1999-12-31,1999,12,0
MMR,2000-01-31,2000,1,1
MMR,2000-02-29,2000,2,1
MMR,2000-03-31,2000,3,1
MMR,2000-04-30,2000,4,1
MMR,2000-05-31,2000,5,1
MMR,2000-06-30,2000,6,1
MMR,2000-07-31,2000,7,1
MMR,2000-08-31,2000,8,1
MMR,2000-09-30,2000,9,1
MMR,2000-10-31,2000,10,1
MMR,2000-11-30,2000,11,1
MMR,2000-12-31,2000,12,1
MMR,2001-01-31,2001,1,0
MMR,2001-02-28,2001,2,0
MMR,2001-03-31,2001,3,0
MMR,2001-04-30,2001,4,0
MMR,2001-05-31,2001,5,0
MMR,2001-06-30,2001,6,0
MMR,2001-07-31,2001,7,0
MMR,2001-08-31,2001,8,0
MMR,2001-09-30,2001,9,0
MMR,2001-10-31,2001,10,0
MMR,2001-11-30,2001,11,0
MMR,2001-12-31,2001,12,0
MMR,2002-01-31,2002,1,0
MMR,2002-02-28,2002,2,0
MMR,2002-03-31,2002,3,0
MMR,2002-04-30,2002,4,0
MMR,2002-05-31,2002,5,0
MMR,2002-06-30,2002,6,0
MMR,2002-07-31,2002,7,0
MMR,2002-08-31,2002,8,0
MMR,2002-09-30,2002,9,0
MMR,2002-10-31,2002,10,0
MMR,2002-11-30,2002,11,0
MMR,2002-12-31,2002,12,0
MMR,2003-01-31,2003,1,0
MMR,2003-02-28,2003,2,0
MMR,2003-03-31,2003,3,0
MMR,2003-04-30,2003,4,0
MMR,2003-05-31,2003,5,0
MMR,2003-06-30,2003,6,0
MMR,2003-07-31,2003,7,0
MMR,2003-08-31,2003,8,0
MMR,2003-09-30,2003,9,0
MMR,2003-10-31,2003,10,0
MMR,2003-11-30,2003,11,0
MMR,2003-12-31,2003,12,0
MMR,2004-01-31,2004,1,0
MMR,2004-02-29,2004,2,0
MMR,2004-03-31,2004,3,0
MMR,2004-04-30,2004,4,0
MMR,2004-05-31,2004,5,0
MMR,2004-06-30,2004,6,0
MMR,2004-07-31,2004,7,0
MMR,2004-08-31,2004,8,0
MMR,2004-09-30,2004,9,0
MMR,2004-10-31,2004,10,0
MMR,2004-11-30,2004,11,0
MMR,2004-12-31,2004,12,0
MMR,2005-01-31,2005,1,0
MMR,2005-02-28,2005,2,0
MMR,2005-03-31,2005,3,0
MMR,2005-04-30,2005,4,0
MMR,2005-05-31,2005,5,0
MMR,2005-06-30,2005,6,0
MMR,2005-07-31,2005,7,0
MMR,2005-08-31,2005,8,0
MMR,2005-09-30,2005,9,0
MMR,2005-10-31,2005,10,0
MMR,2005-11-30,2005,11,0
MMR,2005-12-31,2005,12,0
MMR,2006-01-31,2006,1,1
MMR,2006-02-28,2006,2,1
MMR,2006-03-31,2006,3,1
MMR,2006-04-30,2006,4,1
MMR,2006-05-31,2006,5,1
MMR,2006-06-30,2006,6,1
MMR,2006-07-31,2006,7,1
MMR,2006-08-31,2006,8,1
MMR,2006-09-30,2006,9,1
MMR,2006-10-31,2006,10,1
MMR,2006-11-30,2006,11,1
MMR,2006-12-31,2006,12,1
MMR,2007-01-31,2007,1,0
MMR,2007-02-28,2007,2,0
MMR,2007-03-31,2007,3,0
MMR,2007-04-30,2007,4,0
MMR,2007-05-31,2007,5,0
MMR,2007-06-30,2007,6,0
MMR,2007-07-31,2007,7,0
MMR,2007-08-31,2007,8,0
MMR,2007-09-30,2007,9,0
MMR,2007-10-31,2007,10,0
MMR,2007-11-30,2007,11,0
MMR,2007-12-31,2007,12,0
MMR,2008-01-31,2008,1,0
MMR,2008-02-29,2008,2,0
MMR,2008-03-31,2008,3,0
MMR,2008-04-30,2008,4,0
MMR,2008-05-31,2008,5,0
MMR,2008-06-30,2008,6,0
MMR,2008-07-31,2008,7,0
MMR,2008-08-31,2008,8,0
MMR,2008-09-30,2008,9,0
MMR,2008-10-31,2008,10,0
MMR,2008-11-30,2008,11,0
MMR,2008-12-31,2008,12,0
MMR,2009-01-31,2009,1,0
MMR,2009-02-28,2009,2,0
MMR,2009-03-31,2009,3,0
MMR,2009-04-30,2009,4,0
MMR,2009-05-31,2009,5,0
MMR,2009-06-30,2009,6,0
MMR,2009-07-31,2009,7,0
MMR,2009-08-31,2009,8,0
MMR,2009-09-30,2009,9,0
MMR,2009-10-31,2009,10,0
MMR,2009-11-30,2009,11,0
MMR,2009-12-31,2009,12,0
MMR,2010-01-31,2010,1,0
MMR,2010-02-28,2010,2,0
MMR,2010-03-31,2010,3,0
MMR,2010-04-30,2010,4,0
MMR,2010-05-31,2010,5,0
MMR,2010-06-30,2010,6,0
MMR,2010-07-31,2010,7,0
MMR,2010-08-31,2010,8,0
MMR,2010-09-30,2010,9,0
MMR,2010-10-31,2010,10,0
MMR,2010-11-30,2010,11,0
MMR,2010-12-31,2010,12,0
MMR,2011-01-31,2011,1,1
MMR,2011-02-28,2011,2,1
MMR,2011-03-31,2011,3,1
MMR,2011-04-30,2011,4,1
MMR,2011-05-31,2011,5,1
MMR,2011-06-30,2011,6,1
MMR,2011-07-31,2011,7,1
MMR,2011-08-31,2011,8,1
MMR,2011-09-30,2011,9,1
MMR,2011-10-31,2011,10,1
MMR,2011-11-30,2011,11,1
MMR,2011-12-31,2011,12,1
MMR,2012-01-31,2012,1,0
MMR,2012-02-29,2012,2,0
MMR,2012-03-31,2012,3,0
MMR,2012-04-30,2012,4,0
MMR,2012-05-31,2012,5,0
MMR,2012-06-30,2012,6,0
MMR,2012-07-31,2012,7,0
MMR,2012-08-31,2012,8,0
MMR,2012-09-30,2012,9,0
MMR,2012-10-31,2012,10,0
MMR,2012-11-30,2012,11,0
MMR,2012-12-31,2012,12,0
MMR,2013-01-31,2013,1,0
MMR,2013-02-28,2013,2,0
MMR,2013-03-31,2013,3,0
MMR,2013-04-30,2013,4,0
MMR,2013-05-31,2013,5,0
MMR,2013-06-30,2013,6,0
MMR,2013-07-31,2013,7,0
MMR,2013-08-31,2013,8,0
MMR,2013-09-30,2013,9,0
MMR,2013-10-31,2013,10,0
MMR,2013-11-30,2013,11,0
MMR,2013-12-31,2013,12,0
MMR,2014-01-31,2014,1,0
MMR,2014-02-28,2014,2,0
MMR,2014-03-31,2014,3,0
MMR,2014-04-30,2014,4,0
MMR,2014-05-31,2014,5,0
MMR,2014-06-30,2014,6,0
MMR,2014-07-31,2014,7,0
MMR,2014-08-31,2014,8,0
MMR,2014-09-30,2014,9,0
MMR,2014-10-31,2014,10,0
MMR,2014-11-30,2014,11,0
MMR,2014-12-31,2014,12,0
MMR,2015-01-31,2015,1,0
MMR,2015-02-28,2015,2,0
MMR,2015-03-31,2015,3,0
MMR,2015-04-30,2015,4,0
MMR,2015-05-31,2015,5,0
MMR,2015-06-30,2015,6,0
MMR,2015-07-31,2015,7,0
MMR,2015-08-31,2015,8,0
MMR,2015-09-30,2015,9,0
MMR,2015-10-31,2015,10,0
MMR,2015-11-30,2015,11,0
MMR,2015-12-31,2015,12,0
MMR,2016-01-31,2016,1,0
MMR,2016-02-29,2016,2,0
MMR,2016-03-31,2016,3,0
MMR,2016-04-30,2016,4,0
MMR,2016-05-31,2016,5,0
MMR,2016-06-30,2016,6,0
MMR,2016-07-31,2016,7,0
MMR,2016-08-31,2016,8,0
MMR,2016-09-30,2016,9,0
MMR,2016-10-31,2016,10,0
MMR,2016-11-30,2016,11,0
MMR,2016-12-31,2016,12,0
MNG,1990-07-31,1990,7,0
MNG,1990-08-31,1990,8,0
MNG,1990-09-30,1990,9,0
MNG,1990-10-31,1990,10,0
MNG,1990-11-30,1990,11,0
MNG,1990-12-31,1990,12,0
MNG,1991-01-31,1991,1,0
MNG,1991-02-28,1991,2,0
MNG,1991-03-31,1991,3,0
MNG,1991-04-30,1991,4,0
MNG,1991-05-31,1991,5,0
MNG,1991-06-30,1991,6,0
MNG,1991-07-31,1991,7,0
MNG,1991-08-31,1991,8,0
MNG,1991-09-30,1991,9,0
MNG,1991-10-31,1991,10,0
MNG,1991-11-30,1991,11,0
MNG,1991-12-31,1991,12,0
MNG,1992-01-31,1992,1,0
MNG,1992-02-29,1992,2,0
MNG,1992-03-31,1992,3,0
MNG,1992-04-30,1992,4,0
MNG,1992-05-31,1992,5,0
MNG,1992-06-30,1992,6,0
MNG,1992-07-31,1992,7,0
MNG,1992-08-31,1992,8,0
MNG,1992-09-30,1992,9,0
MNG,1992-10-31,1992,10,0
MNG,1992-11-30,1992,11,0
MNG,1992-12-31,1992,12,0
MNG,1993-01-31,1993,1,0
MNG,1993-02-28,1993,2,0
MNG,1993-03-31,1993,3,0
MNG,1993-04-30,1993,4,0
MNG,1993-05-31,1993,5,0
MNG,1993-06-30,1993,6,0
MNG,1993-07-31,1993,7,0
MNG,1993-08-31,1993,8,0
MNG,1993-09-30,1993,9,0
MNG,1993-10-31,1993,10,0
MNG,1993-11-30,1993,11,0
MNG,1993-12-31,1993,12,0
MNG,1994-01-31,1994,1,0
MNG,1994-02-28,1994,2,0
MNG,1994-03-31,1994,3,0
MNG,1994-04-30,1994,4,0
MNG,1994-05-31,1994,5,0
MNG,1994-06-30,1994,6,0
MNG,1994-07-31,1994,7,0
MNG,1994-08-31,1994,8,0
MNG,1994-09-30,1994,9,0
MNG,1994-10-31,1994,10,0
MNG,1994-11-30,1994,11,0
MNG,1994-12-31,1994,12,0
MNG,1995-01-31,1995,1,0
MNG,1995-02-28,1995,2,0
MNG,1995-03-31,1995,3,0
MNG,1995-04-30,1995,4,0
MNG,1995-05-31,1995,5,0
MNG,1995-06-30,1995,6,0
MNG,1995-07-31,1995,7,0
MNG,1995-08-31,1995,8,0
MNG,1995-09-30,1995,9,0
MNG,1995-10-31,1995,10,0
MNG,1995-11-30,1995,11,0
MNG,1995-12-31,1995,12,0
MNG,1996-01-31,1996,1,1
MNG,1996-02-29,1996,2,1
MNG,1996-03-31,1996,3,1
MNG,1996-04-30,1996,4,1
MNG,1996-05-31,1996,5,1
MNG,1996-06-30,1996,6,1
MNG,1996-07-31,1996,7,1
MNG,1996-08-31,1996,8,1
MNG,1996-09-30,1996,9,1
MNG,1996-10-31,1996,10,1
MNG,1996-11-30,1996,11,1
MNG,1996-12-31,1996,12,1
MNG,1997-01-31,1997,1,0
MNG,1997-02-28,1997,2,0
MNG,1997-03-31,1997,3,0
MNG,1997-04-30,1997,4,0
MNG,1997-05-31,1997,5,0
MNG,1997-06-30,1997,6,0
MNG,1997-07-31,1997,7,0
MNG,1997-08-31,1997,8,0
MNG,1997-09-30,1997,9,0
MNG,1997-10-31,1997,10,0
MNG,1997-11-30,1997,11,0
MNG,1997-12-31,1997,12,0
MNG,1998-01-31,1998,1,0
MNG,1998-02-28,1998,2,0
MNG,1998-03-31,1998,3,0
MNG,1998-04-30,1998,4,0
MNG,1998-05-31,1998,5,0
MNG,1998-06-30,1998,6,0
MNG,1998-07-31,1998,7,0
MNG,1998-08-31,1998,8,0
MNG,1998-09-30,1998,9,0
MNG,1998-10-31,1998,10,0
MNG,1998-11-30,1998,11,0
MNG,1998-12-31,1998,12,0
MNG,1999-01-31,1999,1,0
MNG,1999-02-28,1999,2,0
MNG,1999-03-31,1999,3,0
MNG,1999-04-30,1999,4,0
MNG,1999-05-31,1999,5,0
MNG,1999-06-30,1999,6,0
MNG,1999-07-31,1999,7,0
MNG,1999-08-31,1999,8,0
MNG,1999-09-30,1999,9,0
MNG,1999-10-31,1999,10,0
MNG,1999-11-30,1999,11,0
MNG,1999-12-31,1999,12,0
MNG,2000-01-31,2000,1,0
MNG,2000-02-29,2000,2,0
MNG,2000-03-31,2000,3,0
MNG,2000-04-30,2000,4,0
MNG,2000-05-31,2000,5,0
MNG,2000-06-30,2000,6,0
MNG,2000-07-31,2000,7,0
MNG,2000-08-31,2000,8,0
MNG,2000-09-30,2000,9,0
MNG,2000-10-31,2000,10,0
MNG,2000-11-30,2000,11,0
MNG,2000-12-31,2000,12,0
MNG,2001-01-31,2001,1,0
MNG,2001-02-28,2001,2,0
MNG,2001-03-31,2001,3,0
MNG,2001-04-30,2001,4,0
MNG,2001-05-31,2001,5,0
MNG,2001-06-30,2001,6,0
MNG,2001-07-31,2001,7,0
MNG,2001-08-31,2001,8,0
MNG,2001-09-30,2001,9,0
MNG,2001-10-31,2001,10,0
MNG,2001-11-30,2001,11,0
MNG,2001-12-31,2001,12,0
MNG,2002-01-31,2002,1,0
MNG,2002-02-28,2002,2,0
MNG,2002-03-31,2002,3,0
MNG,2002-04-30,2002,4,0
MNG,2002-05-31,2002,5,0
MNG,2002-06-30,2002,6,0
MNG,2002-07-31,2002,7,0
MNG,2002-08-31,2002,8,0
MNG,2002-09-30,2002,9,0
MNG,2002-10-31,2002,10,0
MNG,2002-11-30,2002,11,0
MNG,2002-12-31,2002,12,0
MNG,2003-01-31,2003,1,0
MNG,2003-02-28,2003,2,0
MNG,2003-03-31,2003,3,0
MNG,2003-04-30,2003,4,0
MNG,2003-05-31,2003,5,0
MNG,2003-06-30,2003,6,0
MNG,2003-07-31,2003,7,0
MNG,2003-08-31,2003,8,0
MNG,2003-09-30,2003,9,0
MNG,2003-10-31,2003,10,0
MNG,2003-11-30,2003,11,0
MNG,2003-12-31,2003,12,0
MNG,2004-01-31,2004,1,0
MNG,2004-02-29,2004,2,0
MNG,2004-03-31,2004,3,0
MNG,2004-04-30,2004,4,0
MNG,2004-05-31,2004,5,0
MNG,2004-06-30,2004,6,0
MNG,2004-07-31,2004,7,0
MNG,2004-08-31,2004,8,0
MNG,2004-09-30,2004,9,0
MNG,2004-10-31,2004,10,0
MNG,2004-11-30,2004,11,0
MNG,2004-12-31,2004,12,0
MNG,2005-01-31,2005,1,0
MNG,2005-02-28,2005,2,0
MNG,2005-03-31,2005,3,0
MNG,2005-04-30,2005,4,0
MNG,2005-05-31,2005,5,0
MNG,2005-06-30,2005,6,0
MNG,2005-07-31,2005,7,0
MNG,2005-08-31,2005,8,0
MNG,2005-09-30,2005,9,0
MNG,2005-10-31,2005,10,0
MNG,2005-11-30,2005,11,0
MNG,2005-12-31,2005,12,0
MNG,2006-01-31,2006,1,0
MNG,2006-02-28,2006,2,0
MNG,2006-03-31,2006,3,0
MNG,2006-04-30,2006,4,0
MNG,2006-05-31,2006,5,0
MNG,2006-06-30,2006,6,0
MNG,2006-07-31,2006,7,0
MNG,2006-08-31,2006,8,0
MNG,2006-09-30,2006,9,0
MNG,2006-10-31,2006,10,0
MNG,2006-11-30,2006,11,0
MNG,2006-12-31,2006,12,0
MNG,2007-01-31,2007,1,0
MNG,2007-02-28,2007,2,0
MNG,2007-03-31,2007,3,0
MNG,2007-04-30,2007,4,0
MNG,2007-05-31,2007,5,0
MNG,2007-06-30,2007,6,0
MNG,2007-07-31,2007,7,0
MNG,2007-08-31,2007,8,0
MNG,2007-09-30,2007,9,0
MNG,2007-10-31,2007,10,0
MNG,2007-11-30,2007,11,0
MNG,2007-12-31,2007,12,0
MNG,2008-01-31,2008,1,0
MNG,2008-02-29,2008,2,0
MNG,2008-03-31,2008,3,0
MNG,2008-04-30,2008,4,0
MNG,2008-05-31,2008,5,0
MNG,2008-06-30,2008,6,0
MNG,2008-07-31,2008,7,0
MNG,2008-08-31,2008,8,0
MNG,2008-09-30,2008,9,0
MNG,2008-10-31,2008,10,0
MNG,2008-11-30,2008,11,0
MNG,2008-12-31,2008,12,0
MNG,2009-01-31,2009,1,0
MNG,2009-02-28,2009,2,0
MNG,2009-03-31,2009,3,0
MNG,2009-04-30,2009,4,0
MNG,2009-05-31,2009,5,0
MNG,2009-06-30,2009,6,0
MNG,2009-07-31,2009,7,0
MNG,2009-08-31,2009,8,0
MNG,2009-09-30,2009,9,0
MNG,2009-10-31,2009,10,0
MNG,2009-11-30,2009,11,0
MNG,2009-12-31,2009,12,0
MNG,2010-01-31,2010,1,0
MNG,2010-02-28,2010,2,0
MNG,2010-03-31,2010,3,0
MNG,2010-04-30,2010,4,0
MNG,2010-05-31,2010,5,0
MNG,2010-06-30,2010,6,0
MNG,2010-07-31,2010,7,0
MNG,2010-08-31,2010,8,0
MNG,2010-09-30,2010,9,0
MNG,2010-10-31,2010,10,0
MNG,2010-11-30,2010,11,0
MNG,2010-12-31,2010,12,0
MNG,2011-01-31,2011,1,0
MNG,2011-02-28,2011,2,0
MNG,2011-03-31,2011,3,0
MNG,2011-04-30,2011,4,0
MNG,2011-05-31,2011,5,0
MNG,2011-06-30,2011,6,0
MNG,2011-07-31,2011,7,0
MNG,2011-08-31,2011,8,0
MNG,2011-09-30,2011,9,0
MNG,2011-10-31,2011,10,0
MNG,2011-11-30,2011,11,0
MNG,2011-12-31,2011,12,0
MNG,2012-01-31,2012,1,0
MNG,2012-02-29,2012,2,0
MNG,2012-03-31,2012,3,0
MNG,2012-04-30,2012,4,0
MNG,2012-05-31,2012,5,0
MNG,2012-06-30,2012,6,0
MNG,2012-07-31,2012,7,0
MNG,2012-08-31,2012,8,0
MNG,2012-09-30,2012,9,0
MNG,2012-10-31,2012,10,0
MNG,2012-11-30,2012,11,0
MNG,2012-12-31,2012,12,0
MNG,2013-01-31,2013,1,0
MNG,2013-02-28,2013,2,0
MNG,2013-03-31,2013,3,0
MNG,2013-04-30,2013,4,0
MNG,2013-05-31,2013,5,0
MNG,2013-06-30,2013,6,0
MNG,2013-07-31,2013,7,0
MNG,2013-08-31,2013,8,0
MNG,2013-09-30,2013,9,0
MNG,2013-10-31,2013,10,0
MNG,2013-11-30,2013,11,0
MNG,2013-12-31,2013,12,0
MNG,2014-01-31,2014,1,0
MNG,2014-02-28,2014,2,0
MNG,2014-03-31,2014,3,0
MNG,2014-04-30,2014,4,0
MNG,2014-05-31,2014,5,0
MNG,2014-06-30,2014,6,0
MNG,2014-07-31,2014,7,0
MNG,2014-08-31,2014,8,0
MNG,2014-09-30,2014,9,0
MNG,2014-10-31,2014,10,0
MNG,2014-11-30,2014,11,0
MNG,2014-12-31,2014,12,0
MNG,2015-01-31,2015,1,0
MNG,2015-02-28,2015,2,0
MNG,2015-03-31,2015,3,0
MNG,2015-04-30,2015,4,0
MNG,2015-05-31,2015,5,0
MNG,2015-06-30,2015,6,0
MNG,2015-07-31,2015,7,0
MNG,2015-08-31,2015,8,0
MNG,2015-09-30,2015,9,0
MNG,2015-10-31,2015,10,0
MNG,2015-11-30,2015,11,0
MNG,2015-12-31,2015,12,0
MNG,2016-01-31,2016,1,0
MNG,2016-02-29,2016,2,0
MNG,2016-03-31,2016,3,0
MNG,2016-04-30,2016,4,0
MNG,2016-05-31,2016,5,0
MNG,2016-06-30,2016,6,0
MNG,2016-07-31,2016,7,0
MNG,2016-08-31,2016,8,0
MNG,2016-09-30,2016,9,0
MNG,2016-10-31,2016,10,0
MNG,2016-11-30,2016,11,0
MNG,2016-12-31,2016,12,0
MOZ,1990-01-31,1990,1,0
MOZ,1990-02-28,1990,2,0
MOZ,1990-03-31,1990,3,0
MOZ,1990-04-30,1990,4,0
MOZ,1990-05-31,1990,5,0
MOZ,1990-06-30,1990,6,0
MOZ,1990-07-31,1990,7,0
MOZ,1990-08-31,1990,8,0
MOZ,1990-09-30,1990,9,0
MOZ,1990-10-31,1990,10,0
MOZ,1990-11-30,1990,11,0
MOZ,1990-12-31,1990,12,0
MOZ,1991-01-31,1991,1,0
MOZ,1991-02-28,1991,2,0
MOZ,1991-03-31,1991,3,0
MOZ,1991-04-30,1991,4,0
MOZ,1991-05-31,1991,5,0
MOZ,1991-06-30,1991,6,0
MOZ,1991-07-31,1991,7,0
MOZ,1991-08-31,1991,8,0
MOZ,1991-09-30,1991,9,0
MOZ,1991-10-31,1991,10,0
MOZ,1991-11-30,1991,11,0
MOZ,1991-12-31,1991,12,0
MOZ,1992-01-31,1992,1,0
MOZ,1992-02-29,1992,2,0
MOZ,1992-03-31,1992,3,0
MOZ,1992-04-30,1992,4,0
MOZ,1992-05-31,1992,5,0
MOZ,1992-06-30,1992,6,0
MOZ,1992-07-31,1992,7,0
MOZ,1992-08-31,1992,8,0
MOZ,1992-09-30,1992,9,0
MOZ,1992-10-31,1992,10,0
MOZ,1992-11-30,1992,11,0
MOZ,1992-12-31,1992,12,0
MOZ,1993-01-31,1993,1,0
MOZ,1993-02-28,1993,2,0
MOZ,1993-03-31,1993,3,0
MOZ,1993-04-30,1993,4,0
MOZ,1993-05-31,1993,5,0
MOZ,1993-06-30,1993,6,0
MOZ,1993-07-31,1993,7,0
MOZ,1993-08-31,1993,8,0
MOZ,1993-09-30,1993,9,0
MOZ,1993-10-31,1993,10,0
MOZ,1993-11-30,1993,11,0
MOZ,1993-12-31,1993,12,0
MOZ,1994-01-31,1994,1,0
MOZ,1994-02-28,1994,2,0
MOZ,1994-03-31,1994,3,0
MOZ,1994-04-30,1994,4,0
MOZ,1994-05-31,1994,5,0
MOZ,1994-06-30,1994,6,0
MOZ,1994-07-31,1994,7,0
MOZ,1994-08-31,1994,8,0
MOZ,1994-09-30,1994,9,0
MOZ,1994-10-31,1994,10,0
MOZ,1994-11-30,1994,11,0
MOZ,1994-12-31,1994,12,0
MOZ,1995-01-31,1995,1,0
MOZ,1995-02-28,1995,2,0
MOZ,1995-03-31,1995,3,0
MOZ,1995-04-30,1995,4,0
MOZ,1995-05-31,1995,5,0
MOZ,1995-06-30,1995,6,0
MOZ,1995-07-31,1995,7,0
MOZ,1995-08-31,1995,8,0
MOZ,1995-09-30,1995,9,0
MOZ,1995-10-31,1995,10,0
MOZ,1995-11-30,1995,11,0
MOZ,1995-12-31,1995,12,0
MOZ,1996-01-31,1996,1,0
MOZ,1996-02-29,1996,2,0
MOZ,1996-03-31,1996,3,0
MOZ,1996-04-30,1996,4,0
MOZ,1996-05-31,1996,5,0
MOZ,1996-06-30,1996,6,0
MOZ,1996-07-31,1996,7,0
MOZ,1996-08-31,1996,8,0
MOZ,1996-09-30,1996,9,0
MOZ,1996-10-31,1996,10,0
MOZ,1996-11-30,1996,11,0
MOZ,1996-12-31,1996,12,0
MOZ,1997-01-31,1997,1,0
MOZ,1997-02-28,1997,2,0
MOZ,1997-03-31,1997,3,0
MOZ,1997-04-30,1997,4,0
MOZ,1997-05-31,1997,5,0
MOZ,1997-06-30,1997,6,0
MOZ,1997-07-31,1997,7,0
MOZ,1997-08-31,1997,8,0
MOZ,1997-09-30,1997,9,0
MOZ,1997-10-31,1997,10,0
MOZ,1997-11-30,1997,11,0
MOZ,1997-12-31,1997,12,0
MOZ,1998-01-31,1998,1,0
MOZ,1998-02-28,1998,2,0
MOZ,1998-03-31,1998,3,0
MOZ,1998-04-30,1998,4,0
MOZ,1998-05-31,1998,5,0
MOZ,1998-06-30,1998,6,0
MOZ,1998-07-31,1998,7,0
MOZ,1998-08-31,1998,8,0
MOZ,1998-09-30,1998,9,0
MOZ,1998-10-31,1998,10,0
MOZ,1998-11-30,1998,11,0
MOZ,1998-12-31,1998,12,0
MOZ,1999-01-31,1999,1,0
MOZ,1999-02-28,1999,2,0
MOZ,1999-03-31,1999,3,0
MOZ,1999-04-30,1999,4,0
MOZ,1999-05-31,1999,5,0
MOZ,1999-06-30,1999,6,0
MOZ,1999-07-31,1999,7,0
MOZ,1999-08-31,1999,8,0
MOZ,1999-09-30,1999,9,0
MOZ,1999-10-31,1999,10,0
MOZ,1999-11-30,1999,11,0
MOZ,1999-12-31,1999,12,0
MOZ,2000-01-31,2000,1,0
MOZ,2000-02-29,2000,2,0
MOZ,2000-03-31,2000,3,0
MOZ,2000-04-30,2000,4,0
MOZ,2000-05-31,2000,5,0
MOZ,2000-06-30,2000,6,0
MOZ,2000-07-31,2000,7,0
MOZ,2000-08-31,2000,8,0
MOZ,2000-09-30,2000,9,0
MOZ,2000-10-31,2000,10,0
MOZ,2000-11-30,2000,11,0
MOZ,2000-12-31,2000,12,0
MOZ,2001-01-31,2001,1,0
MOZ,2001-02-28,2001,2,0
MOZ,2001-03-31,2001,3,0
MOZ,2001-04-30,2001,4,0
MOZ,2001-05-31,2001,5,0
MOZ,2001-06-30,2001,6,0
MOZ,2001-07-31,2001,7,0
MOZ,2001-08-31,2001,8,0
MOZ,2001-09-30,2001,9,0
MOZ,2001-10-31,2001,10,0
MOZ,2001-11-30,2001,11,0
MOZ,2001-12-31,2001,12,0
MOZ,2002-01-31,2002,1,0
MOZ,2002-02-28,2002,2,0
MOZ,2002-03-31,2002,3,0
MOZ,2002-04-30,2002,4,0
MOZ,2002-05-31,2002,5,0
MOZ,2002-06-30,2002,6,0
MOZ,2002-07-31,2002,7,0
MOZ,2002-08-31,2002,8,0
MOZ,2002-09-30,2002,9,0
MOZ,2002-10-31,2002,10,0
MOZ,2002-11-30,2002,11,0
MOZ,2002-12-31,2002,12,0
MOZ,2003-01-31,2003,1,0
MOZ,2003-02-28,2003,2,0
MOZ,2003-03-31,2003,3,0
MOZ,2003-04-30,2003,4,0
MOZ,2003-05-31,2003,5,0
MOZ,2003-06-30,2003,6,0
MOZ,2003-07-31,2003,7,0
MOZ,2003-08-31,2003,8,0
MOZ,2003-09-30,2003,9,0
MOZ,2003-10-31,2003,10,0
MOZ,2003-11-30,2003,11,0
MOZ,2003-12-31,2003,12,0
MOZ,2004-01-31,2004,1,0
MOZ,2004-02-29,2004,2,0
MOZ,2004-03-31,2004,3,0
MOZ,2004-04-30,2004,4,0
MOZ,2004-05-31,2004,5,0
MOZ,2004-06-30,2004,6,0
MOZ,2004-07-31,2004,7,0
MOZ,2004-08-31,2004,8,0
MOZ,2004-09-30,2004,9,0
MOZ,2004-10-31,2004,10,0
MOZ,2004-11-30,2004,11,0
MOZ,2004-12-31,2004,12,0
MOZ,2005-01-31,2005,1,0
MOZ,2005-02-28,2005,2,0
MOZ,2005-03-31,2005,3,0
MOZ,2005-04-30,2005,4,0
MOZ,2005-05-31,2005,5,0
MOZ,2005-06-30,2005,6,0
MOZ,2005-07-31,2005,7,0
MOZ,2005-08-31,2005,8,0
MOZ,2005-09-30,2005,9,0
MOZ,2005-10-31,2005,10,0
MOZ,2005-11-30,2005,11,0
MOZ,2005-12-31,2005,12,0
MOZ,2006-01-31,2006,1,0
MOZ,2006-02-28,2006,2,0
MOZ,2006-03-31,2006,3,0
MOZ,2006-04-30,2006,4,0
MOZ,2006-05-31,2006,5,0
MOZ,2006-06-30,2006,6,0
MOZ,2006-07-31,2006,7,0
MOZ,2006-08-31,2006,8,0
MOZ,2006-09-30,2006,9,0
MOZ,2006-10-31,2006,10,0
MOZ,2006-11-30,2006,11,0
MOZ,2006-12-31,2006,12,0
MOZ,2007-01-31,2007,1,0
MOZ,2007-02-28,2007,2,0
MOZ,2007-03-31,2007,3,0
MOZ,2007-04-30,2007,4,0
MOZ,2007-05-31,2007,5,0
MOZ,2007-06-30,2007,6,0
MOZ,2007-07-31,2007,7,0
MOZ,2007-08-31,2007,8,0
MOZ,2007-09-30,2007,9,0
MOZ,2007-10-31,2007,10,0
MOZ,2007-11-30,2007,11,0
MOZ,2007-12-31,2007,12,0
MOZ,2008-01-31,2008,1,0
MOZ,2008-02-29,2008,2,0
MOZ,2008-03-31,2008,3,0
MOZ,2008-04-30,2008,4,0
MOZ,2008-05-31,2008,5,0
MOZ,2008-06-30,2008,6,0
MOZ,2008-07-31,2008,7,0
MOZ,2008-08-31,2008,8,0
MOZ,2008-09-30,2008,9,0
MOZ,2008-10-31,2008,10,0
MOZ,2008-11-30,2008,11,0
MOZ,2008-12-31,2008,12,0
MOZ,2009-01-31,2009,1,0
MOZ,2009-02-28,2009,2,0
MOZ,2009-03-31,2009,3,0
MOZ,2009-04-30,2009,4,0
MOZ,2009-05-31,2009,5,0
MOZ,2009-06-30,2009,6,0
MOZ,2009-07-31,2009,7,0
MOZ,2009-08-31,2009,8,0
MOZ,2009-09-30,2009,9,0
MOZ,2009-10-31,2009,10,0
MOZ,2009-11-30,2009,11,0
MOZ,2009-12-31,2009,12,0
MOZ,2010-01-31,2010,1,0
MOZ,2010-02-28,2010,2,0
MOZ,2010-03-31,2010,3,0
MOZ,2010-04-30,2010,4,0
MOZ,2010-05-31,2010,5,0
MOZ,2010-06-30,2010,6,0
MOZ,2010-07-31,2010,7,0
MOZ,2010-08-31,2010,8,0
MOZ,2010-09-30,2010,9,0
MOZ,2010-10-31,2010,10,0
MOZ,2010-11-30,2010,11,0
MOZ,2010-12-31,2010,12,0
MOZ,2011-01-31,2011,1,0
MOZ,2011-02-28,2011,2,0
MOZ,2011-03-31,2011,3,0
MOZ,2011-04-30,2011,4,0
MOZ,2011-05-31,2011,5,0
MOZ,2011-06-30,2011,6,0
MOZ,2011-07-31,2011,7,0
MOZ,2011-08-31,2011,8,0
MOZ,2011-09-30,2011,9,0
MOZ,2011-10-31,2011,10,0
MOZ,2011-11-30,2011,11,0
MOZ,2011-12-31,2011,12,0
MOZ,2012-01-31,2012,1,0
MOZ,2012-02-29,2012,2,0
MOZ,2012-03-31,2012,3,0
MOZ,2012-04-30,2012,4,0
MOZ,2012-05-31,2012,5,0
MOZ,2012-06-30,2012,6,0
MOZ,2012-07-31,2012,7,0
MOZ,2012-08-31,2012,8,0
MOZ,2012-09-30,2012,9,0
MOZ,2012-10-31,2012,10,0
MOZ,2012-11-30,2012,11,0
MOZ,2012-12-31,2012,12,0
MOZ,2013-01-31,2013,1,0
MOZ,2013-02-28,2013,2,0
MOZ,2013-03-31,2013,3,0
MOZ,2013-04-30,2013,4,0
MOZ,2013-05-31,2013,5,0
MOZ,2013-06-30,2013,6,0
MOZ,2013-07-31,2013,7,0
MOZ,2013-08-31,2013,8,0
MOZ,2013-09-30,2013,9,0
MOZ,2013-10-31,2013,10,0
MOZ,2013-11-30,2013,11,0
MOZ,2013-12-31,2013,12,0
MOZ,2014-01-31,2014,1,1
MOZ,2014-02-28,2014,2,1
MOZ,2014-03-31,2014,3,1
MOZ,2014-04-30,2014,4,1
MOZ,2014-05-31,2014,5,1
MOZ,2014-06-30,2014,6,1
MOZ,2014-07-31,2014,7,1
MOZ,2014-08-31,2014,8,1
MOZ,2014-09-30,2014,9,1
MOZ,2014-10-31,2014,10,1
MOZ,2014-11-30,2014,11,1
MOZ,2014-12-31,2014,12,1
MOZ,2015-01-31,2015,1,0
MOZ,2015-02-28,2015,2,0
MOZ,2015-03-31,2015,3,0
MOZ,2015-04-30,2015,4,0
MOZ,2015-05-31,2015,5,0
MOZ,2015-06-30,2015,6,0
MOZ,2015-07-31,2015,7,0
MOZ,2015-08-31,2015,8,0
MOZ,2015-09-30,2015,9,0
MOZ,2015-10-31,2015,10,0
MOZ,2015-11-30,2015,11,0
MOZ,2015-12-31,2015,12,0
MOZ,2016-01-31,2016,1,0
MOZ,2016-02-29,2016,2,0
MOZ,2016-03-31,2016,3,0
MOZ,2016-04-30,2016,4,0
MOZ,2016-05-31,2016,5,0
MOZ,2016-06-30,2016,6,0
MOZ,2016-07-31,2016,7,0
MOZ,2016-08-31,2016,8,0
MOZ,2016-09-30,2016,9,0
MOZ,2016-10-31,2016,10,0
MOZ,2016-11-30,2016,11,0
MOZ,2016-12-31,2016,12,0
MWI,1990-01-31,1990,1,0
MWI,1990-02-28,1990,2,0
MWI,1990-03-31,1990,3,0
MWI,1990-04-30,1990,4,0
MWI,1990-05-31,1990,5,0
MWI,1990-06-30,1990,6,0
MWI,1990-07-31,1990,7,0
MWI,1990-08-31,1990,8,0
MWI,1990-09-30,1990,9,0
MWI,1990-10-31,1990,10,0
MWI,1990-11-30,1990,11,0
MWI,1990-12-31,1990,12,0
MWI,1991-01-31,1991,1,0
MWI,1991-02-28,1991,2,0
MWI,1991-03-31,1991,3,0
MWI,1991-04-30,1991,4,0
MWI,1991-05-31,1991,5,0
MWI,1991-06-30,1991,6,0
MWI,1991-07-31,1991,7,0
MWI,1991-08-31,1991,8,0
MWI,1991-09-30,1991,9,0
MWI,1991-10-31,1991,10,0
MWI,1991-11-30,1991,11,0
MWI,1991-12-31,1991,12,0
MWI,1992-01-31,1992,1,0
MWI,1992-02-29,1992,2,0
MWI,1992-03-31,1992,3,0
MWI,1992-04-30,1992,4,0
MWI,1992-05-31,1992,5,0
MWI,1992-06-30,1992,6,0
MWI,1992-07-31,1992,7,0
MWI,1992-08-31,1992,8,0
MWI,1992-09-30,1992,9,0
MWI,1992-10-31,1992,10,0
MWI,1992-11-30,1992,11,0
MWI,1992-12-31,1992,12,0
MWI,1993-01-31,1993,1,1
MWI,1993-02-28,1993,2,1
MWI,1993-03-31,1993,3,1
MWI,1993-04-30,1993,4,1
MWI,1993-05-31,1993,5,1
MWI,1993-06-30,1993,6,1
MWI,1993-07-31,1993,7,1
MWI,1993-08-31,1993,8,1
MWI,1993-09-30,1993,9,1
MWI,1993-10-31,1993,10,1
MWI,1993-11-30,1993,11,1
MWI,1993-12-31,1993,12,1
MWI,1994-01-31,1994,1,0
MWI,1994-02-28,1994,2,0
MWI,1994-03-31,1994,3,0
MWI,1994-04-30,1994,4,0
MWI,1994-05-31,1994,5,0
MWI,1994-06-30,1994,6,0
MWI,1994-07-31,1994,7,0
MWI,1994-08-31,1994,8,0
MWI,1994-09-30,1994,9,0
MWI,1994-10-31,1994,10,0
MWI,1994-11-30,1994,11,0
MWI,1994-12-31,1994,12,0
MWI,1995-01-31,1995,1,0
MWI,1995-02-28,1995,2,0
MWI,1995-03-31,1995,3,0
MWI,1995-04-30,1995,4,0
MWI,1995-05-31,1995,5,0
MWI,1995-06-30,1995,6,0
MWI,1995-07-31,1995,7,0
MWI,1995-08-31,1995,8,0
MWI,1995-09-30,1995,9,0
MWI,1995-10-31,1995,10,0
MWI,1995-11-30,1995,11,0
MWI,1995-12-31,1995,12,0
MWI,1996-01-31,1996,1,0
MWI,1996-02-29,1996,2,0
MWI,1996-03-31,1996,3,0
MWI,1996-04-30,1996,4,0
MWI,1996-05-31,1996,5,0
MWI,1996-06-30,1996,6,0
MWI,1996-07-31,1996,7,0
MWI,1996-08-31,1996,8,0
MWI,1996-09-30,1996,9,0
MWI,1996-10-31,1996,10,0
MWI,1996-11-30,1996,11,0
MWI,1996-12-31,1996,12,0
MWI,1997-01-31,1997,1,0
MWI,1997-02-28,1997,2,0
MWI,1997-03-31,1997,3,0
MWI,1997-04-30,1997,4,0
MWI,1997-05-31,1997,5,0
MWI,1997-06-30,1997,6,0
MWI,1997-07-31,1997,7,0
MWI,1997-08-31,1997,8,0
MWI,1997-09-30,1997,9,0
MWI,1997-10-31,1997,10,0
MWI,1997-11-30,1997,11,0
MWI,1997-12-31,1997,12,0
MWI,1998-01-31,1998,1,0
MWI,1998-02-28,1998,2,0
MWI,1998-03-31,1998,3,0
MWI,1998-04-30,1998,4,0
MWI,1998-05-31,1998,5,0
MWI,1998-06-30,1998,6,0
MWI,1998-07-31,1998,7,0
MWI,1998-08-31,1998,8,0
MWI,1998-09-30,1998,9,0
MWI,1998-10-31,1998,10,0
MWI,1998-11-30,1998,11,0
MWI,1998-12-31,1998,12,0
MWI,1999-01-31,1999,1,0
MWI,1999-02-28,1999,2,0
MWI,1999-03-31,1999,3,0
MWI,1999-04-30,1999,4,0
MWI,1999-05-31,1999,5,0
MWI,1999-06-30,1999,6,0
MWI,1999-07-31,1999,7,0
MWI,1999-08-31,1999,8,0
MWI,1999-09-30,1999,9,0
MWI,1999-10-31,1999,10,0
MWI,1999-11-30,1999,11,0
MWI,1999-12-31,1999,12,0
MWI,2000-01-31,2000,1,0
MWI,2000-02-29,2000,2,0
MWI,2000-03-31,2000,3,0
MWI,2000-04-30,2000,4,0
MWI,2000-05-31,2000,5,0
MWI,2000-06-30,2000,6,0
MWI,2000-07-31,2000,7,0
MWI,2000-08-31,2000,8,0
MWI,2000-09-30,2000,9,0
MWI,2000-10-31,2000,10,0
MWI,2000-11-30,2000,11,0
MWI,2000-12-31,2000,12,0
MWI,2001-01-31,2001,1,0
MWI,2001-02-28,2001,2,0
MWI,2001-03-31,2001,3,0
MWI,2001-04-30,2001,4,0
MWI,2001-05-31,2001,5,0
MWI,2001-06-30,2001,6,0
MWI,2001-07-31,2001,7,0
MWI,2001-08-31,2001,8,0
MWI,2001-09-30,2001,9,0
MWI,2001-10-31,2001,10,0
MWI,2001-11-30,2001,11,0
MWI,2001-12-31,2001,12,0
MWI,2002-01-31,2002,1,0
MWI,2002-02-28,2002,2,0
MWI,2002-03-31,2002,3,0
MWI,2002-04-30,2002,4,0
MWI,2002-05-31,2002,5,0
MWI,2002-06-30,2002,6,0
MWI,2002-07-31,2002,7,0
MWI,2002-08-31,2002,8,0
MWI,2002-09-30,2002,9,0
MWI,2002-10-31,2002,10,0
MWI,2002-11-30,2002,11,0
MWI,2002-12-31,2002,12,0
MWI,2003-01-31,2003,1,0
MWI,2003-02-28,2003,2,0
MWI,2003-03-31,2003,3,0
MWI,2003-04-30,2003,4,0
MWI,2003-05-31,2003,5,0
MWI,2003-06-30,2003,6,0
MWI,2003-07-31,2003,7,0
MWI,2003-08-31,2003,8,0
MWI,2003-09-30,2003,9,0
MWI,2003-10-31,2003,10,0
MWI,2003-11-30,2003,11,0
MWI,2003-12-31,2003,12,0
MWI,2004-01-31,2004,1,0
MWI,2004-02-29,2004,2,0
MWI,2004-03-31,2004,3,0
MWI,2004-04-30,2004,4,0
MWI,2004-05-31,2004,5,0
MWI,2004-06-30,2004,6,0
MWI,2004-07-31,2004,7,0
MWI,2004-08-31,2004,8,0
MWI,2004-09-30,2004,9,0
MWI,2004-10-31,2004,10,0
MWI,2004-11-30,2004,11,0
MWI,2004-12-31,2004,12,0
MWI,2005-01-31,2005,1,0
MWI,2005-02-28,2005,2,0
MWI,2005-03-31,2005,3,0
MWI,2005-04-30,2005,4,0
MWI,2005-05-31,2005,5,0
MWI,2005-06-30,2005,6,0
MWI,2005-07-31,2005,7,0
MWI,2005-08-31,2005,8,0
MWI,2005-09-30,2005,9,0
MWI,2005-10-31,2005,10,0
MWI,2005-11-30,2005,11,0
MWI,2005-12-31,2005,12,0
MWI,2006-01-31,2006,1,0
MWI,2006-02-28,2006,2,0
MWI,2006-03-31,2006,3,0
MWI,2006-04-30,2006,4,0
MWI,2006-05-31,2006,5,0
MWI,2006-06-30,2006,6,0
MWI,2006-07-31,2006,7,0
MWI,2006-08-31,2006,8,0
MWI,2006-09-30,2006,9,0
MWI,2006-10-31,2006,10,0
MWI,2006-11-30,2006,11,0
MWI,2006-12-31,2006,12,0
MWI,2007-01-31,2007,1,0
MWI,2007-02-28,2007,2,0
MWI,2007-03-31,2007,3,0
MWI,2007-04-30,2007,4,0
MWI,2007-05-31,2007,5,0
MWI,2007-06-30,2007,6,0
MWI,2007-07-31,2007,7,0
MWI,2007-08-31,2007,8,0
MWI,2007-09-30,2007,9,0
MWI,2007-10-31,2007,10,0
MWI,2007-11-30,2007,11,0
MWI,2007-12-31,2007,12,0
MWI,2008-01-31,2008,1,0
MWI,2008-02-29,2008,2,0
MWI,2008-03-31,2008,3,0
MWI,2008-04-30,2008,4,0
MWI,2008-05-31,2008,5,0
MWI,2008-06-30,2008,6,0
MWI,2008-07-31,2008,7,0
MWI,2008-08-31,2008,8,0
MWI,2008-09-30,2008,9,0
MWI,2008-10-31,2008,10,0
MWI,2008-11-30,2008,11,0
MWI,2008-12-31,2008,12,0
MWI,2009-01-31,2009,1,0
MWI,2009-02-28,2009,2,0
MWI,2009-03-31,2009,3,0
MWI,2009-04-30,2009,4,0
MWI,2009-05-31,2009,5,0
MWI,2009-06-30,2009,6,0
MWI,2009-07-31,2009,7,0
MWI,2009-08-31,2009,8,0
MWI,2009-09-30,2009,9,0
MWI,2009-10-31,2009,10,0
MWI,2009-11-30,2009,11,0
MWI,2009-12-31,2009,12,0
MWI,2010-01-31,2010,1,0
MWI,2010-02-28,2010,2,0
MWI,2010-03-31,2010,3,0
MWI,2010-04-30,2010,4,0
MWI,2010-05-31,2010,5,0
MWI,2010-06-30,2010,6,0
MWI,2010-07-31,2010,7,0
MWI,2010-08-31,2010,8,0
MWI,2010-09-30,2010,9,0
MWI,2010-10-31,2010,10,0
MWI,2010-11-30,2010,11,0
MWI,2010-12-31,2010,12,0
MWI,2011-01-31,2011,1,1
MWI,2011-02-28,2011,2,1
MWI,2011-03-31,2011,3,1
MWI,2011-04-30,2011,4,1
MWI,2011-05-31,2011,5,1
MWI,2011-06-30,2011,6,1
MWI,2011-07-31,2011,7,1
MWI,2011-08-31,2011,8,1
MWI,2011-09-30,2011,9,1
MWI,2011-10-31,2011,10,1
MWI,2011-11-30,2011,11,1
MWI,2011-12-31,2011,12,1
MWI,2012-01-31,2012,1,0
MWI,2012-02-29,2012,2,0
MWI,2012-03-31,2012,3,0
MWI,2012-04-30,2012,4,0
MWI,2012-05-31,2012,5,0
MWI,2012-06-30,2012,6,0
MWI,2012-07-31,2012,7,0
MWI,2012-08-31,2012,8,0
MWI,2012-09-30,2012,9,0
MWI,2012-10-31,2012,10,0
MWI,2012-11-30,2012,11,0
MWI,2012-12-31,2012,12,0
MWI,2013-01-31,2013,1,0
MWI,2013-02-28,2013,2,0
MWI,2013-03-31,2013,3,0
MWI,2013-04-30,2013,4,0
MWI,2013-05-31,2013,5,0
MWI,2013-06-30,2013,6,0
MWI,2013-07-31,2013,7,0
MWI,2013-08-31,2013,8,0
MWI,2013-09-30,2013,9,0
MWI,2013-10-31,2013,10,0
MWI,2013-11-30,2013,11,0
MWI,2013-12-31,2013,12,0
MWI,2014-01-31,2014,1,0
MWI,2014-02-28,2014,2,0
MWI,2014-03-31,2014,3,0
MWI,2014-04-30,2014,4,0
MWI,2014-05-31,2014,5,0
MWI,2014-06-30,2014,6,0
MWI,2014-07-31,2014,7,0
MWI,2014-08-31,2014,8,0
MWI,2014-09-30,2014,9,0
MWI,2014-10-31,2014,10,0
MWI,2014-11-30,2014,11,0
MWI,2014-12-31,2014,12,0
MWI,2015-01-31,2015,1,0
MWI,2015-02-28,2015,2,0
MWI,2015-03-31,2015,3,0
MWI,2015-04-30,2015,4,0
MWI,2015-05-31,2015,5,0
MWI,2015-06-30,2015,6,0
MWI,2015-07-31,2015,7,0
MWI,2015-08-31,2015,8,0
MWI,2015-09-30,2015,9,0
MWI,2015-10-31,2015,10,0
MWI,2015-11-30,2015,11,0
MWI,2015-12-31,2015,12,0
MWI,2016-01-31,2016,1,0
MWI,2016-02-29,2016,2,0
MWI,2016-03-31,2016,3,0
MWI,2016-04-30,2016,4,0
MWI,2016-05-31,2016,5,0
MWI,2016-06-30,2016,6,0
MWI,2016-07-31,2016,7,0
MWI,2016-08-31,2016,8,0
MWI,2016-09-30,2016,9,0
MWI,2016-10-31,2016,10,0
MWI,2016-11-30,2016,11,0
MWI,2016-12-31,2016,12,0
MYS,1990-01-31,1990,1,0
MYS,1990-02-28,1990,2,0
MYS,1990-03-31,1990,3,0
MYS,1990-04-30,1990,4,0
MYS,1990-05-31,1990,5,0
MYS,1990-06-30,1990,6,0
MYS,1990-07-31,1990,7,0
MYS,1990-08-31,1990,8,0
MYS,1990-09-30,1990,9,0
MYS,1990-10-31,1990,10,0
MYS,1990-11-30,1990,11,0
MYS,1990-12-31,1990,12,0
MYS,1991-01-31,1991,1,0
MYS,1991-02-28,1991,2,0
MYS,1991-03-31,1991,3,0
MYS,1991-04-30,1991,4,0
MYS,1991-05-31,1991,5,0
MYS,1991-06-30,1991,6,0
MYS,1991-07-31,1991,7,0
MYS,1991-08-31,1991,8,0
MYS,1991-09-30,1991,9,0
MYS,1991-10-31,1991,10,0
MYS,1991-11-30,1991,11,0
MYS,1991-12-31,1991,12,0
MYS,1992-01-31,1992,1,0
MYS,1992-02-29,1992,2,0
MYS,1992-03-31,1992,3,0
MYS,1992-04-30,1992,4,0
MYS,1992-05-31,1992,5,0
MYS,1992-06-30,1992,6,0
MYS,1992-07-31,1992,7,0
MYS,1992-08-31,1992,8,0
MYS,1992-09-30,1992,9,0
MYS,1992-10-31,1992,10,0
MYS,1992-11-30,1992,11,0
MYS,1992-12-31,1992,12,0
MYS,1993-01-31,1993,1,0
MYS,1993-02-28,1993,2,0
MYS,1993-03-31,1993,3,0
MYS,1993-04-30,1993,4,0
MYS,1993-05-31,1993,5,0
MYS,1993-06-30,1993,6,0
MYS,1993-07-31,1993,7,0
MYS,1993-08-31,1993,8,0
MYS,1993-09-30,1993,9,0
MYS,1993-10-31,1993,10,0
MYS,1993-11-30,1993,11,0
MYS,1993-12-31,1993,12,0
MYS,1994-01-31,1994,1,0
MYS,1994-02-28,1994,2,0
MYS,1994-03-31,1994,3,0
MYS,1994-04-30,1994,4,0
MYS,1994-05-31,1994,5,0
MYS,1994-06-30,1994,6,0
MYS,1994-07-31,1994,7,0
MYS,1994-08-31,1994,8,0
MYS,1994-09-30,1994,9,0
MYS,1994-10-31,1994,10,0
MYS,1994-11-30,1994,11,0
MYS,1994-12-31,1994,12,0
MYS,1995-01-31,1995,1,0
MYS,1995-02-28,1995,2,0
MYS,1995-03-31,1995,3,0
MYS,1995-04-30,1995,4,0
MYS,1995-05-31,1995,5,0
MYS,1995-06-30,1995,6,0
MYS,1995-07-31,1995,7,0
MYS,1995-08-31,1995,8,0
MYS,1995-09-30,1995,9,0
MYS,1995-10-31,1995,10,0
MYS,1995-11-30,1995,11,0
MYS,1995-12-31,1995,12,0
MYS,1996-01-31,1996,1,0
MYS,1996-02-29,1996,2,0
MYS,1996-03-31,1996,3,0
MYS,1996-04-30,1996,4,0
MYS,1996-05-31,1996,5,0
MYS,1996-06-30,1996,6,0
MYS,1996-07-31,1996,7,0
MYS,1996-08-31,1996,8,0
MYS,1996-09-30,1996,9,0
MYS,1996-10-31,1996,10,0
MYS,1996-11-30,1996,11,0
MYS,1996-12-31,1996,12,0
MYS,1997-01-31,1997,1,1
MYS,1997-02-28,1997,2,1
MYS,1997-03-31,1997,3,1
MYS,1997-04-30,1997,4,1
MYS,1997-05-31,1997,5,1
MYS,1997-06-30,1997,6,1
MYS,1997-07-31,1997,7,1
MYS,1997-08-31,1997,8,1
MYS,1997-09-30,1997,9,1
MYS,1997-10-31,1997,10,1
MYS,1997-11-30,1997,11,1
MYS,1997-12-31,1997,12,1
MYS,1998-01-31,1998,1,0
MYS,1998-02-28,1998,2,0
MYS,1998-03-31,1998,3,0
MYS,1998-04-30,1998,4,0
MYS,1998-05-31,1998,5,0
MYS,1998-06-30,1998,6,0
MYS,1998-07-31,1998,7,0
MYS,1998-08-31,1998,8,0
MYS,1998-09-30,1998,9,0
MYS,1998-10-31,1998,10,0
MYS,1998-11-30,1998,11,0
MYS,1998-12-31,1998,12,0
MYS,1999-01-31,1999,1,0
MYS,1999-02-28,1999,2,0
MYS,1999-03-31,1999,3,0
MYS,1999-04-30,1999,4,0
MYS,1999-05-31,1999,5,0
MYS,1999-06-30,1999,6,0
MYS,1999-07-31,1999,7,0
MYS,1999-08-31,1999,8,0
MYS,1999-09-30,1999,9,0
MYS,1999-10-31,1999,10,0
MYS,1999-11-30,1999,11,0
MYS,1999-12-31,1999,12,0
MYS,2000-01-31,2000,1,0
MYS,2000-02-29,2000,2,0
MYS,2000-03-31,2000,3,0
MYS,2000-04-30,2000,4,0
MYS,2000-05-31,2000,5,0
MYS,2000-06-30,2000,6,0
MYS,2000-07-31,2000,7,0
MYS,2000-08-31,2000,8,0
MYS,2000-09-30,2000,9,0
MYS,2000-10-31,2000,10,0
MYS,2000-11-30,2000,11,0
MYS,2000-12-31,2000,12,0
MYS,2001-01-31,2001,1,0
MYS,2001-02-28,2001,2,0
MYS,2001-03-31,2001,3,0
MYS,2001-04-30,2001,4,0
MYS,2001-05-31,2001,5,0
MYS,2001-06-30,2001,6,0
MYS,2001-07-31,2001,7,0
MYS,2001-08-31,2001,8,0
MYS,2001-09-30,2001,9,0
MYS,2001-10-31,2001,10,0
MYS,2001-11-30,2001,11,0
MYS,2001-12-31,2001,12,0
MYS,2002-01-31,2002,1,0
MYS,2002-02-28,2002,2,0
MYS,2002-03-31,2002,3,0
MYS,2002-04-30,2002,4,0
MYS,2002-05-31,2002,5,0
MYS,2002-06-30,2002,6,0
MYS,2002-07-31,2002,7,0
MYS,2002-08-31,2002,8,0
MYS,2002-09-30,2002,9,0
MYS,2002-10-31,2002,10,0
MYS,2002-11-30,2002,11,0
MYS,2002-12-31,2002,12,0
MYS,2003-01-31,2003,1,0
MYS,2003-02-28,2003,2,0
MYS,2003-03-31,2003,3,0
MYS,2003-04-30,2003,4,0
MYS,2003-05-31,2003,5,0
MYS,2003-06-30,2003,6,0
MYS,2003-07-31,2003,7,0
MYS,2003-08-31,2003,8,0
MYS,2003-09-30,2003,9,0
MYS,2003-10-31,2003,10,0
MYS,2003-11-30,2003,11,0
MYS,2003-12-31,2003,12,0
MYS,2004-01-31,2004,1,0
MYS,2004-02-29,2004,2,0
MYS,2004-03-31,2004,3,0
MYS,2004-04-30,2004,4,0
MYS,2004-05-31,2004,5,0
MYS,2004-06-30,2004,6,0
MYS,2004-07-31,2004,7,0
MYS,2004-08-31,2004,8,0
MYS,2004-09-30,2004,9,0
MYS,2004-10-31,2004,10,0
MYS,2004-11-30,2004,11,0
MYS,2004-12-31,2004,12,0
MYS,2005-01-31,2005,1,0
MYS,2005-02-28,2005,2,0
MYS,2005-03-31,2005,3,0
MYS,2005-04-30,2005,4,0
MYS,2005-05-31,2005,5,0
MYS,2005-06-30,2005,6,0
MYS,2005-07-31,2005,7,0
MYS,2005-08-31,2005,8,0
MYS,2005-09-30,2005,9,0
MYS,2005-10-31,2005,10,0
MYS,2005-11-30,2005,11,0
MYS,2005-12-31,2005,12,0
MYS,2006-01-31,2006,1,0
MYS,2006-02-28,2006,2,0
MYS,2006-03-31,2006,3,0
MYS,2006-04-30,2006,4,0
MYS,2006-05-31,2006,5,0
MYS,2006-06-30,2006,6,0
MYS,2006-07-31,2006,7,0
MYS,2006-08-31,2006,8,0
MYS,2006-09-30,2006,9,0
MYS,2006-10-31,2006,10,0
MYS,2006-11-30,2006,11,0
MYS,2006-12-31,2006,12,0
MYS,2007-01-31,2007,1,0
MYS,2007-02-28,2007,2,0
MYS,2007-03-31,2007,3,0
MYS,2007-04-30,2007,4,0
MYS,2007-05-31,2007,5,0
MYS,2007-06-30,2007,6,0
MYS,2007-07-31,2007,7,0
MYS,2007-08-31,2007,8,0
MYS,2007-09-30,2007,9,0
MYS,2007-10-31,2007,10,0
MYS,2007-11-30,2007,11,0
MYS,2007-12-31,2007,12,0
MYS,2008-01-31,2008,1,0
MYS,2008-02-29,2008,2,0
MYS,2008-03-31,2008,3,0
MYS,2008-04-30,2008,4,0
MYS,2008-05-31,2008,5,0
MYS,2008-06-30,2008,6,0
MYS,2008-07-31,2008,7,0
MYS,2008-08-31,2008,8,0
MYS,2008-09-30,2008,9,0
MYS,2008-10-31,2008,10,0
MYS,2008-11-30,2008,11,0
MYS,2008-12-31,2008,12,0
MYS,2009-01-31,2009,1,0
MYS,2009-02-28,2009,2,0
MYS,2009-03-31,2009,3,0
MYS,2009-04-30,2009,4,0
MYS,2009-05-31,2009,5,0
MYS,2009-06-30,2009,6,0
MYS,2009-07-31,2009,7,0
MYS,2009-08-31,2009,8,0
MYS,2009-09-30,2009,9,0
MYS,2009-10-31,2009,10,0
MYS,2009-11-30,2009,11,0
MYS,2009-12-31,2009,12,0
MYS,2010-01-31,2010,1,0
MYS,2010-02-28,2010,2,0
MYS,2010-03-31,2010,3,0
MYS,2010-04-30,2010,4,0
MYS,2010-05-31,2010,5,0
MYS,2010-06-30,2010,6,0
MYS,2010-07-31,2010,7,0
MYS,2010-08-31,2010,8,0
MYS,2010-09-30,2010,9,0
MYS,2010-10-31,2010,10,0
MYS,2010-11-30,2010,11,0
MYS,2010-12-31,2010,12,0
MYS,2011-01-31,2011,1,0
MYS,2011-02-28,2011,2,0
MYS,2011-03-31,2011,3,0
MYS,2011-04-30,2011,4,0
MYS,2011-05-31,2011,5,0
MYS,2011-06-30,2011,6,0
MYS,2011-07-31,2011,7,0
MYS,2011-08-31,2011,8,0
MYS,2011-09-30,2011,9,0
MYS,2011-10-31,2011,10,0
MYS,2011-11-30,2011,11,0
MYS,2011-12-31,2011,12,0
MYS,2012-01-31,2012,1,0
MYS,2012-02-29,2012,2,0
MYS,2012-03-31,2012,3,0
MYS,2012-04-30,2012,4,0
MYS,2012-05-31,2012,5,0
MYS,2012-06-30,2012,6,0
MYS,2012-07-31,2012,7,0
MYS,2012-08-31,2012,8,0
MYS,2012-09-30,2012,9,0
MYS,2012-10-31,2012,10,0
MYS,2012-11-30,2012,11,0
MYS,2012-12-31,2012,12,0
MYS,2013-01-31,2013,1,0
MYS,2013-02-28,2013,2,0
MYS,2013-03-31,2013,3,0
MYS,2013-04-30,2013,4,0
MYS,2013-05-31,2013,5,0
MYS,2013-06-30,2013,6,0
MYS,2013-07-31,2013,7,0
MYS,2013-08-31,2013,8,0
MYS,2013-09-30,2013,9,0
MYS,2013-10-31,2013,10,0
MYS,2013-11-30,2013,11,0
MYS,2013-12-31,2013,12,0
MYS,2014-01-31,2014,1,0
MYS,2014-02-28,2014,2,0
MYS,2014-03-31,2014,3,0
MYS,2014-04-30,2014,4,0
MYS,2014-05-31,2014,5,0
MYS,2014-06-30,2014,6,0
MYS,2014-07-31,2014,7,0
MYS,2014-08-31,2014,8,0
MYS,2014-09-30,2014,9,0
MYS,2014-10-31,2014,10,0
MYS,2014-11-30,2014,11,0
MYS,2014-12-31,2014,12,0
MYS,2015-01-31,2015,1,0
MYS,2015-02-28,2015,2,0
MYS,2015-03-31,2015,3,0
MYS,2015-04-30,2015,4,0
MYS,2015-05-31,2015,5,0
MYS,2015-06-30,2015,6,0
MYS,2015-07-31,2015,7,0
MYS,2015-08-31,2015,8,0
MYS,2015-09-30,2015,9,0
MYS,2015-10-31,2015,10,0
MYS,2015-11-30,2015,11,0
MYS,2015-12-31,2015,12,0
MYS,2016-01-31,2016,1,0
MYS,2016-02-29,2016,2,0
MYS,2016-03-31,2016,3,0
MYS,2016-04-30,2016,4,0
MYS,2016-05-31,2016,5,0
MYS,2016-06-30,2016,6,0
MYS,2016-07-31,2016,7,0
MYS,2016-08-31,2016,8,0
MYS,2016-09-30,2016,9,0
MYS,2016-10-31,2016,10,0
MYS,2016-11-30,2016,11,0
MYS,2016-12-31,2016,12,0
NAM,1990-01-31,1990,1,0
NAM,1990-02-28,1990,2,0
NAM,1990-03-31,1990,3,0
NAM,1990-04-30,1990,4,0
NAM,1990-05-31,1990,5,0
NAM,1990-06-30,1990,6,0
NAM,1990-07-31,1990,7,0
NAM,1990-08-31,1990,8,0
NAM,1990-09-30,1990,9,0
NAM,1990-10-31,1990,10,0
NAM,1990-11-30,1990,11,0
NAM,1990-12-31,1990,12,0
NAM,1991-01-31,1991,1,0
NAM,1991-02-28,1991,2,0
NAM,1991-03-31,1991,3,0
NAM,1991-04-30,1991,4,0
NAM,1991-05-31,1991,5,0
NAM,1991-06-30,1991,6,0
NAM,1991-07-31,1991,7,0
NAM,1991-08-31,1991,8,0
NAM,1991-09-30,1991,9,0
NAM,1991-10-31,1991,10,0
NAM,1991-11-30,1991,11,0
NAM,1991-12-31,1991,12,0
NAM,1992-01-31,1992,1,0
NAM,1992-02-29,1992,2,0
NAM,1992-03-31,1992,3,0
NAM,1992-04-30,1992,4,0
NAM,1992-05-31,1992,5,0
NAM,1992-06-30,1992,6,0
NAM,1992-07-31,1992,7,0
NAM,1992-08-31,1992,8,0
NAM,1992-09-30,1992,9,0
NAM,1992-10-31,1992,10,0
NAM,1992-11-30,1992,11,0
NAM,1992-12-31,1992,12,0
NAM,1993-01-31,1993,1,0
NAM,1993-02-28,1993,2,0
NAM,1993-03-31,1993,3,0
NAM,1993-04-30,1993,4,0
NAM,1993-05-31,1993,5,0
NAM,1993-06-30,1993,6,0
NAM,1993-07-31,1993,7,0
NAM,1993-08-31,1993,8,0
NAM,1993-09-30,1993,9,0
NAM,1993-10-31,1993,10,0
NAM,1993-11-30,1993,11,0
NAM,1993-12-31,1993,12,0
NAM,1994-01-31,1994,1,0
NAM,1994-02-28,1994,2,0
NAM,1994-03-31,1994,3,0
NAM,1994-04-30,1994,4,0
NAM,1994-05-31,1994,5,0
NAM,1994-06-30,1994,6,0
NAM,1994-07-31,1994,7,0
NAM,1994-08-31,1994,8,0
NAM,1994-09-30,1994,9,0
NAM,1994-10-31,1994,10,0
NAM,1994-11-30,1994,11,0
NAM,1994-12-31,1994,12,0
NAM,1995-01-31,1995,1,0
NAM,1995-02-28,1995,2,0
NAM,1995-03-31,1995,3,0
NAM,1995-04-30,1995,4,0
NAM,1995-05-31,1995,5,0
NAM,1995-06-30,1995,6,0
NAM,1995-07-31,1995,7,0
NAM,1995-08-31,1995,8,0
NAM,1995-09-30,1995,9,0
NAM,1995-10-31,1995,10,0
NAM,1995-11-30,1995,11,0
NAM,1995-12-31,1995,12,0
NAM,1996-01-31,1996,1,0
NAM,1996-02-29,1996,2,0
NAM,1996-03-31,1996,3,0
NAM,1996-04-30,1996,4,0
NAM,1996-05-31,1996,5,0
NAM,1996-06-30,1996,6,0
NAM,1996-07-31,1996,7,0
NAM,1996-08-31,1996,8,0
NAM,1996-09-30,1996,9,0
NAM,1996-10-31,1996,10,0
NAM,1996-11-30,1996,11,0
NAM,1996-12-31,1996,12,0
NAM,1997-01-31,1997,1,0
NAM,1997-02-28,1997,2,0
NAM,1997-03-31,1997,3,0
NAM,1997-04-30,1997,4,0
NAM,1997-05-31,1997,5,0
NAM,1997-06-30,1997,6,0
NAM,1997-07-31,1997,7,0
NAM,1997-08-31,1997,8,0
NAM,1997-09-30,1997,9,0
NAM,1997-10-31,1997,10,0
NAM,1997-11-30,1997,11,0
NAM,1997-12-31,1997,12,0
NAM,1998-01-31,1998,1,0
NAM,1998-02-28,1998,2,0
NAM,1998-03-31,1998,3,0
NAM,1998-04-30,1998,4,0
NAM,1998-05-31,1998,5,0
NAM,1998-06-30,1998,6,0
NAM,1998-07-31,1998,7,0
NAM,1998-08-31,1998,8,0
NAM,1998-09-30,1998,9,0
NAM,1998-10-31,1998,10,0
NAM,1998-11-30,1998,11,0
NAM,1998-12-31,1998,12,0
NAM,1999-01-31,1999,1,0
NAM,1999-02-28,1999,2,0
NAM,1999-03-31,1999,3,0
NAM,1999-04-30,1999,4,0
NAM,1999-05-31,1999,5,0
NAM,1999-06-30,1999,6,0
NAM,1999-07-31,1999,7,0
NAM,1999-08-31,1999,8,0
NAM,1999-09-30,1999,9,0
NAM,1999-10-31,1999,10,0
NAM,1999-11-30,1999,11,0
NAM,1999-12-31,1999,12,0
NAM,2000-01-31,2000,1,0
NAM,2000-02-29,2000,2,0
NAM,2000-03-31,2000,3,0
NAM,2000-04-30,2000,4,0
NAM,2000-05-31,2000,5,0
NAM,2000-06-30,2000,6,0
NAM,2000-07-31,2000,7,0
NAM,2000-08-31,2000,8,0
NAM,2000-09-30,2000,9,0
NAM,2000-10-31,2000,10,0
NAM,2000-11-30,2000,11,0
NAM,2000-12-31,2000,12,0
NAM,2001-01-31,2001,1,0
NAM,2001-02-28,2001,2,0
NAM,2001-03-31,2001,3,0
NAM,2001-04-30,2001,4,0
NAM,2001-05-31,2001,5,0
NAM,2001-06-30,2001,6,0
NAM,2001-07-31,2001,7,0
NAM,2001-08-31,2001,8,0
NAM,2001-09-30,2001,9,0
NAM,2001-10-31,2001,10,0
NAM,2001-11-30,2001,11,0
NAM,2001-12-31,2001,12,0
NAM,2002-01-31,2002,1,0
NAM,2002-02-28,2002,2,0
NAM,2002-03-31,2002,3,0
NAM,2002-04-30,2002,4,0
NAM,2002-05-31,2002,5,0
NAM,2002-06-30,2002,6,0
NAM,2002-07-31,2002,7,0
NAM,2002-08-31,2002,8,0
NAM,2002-09-30,2002,9,0
NAM,2002-10-31,2002,10,0
NAM,2002-11-30,2002,11,0
NAM,2002-12-31,2002,12,0
NAM,2003-01-31,2003,1,0
NAM,2003-02-28,2003,2,0
NAM,2003-03-31,2003,3,0
NAM,2003-04-30,2003,4,0
NAM,2003-05-31,2003,5,0
NAM,2003-06-30,2003,6,0
NAM,2003-07-31,2003,7,0
NAM,2003-08-31,2003,8,0
NAM,2003-09-30,2003,9,0
NAM,2003-10-31,2003,10,0
NAM,2003-11-30,2003,11,0
NAM,2003-12-31,2003,12,0
NAM,2004-01-31,2004,1,0
NAM,2004-02-29,2004,2,0
NAM,2004-03-31,2004,3,0
NAM,2004-04-30,2004,4,0
NAM,2004-05-31,2004,5,0
NAM,2004-06-30,2004,6,0
NAM,2004-07-31,2004,7,0
NAM,2004-08-31,2004,8,0
NAM,2004-09-30,2004,9,0
NAM,2004-10-31,2004,10,0
NAM,2004-11-30,2004,11,0
NAM,2004-12-31,2004,12,0
NAM,2005-01-31,2005,1,0
NAM,2005-02-28,2005,2,0
NAM,2005-03-31,2005,3,0
NAM,2005-04-30,2005,4,0
NAM,2005-05-31,2005,5,0
NAM,2005-06-30,2005,6,0
NAM,2005-07-31,2005,7,0
NAM,2005-08-31,2005,8,0
NAM,2005-09-30,2005,9,0
NAM,2005-10-31,2005,10,0
NAM,2005-11-30,2005,11,0
NAM,2005-12-31,2005,12,0
NAM,2006-01-31,2006,1,0
NAM,2006-02-28,2006,2,0
NAM,2006-03-31,2006,3,0
NAM,2006-04-30,2006,4,0
NAM,2006-05-31,2006,5,0
NAM,2006-06-30,2006,6,0
NAM,2006-07-31,2006,7,0
NAM,2006-08-31,2006,8,0
NAM,2006-09-30,2006,9,0
NAM,2006-10-31,2006,10,0
NAM,2006-11-30,2006,11,0
NAM,2006-12-31,2006,12,0
NAM,2007-01-31,2007,1,0
NAM,2007-02-28,2007,2,0
NAM,2007-03-31,2007,3,0
NAM,2007-04-30,2007,4,0
NAM,2007-05-31,2007,5,0
NAM,2007-06-30,2007,6,0
NAM,2007-07-31,2007,7,0
NAM,2007-08-31,2007,8,0
NAM,2007-09-30,2007,9,0
NAM,2007-10-31,2007,10,0
NAM,2007-11-30,2007,11,0
NAM,2007-12-31,2007,12,0
NAM,2008-01-31,2008,1,0
NAM,2008-02-29,2008,2,0
NAM,2008-03-31,2008,3,0
NAM,2008-04-30,2008,4,0
NAM,2008-05-31,2008,5,0
NAM,2008-06-30,2008,6,0
NAM,2008-07-31,2008,7,0
NAM,2008-08-31,2008,8,0
NAM,2008-09-30,2008,9,0
NAM,2008-10-31,2008,10,0
NAM,2008-11-30,2008,11,0
NAM,2008-12-31,2008,12,0
NAM,2009-01-31,2009,1,0
NAM,2009-02-28,2009,2,0
NAM,2009-03-31,2009,3,0
NAM,2009-04-30,2009,4,0
NAM,2009-05-31,2009,5,0
NAM,2009-06-30,2009,6,0
NAM,2009-07-31,2009,7,0
NAM,2009-08-31,2009,8,0
NAM,2009-09-30,2009,9,0
NAM,2009-10-31,2009,10,0
NAM,2009-11-30,2009,11,0
NAM,2009-12-31,2009,12,0
NAM,2010-01-31,2010,1,0
NAM,2010-02-28,2010,2,0
NAM,2010-03-31,2010,3,0
NAM,2010-04-30,2010,4,0
NAM,2010-05-31,2010,5,0
NAM,2010-06-30,2010,6,0
NAM,2010-07-31,2010,7,0
NAM,2010-08-31,2010,8,0
NAM,2010-09-30,2010,9,0
NAM,2010-10-31,2010,10,0
NAM,2010-11-30,2010,11,0
NAM,2010-12-31,2010,12,0
NAM,2011-01-31,2011,1,0
NAM,2011-02-28,2011,2,0
NAM,2011-03-31,2011,3,0
NAM,2011-04-30,2011,4,0
NAM,2011-05-31,2011,5,0
NAM,2011-06-30,2011,6,0
NAM,2011-07-31,2011,7,0
NAM,2011-08-31,2011,8,0
NAM,2011-09-30,2011,9,0
NAM,2011-10-31,2011,10,0
NAM,2011-11-30,2011,11,0
NAM,2011-12-31,2011,12,0
NAM,2012-01-31,2012,1,0
NAM,2012-02-29,2012,2,0
NAM,2012-03-31,2012,3,0
NAM,2012-04-30,2012,4,0
NAM,2012-05-31,2012,5,0
NAM,2012-06-30,2012,6,0
NAM,2012-07-31,2012,7,0
NAM,2012-08-31,2012,8,0
NAM,2012-09-30,2012,9,0
NAM,2012-10-31,2012,10,0
NAM,2012-11-30,2012,11,0
NAM,2012-12-31,2012,12,0
NAM,2013-01-31,2013,1,0
NAM,2013-02-28,2013,2,0
NAM,2013-03-31,2013,3,0
NAM,2013-04-30,2013,4,0
NAM,2013-05-31,2013,5,0
NAM,2013-06-30,2013,6,0
NAM,2013-07-31,2013,7,0
NAM,2013-08-31,2013,8,0
NAM,2013-09-30,2013,9,0
NAM,2013-10-31,2013,10,0
NAM,2013-11-30,2013,11,0
NAM,2013-12-31,2013,12,0
NAM,2014-01-31,2014,1,1
NAM,2014-02-28,2014,2,1
NAM,2014-03-31,2014,3,1
NAM,2014-04-30,2014,4,1
NAM,2014-05-31,2014,5,1
NAM,2014-06-30,2014,6,1
NAM,2014-07-31,2014,7,1
NAM,2014-08-31,2014,8,1
NAM,2014-09-30,2014,9,1
NAM,2014-10-31,2014,10,1
NAM,2014-11-30,2014,11,1
NAM,2014-12-31,2014,12,1
NAM,2015-01-31,2015,1,0
NAM,2015-02-28,2015,2,0
NAM,2015-03-31,2015,3,0
NAM,2015-04-30,2015,4,0
NAM,2015-05-31,2015,5,0
NAM,2015-06-30,2015,6,0
NAM,2015-07-31,2015,7,0
NAM,2015-08-31,2015,8,0
NAM,2015-09-30,2015,9,0
NAM,2015-10-31,2015,10,0
NAM,2015-11-30,2015,11,0
NAM,2015-12-31,2015,12,0
NAM,2016-01-31,2016,1,0
NAM,2016-02-29,2016,2,0
NAM,2016-03-31,2016,3,0
NAM,2016-04-30,2016,4,0
NAM,2016-05-31,2016,5,0
NAM,2016-06-30,2016,6,0
NAM,2016-07-31,2016,7,0
NAM,2016-08-31,2016,8,0
NAM,2016-09-30,2016,9,0
NAM,2016-10-31,2016,10,0
NAM,2016-11-30,2016,11,0
NAM,2016-12-31,2016,12,0
NCL,1990-01-31,1990,1,0
NCL,1990-02-28,1990,2,0
NCL,1990-03-31,1990,3,0
NCL,1990-04-30,1990,4,0
NCL,1990-05-31,1990,5,0
NCL,1990-06-30,1990,6,0
NCL,1990-07-31,1990,7,0
NCL,1990-08-31,1990,8,0
NCL,1990-09-30,1990,9,0
NCL,1990-10-31,1990,10,0
NCL,1990-11-30,1990,11,0
NCL,1990-12-31,1990,12,0
NCL,1991-01-31,1991,1,0
NCL,1991-02-28,1991,2,0
NCL,1991-03-31,1991,3,0
NCL,1991-04-30,1991,4,0
NCL,1991-05-31,1991,5,0
NCL,1991-06-30,1991,6,0
NCL,1991-07-31,1991,7,0
NCL,1991-08-31,1991,8,0
NCL,1991-09-30,1991,9,0
NCL,1991-10-31,1991,10,0
NCL,1991-11-30,1991,11,0
NCL,1991-12-31,1991,12,0
NCL,1992-01-31,1992,1,0
NCL,1992-02-29,1992,2,0
NCL,1992-03-31,1992,3,0
NCL,1992-04-30,1992,4,0
NCL,1992-05-31,1992,5,0
NCL,1992-06-30,1992,6,0
NCL,1992-07-31,1992,7,0
NCL,1992-08-31,1992,8,0
NCL,1992-09-30,1992,9,0
NCL,1992-10-31,1992,10,0
NCL,1992-11-30,1992,11,0
NCL,1992-12-31,1992,12,0
NCL,1993-01-31,1993,1,0
NCL,1993-02-28,1993,2,0
NCL,1993-03-31,1993,3,0
NCL,1993-04-30,1993,4,0
NCL,1993-05-31,1993,5,0
NCL,1993-06-30,1993,6,0
NCL,1993-07-31,1993,7,0
NCL,1993-08-31,1993,8,0
NCL,1993-09-30,1993,9,0
NCL,1993-10-31,1993,10,0
NCL,1993-11-30,1993,11,0
NCL,1993-12-31,1993,12,0
NCL,1994-01-31,1994,1,0
NCL,1994-02-28,1994,2,0
NCL,1994-03-31,1994,3,0
NCL,1994-04-30,1994,4,0
NCL,1994-05-31,1994,5,0
NCL,1994-06-30,1994,6,0
NCL,1994-07-31,1994,7,0
NCL,1994-08-31,1994,8,0
NCL,1994-09-30,1994,9,0
NCL,1994-10-31,1994,10,0
NCL,1994-11-30,1994,11,0
NCL,1994-12-31,1994,12,0
NCL,1995-01-31,1995,1,0
NCL,1995-02-28,1995,2,0
NCL,1995-03-31,1995,3,0
NCL,1995-04-30,1995,4,0
NCL,1995-05-31,1995,5,0
NCL,1995-06-30,1995,6,0
NCL,1995-07-31,1995,7,0
NCL,1995-08-31,1995,8,0
NCL,1995-09-30,1995,9,0
NCL,1995-10-31,1995,10,0
NCL,1995-11-30,1995,11,0
NCL,1995-12-31,1995,12,0
NCL,1996-01-31,1996,1,0
NCL,1996-02-29,1996,2,0
NCL,1996-03-31,1996,3,0
NCL,1996-04-30,1996,4,0
NCL,1996-05-31,1996,5,0
NCL,1996-06-30,1996,6,0
NCL,1996-07-31,1996,7,0
NCL,1996-08-31,1996,8,0
NCL,1996-09-30,1996,9,0
NCL,1996-10-31,1996,10,0
NCL,1996-11-30,1996,11,0
NCL,1996-12-31,1996,12,0
NCL,1997-01-31,1997,1,0
NCL,1997-02-28,1997,2,0
NCL,1997-03-31,1997,3,0
NCL,1997-04-30,1997,4,0
NCL,1997-05-31,1997,5,0
NCL,1997-06-30,1997,6,0
NCL,1997-07-31,1997,7,0
NCL,1997-08-31,1997,8,0
NCL,1997-09-30,1997,9,0
NCL,1997-10-31,1997,10,0
NCL,1997-11-30,1997,11,0
NCL,1997-12-31,1997,12,0
NCL,1998-01-31,1998,1,0
NCL,1998-02-28,1998,2,0
NCL,1998-03-31,1998,3,0
NCL,1998-04-30,1998,4,0
NCL,1998-05-31,1998,5,0
NCL,1998-06-30,1998,6,0
NCL,1998-07-31,1998,7,0
NCL,1998-08-31,1998,8,0
NCL,1998-09-30,1998,9,0
NCL,1998-10-31,1998,10,0
NCL,1998-11-30,1998,11,0
NCL,1998-12-31,1998,12,0
NCL,1999-01-31,1999,1,0
NCL,1999-02-28,1999,2,0
NCL,1999-03-31,1999,3,0
NCL,1999-04-30,1999,4,0
NCL,1999-05-31,1999,5,0
NCL,1999-06-30,1999,6,0
NCL,1999-07-31,1999,7,0
NCL,1999-08-31,1999,8,0
NCL,1999-09-30,1999,9,0
NCL,1999-10-31,1999,10,0
NCL,1999-11-30,1999,11,0
NCL,1999-12-31,1999,12,0
NCL,2000-01-31,2000,1,0
NCL,2000-02-29,2000,2,0
NCL,2000-03-31,2000,3,0
NCL,2000-04-30,2000,4,0
NCL,2000-05-31,2000,5,0
NCL,2000-06-30,2000,6,0
NCL,2000-07-31,2000,7,0
NCL,2000-08-31,2000,8,0
NCL,2000-09-30,2000,9,0
NCL,2000-10-31,2000,10,0
NCL,2000-11-30,2000,11,0
NCL,2000-12-31,2000,12,0
NCL,2001-01-31,2001,1,0
NCL,2001-02-28,2001,2,0
NCL,2001-03-31,2001,3,0
NCL,2001-04-30,2001,4,0
NCL,2001-05-31,2001,5,0
NCL,2001-06-30,2001,6,0
NCL,2001-07-31,2001,7,0
NCL,2001-08-31,2001,8,0
NCL,2001-09-30,2001,9,0
NCL,2001-10-31,2001,10,0
NCL,2001-11-30,2001,11,0
NCL,2001-12-31,2001,12,0
NCL,2002-01-31,2002,1,0
NCL,2002-02-28,2002,2,0
NCL,2002-03-31,2002,3,0
NCL,2002-04-30,2002,4,0
NCL,2002-05-31,2002,5,0
NCL,2002-06-30,2002,6,0
NCL,2002-07-31,2002,7,0
NCL,2002-08-31,2002,8,0
NCL,2002-09-30,2002,9,0
NCL,2002-10-31,2002,10,0
NCL,2002-11-30,2002,11,0
NCL,2002-12-31,2002,12,0
NCL,2003-01-31,2003,1,0
NCL,2003-02-28,2003,2,0
NCL,2003-03-31,2003,3,0
NCL,2003-04-30,2003,4,0
NCL,2003-05-31,2003,5,0
NCL,2003-06-30,2003,6,0
NCL,2003-07-31,2003,7,0
NCL,2003-08-31,2003,8,0
NCL,2003-09-30,2003,9,0
NCL,2003-10-31,2003,10,0
NCL,2003-11-30,2003,11,0
NCL,2003-12-31,2003,12,0
NCL,2004-01-31,2004,1,0
NCL,2004-02-29,2004,2,0
NCL,2004-03-31,2004,3,0
NCL,2004-04-30,2004,4,0
NCL,2004-05-31,2004,5,0
NCL,2004-06-30,2004,6,0
NCL,2004-07-31,2004,7,0
NCL,2004-08-31,2004,8,0
NCL,2004-09-30,2004,9,0
NCL,2004-10-31,2004,10,0
NCL,2004-11-30,2004,11,0
NCL,2004-12-31,2004,12,0
NCL,2005-01-31,2005,1,0
NCL,2005-02-28,2005,2,0
NCL,2005-03-31,2005,3,0
NCL,2005-04-30,2005,4,0
NCL,2005-05-31,2005,5,0
NCL,2005-06-30,2005,6,0
NCL,2005-07-31,2005,7,0
NCL,2005-08-31,2005,8,0
NCL,2005-09-30,2005,9,0
NCL,2005-10-31,2005,10,0
NCL,2005-11-30,2005,11,0
NCL,2005-12-31,2005,12,0
NCL,2006-01-31,2006,1,0
NCL,2006-02-28,2006,2,0
NCL,2006-03-31,2006,3,0
NCL,2006-04-30,2006,4,0
NCL,2006-05-31,2006,5,0
NCL,2006-06-30,2006,6,0
NCL,2006-07-31,2006,7,0
NCL,2006-08-31,2006,8,0
NCL,2006-09-30,2006,9,0
NCL,2006-10-31,2006,10,0
NCL,2006-11-30,2006,11,0
NCL,2006-12-31,2006,12,0
NCL,2007-01-31,2007,1,0
NCL,2007-02-28,2007,2,0
NCL,2007-03-31,2007,3,0
NCL,2007-04-30,2007,4,0
NCL,2007-05-31,2007,5,0
NCL,2007-06-30,2007,6,0
NCL,2007-07-31,2007,7,0
NCL,2007-08-31,2007,8,0
NCL,2007-09-30,2007,9,0
NCL,2007-10-31,2007,10,0
NCL,2007-11-30,2007,11,0
NCL,2007-12-31,2007,12,0
NCL,2008-01-31,2008,1,0
NCL,2008-02-29,2008,2,0
NCL,2008-03-31,2008,3,0
NCL,2008-04-30,2008,4,0
NCL,2008-05-31,2008,5,0
NCL,2008-06-30,2008,6,0
NCL,2008-07-31,2008,7,0
NCL,2008-08-31,2008,8,0
NCL,2008-09-30,2008,9,0
NCL,2008-10-31,2008,10,0
NCL,2008-11-30,2008,11,0
NCL,2008-12-31,2008,12,0
NCL,2009-01-31,2009,1,0
NCL,2009-02-28,2009,2,0
NCL,2009-03-31,2009,3,0
NCL,2009-04-30,2009,4,0
NCL,2009-05-31,2009,5,0
NCL,2009-06-30,2009,6,0
NCL,2009-07-31,2009,7,0
NCL,2009-08-31,2009,8,0
NCL,2009-09-30,2009,9,0
NCL,2009-10-31,2009,10,0
NCL,2009-11-30,2009,11,0
NCL,2009-12-31,2009,12,0
NCL,2010-01-31,2010,1,0
NCL,2010-02-28,2010,2,0
NCL,2010-03-31,2010,3,0
NCL,2010-04-30,2010,4,0
NCL,2010-05-31,2010,5,0
NCL,2010-06-30,2010,6,0
NCL,2010-07-31,2010,7,0
NCL,2010-08-31,2010,8,0
NCL,2010-09-30,2010,9,0
NCL,2010-10-31,2010,10,0
NCL,2010-11-30,2010,11,0
NCL,2010-12-31,2010,12,0
NCL,2011-01-31,2011,1,0
NCL,2011-02-28,2011,2,0
NCL,2011-03-31,2011,3,0
NCL,2011-04-30,2011,4,0
NCL,2011-05-31,2011,5,0
NCL,2011-06-30,2011,6,0
NCL,2011-07-31,2011,7,0
NCL,2011-08-31,2011,8,0
NCL,2011-09-30,2011,9,0
NCL,2011-10-31,2011,10,0
NCL,2011-11-30,2011,11,0
NCL,2011-12-31,2011,12,0
NCL,2012-01-31,2012,1,0
NCL,2012-02-29,2012,2,0
NCL,2012-03-31,2012,3,0
NCL,2012-04-30,2012,4,0
NCL,2012-05-31,2012,5,0
NCL,2012-06-30,2012,6,0
NCL,2012-07-31,2012,7,0
NCL,2012-08-31,2012,8,0
NCL,2012-09-30,2012,9,0
NCL,2012-10-31,2012,10,0
NCL,2012-11-30,2012,11,0
NCL,2012-12-31,2012,12,0
NCL,2013-01-31,2013,1,0
NCL,2013-02-28,2013,2,0
NCL,2013-03-31,2013,3,0
NCL,2013-04-30,2013,4,0
NCL,2013-05-31,2013,5,0
NCL,2013-06-30,2013,6,0
NCL,2013-07-31,2013,7,0
NCL,2013-08-31,2013,8,0
NCL,2013-09-30,2013,9,0
NCL,2013-10-31,2013,10,0
NCL,2013-11-30,2013,11,0
NCL,2013-12-31,2013,12,0
NCL,2014-01-31,2014,1,0
NCL,2014-02-28,2014,2,0
NCL,2014-03-31,2014,3,0
NCL,2014-04-30,2014,4,0
NCL,2014-05-31,2014,5,0
NCL,2014-06-30,2014,6,0
NCL,2014-07-31,2014,7,0
NCL,2014-08-31,2014,8,0
NCL,2014-09-30,2014,9,0
NCL,2014-10-31,2014,10,0
NCL,2014-11-30,2014,11,0
NCL,2014-12-31,2014,12,0
NCL,2015-01-31,2015,1,0
NCL,2015-02-28,2015,2,0
NCL,2015-03-31,2015,3,0
NCL,2015-04-30,2015,4,0
NCL,2015-05-31,2015,5,0
NCL,2015-06-30,2015,6,0
NCL,2015-07-31,2015,7,0
NCL,2015-08-31,2015,8,0
NCL,2015-09-30,2015,9,0
NCL,2015-10-31,2015,10,0
NCL,2015-11-30,2015,11,0
NCL,2015-12-31,2015,12,0
NCL,2016-01-31,2016,1,0
NCL,2016-02-29,2016,2,0
NCL,2016-03-31,2016,3,0
NCL,2016-04-30,2016,4,0
NCL,2016-05-31,2016,5,0
NCL,2016-06-30,2016,6,0
NCL,2016-07-31,2016,7,0
NCL,2016-08-31,2016,8,0
NCL,2016-09-30,2016,9,0
NCL,2016-10-31,2016,10,0
NCL,2016-11-30,2016,11,0
NCL,2016-12-31,2016,12,0
NER,1990-01-31,1990,1,0
NER,1990-02-28,1990,2,0
NER,1990-03-31,1990,3,0
NER,1990-04-30,1990,4,0
NER,1990-05-31,1990,5,0
NER,1990-06-30,1990,6,0
NER,1990-07-31,1990,7,0
NER,1990-08-31,1990,8,0
NER,1990-09-30,1990,9,0
NER,1990-10-31,1990,10,0
NER,1990-11-30,1990,11,0
NER,1990-12-31,1990,12,0
NER,1991-01-31,1991,1,0
NER,1991-02-28,1991,2,0
NER,1991-03-31,1991,3,0
NER,1991-04-30,1991,4,0
NER,1991-05-31,1991,5,0
NER,1991-06-30,1991,6,0
NER,1991-07-31,1991,7,0
NER,1991-08-31,1991,8,0
NER,1991-09-30,1991,9,0
NER,1991-10-31,1991,10,0
NER,1991-11-30,1991,11,0
NER,1991-12-31,1991,12,0
NER,1992-01-31,1992,1,0
NER,1992-02-29,1992,2,0
NER,1992-03-31,1992,3,0
NER,1992-04-30,1992,4,0
NER,1992-05-31,1992,5,0
NER,1992-06-30,1992,6,0
NER,1992-07-31,1992,7,0
NER,1992-08-31,1992,8,0
NER,1992-09-30,1992,9,0
NER,1992-10-31,1992,10,0
NER,1992-11-30,1992,11,0
NER,1992-12-31,1992,12,0
NER,1993-01-31,1993,1,1
NER,1993-02-28,1993,2,1
NER,1993-03-31,1993,3,1
NER,1993-04-30,1993,4,1
NER,1993-05-31,1993,5,1
NER,1993-06-30,1993,6,1
NER,1993-07-31,1993,7,1
NER,1993-08-31,1993,8,1
NER,1993-09-30,1993,9,1
NER,1993-10-31,1993,10,1
NER,1993-11-30,1993,11,1
NER,1993-12-31,1993,12,1
NER,1994-01-31,1994,1,0
NER,1994-02-28,1994,2,0
NER,1994-03-31,1994,3,0
NER,1994-04-30,1994,4,0
NER,1994-05-31,1994,5,0
NER,1994-06-30,1994,6,0
NER,1994-07-31,1994,7,0
NER,1994-08-31,1994,8,0
NER,1994-09-30,1994,9,0
NER,1994-10-31,1994,10,0
NER,1994-11-30,1994,11,0
NER,1994-12-31,1994,12,0
NER,1995-01-31,1995,1,0
NER,1995-02-28,1995,2,0
NER,1995-03-31,1995,3,0
NER,1995-04-30,1995,4,0
NER,1995-05-31,1995,5,0
NER,1995-06-30,1995,6,0
NER,1995-07-31,1995,7,0
NER,1995-08-31,1995,8,0
NER,1995-09-30,1995,9,0
NER,1995-10-31,1995,10,0
NER,1995-11-30,1995,11,0
NER,1995-12-31,1995,12,0
NER,1996-01-31,1996,1,0
NER,1996-02-29,1996,2,0
NER,1996-03-31,1996,3,0
NER,1996-04-30,1996,4,0
NER,1996-05-31,1996,5,0
NER,1996-06-30,1996,6,0
NER,1996-07-31,1996,7,0
NER,1996-08-31,1996,8,0
NER,1996-09-30,1996,9,0
NER,1996-10-31,1996,10,0
NER,1996-11-30,1996,11,0
NER,1996-12-31,1996,12,0
NER,1997-01-31,1997,1,0
NER,1997-02-28,1997,2,0
NER,1997-03-31,1997,3,0
NER,1997-04-30,1997,4,0
NER,1997-05-31,1997,5,0
NER,1997-06-30,1997,6,0
NER,1997-07-31,1997,7,0
NER,1997-08-31,1997,8,0
NER,1997-09-30,1997,9,0
NER,1997-10-31,1997,10,0
NER,1997-11-30,1997,11,0
NER,1997-12-31,1997,12,0
NER,1998-01-31,1998,1,0
NER,1998-02-28,1998,2,0
NER,1998-03-31,1998,3,0
NER,1998-04-30,1998,4,0
NER,1998-05-31,1998,5,0
NER,1998-06-30,1998,6,0
NER,1998-07-31,1998,7,0
NER,1998-08-31,1998,8,0
NER,1998-09-30,1998,9,0
NER,1998-10-31,1998,10,0
NER,1998-11-30,1998,11,0
NER,1998-12-31,1998,12,0
NER,1999-01-31,1999,1,0
NER,1999-02-28,1999,2,0
NER,1999-03-31,1999,3,0
NER,1999-04-30,1999,4,0
NER,1999-05-31,1999,5,0
NER,1999-06-30,1999,6,0
NER,1999-07-31,1999,7,0
NER,1999-08-31,1999,8,0
NER,1999-09-30,1999,9,0
NER,1999-10-31,1999,10,0
NER,1999-11-30,1999,11,0
NER,1999-12-31,1999,12,0
NER,2000-01-31,2000,1,0
NER,2000-02-29,2000,2,0
NER,2000-03-31,2000,3,0
NER,2000-04-30,2000,4,0
NER,2000-05-31,2000,5,0
NER,2000-06-30,2000,6,0
NER,2000-07-31,2000,7,0
NER,2000-08-31,2000,8,0
NER,2000-09-30,2000,9,0
NER,2000-10-31,2000,10,0
NER,2000-11-30,2000,11,0
NER,2000-12-31,2000,12,0
NER,2001-01-31,2001,1,0
NER,2001-02-28,2001,2,0
NER,2001-03-31,2001,3,0
NER,2001-04-30,2001,4,0
NER,2001-05-31,2001,5,0
NER,2001-06-30,2001,6,0
NER,2001-07-31,2001,7,0
NER,2001-08-31,2001,8,0
NER,2001-09-30,2001,9,0
NER,2001-10-31,2001,10,0
NER,2001-11-30,2001,11,0
NER,2001-12-31,2001,12,0
NER,2002-01-31,2002,1,0
NER,2002-02-28,2002,2,0
NER,2002-03-31,2002,3,0
NER,2002-04-30,2002,4,0
NER,2002-05-31,2002,5,0
NER,2002-06-30,2002,6,0
NER,2002-07-31,2002,7,0
NER,2002-08-31,2002,8,0
NER,2002-09-30,2002,9,0
NER,2002-10-31,2002,10,0
NER,2002-11-30,2002,11,0
NER,2002-12-31,2002,12,0
NER,2003-01-31,2003,1,0
NER,2003-02-28,2003,2,0
NER,2003-03-31,2003,3,0
NER,2003-04-30,2003,4,0
NER,2003-05-31,2003,5,0
NER,2003-06-30,2003,6,0
NER,2003-07-31,2003,7,0
NER,2003-08-31,2003,8,0
NER,2003-09-30,2003,9,0
NER,2003-10-31,2003,10,0
NER,2003-11-30,2003,11,0
NER,2003-12-31,2003,12,0
NER,2004-01-31,2004,1,0
NER,2004-02-29,2004,2,0
NER,2004-03-31,2004,3,0
NER,2004-04-30,2004,4,0
NER,2004-05-31,2004,5,0
NER,2004-06-30,2004,6,0
NER,2004-07-31,2004,7,0
NER,2004-08-31,2004,8,0
NER,2004-09-30,2004,9,0
NER,2004-10-31,2004,10,0
NER,2004-11-30,2004,11,0
NER,2004-12-31,2004,12,0
NER,2005-01-31,2005,1,0
NER,2005-02-28,2005,2,0
NER,2005-03-31,2005,3,0
NER,2005-04-30,2005,4,0
NER,2005-05-31,2005,5,0
NER,2005-06-30,2005,6,0
NER,2005-07-31,2005,7,0
NER,2005-08-31,2005,8,0
NER,2005-09-30,2005,9,0
NER,2005-10-31,2005,10,0
NER,2005-11-30,2005,11,0
NER,2005-12-31,2005,12,0
NER,2006-01-31,2006,1,0
NER,2006-02-28,2006,2,0
NER,2006-03-31,2006,3,0
NER,2006-04-30,2006,4,0
NER,2006-05-31,2006,5,0
NER,2006-06-30,2006,6,0
NER,2006-07-31,2006,7,0
NER,2006-08-31,2006,8,0
NER,2006-09-30,2006,9,0
NER,2006-10-31,2006,10,0
NER,2006-11-30,2006,11,0
NER,2006-12-31,2006,12,0
NER,2007-01-31,2007,1,0
NER,2007-02-28,2007,2,0
NER,2007-03-31,2007,3,0
NER,2007-04-30,2007,4,0
NER,2007-05-31,2007,5,0
NER,2007-06-30,2007,6,0
NER,2007-07-31,2007,7,0
NER,2007-08-31,2007,8,0
NER,2007-09-30,2007,9,0
NER,2007-10-31,2007,10,0
NER,2007-11-30,2007,11,0
NER,2007-12-31,2007,12,0
NER,2008-01-31,2008,1,0
NER,2008-02-29,2008,2,0
NER,2008-03-31,2008,3,0
NER,2008-04-30,2008,4,0
NER,2008-05-31,2008,5,0
NER,2008-06-30,2008,6,0
NER,2008-07-31,2008,7,0
NER,2008-08-31,2008,8,0
NER,2008-09-30,2008,9,0
NER,2008-10-31,2008,10,0
NER,2008-11-30,2008,11,0
NER,2008-12-31,2008,12,0
NER,2009-01-31,2009,1,0
NER,2009-02-28,2009,2,0
NER,2009-03-31,2009,3,0
NER,2009-04-30,2009,4,0
NER,2009-05-31,2009,5,0
NER,2009-06-30,2009,6,0
NER,2009-07-31,2009,7,0
NER,2009-08-31,2009,8,0
NER,2009-09-30,2009,9,0
NER,2009-10-31,2009,10,0
NER,2009-11-30,2009,11,0
NER,2009-12-31,2009,12,0
NER,2010-01-31,2010,1,0
NER,2010-02-28,2010,2,0
NER,2010-03-31,2010,3,0
NER,2010-04-30,2010,4,0
NER,2010-05-31,2010,5,0
NER,2010-06-30,2010,6,0
NER,2010-07-31,2010,7,0
NER,2010-08-31,2010,8,0
NER,2010-09-30,2010,9,0
NER,2010-10-31,2010,10,0
NER,2010-11-30,2010,11,0
NER,2010-12-31,2010,12,0
NER,2011-01-31,2011,1,0
NER,2011-02-28,2011,2,0
NER,2011-03-31,2011,3,0
NER,2011-04-30,2011,4,0
NER,2011-05-31,2011,5,0
NER,2011-06-30,2011,6,0
NER,2011-07-31,2011,7,0
NER,2011-08-31,2011,8,0
NER,2011-09-30,2011,9,0
NER,2011-10-31,2011,10,0
NER,2011-11-30,2011,11,0
NER,2011-12-31,2011,12,0
NER,2012-01-31,2012,1,0
NER,2012-02-29,2012,2,0
NER,2012-03-31,2012,3,0
NER,2012-04-30,2012,4,0
NER,2012-05-31,2012,5,0
NER,2012-06-30,2012,6,0
NER,2012-07-31,2012,7,0
NER,2012-08-31,2012,8,0
NER,2012-09-30,2012,9,0
NER,2012-10-31,2012,10,0
NER,2012-11-30,2012,11,0
NER,2012-12-31,2012,12,0
NER,2013-01-31,2013,1,0
NER,2013-02-28,2013,2,0
NER,2013-03-31,2013,3,0
NER,2013-04-30,2013,4,0
NER,2013-05-31,2013,5,0
NER,2013-06-30,2013,6,0
NER,2013-07-31,2013,7,0
NER,2013-08-31,2013,8,0
NER,2013-09-30,2013,9,0
NER,2013-10-31,2013,10,0
NER,2013-11-30,2013,11,0
NER,2013-12-31,2013,12,0
NER,2014-01-31,2014,1,0
NER,2014-02-28,2014,2,0
NER,2014-03-31,2014,3,0
NER,2014-04-30,2014,4,0
NER,2014-05-31,2014,5,0
NER,2014-06-30,2014,6,0
NER,2014-07-31,2014,7,0
NER,2014-08-31,2014,8,0
NER,2014-09-30,2014,9,0
NER,2014-10-31,2014,10,0
NER,2014-11-30,2014,11,0
NER,2014-12-31,2014,12,0
NER,2015-01-31,2015,1,0
NER,2015-02-28,2015,2,0
NER,2015-03-31,2015,3,0
NER,2015-04-30,2015,4,0
NER,2015-05-31,2015,5,0
NER,2015-06-30,2015,6,0
NER,2015-07-31,2015,7,0
NER,2015-08-31,2015,8,0
NER,2015-09-30,2015,9,0
NER,2015-10-31,2015,10,0
NER,2015-11-30,2015,11,0
NER,2015-12-31,2015,12,0
NER,2016-01-31,2016,1,0
NER,2016-02-29,2016,2,0
NER,2016-03-31,2016,3,0
NER,2016-04-30,2016,4,0
NER,2016-05-31,2016,5,0
NER,2016-06-30,2016,6,0
NER,2016-07-31,2016,7,0
NER,2016-08-31,2016,8,0
NER,2016-09-30,2016,9,0
NER,2016-10-31,2016,10,0
NER,2016-11-30,2016,11,0
NER,2016-12-31,2016,12,0
NGA,1990-01-31,1990,1,0
NGA,1990-02-28,1990,2,0
NGA,1990-03-31,1990,3,0
NGA,1990-04-30,1990,4,0
NGA,1990-05-31,1990,5,0
NGA,1990-06-30,1990,6,0
NGA,1990-07-31,1990,7,0
NGA,1990-08-31,1990,8,0
NGA,1990-09-30,1990,9,0
NGA,1990-10-31,1990,10,0
NGA,1990-11-30,1990,11,0
NGA,1990-12-31,1990,12,0
NGA,1991-01-31,1991,1,0
NGA,1991-02-28,1991,2,0
NGA,1991-03-31,1991,3,0
NGA,1991-04-30,1991,4,0
NGA,1991-05-31,1991,5,0
NGA,1991-06-30,1991,6,0
NGA,1991-07-31,1991,7,0
NGA,1991-08-31,1991,8,0
NGA,1991-09-30,1991,9,0
NGA,1991-10-31,1991,10,0
NGA,1991-11-30,1991,11,0
NGA,1991-12-31,1991,12,0
NGA,1992-01-31,1992,1,0
NGA,1992-02-29,1992,2,0
NGA,1992-03-31,1992,3,0
NGA,1992-04-30,1992,4,0
NGA,1992-05-31,1992,5,0
NGA,1992-06-30,1992,6,0
NGA,1992-07-31,1992,7,0
NGA,1992-08-31,1992,8,0
NGA,1992-09-30,1992,9,0
NGA,1992-10-31,1992,10,0
NGA,1992-11-30,1992,11,0
NGA,1992-12-31,1992,12,0
NGA,1993-01-31,1993,1,0
NGA,1993-02-28,1993,2,0
NGA,1993-03-31,1993,3,0
NGA,1993-04-30,1993,4,0
NGA,1993-05-31,1993,5,0
NGA,1993-06-30,1993,6,0
NGA,1993-07-31,1993,7,0
NGA,1993-08-31,1993,8,0
NGA,1993-09-30,1993,9,0
NGA,1993-10-31,1993,10,0
NGA,1993-11-30,1993,11,0
NGA,1993-12-31,1993,12,0
NGA,1994-01-31,1994,1,0
NGA,1994-02-28,1994,2,0
NGA,1994-03-31,1994,3,0
NGA,1994-04-30,1994,4,0
NGA,1994-05-31,1994,5,0
NGA,1994-06-30,1994,6,0
NGA,1994-07-31,1994,7,0
NGA,1994-08-31,1994,8,0
NGA,1994-09-30,1994,9,0
NGA,1994-10-31,1994,10,0
NGA,1994-11-30,1994,11,0
NGA,1994-12-31,1994,12,0
NGA,1995-01-31,1995,1,0
NGA,1995-02-28,1995,2,0
NGA,1995-03-31,1995,3,0
NGA,1995-04-30,1995,4,0
NGA,1995-05-31,1995,5,0
NGA,1995-06-30,1995,6,0
NGA,1995-07-31,1995,7,0
NGA,1995-08-31,1995,8,0
NGA,1995-09-30,1995,9,0
NGA,1995-10-31,1995,10,0
NGA,1995-11-30,1995,11,0
NGA,1995-12-31,1995,12,0
NGA,1996-01-31,1996,1,1
NGA,1996-02-29,1996,2,1
NGA,1996-03-31,1996,3,1
NGA,1996-04-30,1996,4,1
NGA,1996-05-31,1996,5,1
NGA,1996-06-30,1996,6,1
NGA,1996-07-31,1996,7,1
NGA,1996-08-31,1996,8,1
NGA,1996-09-30,1996,9,1
NGA,1996-10-31,1996,10,1
NGA,1996-11-30,1996,11,1
NGA,1996-12-31,1996,12,1
NGA,1997-01-31,1997,1,0
NGA,1997-02-28,1997,2,0
NGA,1997-03-31,1997,3,0
NGA,1997-04-30,1997,4,0
NGA,1997-05-31,1997,5,0
NGA,1997-06-30,1997,6,0
NGA,1997-07-31,1997,7,0
NGA,1997-08-31,1997,8,0
NGA,1997-09-30,1997,9,0
NGA,1997-10-31,1997,10,0
NGA,1997-11-30,1997,11,0
NGA,1997-12-31,1997,12,0
NGA,1998-01-31,1998,1,0
NGA,1998-02-28,1998,2,0
NGA,1998-03-31,1998,3,0
NGA,1998-04-30,1998,4,0
NGA,1998-05-31,1998,5,0
NGA,1998-06-30,1998,6,0
NGA,1998-07-31,1998,7,0
NGA,1998-08-31,1998,8,0
NGA,1998-09-30,1998,9,0
NGA,1998-10-31,1998,10,0
NGA,1998-11-30,1998,11,0
NGA,1998-12-31,1998,12,0
NGA,1999-01-31,1999,1,0
NGA,1999-02-28,1999,2,0
NGA,1999-03-31,1999,3,0
NGA,1999-04-30,1999,4,0
NGA,1999-05-31,1999,5,0
NGA,1999-06-30,1999,6,0
NGA,1999-07-31,1999,7,0
NGA,1999-08-31,1999,8,0
NGA,1999-09-30,1999,9,0
NGA,1999-10-31,1999,10,0
NGA,1999-11-30,1999,11,0
NGA,1999-12-31,1999,12,0
NGA,2000-01-31,2000,1,0
NGA,2000-02-29,2000,2,0
NGA,2000-03-31,2000,3,0
NGA,2000-04-30,2000,4,0
NGA,2000-05-31,2000,5,0
NGA,2000-06-30,2000,6,0
NGA,2000-07-31,2000,7,0
NGA,2000-08-31,2000,8,0
NGA,2000-09-30,2000,9,0
NGA,2000-10-31,2000,10,0
NGA,2000-11-30,2000,11,0
NGA,2000-12-31,2000,12,0
NGA,2001-01-31,2001,1,0
NGA,2001-02-28,2001,2,0
NGA,2001-03-31,2001,3,0
NGA,2001-04-30,2001,4,0
NGA,2001-05-31,2001,5,0
NGA,2001-06-30,2001,6,0
NGA,2001-07-31,2001,7,0
NGA,2001-08-31,2001,8,0
NGA,2001-09-30,2001,9,0
NGA,2001-10-31,2001,10,0
NGA,2001-11-30,2001,11,0
NGA,2001-12-31,2001,12,0
NGA,2002-01-31,2002,1,0
NGA,2002-02-28,2002,2,0
NGA,2002-03-31,2002,3,0
NGA,2002-04-30,2002,4,0
NGA,2002-05-31,2002,5,0
NGA,2002-06-30,2002,6,0
NGA,2002-07-31,2002,7,0
NGA,2002-08-31,2002,8,0
NGA,2002-09-30,2002,9,0
NGA,2002-10-31,2002,10,0
NGA,2002-11-30,2002,11,0
NGA,2002-12-31,2002,12,0
NGA,2003-01-31,2003,1,0
NGA,2003-02-28,2003,2,0
NGA,2003-03-31,2003,3,0
NGA,2003-04-30,2003,4,0
NGA,2003-05-31,2003,5,0
NGA,2003-06-30,2003,6,0
NGA,2003-07-31,2003,7,0
NGA,2003-08-31,2003,8,0
NGA,2003-09-30,2003,9,0
NGA,2003-10-31,2003,10,0
NGA,2003-11-30,2003,11,0
NGA,2003-12-31,2003,12,0
NGA,2004-01-31,2004,1,0
NGA,2004-02-29,2004,2,0
NGA,2004-03-31,2004,3,0
NGA,2004-04-30,2004,4,0
NGA,2004-05-31,2004,5,0
NGA,2004-06-30,2004,6,0
NGA,2004-07-31,2004,7,0
NGA,2004-08-31,2004,8,0
NGA,2004-09-30,2004,9,0
NGA,2004-10-31,2004,10,0
NGA,2004-11-30,2004,11,0
NGA,2004-12-31,2004,12,0
NGA,2005-01-31,2005,1,0
NGA,2005-02-28,2005,2,0
NGA,2005-03-31,2005,3,0
NGA,2005-04-30,2005,4,0
NGA,2005-05-31,2005,5,0
NGA,2005-06-30,2005,6,0
NGA,2005-07-31,2005,7,0
NGA,2005-08-31,2005,8,0
NGA,2005-09-30,2005,9,0
NGA,2005-10-31,2005,10,0
NGA,2005-11-30,2005,11,0
NGA,2005-12-31,2005,12,0
NGA,2006-01-31,2006,1,0
NGA,2006-02-28,2006,2,0
NGA,2006-03-31,2006,3,0
NGA,2006-04-30,2006,4,0
NGA,2006-05-31,2006,5,0
NGA,2006-06-30,2006,6,0
NGA,2006-07-31,2006,7,0
NGA,2006-08-31,2006,8,0
NGA,2006-09-30,2006,9,0
NGA,2006-10-31,2006,10,0
NGA,2006-11-30,2006,11,0
NGA,2006-12-31,2006,12,0
NGA,2007-01-31,2007,1,0
NGA,2007-02-28,2007,2,0
NGA,2007-03-31,2007,3,0
NGA,2007-04-30,2007,4,0
NGA,2007-05-31,2007,5,0
NGA,2007-06-30,2007,6,0
NGA,2007-07-31,2007,7,0
NGA,2007-08-31,2007,8,0
NGA,2007-09-30,2007,9,0
NGA,2007-10-31,2007,10,0
NGA,2007-11-30,2007,11,0
NGA,2007-12-31,2007,12,0
NGA,2008-01-31,2008,1,0
NGA,2008-02-29,2008,2,0
NGA,2008-03-31,2008,3,0
NGA,2008-04-30,2008,4,0
NGA,2008-05-31,2008,5,0
NGA,2008-06-30,2008,6,0
NGA,2008-07-31,2008,7,0
NGA,2008-08-31,2008,8,0
NGA,2008-09-30,2008,9,0
NGA,2008-10-31,2008,10,0
NGA,2008-11-30,2008,11,0
NGA,2008-12-31,2008,12,0
NGA,2009-01-31,2009,1,0
NGA,2009-02-28,2009,2,0
NGA,2009-03-31,2009,3,0
NGA,2009-04-30,2009,4,0
NGA,2009-05-31,2009,5,0
NGA,2009-06-30,2009,6,0
NGA,2009-07-31,2009,7,0
NGA,2009-08-31,2009,8,0
NGA,2009-09-30,2009,9,0
NGA,2009-10-31,2009,10,0
NGA,2009-11-30,2009,11,0
NGA,2009-12-31,2009,12,0
NGA,2010-01-31,2010,1,0
NGA,2010-02-28,2010,2,0
NGA,2010-03-31,2010,3,0
NGA,2010-04-30,2010,4,0
NGA,2010-05-31,2010,5,0
NGA,2010-06-30,2010,6,0
NGA,2010-07-31,2010,7,0
NGA,2010-08-31,2010,8,0
NGA,2010-09-30,2010,9,0
NGA,2010-10-31,2010,10,0
NGA,2010-11-30,2010,11,0
NGA,2010-12-31,2010,12,0
NGA,2011-01-31,2011,1,0
NGA,2011-02-28,2011,2,0
NGA,2011-03-31,2011,3,0
NGA,2011-04-30,2011,4,0
NGA,2011-05-31,2011,5,0
NGA,2011-06-30,2011,6,0
NGA,2011-07-31,2011,7,0
NGA,2011-08-31,2011,8,0
NGA,2011-09-30,2011,9,0
NGA,2011-10-31,2011,10,0
NGA,2011-11-30,2011,11,0
NGA,2011-12-31,2011,12,0
NGA,2012-01-31,2012,1,0
NGA,2012-02-29,2012,2,0
NGA,2012-03-31,2012,3,0
NGA,2012-04-30,2012,4,0
NGA,2012-05-31,2012,5,0
NGA,2012-06-30,2012,6,0
NGA,2012-07-31,2012,7,0
NGA,2012-08-31,2012,8,0
NGA,2012-09-30,2012,9,0
NGA,2012-10-31,2012,10,0
NGA,2012-11-30,2012,11,0
NGA,2012-12-31,2012,12,0
NGA,2013-01-31,2013,1,0
NGA,2013-02-28,2013,2,0
NGA,2013-03-31,2013,3,0
NGA,2013-04-30,2013,4,0
NGA,2013-05-31,2013,5,0
NGA,2013-06-30,2013,6,0
NGA,2013-07-31,2013,7,0
NGA,2013-08-31,2013,8,0
NGA,2013-09-30,2013,9,0
NGA,2013-10-31,2013,10,0
NGA,2013-11-30,2013,11,0
NGA,2013-12-31,2013,12,0
NGA,2014-01-31,2014,1,0
NGA,2014-02-28,2014,2,0
NGA,2014-03-31,2014,3,0
NGA,2014-04-30,2014,4,0
NGA,2014-05-31,2014,5,0
NGA,2014-06-30,2014,6,0
NGA,2014-07-31,2014,7,0
NGA,2014-08-31,2014,8,0
NGA,2014-09-30,2014,9,0
NGA,2014-10-31,2014,10,0
NGA,2014-11-30,2014,11,0
NGA,2014-12-31,2014,12,0
NGA,2015-01-31,2015,1,1
NGA,2015-02-28,2015,2,1
NGA,2015-03-31,2015,3,1
NGA,2015-04-30,2015,4,1
NGA,2015-05-31,2015,5,1
NGA,2015-06-30,2015,6,1
NGA,2015-07-31,2015,7,1
NGA,2015-08-31,2015,8,1
NGA,2015-09-30,2015,9,1
NGA,2015-10-31,2015,10,1
NGA,2015-11-30,2015,11,1
NGA,2015-12-31,2015,12,1
NGA,2016-01-31,2016,1,0
NGA,2016-02-29,2016,2,0
NGA,2016-03-31,2016,3,0
NGA,2016-04-30,2016,4,0
NGA,2016-05-31,2016,5,0
NGA,2016-06-30,2016,6,0
NGA,2016-07-31,2016,7,0
NGA,2016-08-31,2016,8,0
NGA,2016-09-30,2016,9,0
NGA,2016-10-31,2016,10,0
NGA,2016-11-30,2016,11,0
NGA,2016-12-31,2016,12,0
NIC,1990-01-31,1990,1,0
NIC,1990-02-28,1990,2,0
NIC,1990-03-31,1990,3,0
NIC,1990-04-30,1990,4,0
NIC,1990-05-31,1990,5,0
NIC,1990-06-30,1990,6,0
NIC,1990-07-31,1990,7,0
NIC,1990-08-31,1990,8,0
NIC,1990-09-30,1990,9,0
NIC,1990-10-31,1990,10,0
NIC,1990-11-30,1990,11,0
NIC,1990-12-31,1990,12,0
NIC,1991-01-31,1991,1,0
NIC,1991-02-28,1991,2,0
NIC,1991-03-31,1991,3,0
NIC,1991-04-30,1991,4,0
NIC,1991-05-31,1991,5,0
NIC,1991-06-30,1991,6,0
NIC,1991-07-31,1991,7,0
NIC,1991-08-31,1991,8,0
NIC,1991-09-30,1991,9,0
NIC,1991-10-31,1991,10,0
NIC,1991-11-30,1991,11,0
NIC,1991-12-31,1991,12,0
NIC,1992-01-31,1992,1,0
NIC,1992-02-29,1992,2,0
NIC,1992-03-31,1992,3,0
NIC,1992-04-30,1992,4,0
NIC,1992-05-31,1992,5,0
NIC,1992-06-30,1992,6,0
NIC,1992-07-31,1992,7,0
NIC,1992-08-31,1992,8,0
NIC,1992-09-30,1992,9,0
NIC,1992-10-31,1992,10,0
NIC,1992-11-30,1992,11,0
NIC,1992-12-31,1992,12,0
NIC,1993-01-31,1993,1,0
NIC,1993-02-28,1993,2,0
NIC,1993-03-31,1993,3,0
NIC,1993-04-30,1993,4,0
NIC,1993-05-31,1993,5,0
NIC,1993-06-30,1993,6,0
NIC,1993-07-31,1993,7,0
NIC,1993-08-31,1993,8,0
NIC,1993-09-30,1993,9,0
NIC,1993-10-31,1993,10,0
NIC,1993-11-30,1993,11,0
NIC,1993-12-31,1993,12,0
NIC,1994-01-31,1994,1,0
NIC,1994-02-28,1994,2,0
NIC,1994-03-31,1994,3,0
NIC,1994-04-30,1994,4,0
NIC,1994-05-31,1994,5,0
NIC,1994-06-30,1994,6,0
NIC,1994-07-31,1994,7,0
NIC,1994-08-31,1994,8,0
NIC,1994-09-30,1994,9,0
NIC,1994-10-31,1994,10,0
NIC,1994-11-30,1994,11,0
NIC,1994-12-31,1994,12,0
NIC,1995-01-31,1995,1,0
NIC,1995-02-28,1995,2,0
NIC,1995-03-31,1995,3,0
NIC,1995-04-30,1995,4,0
NIC,1995-05-31,1995,5,0
NIC,1995-06-30,1995,6,0
NIC,1995-07-31,1995,7,0
NIC,1995-08-31,1995,8,0
NIC,1995-09-30,1995,9,0
NIC,1995-10-31,1995,10,0
NIC,1995-11-30,1995,11,0
NIC,1995-12-31,1995,12,0
NIC,1996-01-31,1996,1,0
NIC,1996-02-29,1996,2,0
NIC,1996-03-31,1996,3,0
NIC,1996-04-30,1996,4,0
NIC,1996-05-31,1996,5,0
NIC,1996-06-30,1996,6,0
NIC,1996-07-31,1996,7,0
NIC,1996-08-31,1996,8,0
NIC,1996-09-30,1996,9,0
NIC,1996-10-31,1996,10,0
NIC,1996-11-30,1996,11,0
NIC,1996-12-31,1996,12,0
NIC,1997-01-31,1997,1,0
NIC,1997-02-28,1997,2,0
NIC,1997-03-31,1997,3,0
NIC,1997-04-30,1997,4,0
NIC,1997-05-31,1997,5,0
NIC,1997-06-30,1997,6,0
NIC,1997-07-31,1997,7,0
NIC,1997-08-31,1997,8,0
NIC,1997-09-30,1997,9,0
NIC,1997-10-31,1997,10,0
NIC,1997-11-30,1997,11,0
NIC,1997-12-31,1997,12,0
NIC,1998-01-31,1998,1,0
NIC,1998-02-28,1998,2,0
NIC,1998-03-31,1998,3,0
NIC,1998-04-30,1998,4,0
NIC,1998-05-31,1998,5,0
NIC,1998-06-30,1998,6,0
NIC,1998-07-31,1998,7,0
NIC,1998-08-31,1998,8,0
NIC,1998-09-30,1998,9,0
NIC,1998-10-31,1998,10,0
NIC,1998-11-30,1998,11,0
NIC,1998-12-31,1998,12,0
NIC,1999-01-31,1999,1,0
NIC,1999-02-28,1999,2,0
NIC,1999-03-31,1999,3,0
NIC,1999-04-30,1999,4,0
NIC,1999-05-31,1999,5,0
NIC,1999-06-30,1999,6,0
NIC,1999-07-31,1999,7,0
NIC,1999-08-31,1999,8,0
NIC,1999-09-30,1999,9,0
NIC,1999-10-31,1999,10,0
NIC,1999-11-30,1999,11,0
NIC,1999-12-31,1999,12,0
NIC,2000-01-31,2000,1,0
NIC,2000-02-29,2000,2,0
NIC,2000-03-31,2000,3,0
NIC,2000-04-30,2000,4,0
NIC,2000-05-31,2000,5,0
NIC,2000-06-30,2000,6,0
NIC,2000-07-31,2000,7,0
NIC,2000-08-31,2000,8,0
NIC,2000-09-30,2000,9,0
NIC,2000-10-31,2000,10,0
NIC,2000-11-30,2000,11,0
NIC,2000-12-31,2000,12,0
NIC,2001-01-31,2001,1,0
NIC,2001-02-28,2001,2,0
NIC,2001-03-31,2001,3,0
NIC,2001-04-30,2001,4,0
NIC,2001-05-31,2001,5,0
NIC,2001-06-30,2001,6,0
NIC,2001-07-31,2001,7,0
NIC,2001-08-31,2001,8,0
NIC,2001-09-30,2001,9,0
NIC,2001-10-31,2001,10,0
NIC,2001-11-30,2001,11,0
NIC,2001-12-31,2001,12,0
NIC,2002-01-31,2002,1,0
NIC,2002-02-28,2002,2,0
NIC,2002-03-31,2002,3,0
NIC,2002-04-30,2002,4,0
NIC,2002-05-31,2002,5,0
NIC,2002-06-30,2002,6,0
NIC,2002-07-31,2002,7,0
NIC,2002-08-31,2002,8,0
NIC,2002-09-30,2002,9,0
NIC,2002-10-31,2002,10,0
NIC,2002-11-30,2002,11,0
NIC,2002-12-31,2002,12,0
NIC,2003-01-31,2003,1,0
NIC,2003-02-28,2003,2,0
NIC,2003-03-31,2003,3,0
NIC,2003-04-30,2003,4,0
NIC,2003-05-31,2003,5,0
NIC,2003-06-30,2003,6,0
NIC,2003-07-31,2003,7,0
NIC,2003-08-31,2003,8,0
NIC,2003-09-30,2003,9,0
NIC,2003-10-31,2003,10,0
NIC,2003-11-30,2003,11,0
NIC,2003-12-31,2003,12,0
NIC,2004-01-31,2004,1,0
NIC,2004-02-29,2004,2,0
NIC,2004-03-31,2004,3,0
NIC,2004-04-30,2004,4,0
NIC,2004-05-31,2004,5,0
NIC,2004-06-30,2004,6,0
NIC,2004-07-31,2004,7,0
NIC,2004-08-31,2004,8,0
NIC,2004-09-30,2004,9,0
NIC,2004-10-31,2004,10,0
NIC,2004-11-30,2004,11,0
NIC,2004-12-31,2004,12,0
NIC,2005-01-31,2005,1,0
NIC,2005-02-28,2005,2,0
NIC,2005-03-31,2005,3,0
NIC,2005-04-30,2005,4,0
NIC,2005-05-31,2005,5,0
NIC,2005-06-30,2005,6,0
NIC,2005-07-31,2005,7,0
NIC,2005-08-31,2005,8,0
NIC,2005-09-30,2005,9,0
NIC,2005-10-31,2005,10,0
NIC,2005-11-30,2005,11,0
NIC,2005-12-31,2005,12,0
NIC,2006-01-31,2006,1,0
NIC,2006-02-28,2006,2,0
NIC,2006-03-31,2006,3,0
NIC,2006-04-30,2006,4,0
NIC,2006-05-31,2006,5,0
NIC,2006-06-30,2006,6,0
NIC,2006-07-31,2006,7,0
NIC,2006-08-31,2006,8,0
NIC,2006-09-30,2006,9,0
NIC,2006-10-31,2006,10,0
NIC,2006-11-30,2006,11,0
NIC,2006-12-31,2006,12,0
NIC,2007-01-31,2007,1,0
NIC,2007-02-28,2007,2,0
NIC,2007-03-31,2007,3,0
NIC,2007-04-30,2007,4,0
NIC,2007-05-31,2007,5,0
NIC,2007-06-30,2007,6,0
NIC,2007-07-31,2007,7,0
NIC,2007-08-31,2007,8,0
NIC,2007-09-30,2007,9,0
NIC,2007-10-31,2007,10,0
NIC,2007-11-30,2007,11,0
NIC,2007-12-31,2007,12,0
NIC,2008-01-31,2008,1,0
NIC,2008-02-29,2008,2,0
NIC,2008-03-31,2008,3,0
NIC,2008-04-30,2008,4,0
NIC,2008-05-31,2008,5,0
NIC,2008-06-30,2008,6,0
NIC,2008-07-31,2008,7,0
NIC,2008-08-31,2008,8,0
NIC,2008-09-30,2008,9,0
NIC,2008-10-31,2008,10,0
NIC,2008-11-30,2008,11,0
NIC,2008-12-31,2008,12,0
NIC,2009-01-31,2009,1,0
NIC,2009-02-28,2009,2,0
NIC,2009-03-31,2009,3,0
NIC,2009-04-30,2009,4,0
NIC,2009-05-31,2009,5,0
NIC,2009-06-30,2009,6,0
NIC,2009-07-31,2009,7,0
NIC,2009-08-31,2009,8,0
NIC,2009-09-30,2009,9,0
NIC,2009-10-31,2009,10,0
NIC,2009-11-30,2009,11,0
NIC,2009-12-31,2009,12,0
NIC,2010-01-31,2010,1,0
NIC,2010-02-28,2010,2,0
NIC,2010-03-31,2010,3,0
NIC,2010-04-30,2010,4,0
NIC,2010-05-31,2010,5,0
NIC,2010-06-30,2010,6,0
NIC,2010-07-31,2010,7,0
NIC,2010-08-31,2010,8,0
NIC,2010-09-30,2010,9,0
NIC,2010-10-31,2010,10,0
NIC,2010-11-30,2010,11,0
NIC,2010-12-31,2010,12,0
NIC,2011-01-31,2011,1,0
NIC,2011-02-28,2011,2,0
NIC,2011-03-31,2011,3,0
NIC,2011-04-30,2011,4,0
NIC,2011-05-31,2011,5,0
NIC,2011-06-30,2011,6,0
NIC,2011-07-31,2011,7,0
NIC,2011-08-31,2011,8,0
NIC,2011-09-30,2011,9,0
NIC,2011-10-31,2011,10,0
NIC,2011-11-30,2011,11,0
NIC,2011-12-31,2011,12,0
NIC,2012-01-31,2012,1,0
NIC,2012-02-29,2012,2,0
NIC,2012-03-31,2012,3,0
NIC,2012-04-30,2012,4,0
NIC,2012-05-31,2012,5,0
NIC,2012-06-30,2012,6,0
NIC,2012-07-31,2012,7,0
NIC,2012-08-31,2012,8,0
NIC,2012-09-30,2012,9,0
NIC,2012-10-31,2012,10,0
NIC,2012-11-30,2012,11,0
NIC,2012-12-31,2012,12,0
NIC,2013-01-31,2013,1,0
NIC,2013-02-28,2013,2,0
NIC,2013-03-31,2013,3,0
NIC,2013-04-30,2013,4,0
NIC,2013-05-31,2013,5,0
NIC,2013-06-30,2013,6,0
NIC,2013-07-31,2013,7,0
NIC,2013-08-31,2013,8,0
NIC,2013-09-30,2013,9,0
NIC,2013-10-31,2013,10,0
NIC,2013-11-30,2013,11,0
NIC,2013-12-31,2013,12,0
NIC,2014-01-31,2014,1,0
NIC,2014-02-28,2014,2,0
NIC,2014-03-31,2014,3,0
NIC,2014-04-30,2014,4,0
NIC,2014-05-31,2014,5,0
NIC,2014-06-30,2014,6,0
NIC,2014-07-31,2014,7,0
NIC,2014-08-31,2014,8,0
NIC,2014-09-30,2014,9,0
NIC,2014-10-31,2014,10,0
NIC,2014-11-30,2014,11,0
NIC,2014-12-31,2014,12,0
NIC,2015-01-31,2015,1,0
NIC,2015-02-28,2015,2,0
NIC,2015-03-31,2015,3,0
NIC,2015-04-30,2015,4,0
NIC,2015-05-31,2015,5,0
NIC,2015-06-30,2015,6,0
NIC,2015-07-31,2015,7,0
NIC,2015-08-31,2015,8,0
NIC,2015-09-30,2015,9,0
NIC,2015-10-31,2015,10,0
NIC,2015-11-30,2015,11,0
NIC,2015-12-31,2015,12,0
NIC,2016-01-31,2016,1,0
NIC,2016-02-29,2016,2,0
NIC,2016-03-31,2016,3,0
NIC,2016-04-30,2016,4,0
NIC,2016-05-31,2016,5,0
NIC,2016-06-30,2016,6,0
NIC,2016-07-31,2016,7,0
NIC,2016-08-31,2016,8,0
NIC,2016-09-30,2016,9,0
NIC,2016-10-31,2016,10,0
NIC,2016-11-30,2016,11,0
NIC,2016-12-31,2016,12,0
NPL,1990-01-31,1990,1,0
NPL,1990-02-28,1990,2,0
NPL,1990-03-31,1990,3,0
NPL,1990-04-30,1990,4,0
NPL,1990-05-31,1990,5,0
NPL,1990-06-30,1990,6,0
NPL,1990-07-31,1990,7,0
NPL,1990-08-31,1990,8,0
NPL,1990-09-30,1990,9,0
NPL,1990-10-31,1990,10,0
NPL,1990-11-30,1990,11,0
NPL,1990-12-31,1990,12,0
NPL,1991-01-31,1991,1,1
NPL,1991-02-28,1991,2,1
NPL,1991-03-31,1991,3,1
NPL,1991-04-30,1991,4,1
NPL,1991-05-31,1991,5,1
NPL,1991-06-30,1991,6,1
NPL,1991-07-31,1991,7,1
NPL,1991-08-31,1991,8,1
NPL,1991-09-30,1991,9,1
NPL,1991-10-31,1991,10,1
NPL,1991-11-30,1991,11,1
NPL,1991-12-31,1991,12,1
NPL,1992-01-31,1992,1,0
NPL,1992-02-29,1992,2,0
NPL,1992-03-31,1992,3,0
NPL,1992-04-30,1992,4,0
NPL,1992-05-31,1992,5,0
NPL,1992-06-30,1992,6,0
NPL,1992-07-31,1992,7,0
NPL,1992-08-31,1992,8,0
NPL,1992-09-30,1992,9,0
NPL,1992-10-31,1992,10,0
NPL,1992-11-30,1992,11,0
NPL,1992-12-31,1992,12,0
NPL,1993-01-31,1993,1,0
NPL,1993-02-28,1993,2,0
NPL,1993-03-31,1993,3,0
NPL,1993-04-30,1993,4,0
NPL,1993-05-31,1993,5,0
NPL,1993-06-30,1993,6,0
NPL,1993-07-31,1993,7,0
NPL,1993-08-31,1993,8,0
NPL,1993-09-30,1993,9,0
NPL,1993-10-31,1993,10,0
NPL,1993-11-30,1993,11,0
NPL,1993-12-31,1993,12,0
NPL,1994-01-31,1994,1,0
NPL,1994-02-28,1994,2,0
NPL,1994-03-31,1994,3,0
NPL,1994-04-30,1994,4,0
NPL,1994-05-31,1994,5,0
NPL,1994-06-30,1994,6,0
NPL,1994-07-31,1994,7,0
NPL,1994-08-31,1994,8,0
NPL,1994-09-30,1994,9,0
NPL,1994-10-31,1994,10,0
NPL,1994-11-30,1994,11,0
NPL,1994-12-31,1994,12,0
NPL,1995-01-31,1995,1,0
NPL,1995-02-28,1995,2,0
NPL,1995-03-31,1995,3,0
NPL,1995-04-30,1995,4,0
NPL,1995-05-31,1995,5,0
NPL,1995-06-30,1995,6,0
NPL,1995-07-31,1995,7,0
NPL,1995-08-31,1995,8,0
NPL,1995-09-30,1995,9,0
NPL,1995-10-31,1995,10,0
NPL,1995-11-30,1995,11,0
NPL,1995-12-31,1995,12,0
NPL,1996-01-31,1996,1,0
NPL,1996-02-29,1996,2,0
NPL,1996-03-31,1996,3,0
NPL,1996-04-30,1996,4,0
NPL,1996-05-31,1996,5,0
NPL,1996-06-30,1996,6,0
NPL,1996-07-31,1996,7,0
NPL,1996-08-31,1996,8,0
NPL,1996-09-30,1996,9,0
NPL,1996-10-31,1996,10,0
NPL,1996-11-30,1996,11,0
NPL,1996-12-31,1996,12,0
NPL,1997-01-31,1997,1,0
NPL,1997-02-28,1997,2,0
NPL,1997-03-31,1997,3,0
NPL,1997-04-30,1997,4,0
NPL,1997-05-31,1997,5,0
NPL,1997-06-30,1997,6,0
NPL,1997-07-31,1997,7,0
NPL,1997-08-31,1997,8,0
NPL,1997-09-30,1997,9,0
NPL,1997-10-31,1997,10,0
NPL,1997-11-30,1997,11,0
NPL,1997-12-31,1997,12,0
NPL,1998-01-31,1998,1,0
NPL,1998-02-28,1998,2,0
NPL,1998-03-31,1998,3,0
NPL,1998-04-30,1998,4,0
NPL,1998-05-31,1998,5,0
NPL,1998-06-30,1998,6,0
NPL,1998-07-31,1998,7,0
NPL,1998-08-31,1998,8,0
NPL,1998-09-30,1998,9,0
NPL,1998-10-31,1998,10,0
NPL,1998-11-30,1998,11,0
NPL,1998-12-31,1998,12,0
NPL,1999-01-31,1999,1,0
NPL,1999-02-28,1999,2,0
NPL,1999-03-31,1999,3,0
NPL,1999-04-30,1999,4,0
NPL,1999-05-31,1999,5,0
NPL,1999-06-30,1999,6,0
NPL,1999-07-31,1999,7,0
NPL,1999-08-31,1999,8,0
NPL,1999-09-30,1999,9,0
NPL,1999-10-31,1999,10,0
NPL,1999-11-30,1999,11,0
NPL,1999-12-31,1999,12,0
NPL,2000-01-31,2000,1,0
NPL,2000-02-29,2000,2,0
NPL,2000-03-31,2000,3,0
NPL,2000-04-30,2000,4,0
NPL,2000-05-31,2000,5,0
NPL,2000-06-30,2000,6,0
NPL,2000-07-31,2000,7,0
NPL,2000-08-31,2000,8,0
NPL,2000-09-30,2000,9,0
NPL,2000-10-31,2000,10,0
NPL,2000-11-30,2000,11,0
NPL,2000-12-31,2000,12,0
NPL,2001-01-31,2001,1,0
NPL,2001-02-28,2001,2,0
NPL,2001-03-31,2001,3,0
NPL,2001-04-30,2001,4,0
NPL,2001-05-31,2001,5,0
NPL,2001-06-30,2001,6,0
NPL,2001-07-31,2001,7,0
NPL,2001-08-31,2001,8,0
NPL,2001-09-30,2001,9,0
NPL,2001-10-31,2001,10,0
NPL,2001-11-30,2001,11,0
NPL,2001-12-31,2001,12,0
NPL,2002-01-31,2002,1,0
NPL,2002-02-28,2002,2,0
NPL,2002-03-31,2002,3,0
NPL,2002-04-30,2002,4,0
NPL,2002-05-31,2002,5,0
NPL,2002-06-30,2002,6,0
NPL,2002-07-31,2002,7,0
NPL,2002-08-31,2002,8,0
NPL,2002-09-30,2002,9,0
NPL,2002-10-31,2002,10,0
NPL,2002-11-30,2002,11,0
NPL,2002-12-31,2002,12,0
NPL,2003-01-31,2003,1,0
NPL,2003-02-28,2003,2,0
NPL,2003-03-31,2003,3,0
NPL,2003-04-30,2003,4,0
NPL,2003-05-31,2003,5,0
NPL,2003-06-30,2003,6,0
NPL,2003-07-31,2003,7,0
NPL,2003-08-31,2003,8,0
NPL,2003-09-30,2003,9,0
NPL,2003-10-31,2003,10,0
NPL,2003-11-30,2003,11,0
NPL,2003-12-31,2003,12,0
NPL,2004-01-31,2004,1,0
NPL,2004-02-29,2004,2,0
NPL,2004-03-31,2004,3,0
NPL,2004-04-30,2004,4,0
NPL,2004-05-31,2004,5,0
NPL,2004-06-30,2004,6,0
NPL,2004-07-31,2004,7,0
NPL,2004-08-31,2004,8,0
NPL,2004-09-30,2004,9,0
NPL,2004-10-31,2004,10,0
NPL,2004-11-30,2004,11,0
NPL,2004-12-31,2004,12,0
NPL,2005-01-31,2005,1,0
NPL,2005-02-28,2005,2,0
NPL,2005-03-31,2005,3,0
NPL,2005-04-30,2005,4,0
NPL,2005-05-31,2005,5,0
NPL,2005-06-30,2005,6,0
NPL,2005-07-31,2005,7,0
NPL,2005-08-31,2005,8,0
NPL,2005-09-30,2005,9,0
NPL,2005-10-31,2005,10,0
NPL,2005-11-30,2005,11,0
NPL,2005-12-31,2005,12,0
NPL,2006-01-31,2006,1,0
NPL,2006-02-28,2006,2,0
NPL,2006-03-31,2006,3,0
NPL,2006-04-30,2006,4,0
NPL,2006-05-31,2006,5,0
NPL,2006-06-30,2006,6,0
NPL,2006-07-31,2006,7,0
NPL,2006-08-31,2006,8,0
NPL,2006-09-30,2006,9,0
NPL,2006-10-31,2006,10,0
NPL,2006-11-30,2006,11,0
NPL,2006-12-31,2006,12,0
NPL,2007-01-31,2007,1,0
NPL,2007-02-28,2007,2,0
NPL,2007-03-31,2007,3,0
NPL,2007-04-30,2007,4,0
NPL,2007-05-31,2007,5,0
NPL,2007-06-30,2007,6,0
NPL,2007-07-31,2007,7,0
NPL,2007-08-31,2007,8,0
NPL,2007-09-30,2007,9,0
NPL,2007-10-31,2007,10,0
NPL,2007-11-30,2007,11,0
NPL,2007-12-31,2007,12,0
NPL,2008-01-31,2008,1,0
NPL,2008-02-29,2008,2,0
NPL,2008-03-31,2008,3,0
NPL,2008-04-30,2008,4,0
NPL,2008-05-31,2008,5,0
NPL,2008-06-30,2008,6,0
NPL,2008-07-31,2008,7,0
NPL,2008-08-31,2008,8,0
NPL,2008-09-30,2008,9,0
NPL,2008-10-31,2008,10,0
NPL,2008-11-30,2008,11,0
NPL,2008-12-31,2008,12,0
NPL,2009-01-31,2009,1,0
NPL,2009-02-28,2009,2,0
NPL,2009-03-31,2009,3,0
NPL,2009-04-30,2009,4,0
NPL,2009-05-31,2009,5,0
NPL,2009-06-30,2009,6,0
NPL,2009-07-31,2009,7,0
NPL,2009-08-31,2009,8,0
NPL,2009-09-30,2009,9,0
NPL,2009-10-31,2009,10,0
NPL,2009-11-30,2009,11,0
NPL,2009-12-31,2009,12,0
NPL,2010-01-31,2010,1,0
NPL,2010-02-28,2010,2,0
NPL,2010-03-31,2010,3,0
NPL,2010-04-30,2010,4,0
NPL,2010-05-31,2010,5,0
NPL,2010-06-30,2010,6,0
NPL,2010-07-31,2010,7,0
NPL,2010-08-31,2010,8,0
NPL,2010-09-30,2010,9,0
NPL,2010-10-31,2010,10,0
NPL,2010-11-30,2010,11,0
NPL,2010-12-31,2010,12,0
NPL,2011-01-31,2011,1,0
NPL,2011-02-28,2011,2,0
NPL,2011-03-31,2011,3,0
NPL,2011-04-30,2011,4,0
NPL,2011-05-31,2011,5,0
NPL,2011-06-30,2011,6,0
NPL,2011-07-31,2011,7,0
NPL,2011-08-31,2011,8,0
NPL,2011-09-30,2011,9,0
NPL,2011-10-31,2011,10,0
NPL,2011-11-30,2011,11,0
NPL,2011-12-31,2011,12,0
NPL,2012-01-31,2012,1,0
NPL,2012-02-29,2012,2,0
NPL,2012-03-31,2012,3,0
NPL,2012-04-30,2012,4,0
NPL,2012-05-31,2012,5,0
NPL,2012-06-30,2012,6,0
NPL,2012-07-31,2012,7,0
NPL,2012-08-31,2012,8,0
NPL,2012-09-30,2012,9,0
NPL,2012-10-31,2012,10,0
NPL,2012-11-30,2012,11,0
NPL,2012-12-31,2012,12,0
NPL,2013-01-31,2013,1,0
NPL,2013-02-28,2013,2,0
NPL,2013-03-31,2013,3,0
NPL,2013-04-30,2013,4,0
NPL,2013-05-31,2013,5,0
NPL,2013-06-30,2013,6,0
NPL,2013-07-31,2013,7,0
NPL,2013-08-31,2013,8,0
NPL,2013-09-30,2013,9,0
NPL,2013-10-31,2013,10,0
NPL,2013-11-30,2013,11,0
NPL,2013-12-31,2013,12,0
NPL,2014-01-31,2014,1,0
NPL,2014-02-28,2014,2,0
NPL,2014-03-31,2014,3,0
NPL,2014-04-30,2014,4,0
NPL,2014-05-31,2014,5,0
NPL,2014-06-30,2014,6,0
NPL,2014-07-31,2014,7,0
NPL,2014-08-31,2014,8,0
NPL,2014-09-30,2014,9,0
NPL,2014-10-31,2014,10,0
NPL,2014-11-30,2014,11,0
NPL,2014-12-31,2014,12,0
NPL,2015-01-31,2015,1,0
NPL,2015-02-28,2015,2,0
NPL,2015-03-31,2015,3,0
NPL,2015-04-30,2015,4,0
NPL,2015-05-31,2015,5,0
NPL,2015-06-30,2015,6,0
NPL,2015-07-31,2015,7,0
NPL,2015-08-31,2015,8,0
NPL,2015-09-30,2015,9,0
NPL,2015-10-31,2015,10,0
NPL,2015-11-30,2015,11,0
NPL,2015-12-31,2015,12,0
NPL,2016-01-31,2016,1,0
NPL,2016-02-29,2016,2,0
NPL,2016-03-31,2016,3,0
NPL,2016-04-30,2016,4,0
NPL,2016-05-31,2016,5,0
NPL,2016-06-30,2016,6,0
NPL,2016-07-31,2016,7,0
NPL,2016-08-31,2016,8,0
NPL,2016-09-30,2016,9,0
NPL,2016-10-31,2016,10,0
NPL,2016-11-30,2016,11,0
NPL,2016-12-31,2016,12,0
PAK,1990-01-31,1990,1,0
PAK,1990-02-28,1990,2,0
PAK,1990-03-31,1990,3,0
PAK,1990-04-30,1990,4,0
PAK,1990-05-31,1990,5,0
PAK,1990-06-30,1990,6,0
PAK,1990-07-31,1990,7,0
PAK,1990-08-31,1990,8,0
PAK,1990-09-30,1990,9,0
PAK,1990-10-31,1990,10,0
PAK,1990-11-30,1990,11,0
PAK,1990-12-31,1990,12,0
PAK,1991-01-31,1991,1,0
PAK,1991-02-28,1991,2,0
PAK,1991-03-31,1991,3,0
PAK,1991-04-30,1991,4,0
PAK,1991-05-31,1991,5,0
PAK,1991-06-30,1991,6,0
PAK,1991-07-31,1991,7,0
PAK,1991-08-31,1991,8,0
PAK,1991-09-30,1991,9,0
PAK,1991-10-31,1991,10,0
PAK,1991-11-30,1991,11,0
PAK,1991-12-31,1991,12,0
PAK,1992-01-31,1992,1,0
PAK,1992-02-29,1992,2,0
PAK,1992-03-31,1992,3,0
PAK,1992-04-30,1992,4,0
PAK,1992-05-31,1992,5,0
PAK,1992-06-30,1992,6,0
PAK,1992-07-31,1992,7,0
PAK,1992-08-31,1992,8,0
PAK,1992-09-30,1992,9,0
PAK,1992-10-31,1992,10,0
PAK,1992-11-30,1992,11,0
PAK,1992-12-31,1992,12,0
PAK,1993-01-31,1993,1,0
PAK,1993-02-28,1993,2,0
PAK,1993-03-31,1993,3,0
PAK,1993-04-30,1993,4,0
PAK,1993-05-31,1993,5,0
PAK,1993-06-30,1993,6,0
PAK,1993-07-31,1993,7,0
PAK,1993-08-31,1993,8,0
PAK,1993-09-30,1993,9,0
PAK,1993-10-31,1993,10,0
PAK,1993-11-30,1993,11,0
PAK,1993-12-31,1993,12,0
PAK,1994-01-31,1994,1,0
PAK,1994-02-28,1994,2,0
PAK,1994-03-31,1994,3,0
PAK,1994-04-30,1994,4,0
PAK,1994-05-31,1994,5,0
PAK,1994-06-30,1994,6,0
PAK,1994-07-31,1994,7,0
PAK,1994-08-31,1994,8,0
PAK,1994-09-30,1994,9,0
PAK,1994-10-31,1994,10,0
PAK,1994-11-30,1994,11,0
PAK,1994-12-31,1994,12,0
PAK,1995-01-31,1995,1,0
PAK,1995-02-28,1995,2,0
PAK,1995-03-31,1995,3,0
PAK,1995-04-30,1995,4,0
PAK,1995-05-31,1995,5,0
PAK,1995-06-30,1995,6,0
PAK,1995-07-31,1995,7,0
PAK,1995-08-31,1995,8,0
PAK,1995-09-30,1995,9,0
PAK,1995-10-31,1995,10,0
PAK,1995-11-30,1995,11,0
PAK,1995-12-31,1995,12,0
PAK,1996-01-31,1996,1,0
PAK,1996-02-29,1996,2,0
PAK,1996-03-31,1996,3,0
PAK,1996-04-30,1996,4,0
PAK,1996-05-31,1996,5,0
PAK,1996-06-30,1996,6,0
PAK,1996-07-31,1996,7,0
PAK,1996-08-31,1996,8,0
PAK,1996-09-30,1996,9,0
PAK,1996-10-31,1996,10,0
PAK,1996-11-30,1996,11,0
PAK,1996-12-31,1996,12,0
PAK,1997-01-31,1997,1,0
PAK,1997-02-28,1997,2,0
PAK,1997-03-31,1997,3,0
PAK,1997-04-30,1997,4,0
PAK,1997-05-31,1997,5,0
PAK,1997-06-30,1997,6,0
PAK,1997-07-31,1997,7,0
PAK,1997-08-31,1997,8,0
PAK,1997-09-30,1997,9,0
PAK,1997-10-31,1997,10,0
PAK,1997-11-30,1997,11,0
PAK,1997-12-31,1997,12,0
PAK,1998-01-31,1998,1,0
PAK,1998-02-28,1998,2,0
PAK,1998-03-31,1998,3,0
PAK,1998-04-30,1998,4,0
PAK,1998-05-31,1998,5,0
PAK,1998-06-30,1998,6,0
PAK,1998-07-31,1998,7,0
PAK,1998-08-31,1998,8,0
PAK,1998-09-30,1998,9,0
PAK,1998-10-31,1998,10,0
PAK,1998-11-30,1998,11,0
PAK,1998-12-31,1998,12,0
PAK,1999-01-31,1999,1,0
PAK,1999-02-28,1999,2,0
PAK,1999-03-31,1999,3,0
PAK,1999-04-30,1999,4,0
PAK,1999-05-31,1999,5,0
PAK,1999-06-30,1999,6,0
PAK,1999-07-31,1999,7,0
PAK,1999-08-31,1999,8,0
PAK,1999-09-30,1999,9,0
PAK,1999-10-31,1999,10,0
PAK,1999-11-30,1999,11,0
PAK,1999-12-31,1999,12,0
PAK,2000-01-31,2000,1,0
PAK,2000-02-29,2000,2,0
PAK,2000-03-31,2000,3,0
PAK,2000-04-30,2000,4,0
PAK,2000-05-31,2000,5,0
PAK,2000-06-30,2000,6,0
PAK,2000-07-31,2000,7,0
PAK,2000-08-31,2000,8,0
PAK,2000-09-30,2000,9,0
PAK,2000-10-31,2000,10,0
PAK,2000-11-30,2000,11,0
PAK,2000-12-31,2000,12,0
PAK,2001-01-31,2001,1,0
PAK,2001-02-28,2001,2,0
PAK,2001-03-31,2001,3,0
PAK,2001-04-30,2001,4,0
PAK,2001-05-31,2001,5,0
PAK,2001-06-30,2001,6,0
PAK,2001-07-31,2001,7,0
PAK,2001-08-31,2001,8,0
PAK,2001-09-30,2001,9,0
PAK,2001-10-31,2001,10,0
PAK,2001-11-30,2001,11,0
PAK,2001-12-31,2001,12,0
PAK,2002-01-31,2002,1,0
PAK,2002-02-28,2002,2,0
PAK,2002-03-31,2002,3,0
PAK,2002-04-30,2002,4,0
PAK,2002-05-31,2002,5,0
PAK,2002-06-30,2002,6,0
PAK,2002-07-31,2002,7,0
PAK,2002-08-31,2002,8,0
PAK,2002-09-30,2002,9,0
PAK,2002-10-31,2002,10,0
PAK,2002-11-30,2002,11,0
PAK,2002-12-31,2002,12,0
PAK,2003-01-31,2003,1,0
PAK,2003-02-28,2003,2,0
PAK,2003-03-31,2003,3,0
PAK,2003-04-30,2003,4,0
PAK,2003-05-31,2003,5,0
PAK,2003-06-30,2003,6,0
PAK,2003-07-31,2003,7,0
PAK,2003-08-31,2003,8,0
PAK,2003-09-30,2003,9,0
PAK,2003-10-31,2003,10,0
PAK,2003-11-30,2003,11,0
PAK,2003-12-31,2003,12,0
PAK,2004-01-31,2004,1,0
PAK,2004-02-29,2004,2,0
PAK,2004-03-31,2004,3,0
PAK,2004-04-30,2004,4,0
PAK,2004-05-31,2004,5,0
PAK,2004-06-30,2004,6,0
PAK,2004-07-31,2004,7,0
PAK,2004-08-31,2004,8,0
PAK,2004-09-30,2004,9,0
PAK,2004-10-31,2004,10,0
PAK,2004-11-30,2004,11,0
PAK,2004-12-31,2004,12,0
PAK,2005-01-31,2005,1,0
PAK,2005-02-28,2005,2,0
PAK,2005-03-31,2005,3,0
PAK,2005-04-30,2005,4,0
PAK,2005-05-31,2005,5,0
PAK,2005-06-30,2005,6,0
PAK,2005-07-31,2005,7,0
PAK,2005-08-31,2005,8,0
PAK,2005-09-30,2005,9,0
PAK,2005-10-31,2005,10,0
PAK,2005-11-30,2005,11,0
PAK,2005-12-31,2005,12,0
PAK,2006-01-31,2006,1,0
PAK,2006-02-28,2006,2,0
PAK,2006-03-31,2006,3,0
PAK,2006-04-30,2006,4,0
PAK,2006-05-31,2006,5,0
PAK,2006-06-30,2006,6,0
PAK,2006-07-31,2006,7,0
PAK,2006-08-31,2006,8,0
PAK,2006-09-30,2006,9,0
PAK,2006-10-31,2006,10,0
PAK,2006-11-30,2006,11,0
PAK,2006-12-31,2006,12,0
PAK,2007-01-31,2007,1,0
PAK,2007-02-28,2007,2,0
PAK,2007-03-31,2007,3,0
PAK,2007-04-30,2007,4,0
PAK,2007-05-31,2007,5,0
PAK,2007-06-30,2007,6,0
PAK,2007-07-31,2007,7,0
PAK,2007-08-31,2007,8,0
PAK,2007-09-30,2007,9,0
PAK,2007-10-31,2007,10,0
PAK,2007-11-30,2007,11,0
PAK,2007-12-31,2007,12,0
PAK,2008-01-31,2008,1,0
PAK,2008-02-29,2008,2,0
PAK,2008-03-31,2008,3,0
PAK,2008-04-30,2008,4,0
PAK,2008-05-31,2008,5,0
PAK,2008-06-30,2008,6,0
PAK,2008-07-31,2008,7,0
PAK,2008-08-31,2008,8,0
PAK,2008-09-30,2008,9,0
PAK,2008-10-31,2008,10,0
PAK,2008-11-30,2008,11,0
PAK,2008-12-31,2008,12,0
PAK,2009-01-31,2009,1,0
PAK,2009-02-28,2009,2,0
PAK,2009-03-31,2009,3,0
PAK,2009-04-30,2009,4,0
PAK,2009-05-31,2009,5,0
PAK,2009-06-30,2009,6,0
PAK,2009-07-31,2009,7,0
PAK,2009-08-31,2009,8,0
PAK,2009-09-30,2009,9,0
PAK,2009-10-31,2009,10,0
PAK,2009-11-30,2009,11,0
PAK,2009-12-31,2009,12,0
PAK,2010-01-31,2010,1,0
PAK,2010-02-28,2010,2,0
PAK,2010-03-31,2010,3,0
PAK,2010-04-30,2010,4,0
PAK,2010-05-31,2010,5,0
PAK,2010-06-30,2010,6,0
PAK,2010-07-31,2010,7,0
PAK,2010-08-31,2010,8,0
PAK,2010-09-30,2010,9,0
PAK,2010-10-31,2010,10,0
PAK,2010-11-30,2010,11,0
PAK,2010-12-31,2010,12,0
PAK,2011-01-31,2011,1,0
PAK,2011-02-28,2011,2,0
PAK,2011-03-31,2011,3,0
PAK,2011-04-30,2011,4,0
PAK,2011-05-31,2011,5,0
PAK,2011-06-30,2011,6,0
PAK,2011-07-31,2011,7,0
PAK,2011-08-31,2011,8,0
PAK,2011-09-30,2011,9,0
PAK,2011-10-31,2011,10,0
PAK,2011-11-30,2011,11,0
PAK,2011-12-31,2011,12,0
PAK,2012-01-31,2012,1,0
PAK,2012-02-29,2012,2,0
PAK,2012-03-31,2012,3,0
PAK,2012-04-30,2012,4,0
PAK,2012-05-31,2012,5,0
PAK,2012-06-30,2012,6,0
PAK,2012-07-31,2012,7,0
PAK,2012-08-31,2012,8,0
PAK,2012-09-30,2012,9,0
PAK,2012-10-31,2012,10,0
PAK,2012-11-30,2012,11,0
PAK,2012-12-31,2012,12,0
PAK,2013-01-31,2013,1,0
PAK,2013-02-28,2013,2,0
PAK,2013-03-31,2013,3,0
PAK,2013-04-30,2013,4,0
PAK,2013-05-31,2013,5,0
PAK,2013-06-30,2013,6,0
PAK,2013-07-31,2013,7,0
PAK,2013-08-31,2013,8,0
PAK,2013-09-30,2013,9,0
PAK,2013-10-31,2013,10,0
PAK,2013-11-30,2013,11,0
PAK,2013-12-31,2013,12,0
PAK,2014-01-31,2014,1,0
PAK,2014-02-28,2014,2,0
PAK,2014-03-31,2014,3,0
PAK,2014-04-30,2014,4,0
PAK,2014-05-31,2014,5,0
PAK,2014-06-30,2014,6,0
PAK,2014-07-31,2014,7,0
PAK,2014-08-31,2014,8,0
PAK,2014-09-30,2014,9,0
PAK,2014-10-31,2014,10,0
PAK,2014-11-30,2014,11,0
PAK,2014-12-31,2014,12,0
PAK,2015-01-31,2015,1,0
PAK,2015-02-28,2015,2,0
PAK,2015-03-31,2015,3,0
PAK,2015-04-30,2015,4,0
PAK,2015-05-31,2015,5,0
PAK,2015-06-30,2015,6,0
PAK,2015-07-31,2015,7,0
PAK,2015-08-31,2015,8,0
PAK,2015-09-30,2015,9,0
PAK,2015-10-31,2015,10,0
PAK,2015-11-30,2015,11,0
PAK,2015-12-31,2015,12,0
PAK,2016-01-31,2016,1,0
PAK,2016-02-29,2016,2,0
PAK,2016-03-31,2016,3,0
PAK,2016-04-30,2016,4,0
PAK,2016-05-31,2016,5,0
PAK,2016-06-30,2016,6,0
PAK,2016-07-31,2016,7,0
PAK,2016-08-31,2016,8,0
PAK,2016-09-30,2016,9,0
PAK,2016-10-31,2016,10,0
PAK,2016-11-30,2016,11,0
PAK,2016-12-31,2016,12,0
PER,1990-01-31,1990,1,0
PER,1990-02-28,1990,2,0
PER,1990-03-31,1990,3,0
PER,1990-04-30,1990,4,0
PER,1990-05-31,1990,5,0
PER,1990-06-30,1990,6,0
PER,1990-07-31,1990,7,0
PER,1990-08-31,1990,8,0
PER,1990-09-30,1990,9,0
PER,1990-10-31,1990,10,0
PER,1990-11-30,1990,11,0
PER,1990-12-31,1990,12,0
PER,1991-01-31,1991,1,0
PER,1991-02-28,1991,2,0
PER,1991-03-31,1991,3,0
PER,1991-04-30,1991,4,0
PER,1991-05-31,1991,5,0
PER,1991-06-30,1991,6,0
PER,1991-07-31,1991,7,0
PER,1991-08-31,1991,8,0
PER,1991-09-30,1991,9,0
PER,1991-10-31,1991,10,0
PER,1991-11-30,1991,11,0
PER,1991-12-31,1991,12,0
PER,1992-01-31,1992,1,0
PER,1992-02-29,1992,2,0
PER,1992-03-31,1992,3,0
PER,1992-04-30,1992,4,0
PER,1992-05-31,1992,5,0
PER,1992-06-30,1992,6,0
PER,1992-07-31,1992,7,0
PER,1992-08-31,1992,8,0
PER,1992-09-30,1992,9,0
PER,1992-10-31,1992,10,0
PER,1992-11-30,1992,11,0
PER,1992-12-31,1992,12,0
PER,1993-01-31,1993,1,0
PER,1993-02-28,1993,2,0
PER,1993-03-31,1993,3,0
PER,1993-04-30,1993,4,0
PER,1993-05-31,1993,5,0
PER,1993-06-30,1993,6,0
PER,1993-07-31,1993,7,0
PER,1993-08-31,1993,8,0
PER,1993-09-30,1993,9,0
PER,1993-10-31,1993,10,0
PER,1993-11-30,1993,11,0
PER,1993-12-31,1993,12,0
PER,1994-01-31,1994,1,0
PER,1994-02-28,1994,2,0
PER,1994-03-31,1994,3,0
PER,1994-04-30,1994,4,0
PER,1994-05-31,1994,5,0
PER,1994-06-30,1994,6,0
PER,1994-07-31,1994,7,0
PER,1994-08-31,1994,8,0
PER,1994-09-30,1994,9,0
PER,1994-10-31,1994,10,0
PER,1994-11-30,1994,11,0
PER,1994-12-31,1994,12,0
PER,1995-01-31,1995,1,0
PER,1995-02-28,1995,2,0
PER,1995-03-31,1995,3,0
PER,1995-04-30,1995,4,0
PER,1995-05-31,1995,5,0
PER,1995-06-30,1995,6,0
PER,1995-07-31,1995,7,0
PER,1995-08-31,1995,8,0
PER,1995-09-30,1995,9,0
PER,1995-10-31,1995,10,0
PER,1995-11-30,1995,11,0
PER,1995-12-31,1995,12,0
PER,1996-01-31,1996,1,0
PER,1996-02-29,1996,2,0
PER,1996-03-31,1996,3,0
PER,1996-04-30,1996,4,0
PER,1996-05-31,1996,5,0
PER,1996-06-30,1996,6,0
PER,1996-07-31,1996,7,0
PER,1996-08-31,1996,8,0
PER,1996-09-30,1996,9,0
PER,1996-10-31,1996,10,0
PER,1996-11-30,1996,11,0
PER,1996-12-31,1996,12,0
PER,1997-01-31,1997,1,0
PER,1997-02-28,1997,2,0
PER,1997-03-31,1997,3,0
PER,1997-04-30,1997,4,0
PER,1997-05-31,1997,5,0
PER,1997-06-30,1997,6,0
PER,1997-07-31,1997,7,0
PER,1997-08-31,1997,8,0
PER,1997-09-30,1997,9,0
PER,1997-10-31,1997,10,0
PER,1997-11-30,1997,11,0
PER,1997-12-31,1997,12,0
PER,1998-01-31,1998,1,0
PER,1998-02-28,1998,2,0
PER,1998-03-31,1998,3,0
PER,1998-04-30,1998,4,0
PER,1998-05-31,1998,5,0
PER,1998-06-30,1998,6,0
PER,1998-07-31,1998,7,0
PER,1998-08-31,1998,8,0
PER,1998-09-30,1998,9,0
PER,1998-10-31,1998,10,0
PER,1998-11-30,1998,11,0
PER,1998-12-31,1998,12,0
PER,1999-01-31,1999,1,0
PER,1999-02-28,1999,2,0
PER,1999-03-31,1999,3,0
PER,1999-04-30,1999,4,0
PER,1999-05-31,1999,5,0
PER,1999-06-30,1999,6,0
PER,1999-07-31,1999,7,0
PER,1999-08-31,1999,8,0
PER,1999-09-30,1999,9,0
PER,1999-10-31,1999,10,0
PER,1999-11-30,1999,11,0
PER,1999-12-31,1999,12,0
PER,2000-01-31,2000,1,0
PER,2000-02-29,2000,2,0
PER,2000-03-31,2000,3,0
PER,2000-04-30,2000,4,0
PER,2000-05-31,2000,5,0
PER,2000-06-30,2000,6,0
PER,2000-07-31,2000,7,0
PER,2000-08-31,2000,8,0
PER,2000-09-30,2000,9,0
PER,2000-10-31,2000,10,0
PER,2000-11-30,2000,11,0
PER,2000-12-31,2000,12,0
PER,2001-01-31,2001,1,0
PER,2001-02-28,2001,2,0
PER,2001-03-31,2001,3,0
PER,2001-04-30,2001,4,0
PER,2001-05-31,2001,5,0
PER,2001-06-30,2001,6,0
PER,2001-07-31,2001,7,0
PER,2001-08-31,2001,8,0
PER,2001-09-30,2001,9,0
PER,2001-10-31,2001,10,0
PER,2001-11-30,2001,11,0
PER,2001-12-31,2001,12,0
PER,2002-01-31,2002,1,0
PER,2002-02-28,2002,2,0
PER,2002-03-31,2002,3,0
PER,2002-04-30,2002,4,0
PER,2002-05-31,2002,5,0
PER,2002-06-30,2002,6,0
PER,2002-07-31,2002,7,0
PER,2002-08-31,2002,8,0
PER,2002-09-30,2002,9,0
PER,2002-10-31,2002,10,0
PER,2002-11-30,2002,11,0
PER,2002-12-31,2002,12,0
PER,2003-01-31,2003,1,0
PER,2003-02-28,2003,2,0
PER,2003-03-31,2003,3,0
PER,2003-04-30,2003,4,0
PER,2003-05-31,2003,5,0
PER,2003-06-30,2003,6,0
PER,2003-07-31,2003,7,0
PER,2003-08-31,2003,8,0
PER,2003-09-30,2003,9,0
PER,2003-10-31,2003,10,0
PER,2003-11-30,2003,11,0
PER,2003-12-31,2003,12,0
PER,2004-01-31,2004,1,0
PER,2004-02-29,2004,2,0
PER,2004-03-31,2004,3,0
PER,2004-04-30,2004,4,0
PER,2004-05-31,2004,5,0
PER,2004-06-30,2004,6,0
PER,2004-07-31,2004,7,0
PER,2004-08-31,2004,8,0
PER,2004-09-30,2004,9,0
PER,2004-10-31,2004,10,0
PER,2004-11-30,2004,11,0
PER,2004-12-31,2004,12,0
PER,2005-01-31,2005,1,0
PER,2005-02-28,2005,2,0
PER,2005-03-31,2005,3,0
PER,2005-04-30,2005,4,0
PER,2005-05-31,2005,5,0
PER,2005-06-30,2005,6,0
PER,2005-07-31,2005,7,0
PER,2005-08-31,2005,8,0
PER,2005-09-30,2005,9,0
PER,2005-10-31,2005,10,0
PER,2005-11-30,2005,11,0
PER,2005-12-31,2005,12,0
PER,2006-01-31,2006,1,0
PER,2006-02-28,2006,2,0
PER,2006-03-31,2006,3,0
PER,2006-04-30,2006,4,0
PER,2006-05-31,2006,5,0
PER,2006-06-30,2006,6,0
PER,2006-07-31,2006,7,0
PER,2006-08-31,2006,8,0
PER,2006-09-30,2006,9,0
PER,2006-10-31,2006,10,0
PER,2006-11-30,2006,11,0
PER,2006-12-31,2006,12,0
PER,2007-01-31,2007,1,0
PER,2007-02-28,2007,2,0
PER,2007-03-31,2007,3,0
PER,2007-04-30,2007,4,0
PER,2007-05-31,2007,5,0
PER,2007-06-30,2007,6,0
PER,2007-07-31,2007,7,0
PER,2007-08-31,2007,8,0
PER,2007-09-30,2007,9,0
PER,2007-10-31,2007,10,0
PER,2007-11-30,2007,11,0
PER,2007-12-31,2007,12,0
PER,2008-01-31,2008,1,0
PER,2008-02-29,2008,2,0
PER,2008-03-31,2008,3,0
PER,2008-04-30,2008,4,0
PER,2008-05-31,2008,5,0
PER,2008-06-30,2008,6,0
PER,2008-07-31,2008,7,0
PER,2008-08-31,2008,8,0
PER,2008-09-30,2008,9,0
PER,2008-10-31,2008,10,0
PER,2008-11-30,2008,11,0
PER,2008-12-31,2008,12,0
PER,2009-01-31,2009,1,0
PER,2009-02-28,2009,2,0
PER,2009-03-31,2009,3,0
PER,2009-04-30,2009,4,0
PER,2009-05-31,2009,5,0
PER,2009-06-30,2009,6,0
PER,2009-07-31,2009,7,0
PER,2009-08-31,2009,8,0
PER,2009-09-30,2009,9,0
PER,2009-10-31,2009,10,0
PER,2009-11-30,2009,11,0
PER,2009-12-31,2009,12,0
PER,2010-01-31,2010,1,0
PER,2010-02-28,2010,2,0
PER,2010-03-31,2010,3,0
PER,2010-04-30,2010,4,0
PER,2010-05-31,2010,5,0
PER,2010-06-30,2010,6,0
PER,2010-07-31,2010,7,0
PER,2010-08-31,2010,8,0
PER,2010-09-30,2010,9,0
PER,2010-10-31,2010,10,0
PER,2010-11-30,2010,11,0
PER,2010-12-31,2010,12,0
PER,2011-01-31,2011,1,0
PER,2011-02-28,2011,2,0
PER,2011-03-31,2011,3,0
PER,2011-04-30,2011,4,0
PER,2011-05-31,2011,5,0
PER,2011-06-30,2011,6,0
PER,2011-07-31,2011,7,0
PER,2011-08-31,2011,8,0
PER,2011-09-30,2011,9,0
PER,2011-10-31,2011,10,0
PER,2011-11-30,2011,11,0
PER,2011-12-31,2011,12,0
PER,2012-01-31,2012,1,0
PER,2012-02-29,2012,2,0
PER,2012-03-31,2012,3,0
PER,2012-04-30,2012,4,0
PER,2012-05-31,2012,5,0
PER,2012-06-30,2012,6,0
PER,2012-07-31,2012,7,0
PER,2012-08-31,2012,8,0
PER,2012-09-30,2012,9,0
PER,2012-10-31,2012,10,0
PER,2012-11-30,2012,11,0
PER,2012-12-31,2012,12,0
PER,2013-01-31,2013,1,0
PER,2013-02-28,2013,2,0
PER,2013-03-31,2013,3,0
PER,2013-04-30,2013,4,0
PER,2013-05-31,2013,5,0
PER,2013-06-30,2013,6,0
PER,2013-07-31,2013,7,0
PER,2013-08-31,2013,8,0
PER,2013-09-30,2013,9,0
PER,2013-10-31,2013,10,0
PER,2013-11-30,2013,11,0
PER,2013-12-31,2013,12,0
PER,2014-01-31,2014,1,0
PER,2014-02-28,2014,2,0
PER,2014-03-31,2014,3,0
PER,2014-04-30,2014,4,0
PER,2014-05-31,2014,5,0
PER,2014-06-30,2014,6,0
PER,2014-07-31,2014,7,0
PER,2014-08-31,2014,8,0
PER,2014-09-30,2014,9,0
PER,2014-10-31,2014,10,0
PER,2014-11-30,2014,11,0
PER,2014-12-31,2014,12,0
PER,2015-01-31,2015,1,0
PER,2015-02-28,2015,2,0
PER,2015-03-31,2015,3,0
PER,2015-04-30,2015,4,0
PER,2015-05-31,2015,5,0
PER,2015-06-30,2015,6,0
PER,2015-07-31,2015,7,0
PER,2015-08-31,2015,8,0
PER,2015-09-30,2015,9,0
PER,2015-10-31,2015,10,0
PER,2015-11-30,2015,11,0
PER,2015-12-31,2015,12,0
PER,2016-01-31,2016,1,0
PER,2016-02-29,2016,2,0
PER,2016-03-31,2016,3,0
PER,2016-04-30,2016,4,0
PER,2016-05-31,2016,5,0
PER,2016-06-30,2016,6,0
PER,2016-07-31,2016,7,0
PER,2016-08-31,2016,8,0
PER,2016-09-30,2016,9,0
PER,2016-10-31,2016,10,0
PER,2016-11-30,2016,11,0
PER,2016-12-31,2016,12,0
PHL,1990-01-31,1990,1,0
PHL,1990-02-28,1990,2,0
PHL,1990-03-31,1990,3,0
PHL,1990-04-30,1990,4,0
PHL,1990-05-31,1990,5,0
PHL,1990-06-30,1990,6,0
PHL,1990-07-31,1990,7,0
PHL,1990-08-31,1990,8,0
PHL,1990-09-30,1990,9,0
PHL,1990-10-31,1990,10,0
PHL,1990-11-30,1990,11,0
PHL,1990-12-31,1990,12,0
PHL,1991-01-31,1991,1,0
PHL,1991-02-28,1991,2,0
PHL,1991-03-31,1991,3,0
PHL,1991-04-30,1991,4,0
PHL,1991-05-31,1991,5,0
PHL,1991-06-30,1991,6,0
PHL,1991-07-31,1991,7,0
PHL,1991-08-31,1991,8,0
PHL,1991-09-30,1991,9,0
PHL,1991-10-31,1991,10,0
PHL,1991-11-30,1991,11,0
PHL,1991-12-31,1991,12,0
PHL,1992-01-31,1992,1,0
PHL,1992-02-29,1992,2,0
PHL,1992-03-31,1992,3,0
PHL,1992-04-30,1992,4,0
PHL,1992-05-31,1992,5,0
PHL,1992-06-30,1992,6,0
PHL,1992-07-31,1992,7,0
PHL,1992-08-31,1992,8,0
PHL,1992-09-30,1992,9,0
PHL,1992-10-31,1992,10,0
PHL,1992-11-30,1992,11,0
PHL,1992-12-31,1992,12,0
PHL,1993-01-31,1993,1,0
PHL,1993-02-28,1993,2,0
PHL,1993-03-31,1993,3,0
PHL,1993-04-30,1993,4,0
PHL,1993-05-31,1993,5,0
PHL,1993-06-30,1993,6,0
PHL,1993-07-31,1993,7,0
PHL,1993-08-31,1993,8,0
PHL,1993-09-30,1993,9,0
PHL,1993-10-31,1993,10,0
PHL,1993-11-30,1993,11,0
PHL,1993-12-31,1993,12,0
PHL,1994-01-31,1994,1,0
PHL,1994-02-28,1994,2,0
PHL,1994-03-31,1994,3,0
PHL,1994-04-30,1994,4,0
PHL,1994-05-31,1994,5,0
PHL,1994-06-30,1994,6,0
PHL,1994-07-31,1994,7,0
PHL,1994-08-31,1994,8,0
PHL,1994-09-30,1994,9,0
PHL,1994-10-31,1994,10,0
PHL,1994-11-30,1994,11,0
PHL,1994-12-31,1994,12,0
PHL,1995-01-31,1995,1,0
PHL,1995-02-28,1995,2,0
PHL,1995-03-31,1995,3,0
PHL,1995-04-30,1995,4,0
PHL,1995-05-31,1995,5,0
PHL,1995-06-30,1995,6,0
PHL,1995-07-31,1995,7,0
PHL,1995-08-31,1995,8,0
PHL,1995-09-30,1995,9,0
PHL,1995-10-31,1995,10,0
PHL,1995-11-30,1995,11,0
PHL,1995-12-31,1995,12,0
PHL,1996-01-31,1996,1,0
PHL,1996-02-29,1996,2,0
PHL,1996-03-31,1996,3,0
PHL,1996-04-30,1996,4,0
PHL,1996-05-31,1996,5,0
PHL,1996-06-30,1996,6,0
PHL,1996-07-31,1996,7,0
PHL,1996-08-31,1996,8,0
PHL,1996-09-30,1996,9,0
PHL,1996-10-31,1996,10,0
PHL,1996-11-30,1996,11,0
PHL,1996-12-31,1996,12,0
PHL,1997-01-31,1997,1,1
PHL,1997-02-28,1997,2,1
PHL,1997-03-31,1997,3,1
PHL,1997-04-30,1997,4,1
PHL,1997-05-31,1997,5,1
PHL,1997-06-30,1997,6,1
PHL,1997-07-31,1997,7,1
PHL,1997-08-31,1997,8,1
PHL,1997-09-30,1997,9,1
PHL,1997-10-31,1997,10,1
PHL,1997-11-30,1997,11,1
PHL,1997-12-31,1997,12,1
PHL,1998-01-31,1998,1,0
PHL,1998-02-28,1998,2,0
PHL,1998-03-31,1998,3,0
PHL,1998-04-30,1998,4,0
PHL,1998-05-31,1998,5,0
PHL,1998-06-30,1998,6,0
PHL,1998-07-31,1998,7,0
PHL,1998-08-31,1998,8,0
PHL,1998-09-30,1998,9,0
PHL,1998-10-31,1998,10,0
PHL,1998-11-30,1998,11,0
PHL,1998-12-31,1998,12,0
PHL,1999-01-31,1999,1,0
PHL,1999-02-28,1999,2,0
PHL,1999-03-31,1999,3,0
PHL,1999-04-30,1999,4,0
PHL,1999-05-31,1999,5,0
PHL,1999-06-30,1999,6,0
PHL,1999-07-31,1999,7,0
PHL,1999-08-31,1999,8,0
PHL,1999-09-30,1999,9,0
PHL,1999-10-31,1999,10,0
PHL,1999-11-30,1999,11,0
PHL,1999-12-31,1999,12,0
PHL,2000-01-31,2000,1,0
PHL,2000-02-29,2000,2,0
PHL,2000-03-31,2000,3,0
PHL,2000-04-30,2000,4,0
PHL,2000-05-31,2000,5,0
PHL,2000-06-30,2000,6,0
PHL,2000-07-31,2000,7,0
PHL,2000-08-31,2000,8,0
PHL,2000-09-30,2000,9,0
PHL,2000-10-31,2000,10,0
PHL,2000-11-30,2000,11,0
PHL,2000-12-31,2000,12,0
PHL,2001-01-31,2001,1,0
PHL,2001-02-28,2001,2,0
PHL,2001-03-31,2001,3,0
PHL,2001-04-30,2001,4,0
PHL,2001-05-31,2001,5,0
PHL,2001-06-30,2001,6,0
PHL,2001-07-31,2001,7,0
PHL,2001-08-31,2001,8,0
PHL,2001-09-30,2001,9,0
PHL,2001-10-31,2001,10,0
PHL,2001-11-30,2001,11,0
PHL,2001-12-31,2001,12,0
PHL,2002-01-31,2002,1,0
PHL,2002-02-28,2002,2,0
PHL,2002-03-31,2002,3,0
PHL,2002-04-30,2002,4,0
PHL,2002-05-31,2002,5,0
PHL,2002-06-30,2002,6,0
PHL,2002-07-31,2002,7,0
PHL,2002-08-31,2002,8,0
PHL,2002-09-30,2002,9,0
PHL,2002-10-31,2002,10,0
PHL,2002-11-30,2002,11,0
PHL,2002-12-31,2002,12,0
PHL,2003-01-31,2003,1,0
PHL,2003-02-28,2003,2,0
PHL,2003-03-31,2003,3,0
PHL,2003-04-30,2003,4,0
PHL,2003-05-31,2003,5,0
PHL,2003-06-30,2003,6,0
PHL,2003-07-31,2003,7,0
PHL,2003-08-31,2003,8,0
PHL,2003-09-30,2003,9,0
PHL,2003-10-31,2003,10,0
PHL,2003-11-30,2003,11,0
PHL,2003-12-31,2003,12,0
PHL,2004-01-31,2004,1,0
PHL,2004-02-29,2004,2,0
PHL,2004-03-31,2004,3,0
PHL,2004-04-30,2004,4,0
PHL,2004-05-31,2004,5,0
PHL,2004-06-30,2004,6,0
PHL,2004-07-31,2004,7,0
PHL,2004-08-31,2004,8,0
PHL,2004-09-30,2004,9,0
PHL,2004-10-31,2004,10,0
PHL,2004-11-30,2004,11,0
PHL,2004-12-31,2004,12,0
PHL,2005-01-31,2005,1,0
PHL,2005-02-28,2005,2,0
PHL,2005-03-31,2005,3,0
PHL,2005-04-30,2005,4,0
PHL,2005-05-31,2005,5,0
PHL,2005-06-30,2005,6,0
PHL,2005-07-31,2005,7,0
PHL,2005-08-31,2005,8,0
PHL,2005-09-30,2005,9,0
PHL,2005-10-31,2005,10,0
PHL,2005-11-30,2005,11,0
PHL,2005-12-31,2005,12,0
PHL,2006-01-31,2006,1,0
PHL,2006-02-28,2006,2,0
PHL,2006-03-31,2006,3,0
PHL,2006-04-30,2006,4,0
PHL,2006-05-31,2006,5,0
PHL,2006-06-30,2006,6,0
PHL,2006-07-31,2006,7,0
PHL,2006-08-31,2006,8,0
PHL,2006-09-30,2006,9,0
PHL,2006-10-31,2006,10,0
PHL,2006-11-30,2006,11,0
PHL,2006-12-31,2006,12,0
PHL,2007-01-31,2007,1,0
PHL,2007-02-28,2007,2,0
PHL,2007-03-31,2007,3,0
PHL,2007-04-30,2007,4,0
PHL,2007-05-31,2007,5,0
PHL,2007-06-30,2007,6,0
PHL,2007-07-31,2007,7,0
PHL,2007-08-31,2007,8,0
PHL,2007-09-30,2007,9,0
PHL,2007-10-31,2007,10,0
PHL,2007-11-30,2007,11,0
PHL,2007-12-31,2007,12,0
PHL,2008-01-31,2008,1,0
PHL,2008-02-29,2008,2,0
PHL,2008-03-31,2008,3,0
PHL,2008-04-30,2008,4,0
PHL,2008-05-31,2008,5,0
PHL,2008-06-30,2008,6,0
PHL,2008-07-31,2008,7,0
PHL,2008-08-31,2008,8,0
PHL,2008-09-30,2008,9,0
PHL,2008-10-31,2008,10,0
PHL,2008-11-30,2008,11,0
PHL,2008-12-31,2008,12,0
PHL,2009-01-31,2009,1,0
PHL,2009-02-28,2009,2,0
PHL,2009-03-31,2009,3,0
PHL,2009-04-30,2009,4,0
PHL,2009-05-31,2009,5,0
PHL,2009-06-30,2009,6,0
PHL,2009-07-31,2009,7,0
PHL,2009-08-31,2009,8,0
PHL,2009-09-30,2009,9,0
PHL,2009-10-31,2009,10,0
PHL,2009-11-30,2009,11,0
PHL,2009-12-31,2009,12,0
PHL,2010-01-31,2010,1,0
PHL,2010-02-28,2010,2,0
PHL,2010-03-31,2010,3,0
PHL,2010-04-30,2010,4,0
PHL,2010-05-31,2010,5,0
PHL,2010-06-30,2010,6,0
PHL,2010-07-31,2010,7,0
PHL,2010-08-31,2010,8,0
PHL,2010-09-30,2010,9,0
PHL,2010-10-31,2010,10,0
PHL,2010-11-30,2010,11,0
PHL,2010-12-31,2010,12,0
PHL,2011-01-31,2011,1,0
PHL,2011-02-28,2011,2,0
PHL,2011-03-31,2011,3,0
PHL,2011-04-30,2011,4,0
PHL,2011-05-31,2011,5,0
PHL,2011-06-30,2011,6,0
PHL,2011-07-31,2011,7,0
PHL,2011-08-31,2011,8,0
PHL,2011-09-30,2011,9,0
PHL,2011-10-31,2011,10,0
PHL,2011-11-30,2011,11,0
PHL,2011-12-31,2011,12,0
PHL,2012-01-31,2012,1,0
PHL,2012-02-29,2012,2,0
PHL,2012-03-31,2012,3,0
PHL,2012-04-30,2012,4,0
PHL,2012-05-31,2012,5,0
PHL,2012-06-30,2012,6,0
PHL,2012-07-31,2012,7,0
PHL,2012-08-31,2012,8,0
PHL,2012-09-30,2012,9,0
PHL,2012-10-31,2012,10,0
PHL,2012-11-30,2012,11,0
PHL,2012-12-31,2012,12,0
PHL,2013-01-31,2013,1,0
PHL,2013-02-28,2013,2,0
PHL,2013-03-31,2013,3,0
PHL,2013-04-30,2013,4,0
PHL,2013-05-31,2013,5,0
PHL,2013-06-30,2013,6,0
PHL,2013-07-31,2013,7,0
PHL,2013-08-31,2013,8,0
PHL,2013-09-30,2013,9,0
PHL,2013-10-31,2013,10,0
PHL,2013-11-30,2013,11,0
PHL,2013-12-31,2013,12,0
PHL,2014-01-31,2014,1,0
PHL,2014-02-28,2014,2,0
PHL,2014-03-31,2014,3,0
PHL,2014-04-30,2014,4,0
PHL,2014-05-31,2014,5,0
PHL,2014-06-30,2014,6,0
PHL,2014-07-31,2014,7,0
PHL,2014-08-31,2014,8,0
PHL,2014-09-30,2014,9,0
PHL,2014-10-31,2014,10,0
PHL,2014-11-30,2014,11,0
PHL,2014-12-31,2014,12,0
PHL,2015-01-31,2015,1,0
PHL,2015-02-28,2015,2,0
PHL,2015-03-31,2015,3,0
PHL,2015-04-30,2015,4,0
PHL,2015-05-31,2015,5,0
PHL,2015-06-30,2015,6,0
PHL,2015-07-31,2015,7,0
PHL,2015-08-31,2015,8,0
PHL,2015-09-30,2015,9,0
PHL,2015-10-31,2015,10,0
PHL,2015-11-30,2015,11,0
PHL,2015-12-31,2015,12,0
PHL,2016-01-31,2016,1,0
PHL,2016-02-29,2016,2,0
PHL,2016-03-31,2016,3,0
PHL,2016-04-30,2016,4,0
PHL,2016-05-31,2016,5,0
PHL,2016-06-30,2016,6,0
PHL,2016-07-31,2016,7,0
PHL,2016-08-31,2016,8,0
PHL,2016-09-30,2016,9,0
PHL,2016-10-31,2016,10,0
PHL,2016-11-30,2016,11,0
PHL,2016-12-31,2016,12,0
PNG,1990-01-31,1990,1,0
PNG,1990-02-28,1990,2,0
PNG,1990-03-31,1990,3,0
PNG,1990-04-30,1990,4,0
PNG,1990-05-31,1990,5,0
PNG,1990-06-30,1990,6,0
PNG,1990-07-31,1990,7,0
PNG,1990-08-31,1990,8,0
PNG,1990-09-30,1990,9,0
PNG,1990-10-31,1990,10,0
PNG,1990-11-30,1990,11,0
PNG,1990-12-31,1990,12,0
PNG,1991-01-31,1991,1,0
PNG,1991-02-28,1991,2,0
PNG,1991-03-31,1991,3,0
PNG,1991-04-30,1991,4,0
PNG,1991-05-31,1991,5,0
PNG,1991-06-30,1991,6,0
PNG,1991-07-31,1991,7,0
PNG,1991-08-31,1991,8,0
PNG,1991-09-30,1991,9,0
PNG,1991-10-31,1991,10,0
PNG,1991-11-30,1991,11,0
PNG,1991-12-31,1991,12,0
PNG,1992-01-31,1992,1,0
PNG,1992-02-29,1992,2,0
PNG,1992-03-31,1992,3,0
PNG,1992-04-30,1992,4,0
PNG,1992-05-31,1992,5,0
PNG,1992-06-30,1992,6,0
PNG,1992-07-31,1992,7,0
PNG,1992-08-31,1992,8,0
PNG,1992-09-30,1992,9,0
PNG,1992-10-31,1992,10,0
PNG,1992-11-30,1992,11,0
PNG,1992-12-31,1992,12,0
PNG,1993-01-31,1993,1,0
PNG,1993-02-28,1993,2,0
PNG,1993-03-31,1993,3,0
PNG,1993-04-30,1993,4,0
PNG,1993-05-31,1993,5,0
PNG,1993-06-30,1993,6,0
PNG,1993-07-31,1993,7,0
PNG,1993-08-31,1993,8,0
PNG,1993-09-30,1993,9,0
PNG,1993-10-31,1993,10,0
PNG,1993-11-30,1993,11,0
PNG,1993-12-31,1993,12,0
PNG,1994-01-31,1994,1,1
PNG,1994-02-28,1994,2,1
PNG,1994-03-31,1994,3,1
PNG,1994-04-30,1994,4,1
PNG,1994-05-31,1994,5,1
PNG,1994-06-30,1994,6,1
PNG,1994-07-31,1994,7,1
PNG,1994-08-31,1994,8,1
PNG,1994-09-30,1994,9,1
PNG,1994-10-31,1994,10,1
PNG,1994-11-30,1994,11,1
PNG,1994-12-31,1994,12,1
PNG,1995-01-31,1995,1,0
PNG,1995-02-28,1995,2,0
PNG,1995-03-31,1995,3,0
PNG,1995-04-30,1995,4,0
PNG,1995-05-31,1995,5,0
PNG,1995-06-30,1995,6,0
PNG,1995-07-31,1995,7,0
PNG,1995-08-31,1995,8,0
PNG,1995-09-30,1995,9,0
PNG,1995-10-31,1995,10,0
PNG,1995-11-30,1995,11,0
PNG,1995-12-31,1995,12,0
PNG,1996-01-31,1996,1,0
PNG,1996-02-29,1996,2,0
PNG,1996-03-31,1996,3,0
PNG,1996-04-30,1996,4,0
PNG,1996-05-31,1996,5,0
PNG,1996-06-30,1996,6,0
PNG,1996-07-31,1996,7,0
PNG,1996-08-31,1996,8,0
PNG,1996-09-30,1996,9,0
PNG,1996-10-31,1996,10,0
PNG,1996-11-30,1996,11,0
PNG,1996-12-31,1996,12,0
PNG,1997-01-31,1997,1,0
PNG,1997-02-28,1997,2,0
PNG,1997-03-31,1997,3,0
PNG,1997-04-30,1997,4,0
PNG,1997-05-31,1997,5,0
PNG,1997-06-30,1997,6,0
PNG,1997-07-31,1997,7,0
PNG,1997-08-31,1997,8,0
PNG,1997-09-30,1997,9,0
PNG,1997-10-31,1997,10,0
PNG,1997-11-30,1997,11,0
PNG,1997-12-31,1997,12,0
PNG,1998-01-31,1998,1,0
PNG,1998-02-28,1998,2,0
PNG,1998-03-31,1998,3,0
PNG,1998-04-30,1998,4,0
PNG,1998-05-31,1998,5,0
PNG,1998-06-30,1998,6,0
PNG,1998-07-31,1998,7,0
PNG,1998-08-31,1998,8,0
PNG,1998-09-30,1998,9,0
PNG,1998-10-31,1998,10,0
PNG,1998-11-30,1998,11,0
PNG,1998-12-31,1998,12,0
PNG,1999-01-31,1999,1,0
PNG,1999-02-28,1999,2,0
PNG,1999-03-31,1999,3,0
PNG,1999-04-30,1999,4,0
PNG,1999-05-31,1999,5,0
PNG,1999-06-30,1999,6,0
PNG,1999-07-31,1999,7,0
PNG,1999-08-31,1999,8,0
PNG,1999-09-30,1999,9,0
PNG,1999-10-31,1999,10,0
PNG,1999-11-30,1999,11,0
PNG,1999-12-31,1999,12,0
PNG,2000-01-31,2000,1,0
PNG,2000-02-29,2000,2,0
PNG,2000-03-31,2000,3,0
PNG,2000-04-30,2000,4,0
PNG,2000-05-31,2000,5,0
PNG,2000-06-30,2000,6,0
PNG,2000-07-31,2000,7,0
PNG,2000-08-31,2000,8,0
PNG,2000-09-30,2000,9,0
PNG,2000-10-31,2000,10,0
PNG,2000-11-30,2000,11,0
PNG,2000-12-31,2000,12,0
PNG,2001-01-31,2001,1,0
PNG,2001-02-28,2001,2,0
PNG,2001-03-31,2001,3,0
PNG,2001-04-30,2001,4,0
PNG,2001-05-31,2001,5,0
PNG,2001-06-30,2001,6,0
PNG,2001-07-31,2001,7,0
PNG,2001-08-31,2001,8,0
PNG,2001-09-30,2001,9,0
PNG,2001-10-31,2001,10,0
PNG,2001-11-30,2001,11,0
PNG,2001-12-31,2001,12,0
PNG,2002-01-31,2002,1,0
PNG,2002-02-28,2002,2,0
PNG,2002-03-31,2002,3,0
PNG,2002-04-30,2002,4,0
PNG,2002-05-31,2002,5,0
PNG,2002-06-30,2002,6,0
PNG,2002-07-31,2002,7,0
PNG,2002-08-31,2002,8,0
PNG,2002-09-30,2002,9,0
PNG,2002-10-31,2002,10,0
PNG,2002-11-30,2002,11,0
PNG,2002-12-31,2002,12,0
PNG,2003-01-31,2003,1,0
PNG,2003-02-28,2003,2,0
PNG,2003-03-31,2003,3,0
PNG,2003-04-30,2003,4,0
PNG,2003-05-31,2003,5,0
PNG,2003-06-30,2003,6,0
PNG,2003-07-31,2003,7,0
PNG,2003-08-31,2003,8,0
PNG,2003-09-30,2003,9,0
PNG,2003-10-31,2003,10,0
PNG,2003-11-30,2003,11,0
PNG,2003-12-31,2003,12,0
PNG,2004-01-31,2004,1,0
PNG,2004-02-29,2004,2,0
PNG,2004-03-31,2004,3,0
PNG,2004-04-30,2004,4,0
PNG,2004-05-31,2004,5,0
PNG,2004-06-30,2004,6,0
PNG,2004-07-31,2004,7,0
PNG,2004-08-31,2004,8,0
PNG,2004-09-30,2004,9,0
PNG,2004-10-31,2004,10,0
PNG,2004-11-30,2004,11,0
PNG,2004-12-31,2004,12,0
PNG,2005-01-31,2005,1,0
PNG,2005-02-28,2005,2,0
PNG,2005-03-31,2005,3,0
PNG,2005-04-30,2005,4,0
PNG,2005-05-31,2005,5,0
PNG,2005-06-30,2005,6,0
PNG,2005-07-31,2005,7,0
PNG,2005-08-31,2005,8,0
PNG,2005-09-30,2005,9,0
PNG,2005-10-31,2005,10,0
PNG,2005-11-30,2005,11,0
PNG,2005-12-31,2005,12,0
PNG,2006-01-31,2006,1,0
PNG,2006-02-28,2006,2,0
PNG,2006-03-31,2006,3,0
PNG,2006-04-30,2006,4,0
PNG,2006-05-31,2006,5,0
PNG,2006-06-30,2006,6,0
PNG,2006-07-31,2006,7,0
PNG,2006-08-31,2006,8,0
PNG,2006-09-30,2006,9,0
PNG,2006-10-31,2006,10,0
PNG,2006-11-30,2006,11,0
PNG,2006-12-31,2006,12,0
PNG,2007-01-31,2007,1,0
PNG,2007-02-28,2007,2,0
PNG,2007-03-31,2007,3,0
PNG,2007-04-30,2007,4,0
PNG,2007-05-31,2007,5,0
PNG,2007-06-30,2007,6,0
PNG,2007-07-31,2007,7,0
PNG,2007-08-31,2007,8,0
PNG,2007-09-30,2007,9,0
PNG,2007-10-31,2007,10,0
PNG,2007-11-30,2007,11,0
PNG,2007-12-31,2007,12,0
PNG,2008-01-31,2008,1,0
PNG,2008-02-29,2008,2,0
PNG,2008-03-31,2008,3,0
PNG,2008-04-30,2008,4,0
PNG,2008-05-31,2008,5,0
PNG,2008-06-30,2008,6,0
PNG,2008-07-31,2008,7,0
PNG,2008-08-31,2008,8,0
PNG,2008-09-30,2008,9,0
PNG,2008-10-31,2008,10,0
PNG,2008-11-30,2008,11,0
PNG,2008-12-31,2008,12,0
PNG,2009-01-31,2009,1,0
PNG,2009-02-28,2009,2,0
PNG,2009-03-31,2009,3,0
PNG,2009-04-30,2009,4,0
PNG,2009-05-31,2009,5,0
PNG,2009-06-30,2009,6,0
PNG,2009-07-31,2009,7,0
PNG,2009-08-31,2009,8,0
PNG,2009-09-30,2009,9,0
PNG,2009-10-31,2009,10,0
PNG,2009-11-30,2009,11,0
PNG,2009-12-31,2009,12,0
PNG,2010-01-31,2010,1,0
PNG,2010-02-28,2010,2,0
PNG,2010-03-31,2010,3,0
PNG,2010-04-30,2010,4,0
PNG,2010-05-31,2010,5,0
PNG,2010-06-30,2010,6,0
PNG,2010-07-31,2010,7,0
PNG,2010-08-31,2010,8,0
PNG,2010-09-30,2010,9,0
PNG,2010-10-31,2010,10,0
PNG,2010-11-30,2010,11,0
PNG,2010-12-31,2010,12,0
PNG,2011-01-31,2011,1,0
PNG,2011-02-28,2011,2,0
PNG,2011-03-31,2011,3,0
PNG,2011-04-30,2011,4,0
PNG,2011-05-31,2011,5,0
PNG,2011-06-30,2011,6,0
PNG,2011-07-31,2011,7,0
PNG,2011-08-31,2011,8,0
PNG,2011-09-30,2011,9,0
PNG,2011-10-31,2011,10,0
PNG,2011-11-30,2011,11,0
PNG,2011-12-31,2011,12,0
PNG,2012-01-31,2012,1,0
PNG,2012-02-29,2012,2,0
PNG,2012-03-31,2012,3,0
PNG,2012-04-30,2012,4,0
PNG,2012-05-31,2012,5,0
PNG,2012-06-30,2012,6,0
PNG,2012-07-31,2012,7,0
PNG,2012-08-31,2012,8,0
PNG,2012-09-30,2012,9,0
PNG,2012-10-31,2012,10,0
PNG,2012-11-30,2012,11,0
PNG,2012-12-31,2012,12,0
PNG,2013-01-31,2013,1,0
PNG,2013-02-28,2013,2,0
PNG,2013-03-31,2013,3,0
PNG,2013-04-30,2013,4,0
PNG,2013-05-31,2013,5,0
PNG,2013-06-30,2013,6,0
PNG,2013-07-31,2013,7,0
PNG,2013-08-31,2013,8,0
PNG,2013-09-30,2013,9,0
PNG,2013-10-31,2013,10,0
PNG,2013-11-30,2013,11,0
PNG,2013-12-31,2013,12,0
PNG,2014-01-31,2014,1,0
PNG,2014-02-28,2014,2,0
PNG,2014-03-31,2014,3,0
PNG,2014-04-30,2014,4,0
PNG,2014-05-31,2014,5,0
PNG,2014-06-30,2014,6,0
PNG,2014-07-31,2014,7,0
PNG,2014-08-31,2014,8,0
PNG,2014-09-30,2014,9,0
PNG,2014-10-31,2014,10,0
PNG,2014-11-30,2014,11,0
PNG,2014-12-31,2014,12,0
PNG,2015-01-31,2015,1,0
PNG,2015-02-28,2015,2,0
PNG,2015-03-31,2015,3,0
PNG,2015-04-30,2015,4,0
PNG,2015-05-31,2015,5,0
PNG,2015-06-30,2015,6,0
PNG,2015-07-31,2015,7,0
PNG,2015-08-31,2015,8,0
PNG,2015-09-30,2015,9,0
PNG,2015-10-31,2015,10,0
PNG,2015-11-30,2015,11,0
PNG,2015-12-31,2015,12,0
PNG,2016-01-31,2016,1,0
PNG,2016-02-29,2016,2,0
PNG,2016-03-31,2016,3,0
PNG,2016-04-30,2016,4,0
PNG,2016-05-31,2016,5,0
PNG,2016-06-30,2016,6,0
PNG,2016-07-31,2016,7,0
PNG,2016-08-31,2016,8,0
PNG,2016-09-30,2016,9,0
PNG,2016-10-31,2016,10,0
PNG,2016-11-30,2016,11,0
PNG,2016-12-31,2016,12,0
PRT,1990-01-31,1990,1,0
PRT,1990-02-28,1990,2,0
PRT,1990-03-31,1990,3,0
PRT,1990-04-30,1990,4,0
PRT,1990-05-31,1990,5,0
PRT,1990-06-30,1990,6,0
PRT,1990-07-31,1990,7,0
PRT,1990-08-31,1990,8,0
PRT,1990-09-30,1990,9,0
PRT,1990-10-31,1990,10,0
PRT,1990-11-30,1990,11,0
PRT,1990-12-31,1990,12,0
PRT,1991-01-31,1991,1,0
PRT,1991-02-28,1991,2,0
PRT,1991-03-31,1991,3,0
PRT,1991-04-30,1991,4,0
PRT,1991-05-31,1991,5,0
PRT,1991-06-30,1991,6,0
PRT,1991-07-31,1991,7,0
PRT,1991-08-31,1991,8,0
PRT,1991-09-30,1991,9,0
PRT,1991-10-31,1991,10,0
PRT,1991-11-30,1991,11,0
PRT,1991-12-31,1991,12,0
PRT,1992-01-31,1992,1,0
PRT,1992-02-29,1992,2,0
PRT,1992-03-31,1992,3,0
PRT,1992-04-30,1992,4,0
PRT,1992-05-31,1992,5,0
PRT,1992-06-30,1992,6,0
PRT,1992-07-31,1992,7,0
PRT,1992-08-31,1992,8,0
PRT,1992-09-30,1992,9,0
PRT,1992-10-31,1992,10,0
PRT,1992-11-30,1992,11,0
PRT,1992-12-31,1992,12,0
PRT,1993-01-31,1993,1,0
PRT,1993-02-28,1993,2,0
PRT,1993-03-31,1993,3,0
PRT,1993-04-30,1993,4,0
PRT,1993-05-31,1993,5,0
PRT,1993-06-30,1993,6,0
PRT,1993-07-31,1993,7,0
PRT,1993-08-31,1993,8,0
PRT,1993-09-30,1993,9,0
PRT,1993-10-31,1993,10,0
PRT,1993-11-30,1993,11,0
PRT,1993-12-31,1993,12,0
PRT,1994-01-31,1994,1,0
PRT,1994-02-28,1994,2,0
PRT,1994-03-31,1994,3,0
PRT,1994-04-30,1994,4,0
PRT,1994-05-31,1994,5,0
PRT,1994-06-30,1994,6,0
PRT,1994-07-31,1994,7,0
PRT,1994-08-31,1994,8,0
PRT,1994-09-30,1994,9,0
PRT,1994-10-31,1994,10,0
PRT,1994-11-30,1994,11,0
PRT,1994-12-31,1994,12,0
PRT,1995-01-31,1995,1,0
PRT,1995-02-28,1995,2,0
PRT,1995-03-31,1995,3,0
PRT,1995-04-30,1995,4,0
PRT,1995-05-31,1995,5,0
PRT,1995-06-30,1995,6,0
PRT,1995-07-31,1995,7,0
PRT,1995-08-31,1995,8,0
PRT,1995-09-30,1995,9,0
PRT,1995-10-31,1995,10,0
PRT,1995-11-30,1995,11,0
PRT,1995-12-31,1995,12,0
PRT,1996-01-31,1996,1,0
PRT,1996-02-29,1996,2,0
PRT,1996-03-31,1996,3,0
PRT,1996-04-30,1996,4,0
PRT,1996-05-31,1996,5,0
PRT,1996-06-30,1996,6,0
PRT,1996-07-31,1996,7,0
PRT,1996-08-31,1996,8,0
PRT,1996-09-30,1996,9,0
PRT,1996-10-31,1996,10,0
PRT,1996-11-30,1996,11,0
PRT,1996-12-31,1996,12,0
PRT,1997-01-31,1997,1,0
PRT,1997-02-28,1997,2,0
PRT,1997-03-31,1997,3,0
PRT,1997-04-30,1997,4,0
PRT,1997-05-31,1997,5,0
PRT,1997-06-30,1997,6,0
PRT,1997-07-31,1997,7,0
PRT,1997-08-31,1997,8,0
PRT,1997-09-30,1997,9,0
PRT,1997-10-31,1997,10,0
PRT,1997-11-30,1997,11,0
PRT,1997-12-31,1997,12,0
PRT,1998-01-31,1998,1,0
PRT,1998-02-28,1998,2,0
PRT,1998-03-31,1998,3,0
PRT,1998-04-30,1998,4,0
PRT,1998-05-31,1998,5,0
PRT,1998-06-30,1998,6,0
PRT,1998-07-31,1998,7,0
PRT,1998-08-31,1998,8,0
PRT,1998-09-30,1998,9,0
PRT,1998-10-31,1998,10,0
PRT,1998-11-30,1998,11,0
PRT,1998-12-31,1998,12,0
PRY,1990-01-31,1990,1,0
PRY,1990-02-28,1990,2,0
PRY,1990-03-31,1990,3,0
PRY,1990-04-30,1990,4,0
PRY,1990-05-31,1990,5,0
PRY,1990-06-30,1990,6,0
PRY,1990-07-31,1990,7,0
PRY,1990-08-31,1990,8,0
PRY,1990-09-30,1990,9,0
PRY,1990-10-31,1990,10,0
PRY,1990-11-30,1990,11,0
PRY,1990-12-31,1990,12,0
PRY,1991-01-31,1991,1,0
PRY,1991-02-28,1991,2,0
PRY,1991-03-31,1991,3,0
PRY,1991-04-30,1991,4,0
PRY,1991-05-31,1991,5,0
PRY,1991-06-30,1991,6,0
PRY,1991-07-31,1991,7,0
PRY,1991-08-31,1991,8,0
PRY,1991-09-30,1991,9,0
PRY,1991-10-31,1991,10,0
PRY,1991-11-30,1991,11,0
PRY,1991-12-31,1991,12,0
PRY,1992-01-31,1992,1,0
PRY,1992-02-29,1992,2,0
PRY,1992-03-31,1992,3,0
PRY,1992-04-30,1992,4,0
PRY,1992-05-31,1992,5,0
PRY,1992-06-30,1992,6,0
PRY,1992-07-31,1992,7,0
PRY,1992-08-31,1992,8,0
PRY,1992-09-30,1992,9,0
PRY,1992-10-31,1992,10,0
PRY,1992-11-30,1992,11,0
PRY,1992-12-31,1992,12,0
PRY,1993-01-31,1993,1,0
PRY,1993-02-28,1993,2,0
PRY,1993-03-31,1993,3,0
PRY,1993-04-30,1993,4,0
PRY,1993-05-31,1993,5,0
PRY,1993-06-30,1993,6,0
PRY,1993-07-31,1993,7,0
PRY,1993-08-31,1993,8,0
PRY,1993-09-30,1993,9,0
PRY,1993-10-31,1993,10,0
PRY,1993-11-30,1993,11,0
PRY,1993-12-31,1993,12,0
PRY,1994-01-31,1994,1,0
PRY,1994-02-28,1994,2,0
PRY,1994-03-31,1994,3,0
PRY,1994-04-30,1994,4,0
PRY,1994-05-31,1994,5,0
PRY,1994-06-30,1994,6,0
PRY,1994-07-31,1994,7,0
PRY,1994-08-31,1994,8,0
PRY,1994-09-30,1994,9,0
PRY,1994-10-31,1994,10,0
PRY,1994-11-30,1994,11,0
PRY,1994-12-31,1994,12,0
PRY,1995-01-31,1995,1,0
PRY,1995-02-28,1995,2,0
PRY,1995-03-31,1995,3,0
PRY,1995-04-30,1995,4,0
PRY,1995-05-31,1995,5,0
PRY,1995-06-30,1995,6,0
PRY,1995-07-31,1995,7,0
PRY,1995-08-31,1995,8,0
PRY,1995-09-30,1995,9,0
PRY,1995-10-31,1995,10,0
PRY,1995-11-30,1995,11,0
PRY,1995-12-31,1995,12,0
PRY,1996-01-31,1996,1,0
PRY,1996-02-29,1996,2,0
PRY,1996-03-31,1996,3,0
PRY,1996-04-30,1996,4,0
PRY,1996-05-31,1996,5,0
PRY,1996-06-30,1996,6,0
PRY,1996-07-31,1996,7,0
PRY,1996-08-31,1996,8,0
PRY,1996-09-30,1996,9,0
PRY,1996-10-31,1996,10,0
PRY,1996-11-30,1996,11,0
PRY,1996-12-31,1996,12,0
PRY,1997-01-31,1997,1,0
PRY,1997-02-28,1997,2,0
PRY,1997-03-31,1997,3,0
PRY,1997-04-30,1997,4,0
PRY,1997-05-31,1997,5,0
PRY,1997-06-30,1997,6,0
PRY,1997-07-31,1997,7,0
PRY,1997-08-31,1997,8,0
PRY,1997-09-30,1997,9,0
PRY,1997-10-31,1997,10,0
PRY,1997-11-30,1997,11,0
PRY,1997-12-31,1997,12,0
PRY,1998-01-31,1998,1,0
PRY,1998-02-28,1998,2,0
PRY,1998-03-31,1998,3,0
PRY,1998-04-30,1998,4,0
PRY,1998-05-31,1998,5,0
PRY,1998-06-30,1998,6,0
PRY,1998-07-31,1998,7,0
PRY,1998-08-31,1998,8,0
PRY,1998-09-30,1998,9,0
PRY,1998-10-31,1998,10,0
PRY,1998-11-30,1998,11,0
PRY,1998-12-31,1998,12,0
PRY,1999-01-31,1999,1,0
PRY,1999-02-28,1999,2,0
PRY,1999-03-31,1999,3,0
PRY,1999-04-30,1999,4,0
PRY,1999-05-31,1999,5,0
PRY,1999-06-30,1999,6,0
PRY,1999-07-31,1999,7,0
PRY,1999-08-31,1999,8,0
PRY,1999-09-30,1999,9,0
PRY,1999-10-31,1999,10,0
PRY,1999-11-30,1999,11,0
PRY,1999-12-31,1999,12,0
PRY,2000-01-31,2000,1,0
PRY,2000-02-29,2000,2,0
PRY,2000-03-31,2000,3,0
PRY,2000-04-30,2000,4,0
PRY,2000-05-31,2000,5,0
PRY,2000-06-30,2000,6,0
PRY,2000-07-31,2000,7,0
PRY,2000-08-31,2000,8,0
PRY,2000-09-30,2000,9,0
PRY,2000-10-31,2000,10,0
PRY,2000-11-30,2000,11,0
PRY,2000-12-31,2000,12,0
PRY,2001-01-31,2001,1,1
PRY,2001-02-28,2001,2,1
PRY,2001-03-31,2001,3,1
PRY,2001-04-30,2001,4,1
PRY,2001-05-31,2001,5,1
PRY,2001-06-30,2001,6,1
PRY,2001-07-31,2001,7,1
PRY,2001-08-31,2001,8,1
PRY,2001-09-30,2001,9,1
PRY,2001-10-31,2001,10,1
PRY,2001-11-30,2001,11,1
PRY,2001-12-31,2001,12,1
PRY,2002-01-31,2002,1,0
PRY,2002-02-28,2002,2,0
PRY,2002-03-31,2002,3,0
PRY,2002-04-30,2002,4,0
PRY,2002-05-31,2002,5,0
PRY,2002-06-30,2002,6,0
PRY,2002-07-31,2002,7,0
PRY,2002-08-31,2002,8,0
PRY,2002-09-30,2002,9,0
PRY,2002-10-31,2002,10,0
PRY,2002-11-30,2002,11,0
PRY,2002-12-31,2002,12,0
PRY,2003-01-31,2003,1,0
PRY,2003-02-28,2003,2,0
PRY,2003-03-31,2003,3,0
PRY,2003-04-30,2003,4,0
PRY,2003-05-31,2003,5,0
PRY,2003-06-30,2003,6,0
PRY,2003-07-31,2003,7,0
PRY,2003-08-31,2003,8,0
PRY,2003-09-30,2003,9,0
PRY,2003-10-31,2003,10,0
PRY,2003-11-30,2003,11,0
PRY,2003-12-31,2003,12,0
PRY,2004-01-31,2004,1,0
PRY,2004-02-29,2004,2,0
PRY,2004-03-31,2004,3,0
PRY,2004-04-30,2004,4,0
PRY,2004-05-31,2004,5,0
PRY,2004-06-30,2004,6,0
PRY,2004-07-31,2004,7,0
PRY,2004-08-31,2004,8,0
PRY,2004-09-30,2004,9,0
PRY,2004-10-31,2004,10,0
PRY,2004-11-30,2004,11,0
PRY,2004-12-31,2004,12,0
PRY,2005-01-31,2005,1,0
PRY,2005-02-28,2005,2,0
PRY,2005-03-31,2005,3,0
PRY,2005-04-30,2005,4,0
PRY,2005-05-31,2005,5,0
PRY,2005-06-30,2005,6,0
PRY,2005-07-31,2005,7,0
PRY,2005-08-31,2005,8,0
PRY,2005-09-30,2005,9,0
PRY,2005-10-31,2005,10,0
PRY,2005-11-30,2005,11,0
PRY,2005-12-31,2005,12,0
PRY,2006-01-31,2006,1,0
PRY,2006-02-28,2006,2,0
PRY,2006-03-31,2006,3,0
PRY,2006-04-30,2006,4,0
PRY,2006-05-31,2006,5,0
PRY,2006-06-30,2006,6,0
PRY,2006-07-31,2006,7,0
PRY,2006-08-31,2006,8,0
PRY,2006-09-30,2006,9,0
PRY,2006-10-31,2006,10,0
PRY,2006-11-30,2006,11,0
PRY,2006-12-31,2006,12,0
PRY,2007-01-31,2007,1,0
PRY,2007-02-28,2007,2,0
PRY,2007-03-31,2007,3,0
PRY,2007-04-30,2007,4,0
PRY,2007-05-31,2007,5,0
PRY,2007-06-30,2007,6,0
PRY,2007-07-31,2007,7,0
PRY,2007-08-31,2007,8,0
PRY,2007-09-30,2007,9,0
PRY,2007-10-31,2007,10,0
PRY,2007-11-30,2007,11,0
PRY,2007-12-31,2007,12,0
PRY,2008-01-31,2008,1,0
PRY,2008-02-29,2008,2,0
PRY,2008-03-31,2008,3,0
PRY,2008-04-30,2008,4,0
PRY,2008-05-31,2008,5,0
PRY,2008-06-30,2008,6,0
PRY,2008-07-31,2008,7,0
PRY,2008-08-31,2008,8,0
PRY,2008-09-30,2008,9,0
PRY,2008-10-31,2008,10,0
PRY,2008-11-30,2008,11,0
PRY,2008-12-31,2008,12,0
PRY,2009-01-31,2009,1,0
PRY,2009-02-28,2009,2,0
PRY,2009-03-31,2009,3,0
PRY,2009-04-30,2009,4,0
PRY,2009-05-31,2009,5,0
PRY,2009-06-30,2009,6,0
PRY,2009-07-31,2009,7,0
PRY,2009-08-31,2009,8,0
PRY,2009-09-30,2009,9,0
PRY,2009-10-31,2009,10,0
PRY,2009-11-30,2009,11,0
PRY,2009-12-31,2009,12,0
PRY,2010-01-31,2010,1,0
PRY,2010-02-28,2010,2,0
PRY,2010-03-31,2010,3,0
PRY,2010-04-30,2010,4,0
PRY,2010-05-31,2010,5,0
PRY,2010-06-30,2010,6,0
PRY,2010-07-31,2010,7,0
PRY,2010-08-31,2010,8,0
PRY,2010-09-30,2010,9,0
PRY,2010-10-31,2010,10,0
PRY,2010-11-30,2010,11,0
PRY,2010-12-31,2010,12,0
PRY,2011-01-31,2011,1,0
PRY,2011-02-28,2011,2,0
PRY,2011-03-31,2011,3,0
PRY,2011-04-30,2011,4,0
PRY,2011-05-31,2011,5,0
PRY,2011-06-30,2011,6,0
PRY,2011-07-31,2011,7,0
PRY,2011-08-31,2011,8,0
PRY,2011-09-30,2011,9,0
PRY,2011-10-31,2011,10,0
PRY,2011-11-30,2011,11,0
PRY,2011-12-31,2011,12,0
PRY,2012-01-31,2012,1,0
PRY,2012-02-29,2012,2,0
PRY,2012-03-31,2012,3,0
PRY,2012-04-30,2012,4,0
PRY,2012-05-31,2012,5,0
PRY,2012-06-30,2012,6,0
PRY,2012-07-31,2012,7,0
PRY,2012-08-31,2012,8,0
PRY,2012-09-30,2012,9,0
PRY,2012-10-31,2012,10,0
PRY,2012-11-30,2012,11,0
PRY,2012-12-31,2012,12,0
PRY,2013-01-31,2013,1,0
PRY,2013-02-28,2013,2,0
PRY,2013-03-31,2013,3,0
PRY,2013-04-30,2013,4,0
PRY,2013-05-31,2013,5,0
PRY,2013-06-30,2013,6,0
PRY,2013-07-31,2013,7,0
PRY,2013-08-31,2013,8,0
PRY,2013-09-30,2013,9,0
PRY,2013-10-31,2013,10,0
PRY,2013-11-30,2013,11,0
PRY,2013-12-31,2013,12,0
PRY,2014-01-31,2014,1,0
PRY,2014-02-28,2014,2,0
PRY,2014-03-31,2014,3,0
PRY,2014-04-30,2014,4,0
PRY,2014-05-31,2014,5,0
PRY,2014-06-30,2014,6,0
PRY,2014-07-31,2014,7,0
PRY,2014-08-31,2014,8,0
PRY,2014-09-30,2014,9,0
PRY,2014-10-31,2014,10,0
PRY,2014-11-30,2014,11,0
PRY,2014-12-31,2014,12,0
PRY,2015-01-31,2015,1,0
PRY,2015-02-28,2015,2,0
PRY,2015-03-31,2015,3,0
PRY,2015-04-30,2015,4,0
PRY,2015-05-31,2015,5,0
PRY,2015-06-30,2015,6,0
PRY,2015-07-31,2015,7,0
PRY,2015-08-31,2015,8,0
PRY,2015-09-30,2015,9,0
PRY,2015-10-31,2015,10,0
PRY,2015-11-30,2015,11,0
PRY,2015-12-31,2015,12,0
PRY,2016-01-31,2016,1,0
PRY,2016-02-29,2016,2,0
PRY,2016-03-31,2016,3,0
PRY,2016-04-30,2016,4,0
PRY,2016-05-31,2016,5,0
PRY,2016-06-30,2016,6,0
PRY,2016-07-31,2016,7,0
PRY,2016-08-31,2016,8,0
PRY,2016-09-30,2016,9,0
PRY,2016-10-31,2016,10,0
PRY,2016-11-30,2016,11,0
PRY,2016-12-31,2016,12,0
ROU,1990-01-31,1990,1,0
ROU,1990-02-28,1990,2,0
ROU,1990-03-31,1990,3,0
ROU,1990-04-30,1990,4,0
ROU,1990-05-31,1990,5,0
ROU,1990-06-30,1990,6,0
ROU,1990-07-31,1990,7,0
ROU,1990-08-31,1990,8,0
ROU,1990-09-30,1990,9,0
ROU,1990-10-31,1990,10,0
ROU,1990-11-30,1990,11,0
ROU,1990-12-31,1990,12,0
ROU,1991-01-31,1991,1,0
ROU,1991-02-28,1991,2,0
ROU,1991-03-31,1991,3,0
ROU,1991-04-30,1991,4,0
ROU,1991-05-31,1991,5,0
ROU,1991-06-30,1991,6,0
ROU,1991-07-31,1991,7,0
ROU,1991-08-31,1991,8,0
ROU,1991-09-30,1991,9,0
ROU,1991-10-31,1991,10,0
ROU,1991-11-30,1991,11,0
ROU,1991-12-31,1991,12,0
ROU,1992-01-31,1992,1,0
ROU,1992-02-29,1992,2,0
ROU,1992-03-31,1992,3,0
ROU,1992-04-30,1992,4,0
ROU,1992-05-31,1992,5,0
ROU,1992-06-30,1992,6,0
ROU,1992-07-31,1992,7,0
ROU,1992-08-31,1992,8,0
ROU,1992-09-30,1992,9,0
ROU,1992-10-31,1992,10,0
ROU,1992-11-30,1992,11,0
ROU,1992-12-31,1992,12,0
ROU,1993-01-31,1993,1,0
ROU,1993-02-28,1993,2,0
ROU,1993-03-31,1993,3,0
ROU,1993-04-30,1993,4,0
ROU,1993-05-31,1993,5,0
ROU,1993-06-30,1993,6,0
ROU,1993-07-31,1993,7,0
ROU,1993-08-31,1993,8,0
ROU,1993-09-30,1993,9,0
ROU,1993-10-31,1993,10,0
ROU,1993-11-30,1993,11,0
ROU,1993-12-31,1993,12,0
ROU,1994-01-31,1994,1,0
ROU,1994-02-28,1994,2,0
ROU,1994-03-31,1994,3,0
ROU,1994-04-30,1994,4,0
ROU,1994-05-31,1994,5,0
ROU,1994-06-30,1994,6,0
ROU,1994-07-31,1994,7,0
ROU,1994-08-31,1994,8,0
ROU,1994-09-30,1994,9,0
ROU,1994-10-31,1994,10,0
ROU,1994-11-30,1994,11,0
ROU,1994-12-31,1994,12,0
ROU,1995-01-31,1995,1,1
ROU,1995-02-28,1995,2,1
ROU,1995-03-31,1995,3,1
ROU,1995-04-30,1995,4,1
ROU,1995-05-31,1995,5,1
ROU,1995-06-30,1995,6,1
ROU,1995-07-31,1995,7,1
ROU,1995-08-31,1995,8,1
ROU,1995-09-30,1995,9,1
ROU,1995-10-31,1995,10,1
ROU,1995-11-30,1995,11,1
ROU,1995-12-31,1995,12,1
ROU,1996-01-31,1996,1,0
ROU,1996-02-29,1996,2,0
ROU,1996-03-31,1996,3,0
ROU,1996-04-30,1996,4,0
ROU,1996-05-31,1996,5,0
ROU,1996-06-30,1996,6,0
ROU,1996-07-31,1996,7,0
ROU,1996-08-31,1996,8,0
ROU,1996-09-30,1996,9,0
ROU,1996-10-31,1996,10,0
ROU,1996-11-30,1996,11,0
ROU,1996-12-31,1996,12,0
ROU,1997-01-31,1997,1,0
ROU,1997-02-28,1997,2,0
ROU,1997-03-31,1997,3,0
ROU,1997-04-30,1997,4,0
ROU,1997-05-31,1997,5,0
ROU,1997-06-30,1997,6,0
ROU,1997-07-31,1997,7,0
ROU,1997-08-31,1997,8,0
ROU,1997-09-30,1997,9,0
ROU,1997-10-31,1997,10,0
ROU,1997-11-30,1997,11,0
ROU,1997-12-31,1997,12,0
ROU,1998-01-31,1998,1,0
ROU,1998-02-28,1998,2,0
ROU,1998-03-31,1998,3,0
ROU,1998-04-30,1998,4,0
ROU,1998-05-31,1998,5,0
ROU,1998-06-30,1998,6,0
ROU,1998-07-31,1998,7,0
ROU,1998-08-31,1998,8,0
ROU,1998-09-30,1998,9,0
ROU,1998-10-31,1998,10,0
ROU,1998-11-30,1998,11,0
ROU,1998-12-31,1998,12,0
ROU,1999-01-31,1999,1,0
ROU,1999-02-28,1999,2,0
ROU,1999-03-31,1999,3,0
ROU,1999-04-30,1999,4,0
ROU,1999-05-31,1999,5,0
ROU,1999-06-30,1999,6,0
ROU,1999-07-31,1999,7,0
ROU,1999-08-31,1999,8,0
ROU,1999-09-30,1999,9,0
ROU,1999-10-31,1999,10,0
ROU,1999-11-30,1999,11,0
ROU,1999-12-31,1999,12,0
ROU,2000-01-31,2000,1,0
ROU,2000-02-29,2000,2,0
ROU,2000-03-31,2000,3,0
ROU,2000-04-30,2000,4,0
ROU,2000-05-31,2000,5,0
ROU,2000-06-30,2000,6,0
ROU,2000-07-31,2000,7,0
ROU,2000-08-31,2000,8,0
ROU,2000-09-30,2000,9,0
ROU,2000-10-31,2000,10,0
ROU,2000-11-30,2000,11,0
ROU,2000-12-31,2000,12,0
ROU,2001-01-31,2001,1,0
ROU,2001-02-28,2001,2,0
ROU,2001-03-31,2001,3,0
ROU,2001-04-30,2001,4,0
ROU,2001-05-31,2001,5,0
ROU,2001-06-30,2001,6,0
ROU,2001-07-31,2001,7,0
ROU,2001-08-31,2001,8,0
ROU,2001-09-30,2001,9,0
ROU,2001-10-31,2001,10,0
ROU,2001-11-30,2001,11,0
ROU,2001-12-31,2001,12,0
ROU,2002-01-31,2002,1,0
ROU,2002-02-28,2002,2,0
ROU,2002-03-31,2002,3,0
ROU,2002-04-30,2002,4,0
ROU,2002-05-31,2002,5,0
ROU,2002-06-30,2002,6,0
ROU,2002-07-31,2002,7,0
ROU,2002-08-31,2002,8,0
ROU,2002-09-30,2002,9,0
ROU,2002-10-31,2002,10,0
ROU,2002-11-30,2002,11,0
ROU,2002-12-31,2002,12,0
ROU,2003-01-31,2003,1,0
ROU,2003-02-28,2003,2,0
ROU,2003-03-31,2003,3,0
ROU,2003-04-30,2003,4,0
ROU,2003-05-31,2003,5,0
ROU,2003-06-30,2003,6,0
ROU,2003-07-31,2003,7,0
ROU,2003-08-31,2003,8,0
ROU,2003-09-30,2003,9,0
ROU,2003-10-31,2003,10,0
ROU,2003-11-30,2003,11,0
ROU,2003-12-31,2003,12,0
ROU,2004-01-31,2004,1,0
ROU,2004-02-29,2004,2,0
ROU,2004-03-31,2004,3,0
ROU,2004-04-30,2004,4,0
ROU,2004-05-31,2004,5,0
ROU,2004-06-30,2004,6,0
ROU,2004-07-31,2004,7,0
ROU,2004-08-31,2004,8,0
ROU,2004-09-30,2004,9,0
ROU,2004-10-31,2004,10,0
ROU,2004-11-30,2004,11,0
ROU,2004-12-31,2004,12,0
ROU,2005-01-31,2005,1,0
ROU,2005-02-28,2005,2,0
ROU,2005-03-31,2005,3,0
ROU,2005-04-30,2005,4,0
ROU,2005-05-31,2005,5,0
ROU,2005-06-30,2005,6,0
ROU,2005-07-31,2005,7,0
ROU,2005-08-31,2005,8,0
ROU,2005-09-30,2005,9,0
ROU,2005-10-31,2005,10,0
ROU,2005-11-30,2005,11,0
ROU,2005-12-31,2005,12,0
ROU,2006-01-31,2006,1,0
ROU,2006-02-28,2006,2,0
ROU,2006-03-31,2006,3,0
ROU,2006-04-30,2006,4,0
ROU,2006-05-31,2006,5,0
ROU,2006-06-30,2006,6,0
ROU,2006-07-31,2006,7,0
ROU,2006-08-31,2006,8,0
ROU,2006-09-30,2006,9,0
ROU,2006-10-31,2006,10,0
ROU,2006-11-30,2006,11,0
ROU,2006-12-31,2006,12,0
ROU,2007-01-31,2007,1,0
ROU,2007-02-28,2007,2,0
ROU,2007-03-31,2007,3,0
ROU,2007-04-30,2007,4,0
ROU,2007-05-31,2007,5,0
ROU,2007-06-30,2007,6,0
ROU,2007-07-31,2007,7,0
ROU,2007-08-31,2007,8,0
ROU,2007-09-30,2007,9,0
ROU,2007-10-31,2007,10,0
ROU,2007-11-30,2007,11,0
ROU,2007-12-31,2007,12,0
ROU,2008-01-31,2008,1,0
ROU,2008-02-29,2008,2,0
ROU,2008-03-31,2008,3,0
ROU,2008-04-30,2008,4,0
ROU,2008-05-31,2008,5,0
ROU,2008-06-30,2008,6,0
ROU,2008-07-31,2008,7,0
ROU,2008-08-31,2008,8,0
ROU,2008-09-30,2008,9,0
ROU,2008-10-31,2008,10,0
ROU,2008-11-30,2008,11,0
ROU,2008-12-31,2008,12,0
ROU,2009-01-31,2009,1,0
ROU,2009-02-28,2009,2,0
ROU,2009-03-31,2009,3,0
ROU,2009-04-30,2009,4,0
ROU,2009-05-31,2009,5,0
ROU,2009-06-30,2009,6,0
ROU,2009-07-31,2009,7,0
ROU,2009-08-31,2009,8,0
ROU,2009-09-30,2009,9,0
ROU,2009-10-31,2009,10,0
ROU,2009-11-30,2009,11,0
ROU,2009-12-31,2009,12,0
ROU,2010-01-31,2010,1,0
ROU,2010-02-28,2010,2,0
ROU,2010-03-31,2010,3,0
ROU,2010-04-30,2010,4,0
ROU,2010-05-31,2010,5,0
ROU,2010-06-30,2010,6,0
ROU,2010-07-31,2010,7,0
ROU,2010-08-31,2010,8,0
ROU,2010-09-30,2010,9,0
ROU,2010-10-31,2010,10,0
ROU,2010-11-30,2010,11,0
ROU,2010-12-31,2010,12,0
ROU,2011-01-31,2011,1,0
ROU,2011-02-28,2011,2,0
ROU,2011-03-31,2011,3,0
ROU,2011-04-30,2011,4,0
ROU,2011-05-31,2011,5,0
ROU,2011-06-30,2011,6,0
ROU,2011-07-31,2011,7,0
ROU,2011-08-31,2011,8,0
ROU,2011-09-30,2011,9,0
ROU,2011-10-31,2011,10,0
ROU,2011-11-30,2011,11,0
ROU,2011-12-31,2011,12,0
ROU,2012-01-31,2012,1,0
ROU,2012-02-29,2012,2,0
ROU,2012-03-31,2012,3,0
ROU,2012-04-30,2012,4,0
ROU,2012-05-31,2012,5,0
ROU,2012-06-30,2012,6,0
ROU,2012-07-31,2012,7,0
ROU,2012-08-31,2012,8,0
ROU,2012-09-30,2012,9,0
ROU,2012-10-31,2012,10,0
ROU,2012-11-30,2012,11,0
ROU,2012-12-31,2012,12,0
ROU,2013-01-31,2013,1,0
ROU,2013-02-28,2013,2,0
ROU,2013-03-31,2013,3,0
ROU,2013-04-30,2013,4,0
ROU,2013-05-31,2013,5,0
ROU,2013-06-30,2013,6,0
ROU,2013-07-31,2013,7,0
ROU,2013-08-31,2013,8,0
ROU,2013-09-30,2013,9,0
ROU,2013-10-31,2013,10,0
ROU,2013-11-30,2013,11,0
ROU,2013-12-31,2013,12,0
ROU,2014-01-31,2014,1,0
ROU,2014-02-28,2014,2,0
ROU,2014-03-31,2014,3,0
ROU,2014-04-30,2014,4,0
ROU,2014-05-31,2014,5,0
ROU,2014-06-30,2014,6,0
ROU,2014-07-31,2014,7,0
ROU,2014-08-31,2014,8,0
ROU,2014-09-30,2014,9,0
ROU,2014-10-31,2014,10,0
ROU,2014-11-30,2014,11,0
ROU,2014-12-31,2014,12,0
ROU,2015-01-31,2015,1,0
ROU,2015-02-28,2015,2,0
ROU,2015-03-31,2015,3,0
ROU,2015-04-30,2015,4,0
ROU,2015-05-31,2015,5,0
ROU,2015-06-30,2015,6,0
ROU,2015-07-31,2015,7,0
ROU,2015-08-31,2015,8,0
ROU,2015-09-30,2015,9,0
ROU,2015-10-31,2015,10,0
ROU,2015-11-30,2015,11,0
ROU,2015-12-31,2015,12,0
ROU,2016-01-31,2016,1,0
ROU,2016-02-29,2016,2,0
ROU,2016-03-31,2016,3,0
ROU,2016-04-30,2016,4,0
ROU,2016-05-31,2016,5,0
ROU,2016-06-30,2016,6,0
ROU,2016-07-31,2016,7,0
ROU,2016-08-31,2016,8,0
ROU,2016-09-30,2016,9,0
ROU,2016-10-31,2016,10,0
ROU,2016-11-30,2016,11,0
ROU,2016-12-31,2016,12,0
RUS,1992-06-30,1992,6,0
RUS,1992-07-31,1992,7,0
RUS,1992-08-31,1992,8,0
RUS,1992-09-30,1992,9,0
RUS,1992-10-31,1992,10,0
RUS,1992-11-30,1992,11,0
RUS,1992-12-31,1992,12,0
RUS,1993-01-31,1993,1,0
RUS,1993-02-28,1993,2,0
RUS,1993-03-31,1993,3,0
RUS,1993-04-30,1993,4,0
RUS,1993-05-31,1993,5,0
RUS,1993-06-30,1993,6,0
RUS,1993-07-31,1993,7,0
RUS,1993-08-31,1993,8,0
RUS,1993-09-30,1993,9,0
RUS,1993-10-31,1993,10,0
RUS,1993-11-30,1993,11,0
RUS,1993-12-31,1993,12,0
RUS,1994-03-31,1994,3,0
RUS,1994-06-30,1994,6,0
RUS,1994-09-30,1994,9,0
RUS,1994-12-31,1994,12,0
RUS,1995-01-31,1995,1,0
RUS,1995-02-28,1995,2,0
RUS,1995-03-31,1995,3,0
RUS,1995-04-30,1995,4,0
RUS,1995-05-31,1995,5,0
RUS,1995-06-30,1995,6,0
RUS,1995-07-31,1995,7,0
RUS,1995-08-31,1995,8,0
RUS,1995-09-30,1995,9,0
RUS,1995-10-31,1995,10,0
RUS,1995-11-30,1995,11,0
RUS,1995-12-31,1995,12,0
RUS,1996-01-31,1996,1,0
RUS,1996-02-29,1996,2,0
RUS,1996-03-31,1996,3,0
RUS,1996-04-30,1996,4,0
RUS,1996-05-31,1996,5,0
RUS,1996-06-30,1996,6,0
RUS,1996-07-31,1996,7,0
RUS,1996-08-31,1996,8,0
RUS,1996-09-30,1996,9,0
RUS,1996-10-31,1996,10,0
RUS,1996-11-30,1996,11,0
RUS,1996-12-31,1996,12,0
RUS,1997-01-31,1997,1,1
RUS,1997-02-28,1997,2,1
RUS,1997-03-31,1997,3,1
RUS,1997-04-30,1997,4,1
RUS,1997-05-31,1997,5,1
RUS,1997-06-30,1997,6,1
RUS,1997-07-31,1997,7,1
RUS,1997-08-31,1997,8,1
RUS,1997-09-30,1997,9,1
RUS,1997-10-31,1997,10,1
RUS,1997-11-30,1997,11,1
RUS,1997-12-31,1997,12,1
RUS,1998-01-31,1998,1,0
RUS,1998-02-28,1998,2,0
RUS,1998-03-31,1998,3,0
RUS,1998-04-30,1998,4,0
RUS,1998-05-31,1998,5,0
RUS,1998-06-30,1998,6,0
RUS,1998-07-31,1998,7,0
RUS,1998-08-31,1998,8,0
RUS,1998-09-30,1998,9,0
RUS,1998-10-31,1998,10,0
RUS,1998-11-30,1998,11,0
RUS,1998-12-31,1998,12,0
RUS,1999-01-31,1999,1,0
RUS,1999-02-28,1999,2,0
RUS,1999-03-31,1999,3,0
RUS,1999-04-30,1999,4,0
RUS,1999-05-31,1999,5,0
RUS,1999-06-30,1999,6,0
RUS,1999-07-31,1999,7,0
RUS,1999-08-31,1999,8,0
RUS,1999-09-30,1999,9,0
RUS,1999-10-31,1999,10,0
RUS,1999-11-30,1999,11,0
RUS,1999-12-31,1999,12,0
RUS,2000-01-31,2000,1,0
RUS,2000-02-29,2000,2,0
RUS,2000-03-31,2000,3,0
RUS,2000-04-30,2000,4,0
RUS,2000-05-31,2000,5,0
RUS,2000-06-30,2000,6,0
RUS,2000-07-31,2000,7,0
RUS,2000-08-31,2000,8,0
RUS,2000-09-30,2000,9,0
RUS,2000-10-31,2000,10,0
RUS,2000-11-30,2000,11,0
RUS,2000-12-31,2000,12,0
RUS,2001-01-31,2001,1,0
RUS,2001-02-28,2001,2,0
RUS,2001-03-31,2001,3,0
RUS,2001-04-30,2001,4,0
RUS,2001-05-31,2001,5,0
RUS,2001-06-30,2001,6,0
RUS,2001-07-31,2001,7,0
RUS,2001-08-31,2001,8,0
RUS,2001-09-30,2001,9,0
RUS,2001-10-31,2001,10,0
RUS,2001-11-30,2001,11,0
RUS,2001-12-31,2001,12,0
RUS,2002-01-31,2002,1,0
RUS,2002-02-28,2002,2,0
RUS,2002-03-31,2002,3,0
RUS,2002-04-30,2002,4,0
RUS,2002-05-31,2002,5,0
RUS,2002-06-30,2002,6,0
RUS,2002-07-31,2002,7,0
RUS,2002-08-31,2002,8,0
RUS,2002-09-30,2002,9,0
RUS,2002-10-31,2002,10,0
RUS,2002-11-30,2002,11,0
RUS,2002-12-31,2002,12,0
RUS,2003-01-31,2003,1,0
RUS,2003-02-28,2003,2,0
RUS,2003-03-31,2003,3,0
RUS,2003-04-30,2003,4,0
RUS,2003-05-31,2003,5,0
RUS,2003-06-30,2003,6,0
RUS,2003-07-31,2003,7,0
RUS,2003-08-31,2003,8,0
RUS,2003-09-30,2003,9,0
RUS,2003-10-31,2003,10,0
RUS,2003-11-30,2003,11,0
RUS,2003-12-31,2003,12,0
RUS,2004-01-31,2004,1,0
RUS,2004-02-29,2004,2,0
RUS,2004-03-31,2004,3,0
RUS,2004-04-30,2004,4,0
RUS,2004-05-31,2004,5,0
RUS,2004-06-30,2004,6,0
RUS,2004-07-31,2004,7,0
RUS,2004-08-31,2004,8,0
RUS,2004-09-30,2004,9,0
RUS,2004-10-31,2004,10,0
RUS,2004-11-30,2004,11,0
RUS,2004-12-31,2004,12,0
RUS,2005-01-31,2005,1,0
RUS,2005-02-28,2005,2,0
RUS,2005-03-31,2005,3,0
RUS,2005-04-30,2005,4,0
RUS,2005-05-31,2005,5,0
RUS,2005-06-30,2005,6,0
RUS,2005-07-31,2005,7,0
RUS,2005-08-31,2005,8,0
RUS,2005-09-30,2005,9,0
RUS,2005-10-31,2005,10,0
RUS,2005-11-30,2005,11,0
RUS,2005-12-31,2005,12,0
RUS,2006-01-31,2006,1,0
RUS,2006-02-28,2006,2,0
RUS,2006-03-31,2006,3,0
RUS,2006-04-30,2006,4,0
RUS,2006-05-31,2006,5,0
RUS,2006-06-30,2006,6,0
RUS,2006-07-31,2006,7,0
RUS,2006-08-31,2006,8,0
RUS,2006-09-30,2006,9,0
RUS,2006-10-31,2006,10,0
RUS,2006-11-30,2006,11,0
RUS,2006-12-31,2006,12,0
RUS,2007-01-31,2007,1,0
RUS,2007-02-28,2007,2,0
RUS,2007-03-31,2007,3,0
RUS,2007-04-30,2007,4,0
RUS,2007-05-31,2007,5,0
RUS,2007-06-30,2007,6,0
RUS,2007-07-31,2007,7,0
RUS,2007-08-31,2007,8,0
RUS,2007-09-30,2007,9,0
RUS,2007-10-31,2007,10,0
RUS,2007-11-30,2007,11,0
RUS,2007-12-31,2007,12,0
RUS,2008-01-31,2008,1,0
RUS,2008-02-29,2008,2,0
RUS,2008-03-31,2008,3,0
RUS,2008-04-30,2008,4,0
RUS,2008-05-31,2008,5,0
RUS,2008-06-30,2008,6,0
RUS,2008-07-31,2008,7,0
RUS,2008-08-31,2008,8,0
RUS,2008-09-30,2008,9,0
RUS,2008-10-31,2008,10,0
RUS,2008-11-30,2008,11,0
RUS,2008-12-31,2008,12,0
RUS,2009-01-31,2009,1,0
RUS,2009-02-28,2009,2,0
RUS,2009-03-31,2009,3,0
RUS,2009-04-30,2009,4,0
RUS,2009-05-31,2009,5,0
RUS,2009-06-30,2009,6,0
RUS,2009-07-31,2009,7,0
RUS,2009-08-31,2009,8,0
RUS,2009-09-30,2009,9,0
RUS,2009-10-31,2009,10,0
RUS,2009-11-30,2009,11,0
RUS,2009-12-31,2009,12,0
RUS,2010-01-31,2010,1,0
RUS,2010-02-28,2010,2,0
RUS,2010-03-31,2010,3,0
RUS,2010-04-30,2010,4,0
RUS,2010-05-31,2010,5,0
RUS,2010-06-30,2010,6,0
RUS,2010-07-31,2010,7,0
RUS,2010-08-31,2010,8,0
RUS,2010-09-30,2010,9,0
RUS,2010-10-31,2010,10,0
RUS,2010-11-30,2010,11,0
RUS,2010-12-31,2010,12,0
RUS,2011-01-31,2011,1,0
RUS,2011-02-28,2011,2,0
RUS,2011-03-31,2011,3,0
RUS,2011-04-30,2011,4,0
RUS,2011-05-31,2011,5,0
RUS,2011-06-30,2011,6,0
RUS,2011-07-31,2011,7,0
RUS,2011-08-31,2011,8,0
RUS,2011-09-30,2011,9,0
RUS,2011-10-31,2011,10,0
RUS,2011-11-30,2011,11,0
RUS,2011-12-31,2011,12,0
RUS,2012-01-31,2012,1,0
RUS,2012-02-29,2012,2,0
RUS,2012-03-31,2012,3,0
RUS,2012-04-30,2012,4,0
RUS,2012-05-31,2012,5,0
RUS,2012-06-30,2012,6,0
RUS,2012-07-31,2012,7,0
RUS,2012-08-31,2012,8,0
RUS,2012-09-30,2012,9,0
RUS,2012-10-31,2012,10,0
RUS,2012-11-30,2012,11,0
RUS,2012-12-31,2012,12,0
RUS,2013-01-31,2013,1,1
RUS,2013-02-28,2013,2,1
RUS,2013-03-31,2013,3,1
RUS,2013-04-30,2013,4,1
RUS,2013-05-31,2013,5,1
RUS,2013-06-30,2013,6,1
RUS,2013-07-31,2013,7,1
RUS,2013-08-31,2013,8,1
RUS,2013-09-30,2013,9,1
RUS,2013-10-31,2013,10,1
RUS,2013-11-30,2013,11,1
RUS,2013-12-31,2013,12,1
RUS,2014-01-31,2014,1,0
RUS,2014-02-28,2014,2,0
RUS,2014-03-31,2014,3,0
RUS,2014-04-30,2014,4,0
RUS,2014-05-31,2014,5,0
RUS,2014-06-30,2014,6,0
RUS,2014-07-31,2014,7,0
RUS,2014-08-31,2014,8,0
RUS,2014-09-30,2014,9,0
RUS,2014-10-31,2014,10,0
RUS,2014-11-30,2014,11,0
RUS,2014-12-31,2014,12,0
RUS,2015-01-31,2015,1,0
RUS,2015-02-28,2015,2,0
RUS,2015-03-31,2015,3,0
RUS,2015-04-30,2015,4,0
RUS,2015-05-31,2015,5,0
RUS,2015-06-30,2015,6,0
RUS,2015-07-31,2015,7,0
RUS,2015-08-31,2015,8,0
RUS,2015-09-30,2015,9,0
RUS,2015-10-31,2015,10,0
RUS,2015-11-30,2015,11,0
RUS,2015-12-31,2015,12,0
RUS,2016-01-31,2016,1,0
RUS,2016-02-29,2016,2,0
RUS,2016-03-31,2016,3,0
RUS,2016-04-30,2016,4,0
RUS,2016-05-31,2016,5,0
RUS,2016-06-30,2016,6,0
RUS,2016-07-31,2016,7,0
RUS,2016-08-31,2016,8,0
RUS,2016-09-30,2016,9,0
RUS,2016-10-31,2016,10,0
RUS,2016-11-30,2016,11,0
RUS,2016-12-31,2016,12,0
RWA,1990-01-31,1990,1,1
RWA,1990-02-28,1990,2,1
RWA,1990-03-31,1990,3,1
RWA,1990-04-30,1990,4,1
RWA,1990-05-31,1990,5,1
RWA,1990-06-30,1990,6,1
RWA,1990-07-31,1990,7,1
RWA,1990-08-31,1990,8,1
RWA,1990-09-30,1990,9,1
RWA,1990-10-31,1990,10,1
RWA,1990-11-30,1990,11,1
RWA,1990-12-31,1990,12,1
RWA,1991-01-31,1991,1,0
RWA,1991-02-28,1991,2,0
RWA,1991-03-31,1991,3,0
RWA,1991-04-30,1991,4,0
RWA,1991-05-31,1991,5,0
RWA,1991-06-30,1991,6,0
RWA,1991-07-31,1991,7,0
RWA,1991-08-31,1991,8,0
RWA,1991-09-30,1991,9,0
RWA,1991-10-31,1991,10,0
RWA,1991-11-30,1991,11,0
RWA,1991-12-31,1991,12,0
RWA,1992-01-31,1992,1,0
RWA,1992-02-29,1992,2,0
RWA,1992-03-31,1992,3,0
RWA,1992-04-30,1992,4,0
RWA,1992-05-31,1992,5,0
RWA,1992-06-30,1992,6,0
RWA,1992-07-31,1992,7,0
RWA,1992-08-31,1992,8,0
RWA,1992-09-30,1992,9,0
RWA,1992-10-31,1992,10,0
RWA,1992-11-30,1992,11,0
RWA,1992-12-31,1992,12,0
RWA,1993-01-31,1993,1,0
RWA,1993-02-28,1993,2,0
RWA,1993-03-31,1993,3,0
RWA,1993-04-30,1993,4,0
RWA,1993-05-31,1993,5,0
RWA,1993-06-30,1993,6,0
RWA,1993-07-31,1993,7,0
RWA,1993-08-31,1993,8,0
RWA,1993-09-30,1993,9,0
RWA,1993-10-31,1993,10,0
RWA,1993-11-30,1993,11,0
RWA,1993-12-31,1993,12,0
RWA,1994-01-31,1994,1,0
RWA,1994-02-28,1994,2,0
RWA,1994-03-31,1994,3,0
RWA,1994-04-30,1994,4,0
RWA,1994-05-31,1994,5,0
RWA,1994-06-30,1994,6,0
RWA,1994-07-31,1994,7,0
RWA,1994-08-31,1994,8,0
RWA,1994-09-30,1994,9,0
RWA,1994-10-31,1994,10,0
RWA,1994-11-30,1994,11,0
RWA,1994-12-31,1994,12,0
RWA,1995-01-31,1995,1,0
RWA,1995-02-28,1995,2,0
RWA,1995-03-31,1995,3,0
RWA,1995-04-30,1995,4,0
RWA,1995-05-31,1995,5,0
RWA,1995-06-30,1995,6,0
RWA,1995-07-31,1995,7,0
RWA,1995-08-31,1995,8,0
RWA,1995-09-30,1995,9,0
RWA,1995-10-31,1995,10,0
RWA,1995-11-30,1995,11,0
RWA,1995-12-31,1995,12,0
RWA,1996-01-31,1996,1,0
RWA,1996-02-29,1996,2,0
RWA,1996-03-31,1996,3,0
RWA,1996-04-30,1996,4,0
RWA,1996-05-31,1996,5,0
RWA,1996-06-30,1996,6,0
RWA,1996-07-31,1996,7,0
RWA,1996-08-31,1996,8,0
RWA,1996-09-30,1996,9,0
RWA,1996-10-31,1996,10,0
RWA,1996-11-30,1996,11,0
RWA,1996-12-31,1996,12,0
RWA,1997-01-31,1997,1,0
RWA,1997-02-28,1997,2,0
RWA,1997-03-31,1997,3,0
RWA,1997-04-30,1997,4,0
RWA,1997-05-31,1997,5,0
RWA,1997-06-30,1997,6,0
RWA,1997-07-31,1997,7,0
RWA,1997-08-31,1997,8,0
RWA,1997-09-30,1997,9,0
RWA,1997-10-31,1997,10,0
RWA,1997-11-30,1997,11,0
RWA,1997-12-31,1997,12,0
RWA,1998-01-31,1998,1,0
RWA,1998-02-28,1998,2,0
RWA,1998-03-31,1998,3,0
RWA,1998-04-30,1998,4,0
RWA,1998-05-31,1998,5,0
RWA,1998-06-30,1998,6,0
RWA,1998-07-31,1998,7,0
RWA,1998-08-31,1998,8,0
RWA,1998-09-30,1998,9,0
RWA,1998-10-31,1998,10,0
RWA,1998-11-30,1998,11,0
RWA,1998-12-31,1998,12,0
RWA,1999-01-31,1999,1,0
RWA,1999-02-28,1999,2,0
RWA,1999-03-31,1999,3,0
RWA,1999-04-30,1999,4,0
RWA,1999-05-31,1999,5,0
RWA,1999-06-30,1999,6,0
RWA,1999-07-31,1999,7,0
RWA,1999-08-31,1999,8,0
RWA,1999-09-30,1999,9,0
RWA,1999-10-31,1999,10,0
RWA,1999-11-30,1999,11,0
RWA,1999-12-31,1999,12,0
RWA,2000-01-31,2000,1,0
RWA,2000-02-29,2000,2,0
RWA,2000-03-31,2000,3,0
RWA,2000-04-30,2000,4,0
RWA,2000-05-31,2000,5,0
RWA,2000-06-30,2000,6,0
RWA,2000-07-31,2000,7,0
RWA,2000-08-31,2000,8,0
RWA,2000-09-30,2000,9,0
RWA,2000-10-31,2000,10,0
RWA,2000-11-30,2000,11,0
RWA,2000-12-31,2000,12,0
RWA,2001-01-31,2001,1,0
RWA,2001-02-28,2001,2,0
RWA,2001-03-31,2001,3,0
RWA,2001-04-30,2001,4,0
RWA,2001-05-31,2001,5,0
RWA,2001-06-30,2001,6,0
RWA,2001-07-31,2001,7,0
RWA,2001-08-31,2001,8,0
RWA,2001-09-30,2001,9,0
RWA,2001-10-31,2001,10,0
RWA,2001-11-30,2001,11,0
RWA,2001-12-31,2001,12,0
RWA,2002-01-31,2002,1,0
RWA,2002-02-28,2002,2,0
RWA,2002-03-31,2002,3,0
RWA,2002-04-30,2002,4,0
RWA,2002-05-31,2002,5,0
RWA,2002-06-30,2002,6,0
RWA,2002-07-31,2002,7,0
RWA,2002-08-31,2002,8,0
RWA,2002-09-30,2002,9,0
RWA,2002-10-31,2002,10,0
RWA,2002-11-30,2002,11,0
RWA,2002-12-31,2002,12,0
RWA,2003-01-31,2003,1,0
RWA,2003-02-28,2003,2,0
RWA,2003-03-31,2003,3,0
RWA,2003-04-30,2003,4,0
RWA,2003-05-31,2003,5,0
RWA,2003-06-30,2003,6,0
RWA,2003-07-31,2003,7,0
RWA,2003-08-31,2003,8,0
RWA,2003-09-30,2003,9,0
RWA,2003-10-31,2003,10,0
RWA,2003-11-30,2003,11,0
RWA,2003-12-31,2003,12,0
RWA,2004-01-31,2004,1,0
RWA,2004-02-29,2004,2,0
RWA,2004-03-31,2004,3,0
RWA,2004-04-30,2004,4,0
RWA,2004-05-31,2004,5,0
RWA,2004-06-30,2004,6,0
RWA,2004-07-31,2004,7,0
RWA,2004-08-31,2004,8,0
RWA,2004-09-30,2004,9,0
RWA,2004-10-31,2004,10,0
RWA,2004-11-30,2004,11,0
RWA,2004-12-31,2004,12,0
RWA,2005-01-31,2005,1,0
RWA,2005-02-28,2005,2,0
RWA,2005-03-31,2005,3,0
RWA,2005-04-30,2005,4,0
RWA,2005-05-31,2005,5,0
RWA,2005-06-30,2005,6,0
RWA,2005-07-31,2005,7,0
RWA,2005-08-31,2005,8,0
RWA,2005-09-30,2005,9,0
RWA,2005-10-31,2005,10,0
RWA,2005-11-30,2005,11,0
RWA,2005-12-31,2005,12,0
RWA,2006-01-31,2006,1,0
RWA,2006-02-28,2006,2,0
RWA,2006-03-31,2006,3,0
RWA,2006-04-30,2006,4,0
RWA,2006-05-31,2006,5,0
RWA,2006-06-30,2006,6,0
RWA,2006-07-31,2006,7,0
RWA,2006-08-31,2006,8,0
RWA,2006-09-30,2006,9,0
RWA,2006-10-31,2006,10,0
RWA,2006-11-30,2006,11,0
RWA,2006-12-31,2006,12,0
RWA,2007-01-31,2007,1,0
RWA,2007-02-28,2007,2,0
RWA,2007-03-31,2007,3,0
RWA,2007-04-30,2007,4,0
RWA,2007-05-31,2007,5,0
RWA,2007-06-30,2007,6,0
RWA,2007-07-31,2007,7,0
RWA,2007-08-31,2007,8,0
RWA,2007-09-30,2007,9,0
RWA,2007-10-31,2007,10,0
RWA,2007-11-30,2007,11,0
RWA,2007-12-31,2007,12,0
RWA,2008-01-31,2008,1,0
RWA,2008-02-29,2008,2,0
RWA,2008-03-31,2008,3,0
RWA,2008-04-30,2008,4,0
RWA,2008-05-31,2008,5,0
RWA,2008-06-30,2008,6,0
RWA,2008-07-31,2008,7,0
RWA,2008-08-31,2008,8,0
RWA,2008-09-30,2008,9,0
RWA,2008-10-31,2008,10,0
RWA,2008-11-30,2008,11,0
RWA,2008-12-31,2008,12,0
RWA,2009-01-31,2009,1,0
RWA,2009-02-28,2009,2,0
RWA,2009-03-31,2009,3,0
RWA,2009-04-30,2009,4,0
RWA,2009-05-31,2009,5,0
RWA,2009-06-30,2009,6,0
RWA,2009-07-31,2009,7,0
RWA,2009-08-31,2009,8,0
RWA,2009-09-30,2009,9,0
RWA,2009-10-31,2009,10,0
RWA,2009-11-30,2009,11,0
RWA,2009-12-31,2009,12,0
RWA,2010-01-31,2010,1,0
RWA,2010-02-28,2010,2,0
RWA,2010-03-31,2010,3,0
RWA,2010-04-30,2010,4,0
RWA,2010-05-31,2010,5,0
RWA,2010-06-30,2010,6,0
RWA,2010-07-31,2010,7,0
RWA,2010-08-31,2010,8,0
RWA,2010-09-30,2010,9,0
RWA,2010-10-31,2010,10,0
RWA,2010-11-30,2010,11,0
RWA,2010-12-31,2010,12,0
RWA,2011-01-31,2011,1,0
RWA,2011-02-28,2011,2,0
RWA,2011-03-31,2011,3,0
RWA,2011-04-30,2011,4,0
RWA,2011-05-31,2011,5,0
RWA,2011-06-30,2011,6,0
RWA,2011-07-31,2011,7,0
RWA,2011-08-31,2011,8,0
RWA,2011-09-30,2011,9,0
RWA,2011-10-31,2011,10,0
RWA,2011-11-30,2011,11,0
RWA,2011-12-31,2011,12,0
RWA,2012-01-31,2012,1,0
RWA,2012-02-29,2012,2,0
RWA,2012-03-31,2012,3,0
RWA,2012-04-30,2012,4,0
RWA,2012-05-31,2012,5,0
RWA,2012-06-30,2012,6,0
RWA,2012-07-31,2012,7,0
RWA,2012-08-31,2012,8,0
RWA,2012-09-30,2012,9,0
RWA,2012-10-31,2012,10,0
RWA,2012-11-30,2012,11,0
RWA,2012-12-31,2012,12,0
RWA,2013-01-31,2013,1,0
RWA,2013-02-28,2013,2,0
RWA,2013-03-31,2013,3,0
RWA,2013-04-30,2013,4,0
RWA,2013-05-31,2013,5,0
RWA,2013-06-30,2013,6,0
RWA,2013-07-31,2013,7,0
RWA,2013-08-31,2013,8,0
RWA,2013-09-30,2013,9,0
RWA,2013-10-31,2013,10,0
RWA,2013-11-30,2013,11,0
RWA,2013-12-31,2013,12,0
RWA,2014-01-31,2014,1,0
RWA,2014-02-28,2014,2,0
RWA,2014-03-31,2014,3,0
RWA,2014-04-30,2014,4,0
RWA,2014-05-31,2014,5,0
RWA,2014-06-30,2014,6,0
RWA,2014-07-31,2014,7,0
RWA,2014-08-31,2014,8,0
RWA,2014-09-30,2014,9,0
RWA,2014-10-31,2014,10,0
RWA,2014-11-30,2014,11,0
RWA,2014-12-31,2014,12,0
RWA,2015-01-31,2015,1,0
RWA,2015-02-28,2015,2,0
RWA,2015-03-31,2015,3,0
RWA,2015-04-30,2015,4,0
RWA,2015-05-31,2015,5,0
RWA,2015-06-30,2015,6,0
RWA,2015-07-31,2015,7,0
RWA,2015-08-31,2015,8,0
RWA,2015-09-30,2015,9,0
RWA,2015-10-31,2015,10,0
RWA,2015-11-30,2015,11,0
RWA,2015-12-31,2015,12,0
RWA,2016-01-31,2016,1,0
RWA,2016-02-29,2016,2,0
RWA,2016-03-31,2016,3,0
RWA,2016-04-30,2016,4,0
RWA,2016-05-31,2016,5,0
RWA,2016-06-30,2016,6,0
RWA,2016-07-31,2016,7,0
RWA,2016-08-31,2016,8,0
RWA,2016-09-30,2016,9,0
RWA,2016-10-31,2016,10,0
RWA,2016-11-30,2016,11,0
RWA,2016-12-31,2016,12,0
SDN,1990-01-31,1990,1,0
SDN,1990-02-28,1990,2,0
SDN,1990-03-31,1990,3,0
SDN,1990-04-30,1990,4,0
SDN,1990-05-31,1990,5,0
SDN,1990-06-30,1990,6,0
SDN,1990-07-31,1990,7,0
SDN,1990-08-31,1990,8,0
SDN,1990-09-30,1990,9,0
SDN,1990-10-31,1990,10,0
SDN,1990-11-30,1990,11,0
SDN,1990-12-31,1990,12,0
SDN,1991-01-31,1991,1,0
SDN,1991-02-28,1991,2,0
SDN,1991-03-31,1991,3,0
SDN,1991-04-30,1991,4,0
SDN,1991-05-31,1991,5,0
SDN,1991-06-30,1991,6,0
SDN,1991-07-31,1991,7,0
SDN,1991-08-31,1991,8,0
SDN,1991-09-30,1991,9,0
SDN,1991-10-31,1991,10,0
SDN,1991-11-30,1991,11,0
SDN,1991-12-31,1991,12,0
SDN,1992-01-31,1992,1,1
SDN,1992-02-29,1992,2,1
SDN,1992-03-31,1992,3,1
SDN,1992-04-30,1992,4,1
SDN,1992-05-31,1992,5,1
SDN,1992-06-30,1992,6,1
SDN,1992-07-31,1992,7,1
SDN,1992-08-31,1992,8,1
SDN,1992-09-30,1992,9,1
SDN,1992-10-31,1992,10,1
SDN,1992-11-30,1992,11,1
SDN,1992-12-31,1992,12,1
SDN,1993-01-31,1993,1,0
SDN,1993-02-28,1993,2,0
SDN,1993-03-31,1993,3,0
SDN,1993-04-30,1993,4,0
SDN,1993-05-31,1993,5,0
SDN,1993-06-30,1993,6,0
SDN,1993-07-31,1993,7,0
SDN,1993-08-31,1993,8,0
SDN,1993-09-30,1993,9,0
SDN,1993-10-31,1993,10,0
SDN,1993-11-30,1993,11,0
SDN,1993-12-31,1993,12,0
SDN,1994-01-31,1994,1,0
SDN,1994-02-28,1994,2,0
SDN,1994-03-31,1994,3,0
SDN,1994-04-30,1994,4,0
SDN,1994-05-31,1994,5,0
SDN,1994-06-30,1994,6,0
SDN,1994-07-31,1994,7,0
SDN,1994-08-31,1994,8,0
SDN,1994-09-30,1994,9,0
SDN,1994-10-31,1994,10,0
SDN,1994-11-30,1994,11,0
SDN,1994-12-31,1994,12,0
SDN,1995-01-31,1995,1,0
SDN,1995-02-28,1995,2,0
SDN,1995-03-31,1995,3,0
SDN,1995-04-30,1995,4,0
SDN,1995-05-31,1995,5,0
SDN,1995-06-30,1995,6,0
SDN,1995-07-31,1995,7,0
SDN,1995-08-31,1995,8,0
SDN,1995-09-30,1995,9,0
SDN,1995-10-31,1995,10,0
SDN,1995-11-30,1995,11,0
SDN,1995-12-31,1995,12,0
SDN,1996-01-31,1996,1,0
SDN,1996-02-29,1996,2,0
SDN,1996-03-31,1996,3,0
SDN,1996-04-30,1996,4,0
SDN,1996-05-31,1996,5,0
SDN,1996-06-30,1996,6,0
SDN,1996-07-31,1996,7,0
SDN,1996-08-31,1996,8,0
SDN,1996-09-30,1996,9,0
SDN,1996-10-31,1996,10,0
SDN,1996-11-30,1996,11,0
SDN,1996-12-31,1996,12,0
SDN,1997-01-31,1997,1,0
SDN,1997-02-28,1997,2,0
SDN,1997-03-31,1997,3,0
SDN,1997-04-30,1997,4,0
SDN,1997-05-31,1997,5,0
SDN,1997-06-30,1997,6,0
SDN,1997-07-31,1997,7,0
SDN,1997-08-31,1997,8,0
SDN,1997-09-30,1997,9,0
SDN,1997-10-31,1997,10,0
SDN,1997-11-30,1997,11,0
SDN,1997-12-31,1997,12,0
SDN,1998-01-31,1998,1,0
SDN,1998-02-28,1998,2,0
SDN,1998-03-31,1998,3,0
SDN,1998-04-30,1998,4,0
SDN,1998-05-31,1998,5,0
SDN,1998-06-30,1998,6,0
SDN,1998-07-31,1998,7,0
SDN,1998-08-31,1998,8,0
SDN,1998-09-30,1998,9,0
SDN,1998-10-31,1998,10,0
SDN,1998-11-30,1998,11,0
SDN,1998-12-31,1998,12,0
SDN,1999-01-31,1999,1,0
SDN,1999-02-28,1999,2,0
SDN,1999-03-31,1999,3,0
SDN,1999-04-30,1999,4,0
SDN,1999-05-31,1999,5,0
SDN,1999-06-30,1999,6,0
SDN,1999-07-31,1999,7,0
SDN,1999-08-31,1999,8,0
SDN,1999-09-30,1999,9,0
SDN,1999-10-31,1999,10,0
SDN,1999-11-30,1999,11,0
SDN,1999-12-31,1999,12,0
SDN,2000-01-31,2000,1,0
SDN,2000-02-29,2000,2,0
SDN,2000-03-31,2000,3,0
SDN,2000-04-30,2000,4,0
SDN,2000-05-31,2000,5,0
SDN,2000-06-30,2000,6,0
SDN,2000-07-31,2000,7,0
SDN,2000-08-31,2000,8,0
SDN,2000-09-30,2000,9,0
SDN,2000-10-31,2000,10,0
SDN,2000-11-30,2000,11,0
SDN,2000-12-31,2000,12,0
SDN,2001-01-31,2001,1,0
SDN,2001-02-28,2001,2,0
SDN,2001-03-31,2001,3,0
SDN,2001-04-30,2001,4,0
SDN,2001-05-31,2001,5,0
SDN,2001-06-30,2001,6,0
SDN,2001-07-31,2001,7,0
SDN,2001-08-31,2001,8,0
SDN,2001-09-30,2001,9,0
SDN,2001-10-31,2001,10,0
SDN,2001-11-30,2001,11,0
SDN,2001-12-31,2001,12,0
SDN,2002-01-31,2002,1,0
SDN,2002-02-28,2002,2,0
SDN,2002-03-31,2002,3,0
SDN,2002-04-30,2002,4,0
SDN,2002-05-31,2002,5,0
SDN,2002-06-30,2002,6,0
SDN,2002-07-31,2002,7,0
SDN,2002-08-31,2002,8,0
SDN,2002-09-30,2002,9,0
SDN,2002-10-31,2002,10,0
SDN,2002-11-30,2002,11,0
SDN,2002-12-31,2002,12,0
SDN,2003-01-31,2003,1,0
SDN,2003-02-28,2003,2,0
SDN,2003-03-31,2003,3,0
SDN,2003-04-30,2003,4,0
SDN,2003-05-31,2003,5,0
SDN,2003-06-30,2003,6,0
SDN,2003-07-31,2003,7,0
SDN,2003-08-31,2003,8,0
SDN,2003-09-30,2003,9,0
SDN,2003-10-31,2003,10,0
SDN,2003-11-30,2003,11,0
SDN,2003-12-31,2003,12,0
SDN,2004-01-31,2004,1,0
SDN,2004-02-29,2004,2,0
SDN,2004-03-31,2004,3,0
SDN,2004-04-30,2004,4,0
SDN,2004-05-31,2004,5,0
SDN,2004-06-30,2004,6,0
SDN,2004-07-31,2004,7,0
SDN,2004-08-31,2004,8,0
SDN,2004-09-30,2004,9,0
SDN,2004-10-31,2004,10,0
SDN,2004-11-30,2004,11,0
SDN,2004-12-31,2004,12,0
SDN,2005-01-31,2005,1,0
SDN,2005-02-28,2005,2,0
SDN,2005-03-31,2005,3,0
SDN,2005-04-30,2005,4,0
SDN,2005-05-31,2005,5,0
SDN,2005-06-30,2005,6,0
SDN,2005-07-31,2005,7,0
SDN,2005-08-31,2005,8,0
SDN,2005-09-30,2005,9,0
SDN,2005-10-31,2005,10,0
SDN,2005-11-30,2005,11,0
SDN,2005-12-31,2005,12,0
SDN,2006-01-31,2006,1,0
SDN,2006-02-28,2006,2,0
SDN,2006-03-31,2006,3,0
SDN,2006-04-30,2006,4,0
SDN,2006-05-31,2006,5,0
SDN,2006-06-30,2006,6,0
SDN,2006-07-31,2006,7,0
SDN,2006-08-31,2006,8,0
SDN,2006-09-30,2006,9,0
SDN,2006-10-31,2006,10,0
SDN,2006-11-30,2006,11,0
SDN,2006-12-31,2006,12,0
SDN,2007-01-31,2007,1,0
SDN,2007-02-28,2007,2,0
SDN,2007-03-31,2007,3,0
SDN,2007-04-30,2007,4,0
SDN,2007-05-31,2007,5,0
SDN,2007-06-30,2007,6,0
SDN,2007-07-31,2007,7,0
SDN,2007-08-31,2007,8,0
SDN,2007-09-30,2007,9,0
SDN,2007-10-31,2007,10,0
SDN,2007-11-30,2007,11,0
SDN,2007-12-31,2007,12,0
SDN,2008-01-31,2008,1,0
SDN,2008-02-29,2008,2,0
SDN,2008-03-31,2008,3,0
SDN,2008-04-30,2008,4,0
SDN,2008-05-31,2008,5,0
SDN,2008-06-30,2008,6,0
SDN,2008-07-31,2008,7,0
SDN,2008-08-31,2008,8,0
SDN,2008-09-30,2008,9,0
SDN,2008-10-31,2008,10,0
SDN,2008-11-30,2008,11,0
SDN,2008-12-31,2008,12,0
SDN,2009-01-31,2009,1,0
SDN,2009-02-28,2009,2,0
SDN,2009-03-31,2009,3,0
SDN,2009-04-30,2009,4,0
SDN,2009-05-31,2009,5,0
SDN,2009-06-30,2009,6,0
SDN,2009-07-31,2009,7,0
SDN,2009-08-31,2009,8,0
SDN,2009-09-30,2009,9,0
SDN,2009-10-31,2009,10,0
SDN,2009-11-30,2009,11,0
SDN,2009-12-31,2009,12,0
SDN,2010-01-31,2010,1,0
SDN,2010-02-28,2010,2,0
SDN,2010-03-31,2010,3,0
SDN,2010-04-30,2010,4,0
SDN,2010-05-31,2010,5,0
SDN,2010-06-30,2010,6,0
SDN,2010-07-31,2010,7,0
SDN,2010-08-31,2010,8,0
SDN,2010-09-30,2010,9,0
SDN,2010-10-31,2010,10,0
SDN,2010-11-30,2010,11,0
SDN,2010-12-31,2010,12,0
SDN,2011-01-31,2011,1,1
SDN,2011-02-28,2011,2,1
SDN,2011-03-31,2011,3,1
SDN,2011-04-30,2011,4,1
SDN,2011-05-31,2011,5,1
SDN,2011-06-30,2011,6,1
SDN,2011-07-31,2011,7,1
SDN,2011-08-31,2011,8,1
SDN,2011-09-30,2011,9,1
SDN,2011-10-31,2011,10,1
SDN,2011-11-30,2011,11,1
SDN,2011-12-31,2011,12,1
SDN,2012-01-31,2012,1,0
SDN,2012-02-29,2012,2,0
SDN,2012-03-31,2012,3,0
SDN,2012-04-30,2012,4,0
SDN,2012-05-31,2012,5,0
SDN,2012-06-30,2012,6,0
SDN,2012-07-31,2012,7,0
SDN,2012-08-31,2012,8,0
SDN,2012-09-30,2012,9,0
SDN,2012-10-31,2012,10,0
SDN,2012-11-30,2012,11,0
SDN,2012-12-31,2012,12,0
SDN,2013-01-31,2013,1,0
SDN,2013-02-28,2013,2,0
SDN,2013-03-31,2013,3,0
SDN,2013-04-30,2013,4,0
SDN,2013-05-31,2013,5,0
SDN,2013-06-30,2013,6,0
SDN,2013-07-31,2013,7,0
SDN,2013-08-31,2013,8,0
SDN,2013-09-30,2013,9,0
SDN,2013-10-31,2013,10,0
SDN,2013-11-30,2013,11,0
SDN,2013-12-31,2013,12,0
SDN,2014-01-31,2014,1,0
SDN,2014-02-28,2014,2,0
SDN,2014-03-31,2014,3,0
SDN,2014-04-30,2014,4,0
SDN,2014-05-31,2014,5,0
SDN,2014-06-30,2014,6,0
SDN,2014-07-31,2014,7,0
SDN,2014-08-31,2014,8,0
SDN,2014-09-30,2014,9,0
SDN,2014-10-31,2014,10,0
SDN,2014-11-30,2014,11,0
SDN,2014-12-31,2014,12,0
SDN,2015-01-31,2015,1,0
SDN,2015-02-28,2015,2,0
SDN,2015-03-31,2015,3,0
SDN,2015-04-30,2015,4,0
SDN,2015-05-31,2015,5,0
SDN,2015-06-30,2015,6,0
SDN,2015-07-31,2015,7,0
SDN,2015-08-31,2015,8,0
SDN,2015-09-30,2015,9,0
SDN,2015-10-31,2015,10,0
SDN,2015-11-30,2015,11,0
SDN,2015-12-31,2015,12,0
SDN,2016-01-31,2016,1,0
SDN,2016-02-29,2016,2,0
SDN,2016-03-31,2016,3,0
SDN,2016-04-30,2016,4,0
SDN,2016-05-31,2016,5,0
SDN,2016-06-30,2016,6,0
SDN,2016-07-31,2016,7,0
SDN,2016-08-31,2016,8,0
SDN,2016-09-30,2016,9,0
SDN,2016-10-31,2016,10,0
SDN,2016-11-30,2016,11,0
SDN,2016-12-31,2016,12,0
SEN,1990-01-31,1990,1,0
SEN,1990-02-28,1990,2,0
SEN,1990-03-31,1990,3,0
SEN,1990-04-30,1990,4,0
SEN,1990-05-31,1990,5,0
SEN,1990-06-30,1990,6,0
SEN,1990-07-31,1990,7,0
SEN,1990-08-31,1990,8,0
SEN,1990-09-30,1990,9,0
SEN,1990-10-31,1990,10,0
SEN,1990-11-30,1990,11,0
SEN,1990-12-31,1990,12,0
SEN,1991-01-31,1991,1,0
SEN,1991-02-28,1991,2,0
SEN,1991-03-31,1991,3,0
SEN,1991-04-30,1991,4,0
SEN,1991-05-31,1991,5,0
SEN,1991-06-30,1991,6,0
SEN,1991-07-31,1991,7,0
SEN,1991-08-31,1991,8,0
SEN,1991-09-30,1991,9,0
SEN,1991-10-31,1991,10,0
SEN,1991-11-30,1991,11,0
SEN,1991-12-31,1991,12,0
SEN,1992-01-31,1992,1,0
SEN,1992-02-29,1992,2,0
SEN,1992-03-31,1992,3,0
SEN,1992-04-30,1992,4,0
SEN,1992-05-31,1992,5,0
SEN,1992-06-30,1992,6,0
SEN,1992-07-31,1992,7,0
SEN,1992-08-31,1992,8,0
SEN,1992-09-30,1992,9,0
SEN,1992-10-31,1992,10,0
SEN,1992-11-30,1992,11,0
SEN,1992-12-31,1992,12,0
SEN,1993-01-31,1993,1,1
SEN,1993-02-28,1993,2,1
SEN,1993-03-31,1993,3,1
SEN,1993-04-30,1993,4,1
SEN,1993-05-31,1993,5,1
SEN,1993-06-30,1993,6,1
SEN,1993-07-31,1993,7,1
SEN,1993-08-31,1993,8,1
SEN,1993-09-30,1993,9,1
SEN,1993-10-31,1993,10,1
SEN,1993-11-30,1993,11,1
SEN,1993-12-31,1993,12,1
SEN,1994-01-31,1994,1,0
SEN,1994-02-28,1994,2,0
SEN,1994-03-31,1994,3,0
SEN,1994-04-30,1994,4,0
SEN,1994-05-31,1994,5,0
SEN,1994-06-30,1994,6,0
SEN,1994-07-31,1994,7,0
SEN,1994-08-31,1994,8,0
SEN,1994-09-30,1994,9,0
SEN,1994-10-31,1994,10,0
SEN,1994-11-30,1994,11,0
SEN,1994-12-31,1994,12,0
SEN,1995-01-31,1995,1,0
SEN,1995-02-28,1995,2,0
SEN,1995-03-31,1995,3,0
SEN,1995-04-30,1995,4,0
SEN,1995-05-31,1995,5,0
SEN,1995-06-30,1995,6,0
SEN,1995-07-31,1995,7,0
SEN,1995-08-31,1995,8,0
SEN,1995-09-30,1995,9,0
SEN,1995-10-31,1995,10,0
SEN,1995-11-30,1995,11,0
SEN,1995-12-31,1995,12,0
SEN,1996-01-31,1996,1,0
SEN,1996-02-29,1996,2,0
SEN,1996-03-31,1996,3,0
SEN,1996-04-30,1996,4,0
SEN,1996-05-31,1996,5,0
SEN,1996-06-30,1996,6,0
SEN,1996-07-31,1996,7,0
SEN,1996-08-31,1996,8,0
SEN,1996-09-30,1996,9,0
SEN,1996-10-31,1996,10,0
SEN,1996-11-30,1996,11,0
SEN,1996-12-31,1996,12,0
SEN,1997-01-31,1997,1,0
SEN,1997-02-28,1997,2,0
SEN,1997-03-31,1997,3,0
SEN,1997-04-30,1997,4,0
SEN,1997-05-31,1997,5,0
SEN,1997-06-30,1997,6,0
SEN,1997-07-31,1997,7,0
SEN,1997-08-31,1997,8,0
SEN,1997-09-30,1997,9,0
SEN,1997-10-31,1997,10,0
SEN,1997-11-30,1997,11,0
SEN,1997-12-31,1997,12,0
SEN,1998-01-31,1998,1,0
SEN,1998-02-28,1998,2,0
SEN,1998-03-31,1998,3,0
SEN,1998-04-30,1998,4,0
SEN,1998-05-31,1998,5,0
SEN,1998-06-30,1998,6,0
SEN,1998-07-31,1998,7,0
SEN,1998-08-31,1998,8,0
SEN,1998-09-30,1998,9,0
SEN,1998-10-31,1998,10,0
SEN,1998-11-30,1998,11,0
SEN,1998-12-31,1998,12,0
SEN,1999-01-31,1999,1,0
SEN,1999-02-28,1999,2,0
SEN,1999-03-31,1999,3,0
SEN,1999-04-30,1999,4,0
SEN,1999-05-31,1999,5,0
SEN,1999-06-30,1999,6,0
SEN,1999-07-31,1999,7,0
SEN,1999-08-31,1999,8,0
SEN,1999-09-30,1999,9,0
SEN,1999-10-31,1999,10,0
SEN,1999-11-30,1999,11,0
SEN,1999-12-31,1999,12,0
SEN,2000-01-31,2000,1,0
SEN,2000-02-29,2000,2,0
SEN,2000-03-31,2000,3,0
SEN,2000-04-30,2000,4,0
SEN,2000-05-31,2000,5,0
SEN,2000-06-30,2000,6,0
SEN,2000-07-31,2000,7,0
SEN,2000-08-31,2000,8,0
SEN,2000-09-30,2000,9,0
SEN,2000-10-31,2000,10,0
SEN,2000-11-30,2000,11,0
SEN,2000-12-31,2000,12,0
SEN,2001-01-31,2001,1,0
SEN,2001-02-28,2001,2,0
SEN,2001-03-31,2001,3,0
SEN,2001-04-30,2001,4,0
SEN,2001-05-31,2001,5,0
SEN,2001-06-30,2001,6,0
SEN,2001-07-31,2001,7,0
SEN,2001-08-31,2001,8,0
SEN,2001-09-30,2001,9,0
SEN,2001-10-31,2001,10,0
SEN,2001-11-30,2001,11,0
SEN,2001-12-31,2001,12,0
SEN,2002-01-31,2002,1,0
SEN,2002-02-28,2002,2,0
SEN,2002-03-31,2002,3,0
SEN,2002-04-30,2002,4,0
SEN,2002-05-31,2002,5,0
SEN,2002-06-30,2002,6,0
SEN,2002-07-31,2002,7,0
SEN,2002-08-31,2002,8,0
SEN,2002-09-30,2002,9,0
SEN,2002-10-31,2002,10,0
SEN,2002-11-30,2002,11,0
SEN,2002-12-31,2002,12,0
SEN,2003-01-31,2003,1,0
SEN,2003-02-28,2003,2,0
SEN,2003-03-31,2003,3,0
SEN,2003-04-30,2003,4,0
SEN,2003-05-31,2003,5,0
SEN,2003-06-30,2003,6,0
SEN,2003-07-31,2003,7,0
SEN,2003-08-31,2003,8,0
SEN,2003-09-30,2003,9,0
SEN,2003-10-31,2003,10,0
SEN,2003-11-30,2003,11,0
SEN,2003-12-31,2003,12,0
SEN,2004-01-31,2004,1,0
SEN,2004-02-29,2004,2,0
SEN,2004-03-31,2004,3,0
SEN,2004-04-30,2004,4,0
SEN,2004-05-31,2004,5,0
SEN,2004-06-30,2004,6,0
SEN,2004-07-31,2004,7,0
SEN,2004-08-31,2004,8,0
SEN,2004-09-30,2004,9,0
SEN,2004-10-31,2004,10,0
SEN,2004-11-30,2004,11,0
SEN,2004-12-31,2004,12,0
SEN,2005-01-31,2005,1,0
SEN,2005-02-28,2005,2,0
SEN,2005-03-31,2005,3,0
SEN,2005-04-30,2005,4,0
SEN,2005-05-31,2005,5,0
SEN,2005-06-30,2005,6,0
SEN,2005-07-31,2005,7,0
SEN,2005-08-31,2005,8,0
SEN,2005-09-30,2005,9,0
SEN,2005-10-31,2005,10,0
SEN,2005-11-30,2005,11,0
SEN,2005-12-31,2005,12,0
SEN,2006-01-31,2006,1,0
SEN,2006-02-28,2006,2,0
SEN,2006-03-31,2006,3,0
SEN,2006-04-30,2006,4,0
SEN,2006-05-31,2006,5,0
SEN,2006-06-30,2006,6,0
SEN,2006-07-31,2006,7,0
SEN,2006-08-31,2006,8,0
SEN,2006-09-30,2006,9,0
SEN,2006-10-31,2006,10,0
SEN,2006-11-30,2006,11,0
SEN,2006-12-31,2006,12,0
SEN,2007-01-31,2007,1,0
SEN,2007-02-28,2007,2,0
SEN,2007-03-31,2007,3,0
SEN,2007-04-30,2007,4,0
SEN,2007-05-31,2007,5,0
SEN,2007-06-30,2007,6,0
SEN,2007-07-31,2007,7,0
SEN,2007-08-31,2007,8,0
SEN,2007-09-30,2007,9,0
SEN,2007-10-31,2007,10,0
SEN,2007-11-30,2007,11,0
SEN,2007-12-31,2007,12,0
SEN,2008-01-31,2008,1,0
SEN,2008-02-29,2008,2,0
SEN,2008-03-31,2008,3,0
SEN,2008-04-30,2008,4,0
SEN,2008-05-31,2008,5,0
SEN,2008-06-30,2008,6,0
SEN,2008-07-31,2008,7,0
SEN,2008-08-31,2008,8,0
SEN,2008-09-30,2008,9,0
SEN,2008-10-31,2008,10,0
SEN,2008-11-30,2008,11,0
SEN,2008-12-31,2008,12,0
SEN,2009-01-31,2009,1,0
SEN,2009-02-28,2009,2,0
SEN,2009-03-31,2009,3,0
SEN,2009-04-30,2009,4,0
SEN,2009-05-31,2009,5,0
SEN,2009-06-30,2009,6,0
SEN,2009-07-31,2009,7,0
SEN,2009-08-31,2009,8,0
SEN,2009-09-30,2009,9,0
SEN,2009-10-31,2009,10,0
SEN,2009-11-30,2009,11,0
SEN,2009-12-31,2009,12,0
SEN,2010-01-31,2010,1,0
SEN,2010-02-28,2010,2,0
SEN,2010-03-31,2010,3,0
SEN,2010-04-30,2010,4,0
SEN,2010-05-31,2010,5,0
SEN,2010-06-30,2010,6,0
SEN,2010-07-31,2010,7,0
SEN,2010-08-31,2010,8,0
SEN,2010-09-30,2010,9,0
SEN,2010-10-31,2010,10,0
SEN,2010-11-30,2010,11,0
SEN,2010-12-31,2010,12,0
SEN,2011-01-31,2011,1,0
SEN,2011-02-28,2011,2,0
SEN,2011-03-31,2011,3,0
SEN,2011-04-30,2011,4,0
SEN,2011-05-31,2011,5,0
SEN,2011-06-30,2011,6,0
SEN,2011-07-31,2011,7,0
SEN,2011-08-31,2011,8,0
SEN,2011-09-30,2011,9,0
SEN,2011-10-31,2011,10,0
SEN,2011-11-30,2011,11,0
SEN,2011-12-31,2011,12,0
SEN,2012-01-31,2012,1,0
SEN,2012-02-29,2012,2,0
SEN,2012-03-31,2012,3,0
SEN,2012-04-30,2012,4,0
SEN,2012-05-31,2012,5,0
SEN,2012-06-30,2012,6,0
SEN,2012-07-31,2012,7,0
SEN,2012-08-31,2012,8,0
SEN,2012-09-30,2012,9,0
SEN,2012-10-31,2012,10,0
SEN,2012-11-30,2012,11,0
SEN,2012-12-31,2012,12,0
SEN,2013-01-31,2013,1,0
SEN,2013-02-28,2013,2,0
SEN,2013-03-31,2013,3,0
SEN,2013-04-30,2013,4,0
SEN,2013-05-31,2013,5,0
SEN,2013-06-30,2013,6,0
SEN,2013-07-31,2013,7,0
SEN,2013-08-31,2013,8,0
SEN,2013-09-30,2013,9,0
SEN,2013-10-31,2013,10,0
SEN,2013-11-30,2013,11,0
SEN,2013-12-31,2013,12,0
SEN,2014-01-31,2014,1,0
SEN,2014-02-28,2014,2,0
SEN,2014-03-31,2014,3,0
SEN,2014-04-30,2014,4,0
SEN,2014-05-31,2014,5,0
SEN,2014-06-30,2014,6,0
SEN,2014-07-31,2014,7,0
SEN,2014-08-31,2014,8,0
SEN,2014-09-30,2014,9,0
SEN,2014-10-31,2014,10,0
SEN,2014-11-30,2014,11,0
SEN,2014-12-31,2014,12,0
SEN,2015-01-31,2015,1,0
SEN,2015-02-28,2015,2,0
SEN,2015-03-31,2015,3,0
SEN,2015-04-30,2015,4,0
SEN,2015-05-31,2015,5,0
SEN,2015-06-30,2015,6,0
SEN,2015-07-31,2015,7,0
SEN,2015-08-31,2015,8,0
SEN,2015-09-30,2015,9,0
SEN,2015-10-31,2015,10,0
SEN,2015-11-30,2015,11,0
SEN,2015-12-31,2015,12,0
SEN,2016-01-31,2016,1,0
SEN,2016-02-29,2016,2,0
SEN,2016-03-31,2016,3,0
SEN,2016-04-30,2016,4,0
SEN,2016-05-31,2016,5,0
SEN,2016-06-30,2016,6,0
SEN,2016-07-31,2016,7,0
SEN,2016-08-31,2016,8,0
SEN,2016-09-30,2016,9,0
SEN,2016-10-31,2016,10,0
SEN,2016-11-30,2016,11,0
SEN,2016-12-31,2016,12,0
SLE,1990-01-31,1990,1,0
SLE,1990-02-28,1990,2,0
SLE,1990-03-31,1990,3,0
SLE,1990-04-30,1990,4,0
SLE,1990-05-31,1990,5,0
SLE,1990-06-30,1990,6,0
SLE,1990-07-31,1990,7,0
SLE,1990-08-31,1990,8,0
SLE,1990-09-30,1990,9,0
SLE,1990-10-31,1990,10,0
SLE,1990-11-30,1990,11,0
SLE,1990-12-31,1990,12,0
SLE,1991-01-31,1991,1,0
SLE,1991-02-28,1991,2,0
SLE,1991-03-31,1991,3,0
SLE,1991-04-30,1991,4,0
SLE,1991-05-31,1991,5,0
SLE,1991-06-30,1991,6,0
SLE,1991-07-31,1991,7,0
SLE,1991-08-31,1991,8,0
SLE,1991-09-30,1991,9,0
SLE,1991-10-31,1991,10,0
SLE,1991-11-30,1991,11,0
SLE,1991-12-31,1991,12,0
SLE,1992-01-31,1992,1,0
SLE,1992-02-29,1992,2,0
SLE,1992-03-31,1992,3,0
SLE,1992-04-30,1992,4,0
SLE,1992-05-31,1992,5,0
SLE,1992-06-30,1992,6,0
SLE,1992-07-31,1992,7,0
SLE,1992-08-31,1992,8,0
SLE,1992-09-30,1992,9,0
SLE,1992-10-31,1992,10,0
SLE,1992-11-30,1992,11,0
SLE,1992-12-31,1992,12,0
SLE,1993-01-31,1993,1,0
SLE,1993-02-28,1993,2,0
SLE,1993-03-31,1993,3,0
SLE,1993-04-30,1993,4,0
SLE,1993-05-31,1993,5,0
SLE,1993-06-30,1993,6,0
SLE,1993-07-31,1993,7,0
SLE,1993-08-31,1993,8,0
SLE,1993-09-30,1993,9,0
SLE,1993-10-31,1993,10,0
SLE,1993-11-30,1993,11,0
SLE,1993-12-31,1993,12,0
SLE,1994-01-31,1994,1,0
SLE,1994-02-28,1994,2,0
SLE,1994-03-31,1994,3,0
SLE,1994-04-30,1994,4,0
SLE,1994-05-31,1994,5,0
SLE,1994-06-30,1994,6,0
SLE,1994-07-31,1994,7,0
SLE,1994-08-31,1994,8,0
SLE,1994-09-30,1994,9,0
SLE,1994-10-31,1994,10,0
SLE,1994-11-30,1994,11,0
SLE,1994-12-31,1994,12,0
SLE,1995-01-31,1995,1,0
SLE,1995-02-28,1995,2,0
SLE,1995-03-31,1995,3,0
SLE,1995-04-30,1995,4,0
SLE,1995-05-31,1995,5,0
SLE,1995-06-30,1995,6,0
SLE,1995-07-31,1995,7,0
SLE,1995-08-31,1995,8,0
SLE,1995-09-30,1995,9,0
SLE,1995-10-31,1995,10,0
SLE,1995-11-30,1995,11,0
SLE,1995-12-31,1995,12,0
SLE,1996-01-31,1996,1,0
SLE,1996-02-29,1996,2,0
SLE,1996-03-31,1996,3,0
SLE,1996-04-30,1996,4,0
SLE,1996-05-31,1996,5,0
SLE,1996-06-30,1996,6,0
SLE,1996-07-31,1996,7,0
SLE,1996-08-31,1996,8,0
SLE,1996-09-30,1996,9,0
SLE,1996-10-31,1996,10,0
SLE,1996-11-30,1996,11,0
SLE,1996-12-31,1996,12,0
SLE,1997-01-31,1997,1,1
SLE,1997-02-28,1997,2,1
SLE,1997-03-31,1997,3,1
SLE,1997-04-30,1997,4,1
SLE,1997-05-31,1997,5,1
SLE,1997-06-30,1997,6,1
SLE,1997-07-31,1997,7,1
SLE,1997-08-31,1997,8,1
SLE,1997-09-30,1997,9,1
SLE,1997-10-31,1997,10,1
SLE,1997-11-30,1997,11,1
SLE,1997-12-31,1997,12,1
SLE,1998-01-31,1998,1,0
SLE,1998-02-28,1998,2,0
SLE,1998-03-31,1998,3,0
SLE,1998-04-30,1998,4,0
SLE,1998-05-31,1998,5,0
SLE,1998-06-30,1998,6,0
SLE,1998-07-31,1998,7,0
SLE,1998-08-31,1998,8,0
SLE,1998-09-30,1998,9,0
SLE,1998-10-31,1998,10,0
SLE,1998-11-30,1998,11,0
SLE,1998-12-31,1998,12,0
SLE,1999-01-31,1999,1,0
SLE,1999-02-28,1999,2,0
SLE,1999-03-31,1999,3,0
SLE,1999-04-30,1999,4,0
SLE,1999-05-31,1999,5,0
SLE,1999-06-30,1999,6,0
SLE,1999-07-31,1999,7,0
SLE,1999-08-31,1999,8,0
SLE,1999-09-30,1999,9,0
SLE,1999-10-31,1999,10,0
SLE,1999-11-30,1999,11,0
SLE,1999-12-31,1999,12,0
SLE,2000-01-31,2000,1,0
SLE,2000-02-29,2000,2,0
SLE,2000-03-31,2000,3,0
SLE,2000-04-30,2000,4,0
SLE,2000-05-31,2000,5,0
SLE,2000-06-30,2000,6,0
SLE,2000-07-31,2000,7,0
SLE,2000-08-31,2000,8,0
SLE,2000-09-30,2000,9,0
SLE,2000-10-31,2000,10,0
SLE,2000-11-30,2000,11,0
SLE,2000-12-31,2000,12,0
SLE,2001-01-31,2001,1,0
SLE,2001-02-28,2001,2,0
SLE,2001-03-31,2001,3,0
SLE,2001-04-30,2001,4,0
SLE,2001-05-31,2001,5,0
SLE,2001-06-30,2001,6,0
SLE,2001-07-31,2001,7,0
SLE,2001-08-31,2001,8,0
SLE,2001-09-30,2001,9,0
SLE,2001-10-31,2001,10,0
SLE,2001-11-30,2001,11,0
SLE,2001-12-31,2001,12,0
SLE,2002-01-31,2002,1,0
SLE,2002-02-28,2002,2,0
SLE,2002-03-31,2002,3,0
SLE,2002-04-30,2002,4,0
SLE,2002-05-31,2002,5,0
SLE,2002-06-30,2002,6,0
SLE,2002-07-31,2002,7,0
SLE,2002-08-31,2002,8,0
SLE,2002-09-30,2002,9,0
SLE,2002-10-31,2002,10,0
SLE,2002-11-30,2002,11,0
SLE,2002-12-31,2002,12,0
SLE,2003-01-31,2003,1,0
SLE,2003-02-28,2003,2,0
SLE,2003-03-31,2003,3,0
SLE,2003-04-30,2003,4,0
SLE,2003-05-31,2003,5,0
SLE,2003-06-30,2003,6,0
SLE,2003-07-31,2003,7,0
SLE,2003-08-31,2003,8,0
SLE,2003-09-30,2003,9,0
SLE,2003-10-31,2003,10,0
SLE,2003-11-30,2003,11,0
SLE,2003-12-31,2003,12,0
SLE,2004-01-31,2004,1,0
SLE,2004-02-29,2004,2,0
SLE,2004-03-31,2004,3,0
SLE,2004-04-30,2004,4,0
SLE,2004-05-31,2004,5,0
SLE,2004-06-30,2004,6,0
SLE,2004-07-31,2004,7,0
SLE,2004-08-31,2004,8,0
SLE,2004-09-30,2004,9,0
SLE,2004-10-31,2004,10,0
SLE,2004-11-30,2004,11,0
SLE,2004-12-31,2004,12,0
SLE,2005-01-31,2005,1,0
SLE,2005-02-28,2005,2,0
SLE,2005-03-31,2005,3,0
SLE,2005-04-30,2005,4,0
SLE,2005-05-31,2005,5,0
SLE,2005-06-30,2005,6,0
SLE,2005-07-31,2005,7,0
SLE,2005-08-31,2005,8,0
SLE,2005-09-30,2005,9,0
SLE,2005-10-31,2005,10,0
SLE,2005-11-30,2005,11,0
SLE,2005-12-31,2005,12,0
SLE,2006-01-31,2006,1,0
SLE,2006-02-28,2006,2,0
SLE,2006-03-31,2006,3,0
SLE,2006-04-30,2006,4,0
SLE,2006-05-31,2006,5,0
SLE,2006-06-30,2006,6,0
SLE,2006-07-31,2006,7,0
SLE,2006-08-31,2006,8,0
SLE,2006-09-30,2006,9,0
SLE,2006-10-31,2006,10,0
SLE,2006-11-30,2006,11,0
SLE,2006-12-31,2006,12,0
SLE,2007-01-31,2007,1,0
SLE,2007-02-28,2007,2,0
SLE,2007-03-31,2007,3,0
SLE,2007-04-30,2007,4,0
SLE,2007-05-31,2007,5,0
SLE,2007-06-30,2007,6,0
SLE,2007-07-31,2007,7,0
SLE,2007-08-31,2007,8,0
SLE,2007-09-30,2007,9,0
SLE,2007-10-31,2007,10,0
SLE,2007-11-30,2007,11,0
SLE,2007-12-31,2007,12,0
SLE,2008-01-31,2008,1,0
SLE,2008-02-29,2008,2,0
SLE,2008-03-31,2008,3,0
SLE,2008-04-30,2008,4,0
SLE,2008-05-31,2008,5,0
SLE,2008-06-30,2008,6,0
SLE,2008-07-31,2008,7,0
SLE,2008-08-31,2008,8,0
SLE,2008-09-30,2008,9,0
SLE,2008-10-31,2008,10,0
SLE,2008-11-30,2008,11,0
SLE,2008-12-31,2008,12,0
SLE,2009-01-31,2009,1,0
SLE,2009-02-28,2009,2,0
SLE,2009-03-31,2009,3,0
SLE,2009-04-30,2009,4,0
SLE,2009-05-31,2009,5,0
SLE,2009-06-30,2009,6,0
SLE,2009-07-31,2009,7,0
SLE,2009-08-31,2009,8,0
SLE,2009-09-30,2009,9,0
SLE,2009-10-31,2009,10,0
SLE,2009-11-30,2009,11,0
SLE,2009-12-31,2009,12,0
SLE,2010-01-31,2010,1,0
SLE,2010-02-28,2010,2,0
SLE,2010-03-31,2010,3,0
SLE,2010-04-30,2010,4,0
SLE,2010-05-31,2010,5,0
SLE,2010-06-30,2010,6,0
SLE,2010-07-31,2010,7,0
SLE,2010-08-31,2010,8,0
SLE,2010-09-30,2010,9,0
SLE,2010-10-31,2010,10,0
SLE,2010-11-30,2010,11,0
SLE,2010-12-31,2010,12,0
SLE,2011-01-31,2011,1,0
SLE,2011-02-28,2011,2,0
SLE,2011-03-31,2011,3,0
SLE,2011-04-30,2011,4,0
SLE,2011-05-31,2011,5,0
SLE,2011-06-30,2011,6,0
SLE,2011-07-31,2011,7,0
SLE,2011-08-31,2011,8,0
SLE,2011-09-30,2011,9,0
SLE,2011-10-31,2011,10,0
SLE,2011-11-30,2011,11,0
SLE,2011-12-31,2011,12,0
SLE,2012-01-31,2012,1,0
SLE,2012-02-29,2012,2,0
SLE,2012-03-31,2012,3,0
SLE,2012-04-30,2012,4,0
SLE,2012-05-31,2012,5,0
SLE,2012-06-30,2012,6,0
SLE,2012-07-31,2012,7,0
SLE,2012-08-31,2012,8,0
SLE,2012-09-30,2012,9,0
SLE,2012-10-31,2012,10,0
SLE,2012-11-30,2012,11,0
SLE,2012-12-31,2012,12,0
SLE,2013-01-31,2013,1,0
SLE,2013-02-28,2013,2,0
SLE,2013-03-31,2013,3,0
SLE,2013-04-30,2013,4,0
SLE,2013-05-31,2013,5,0
SLE,2013-06-30,2013,6,0
SLE,2013-07-31,2013,7,0
SLE,2013-08-31,2013,8,0
SLE,2013-09-30,2013,9,0
SLE,2013-10-31,2013,10,0
SLE,2013-11-30,2013,11,0
SLE,2013-12-31,2013,12,0
SLE,2014-01-31,2014,1,0
SLE,2014-02-28,2014,2,0
SLE,2014-03-31,2014,3,0
SLE,2014-04-30,2014,4,0
SLE,2014-05-31,2014,5,0
SLE,2014-06-30,2014,6,0
SLE,2014-07-31,2014,7,0
SLE,2014-08-31,2014,8,0
SLE,2014-09-30,2014,9,0
SLE,2014-10-31,2014,10,0
SLE,2014-11-30,2014,11,0
SLE,2014-12-31,2014,12,0
SLE,2015-01-31,2015,1,0
SLE,2015-02-28,2015,2,0
SLE,2015-03-31,2015,3,0
SLE,2015-04-30,2015,4,0
SLE,2015-05-31,2015,5,0
SLE,2015-06-30,2015,6,0
SLE,2015-07-31,2015,7,0
SLE,2015-08-31,2015,8,0
SLE,2015-09-30,2015,9,0
SLE,2015-10-31,2015,10,0
SLE,2015-11-30,2015,11,0
SLE,2015-12-31,2015,12,0
SLE,2016-01-31,2016,1,0
SLE,2016-02-29,2016,2,0
SLE,2016-03-31,2016,3,0
SLE,2016-04-30,2016,4,0
SLE,2016-05-31,2016,5,0
SLE,2016-06-30,2016,6,0
SLE,2016-07-31,2016,7,0
SLE,2016-08-31,2016,8,0
SLE,2016-09-30,2016,9,0
SLE,2016-10-31,2016,10,0
SLE,2016-11-30,2016,11,0
SLE,2016-12-31,2016,12,0
SLV,1990-01-31,1990,1,0
SLV,1990-02-28,1990,2,0
SLV,1990-03-31,1990,3,0
SLV,1990-04-30,1990,4,0
SLV,1990-05-31,1990,5,0
SLV,1990-06-30,1990,6,0
SLV,1990-07-31,1990,7,0
SLV,1990-08-31,1990,8,0
SLV,1990-09-30,1990,9,0
SLV,1990-10-31,1990,10,0
SLV,1990-11-30,1990,11,0
SLV,1990-12-31,1990,12,0
SLV,1991-01-31,1991,1,0
SLV,1991-02-28,1991,2,0
SLV,1991-03-31,1991,3,0
SLV,1991-04-30,1991,4,0
SLV,1991-05-31,1991,5,0
SLV,1991-06-30,1991,6,0
SLV,1991-07-31,1991,7,0
SLV,1991-08-31,1991,8,0
SLV,1991-09-30,1991,9,0
SLV,1991-10-31,1991,10,0
SLV,1991-11-30,1991,11,0
SLV,1991-12-31,1991,12,0
SLV,1992-01-31,1992,1,0
SLV,1992-02-29,1992,2,0
SLV,1992-03-31,1992,3,0
SLV,1992-04-30,1992,4,0
SLV,1992-05-31,1992,5,0
SLV,1992-06-30,1992,6,0
SLV,1992-07-31,1992,7,0
SLV,1992-08-31,1992,8,0
SLV,1992-09-30,1992,9,0
SLV,1992-10-31,1992,10,0
SLV,1992-11-30,1992,11,0
SLV,1992-12-31,1992,12,0
SLV,1993-01-31,1993,1,0
SLV,1993-02-28,1993,2,0
SLV,1993-03-31,1993,3,0
SLV,1993-04-30,1993,4,0
SLV,1993-05-31,1993,5,0
SLV,1993-06-30,1993,6,0
SLV,1993-07-31,1993,7,0
SLV,1993-08-31,1993,8,0
SLV,1993-09-30,1993,9,0
SLV,1993-10-31,1993,10,0
SLV,1993-11-30,1993,11,0
SLV,1993-12-31,1993,12,0
SLV,1994-01-31,1994,1,0
SLV,1994-02-28,1994,2,0
SLV,1994-03-31,1994,3,0
SLV,1994-04-30,1994,4,0
SLV,1994-05-31,1994,5,0
SLV,1994-06-30,1994,6,0
SLV,1994-07-31,1994,7,0
SLV,1994-08-31,1994,8,0
SLV,1994-09-30,1994,9,0
SLV,1994-10-31,1994,10,0
SLV,1994-11-30,1994,11,0
SLV,1994-12-31,1994,12,0
SLV,1995-01-31,1995,1,0
SLV,1995-02-28,1995,2,0
SLV,1995-03-31,1995,3,0
SLV,1995-04-30,1995,4,0
SLV,1995-05-31,1995,5,0
SLV,1995-06-30,1995,6,0
SLV,1995-07-31,1995,7,0
SLV,1995-08-31,1995,8,0
SLV,1995-09-30,1995,9,0
SLV,1995-10-31,1995,10,0
SLV,1995-11-30,1995,11,0
SLV,1995-12-31,1995,12,0
SLV,1996-01-31,1996,1,0
SLV,1996-02-29,1996,2,0
SLV,1996-03-31,1996,3,0
SLV,1996-04-30,1996,4,0
SLV,1996-05-31,1996,5,0
SLV,1996-06-30,1996,6,0
SLV,1996-07-31,1996,7,0
SLV,1996-08-31,1996,8,0
SLV,1996-09-30,1996,9,0
SLV,1996-10-31,1996,10,0
SLV,1996-11-30,1996,11,0
SLV,1996-12-31,1996,12,0
SLV,1997-01-31,1997,1,0
SLV,1997-02-28,1997,2,0
SLV,1997-03-31,1997,3,0
SLV,1997-04-30,1997,4,0
SLV,1997-05-31,1997,5,0
SLV,1997-06-30,1997,6,0
SLV,1997-07-31,1997,7,0
SLV,1997-08-31,1997,8,0
SLV,1997-09-30,1997,9,0
SLV,1997-10-31,1997,10,0
SLV,1997-11-30,1997,11,0
SLV,1997-12-31,1997,12,0
SLV,1998-01-31,1998,1,0
SLV,1998-02-28,1998,2,0
SLV,1998-03-31,1998,3,0
SLV,1998-04-30,1998,4,0
SLV,1998-05-31,1998,5,0
SLV,1998-06-30,1998,6,0
SLV,1998-07-31,1998,7,0
SLV,1998-08-31,1998,8,0
SLV,1998-09-30,1998,9,0
SLV,1998-10-31,1998,10,0
SLV,1998-11-30,1998,11,0
SLV,1998-12-31,1998,12,0
SLV,1999-01-31,1999,1,0
SLV,1999-02-28,1999,2,0
SLV,1999-03-31,1999,3,0
SLV,1999-04-30,1999,4,0
SLV,1999-05-31,1999,5,0
SLV,1999-06-30,1999,6,0
SLV,1999-07-31,1999,7,0
SLV,1999-08-31,1999,8,0
SLV,1999-09-30,1999,9,0
SLV,1999-10-31,1999,10,0
SLV,1999-11-30,1999,11,0
SLV,1999-12-31,1999,12,0
SLV,2000-01-31,2000,1,0
SLV,2000-02-29,2000,2,0
SLV,2000-03-31,2000,3,0
SLV,2000-04-30,2000,4,0
SLV,2000-05-31,2000,5,0
SLV,2000-06-30,2000,6,0
SLV,2000-07-31,2000,7,0
SLV,2000-08-31,2000,8,0
SLV,2000-09-30,2000,9,0
SLV,2000-10-31,2000,10,0
SLV,2000-11-30,2000,11,0
SLV,2000-12-31,2000,12,0
SLV,2001-01-31,2001,1,0
SLV,2001-02-28,2001,2,0
SLV,2001-03-31,2001,3,0
SLV,2001-04-30,2001,4,0
SLV,2001-05-31,2001,5,0
SLV,2001-06-30,2001,6,0
SLV,2001-07-31,2001,7,0
SLV,2001-08-31,2001,8,0
SLV,2001-09-30,2001,9,0
SLV,2001-10-31,2001,10,0
SLV,2001-11-30,2001,11,0
SLV,2001-12-31,2001,12,0
SLV,2002-01-31,2002,1,0
SLV,2002-02-28,2002,2,0
SLV,2002-03-31,2002,3,0
SLV,2002-04-30,2002,4,0
SLV,2002-05-31,2002,5,0
SLV,2002-06-30,2002,6,0
SLV,2002-07-31,2002,7,0
SLV,2002-08-31,2002,8,0
SLV,2002-09-30,2002,9,0
SLV,2002-10-31,2002,10,0
SLV,2002-11-30,2002,11,0
SLV,2002-12-31,2002,12,0
SLV,2003-01-31,2003,1,0
SLV,2003-02-28,2003,2,0
SLV,2003-03-31,2003,3,0
SLV,2003-04-30,2003,4,0
SLV,2003-05-31,2003,5,0
SLV,2003-06-30,2003,6,0
SLV,2003-07-31,2003,7,0
SLV,2003-08-31,2003,8,0
SLV,2003-09-30,2003,9,0
SLV,2003-10-31,2003,10,0
SLV,2003-11-30,2003,11,0
SLV,2003-12-31,2003,12,0
SLV,2004-01-31,2004,1,0
SLV,2004-02-29,2004,2,0
SLV,2004-03-31,2004,3,0
SLV,2004-04-30,2004,4,0
SLV,2004-05-31,2004,5,0
SLV,2004-06-30,2004,6,0
SLV,2004-07-31,2004,7,0
SLV,2004-08-31,2004,8,0
SLV,2004-09-30,2004,9,0
SLV,2004-10-31,2004,10,0
SLV,2004-11-30,2004,11,0
SLV,2004-12-31,2004,12,0
SLV,2005-01-31,2005,1,0
SLV,2005-02-28,2005,2,0
SLV,2005-03-31,2005,3,0
SLV,2005-04-30,2005,4,0
SLV,2005-05-31,2005,5,0
SLV,2005-06-30,2005,6,0
SLV,2005-07-31,2005,7,0
SLV,2005-08-31,2005,8,0
SLV,2005-09-30,2005,9,0
SLV,2005-10-31,2005,10,0
SLV,2005-11-30,2005,11,0
SLV,2005-12-31,2005,12,0
SLV,2006-01-31,2006,1,0
SLV,2006-02-28,2006,2,0
SLV,2006-03-31,2006,3,0
SLV,2006-04-30,2006,4,0
SLV,2006-05-31,2006,5,0
SLV,2006-06-30,2006,6,0
SLV,2006-07-31,2006,7,0
SLV,2006-08-31,2006,8,0
SLV,2006-09-30,2006,9,0
SLV,2006-10-31,2006,10,0
SLV,2006-11-30,2006,11,0
SLV,2006-12-31,2006,12,0
SLV,2007-01-31,2007,1,0
SLV,2007-02-28,2007,2,0
SLV,2007-03-31,2007,3,0
SLV,2007-04-30,2007,4,0
SLV,2007-05-31,2007,5,0
SLV,2007-06-30,2007,6,0
SLV,2007-07-31,2007,7,0
SLV,2007-08-31,2007,8,0
SLV,2007-09-30,2007,9,0
SLV,2007-10-31,2007,10,0
SLV,2007-11-30,2007,11,0
SLV,2007-12-31,2007,12,0
SLV,2008-01-31,2008,1,0
SLV,2008-02-29,2008,2,0
SLV,2008-03-31,2008,3,0
SLV,2008-04-30,2008,4,0
SLV,2008-05-31,2008,5,0
SLV,2008-06-30,2008,6,0
SLV,2008-07-31,2008,7,0
SLV,2008-08-31,2008,8,0
SLV,2008-09-30,2008,9,0
SLV,2008-10-31,2008,10,0
SLV,2008-11-30,2008,11,0
SLV,2008-12-31,2008,12,0
SLV,2009-01-31,2009,1,0
SLV,2009-02-28,2009,2,0
SLV,2009-03-31,2009,3,0
SLV,2009-04-30,2009,4,0
SLV,2009-05-31,2009,5,0
SLV,2009-06-30,2009,6,0
SLV,2009-07-31,2009,7,0
SLV,2009-08-31,2009,8,0
SLV,2009-09-30,2009,9,0
SLV,2009-10-31,2009,10,0
SLV,2009-11-30,2009,11,0
SLV,2009-12-31,2009,12,0
SLV,2010-01-31,2010,1,0
SLV,2010-02-28,2010,2,0
SLV,2010-03-31,2010,3,0
SLV,2010-04-30,2010,4,0
SLV,2010-05-31,2010,5,0
SLV,2010-06-30,2010,6,0
SLV,2010-07-31,2010,7,0
SLV,2010-08-31,2010,8,0
SLV,2010-09-30,2010,9,0
SLV,2010-10-31,2010,10,0
SLV,2010-11-30,2010,11,0
SLV,2010-12-31,2010,12,0
SLV,2011-01-31,2011,1,0
SLV,2011-02-28,2011,2,0
SLV,2011-03-31,2011,3,0
SLV,2011-04-30,2011,4,0
SLV,2011-05-31,2011,5,0
SLV,2011-06-30,2011,6,0
SLV,2011-07-31,2011,7,0
SLV,2011-08-31,2011,8,0
SLV,2011-09-30,2011,9,0
SLV,2011-10-31,2011,10,0
SLV,2011-11-30,2011,11,0
SLV,2011-12-31,2011,12,0
SLV,2012-01-31,2012,1,0
SLV,2012-02-29,2012,2,0
SLV,2012-03-31,2012,3,0
SLV,2012-04-30,2012,4,0
SLV,2012-05-31,2012,5,0
SLV,2012-06-30,2012,6,0
SLV,2012-07-31,2012,7,0
SLV,2012-08-31,2012,8,0
SLV,2012-09-30,2012,9,0
SLV,2012-10-31,2012,10,0
SLV,2012-11-30,2012,11,0
SLV,2012-12-31,2012,12,0
SLV,2013-01-31,2013,1,0
SLV,2013-02-28,2013,2,0
SLV,2013-03-31,2013,3,0
SLV,2013-04-30,2013,4,0
SLV,2013-05-31,2013,5,0
SLV,2013-06-30,2013,6,0
SLV,2013-07-31,2013,7,0
SLV,2013-08-31,2013,8,0
SLV,2013-09-30,2013,9,0
SLV,2013-10-31,2013,10,0
SLV,2013-11-30,2013,11,0
SLV,2013-12-31,2013,12,0
SLV,2014-01-31,2014,1,0
SLV,2014-02-28,2014,2,0
SLV,2014-03-31,2014,3,0
SLV,2014-04-30,2014,4,0
SLV,2014-05-31,2014,5,0
SLV,2014-06-30,2014,6,0
SLV,2014-07-31,2014,7,0
SLV,2014-08-31,2014,8,0
SLV,2014-09-30,2014,9,0
SLV,2014-10-31,2014,10,0
SLV,2014-11-30,2014,11,0
SLV,2014-12-31,2014,12,0
SLV,2015-01-31,2015,1,0
SLV,2015-02-28,2015,2,0
SLV,2015-03-31,2015,3,0
SLV,2015-04-30,2015,4,0
SLV,2015-05-31,2015,5,0
SLV,2015-06-30,2015,6,0
SLV,2015-07-31,2015,7,0
SLV,2015-08-31,2015,8,0
SLV,2015-09-30,2015,9,0
SLV,2015-10-31,2015,10,0
SLV,2015-11-30,2015,11,0
SLV,2015-12-31,2015,12,0
SLV,2016-01-31,2016,1,0
SLV,2016-02-29,2016,2,0
SLV,2016-03-31,2016,3,0
SLV,2016-04-30,2016,4,0
SLV,2016-05-31,2016,5,0
SLV,2016-06-30,2016,6,0
SLV,2016-07-31,2016,7,0
SLV,2016-08-31,2016,8,0
SLV,2016-09-30,2016,9,0
SLV,2016-10-31,2016,10,0
SLV,2016-11-30,2016,11,0
SLV,2016-12-31,2016,12,0
SRB,1997-12-31,1997,12,0
SRB,1998-12-31,1998,12,0
SRB,1999-12-31,1999,12,1
SRB,2000-12-31,2000,12,0
SRB,2001-01-31,2001,1,0
SRB,2001-02-28,2001,2,0
SRB,2001-03-31,2001,3,0
SRB,2001-04-30,2001,4,0
SRB,2001-05-31,2001,5,0
SRB,2001-06-30,2001,6,0
SRB,2001-07-31,2001,7,0
SRB,2001-08-31,2001,8,0
SRB,2001-09-30,2001,9,0
SRB,2001-10-31,2001,10,0
SRB,2001-11-30,2001,11,0
SRB,2001-12-31,2001,12,0
SRB,2002-01-31,2002,1,0
SRB,2002-02-28,2002,2,0
SRB,2002-03-31,2002,3,0
SRB,2002-04-30,2002,4,0
SRB,2002-05-31,2002,5,0
SRB,2002-06-30,2002,6,0
SRB,2002-07-31,2002,7,0
SRB,2002-08-31,2002,8,0
SRB,2002-09-30,2002,9,0
SRB,2002-10-31,2002,10,0
SRB,2002-11-30,2002,11,0
SRB,2002-12-31,2002,12,0
SRB,2003-01-31,2003,1,0
SRB,2003-02-28,2003,2,0
SRB,2003-03-31,2003,3,0
SRB,2003-04-30,2003,4,0
SRB,2003-05-31,2003,5,0
SRB,2003-06-30,2003,6,0
SRB,2003-07-31,2003,7,0
SRB,2003-08-31,2003,8,0
SRB,2003-09-30,2003,9,0
SRB,2003-10-31,2003,10,0
SRB,2003-11-30,2003,11,0
SRB,2003-12-31,2003,12,0
SRB,2004-01-31,2004,1,0
SRB,2004-02-29,2004,2,0
SRB,2004-03-31,2004,3,0
SRB,2004-04-30,2004,4,0
SRB,2004-05-31,2004,5,0
SRB,2004-06-30,2004,6,0
SRB,2004-07-31,2004,7,0
SRB,2004-08-31,2004,8,0
SRB,2004-09-30,2004,9,0
SRB,2004-10-31,2004,10,0
SRB,2004-11-30,2004,11,0
SRB,2004-12-31,2004,12,0
SRB,2005-01-31,2005,1,0
SRB,2005-02-28,2005,2,0
SRB,2005-03-31,2005,3,0
SRB,2005-04-30,2005,4,0
SRB,2005-05-31,2005,5,0
SRB,2005-06-30,2005,6,0
SRB,2005-07-31,2005,7,0
SRB,2005-08-31,2005,8,0
SRB,2005-09-30,2005,9,0
SRB,2005-10-31,2005,10,0
SRB,2005-11-30,2005,11,0
SRB,2005-12-31,2005,12,0
SRB,2006-01-31,2006,1,0
SRB,2006-02-28,2006,2,0
SRB,2006-03-31,2006,3,0
SRB,2006-04-30,2006,4,0
SRB,2006-05-31,2006,5,0
SRB,2006-06-30,2006,6,0
SRB,2006-07-31,2006,7,0
SRB,2006-08-31,2006,8,0
SRB,2006-09-30,2006,9,0
SRB,2006-10-31,2006,10,0
SRB,2006-11-30,2006,11,0
SRB,2006-12-31,2006,12,0
SRB,2007-01-31,2007,1,0
SRB,2007-02-28,2007,2,0
SRB,2007-03-31,2007,3,0
SRB,2007-04-30,2007,4,0
SRB,2007-05-31,2007,5,0
SRB,2007-06-30,2007,6,0
SRB,2007-07-31,2007,7,0
SRB,2007-08-31,2007,8,0
SRB,2007-09-30,2007,9,0
SRB,2007-10-31,2007,10,0
SRB,2007-11-30,2007,11,0
SRB,2007-12-31,2007,12,0
SRB,2008-01-31,2008,1,0
SRB,2008-02-29,2008,2,0
SRB,2008-03-31,2008,3,0
SRB,2008-04-30,2008,4,0
SRB,2008-05-31,2008,5,0
SRB,2008-06-30,2008,6,0
SRB,2008-07-31,2008,7,0
SRB,2008-08-31,2008,8,0
SRB,2008-09-30,2008,9,0
SRB,2008-10-31,2008,10,0
SRB,2008-11-30,2008,11,0
SRB,2008-12-31,2008,12,0
SRB,2009-01-31,2009,1,0
SRB,2009-02-28,2009,2,0
SRB,2009-03-31,2009,3,0
SRB,2009-04-30,2009,4,0
SRB,2009-05-31,2009,5,0
SRB,2009-06-30,2009,6,0
SRB,2009-07-31,2009,7,0
SRB,2009-08-31,2009,8,0
SRB,2009-09-30,2009,9,0
SRB,2009-10-31,2009,10,0
SRB,2009-11-30,2009,11,0
SRB,2009-12-31,2009,12,0
SRB,2010-01-31,2010,1,0
SRB,2010-02-28,2010,2,0
SRB,2010-03-31,2010,3,0
SRB,2010-04-30,2010,4,0
SRB,2010-05-31,2010,5,0
SRB,2010-06-30,2010,6,0
SRB,2010-07-31,2010,7,0
SRB,2010-08-31,2010,8,0
SRB,2010-09-30,2010,9,0
SRB,2010-10-31,2010,10,0
SRB,2010-11-30,2010,11,0
SRB,2010-12-31,2010,12,0
SRB,2011-01-31,2011,1,0
SRB,2011-02-28,2011,2,0
SRB,2011-03-31,2011,3,0
SRB,2011-04-30,2011,4,0
SRB,2011-05-31,2011,5,0
SRB,2011-06-30,2011,6,0
SRB,2011-07-31,2011,7,0
SRB,2011-08-31,2011,8,0
SRB,2011-09-30,2011,9,0
SRB,2011-10-31,2011,10,0
SRB,2011-11-30,2011,11,0
SRB,2011-12-31,2011,12,0
SRB,2012-01-31,2012,1,0
SRB,2012-02-29,2012,2,0
SRB,2012-03-31,2012,3,0
SRB,2012-04-30,2012,4,0
SRB,2012-05-31,2012,5,0
SRB,2012-06-30,2012,6,0
SRB,2012-07-31,2012,7,0
SRB,2012-08-31,2012,8,0
SRB,2012-09-30,2012,9,0
SRB,2012-10-31,2012,10,0
SRB,2012-11-30,2012,11,0
SRB,2012-12-31,2012,12,0
SRB,2013-01-31,2013,1,0
SRB,2013-02-28,2013,2,0
SRB,2013-03-31,2013,3,0
SRB,2013-04-30,2013,4,0
SRB,2013-05-31,2013,5,0
SRB,2013-06-30,2013,6,0
SRB,2013-07-31,2013,7,0
SRB,2013-08-31,2013,8,0
SRB,2013-09-30,2013,9,0
SRB,2013-10-31,2013,10,0
SRB,2013-11-30,2013,11,0
SRB,2013-12-31,2013,12,0
SRB,2014-01-31,2014,1,0
SRB,2014-02-28,2014,2,0
SRB,2014-03-31,2014,3,0
SRB,2014-04-30,2014,4,0
SRB,2014-05-31,2014,5,0
SRB,2014-06-30,2014,6,0
SRB,2014-07-31,2014,7,0
SRB,2014-08-31,2014,8,0
SRB,2014-09-30,2014,9,0
SRB,2014-10-31,2014,10,0
SRB,2014-11-30,2014,11,0
SRB,2014-12-31,2014,12,0
SRB,2015-01-31,2015,1,0
SRB,2015-02-28,2015,2,0
SRB,2015-03-31,2015,3,0
SRB,2015-04-30,2015,4,0
SRB,2015-05-31,2015,5,0
SRB,2015-06-30,2015,6,0
SRB,2015-07-31,2015,7,0
SRB,2015-08-31,2015,8,0
SRB,2015-09-30,2015,9,0
SRB,2015-10-31,2015,10,0
SRB,2015-11-30,2015,11,0
SRB,2015-12-31,2015,12,0
SRB,2016-01-31,2016,1,0
SRB,2016-02-29,2016,2,0
SRB,2016-03-31,2016,3,0
SRB,2016-04-30,2016,4,0
SRB,2016-05-31,2016,5,0
SRB,2016-06-30,2016,6,0
SRB,2016-07-31,2016,7,0
SRB,2016-08-31,2016,8,0
SRB,2016-09-30,2016,9,0
SRB,2016-10-31,2016,10,0
SRB,2016-11-30,2016,11,0
SRB,2016-12-31,2016,12,0
SSD,2011-07-31,2011,7,0
SSD,2011-08-31,2011,8,0
SSD,2011-09-30,2011,9,0
SSD,2011-10-31,2011,10,0
SSD,2011-11-30,2011,11,0
SSD,2011-12-31,2011,12,0
SSD,2012-01-31,2012,1,0
SSD,2012-02-29,2012,2,0
SSD,2012-03-31,2012,3,0
SSD,2012-04-30,2012,4,0
SSD,2012-05-31,2012,5,0
SSD,2012-06-30,2012,6,0
SSD,2012-07-31,2012,7,0
SSD,2012-08-31,2012,8,0
SSD,2012-09-30,2012,9,0
SSD,2012-10-31,2012,10,0
SSD,2012-11-30,2012,11,0
SSD,2012-12-31,2012,12,0
SSD,2013-01-31,2013,1,0
SSD,2013-02-28,2013,2,0
SSD,2013-03-31,2013,3,0
SSD,2013-04-30,2013,4,0
SSD,2013-05-31,2013,5,0
SSD,2013-06-30,2013,6,0
SSD,2013-07-31,2013,7,0
SSD,2013-08-31,2013,8,0
SSD,2013-09-30,2013,9,0
SSD,2013-10-31,2013,10,0
SSD,2013-11-30,2013,11,0
SSD,2013-12-31,2013,12,0
SSD,2014-01-31,2014,1,1
SSD,2014-02-28,2014,2,1
SSD,2014-03-31,2014,3,1
SSD,2014-04-30,2014,4,1
SSD,2014-05-31,2014,5,1
SSD,2014-06-30,2014,6,1
SSD,2014-07-31,2014,7,1
SSD,2014-08-31,2014,8,1
SSD,2014-09-30,2014,9,1
SSD,2014-10-31,2014,10,1
SSD,2014-11-30,2014,11,1
SSD,2014-12-31,2014,12,1
SSD,2015-01-31,2015,1,0
SSD,2015-02-28,2015,2,0
SSD,2015-03-31,2015,3,0
SSD,2015-04-30,2015,4,0
SSD,2015-05-31,2015,5,0
SSD,2015-06-30,2015,6,0
SSD,2015-07-31,2015,7,0
SSD,2015-08-31,2015,8,0
SSD,2015-09-30,2015,9,0
SSD,2015-10-31,2015,10,0
SSD,2015-11-30,2015,11,0
SSD,2015-12-31,2015,12,0
SSD,2016-01-31,2016,1,0
SSD,2016-02-29,2016,2,0
SSD,2016-03-31,2016,3,0
SSD,2016-04-30,2016,4,0
SSD,2016-05-31,2016,5,0
SSD,2016-06-30,2016,6,0
SSD,2016-07-31,2016,7,0
SSD,2016-08-31,2016,8,0
SSD,2016-09-30,2016,9,0
SSD,2016-10-31,2016,10,0
SSD,2016-11-30,2016,11,0
SSD,2016-12-31,2016,12,0
STP,1990-01-31,1990,1,0
STP,1990-02-28,1990,2,0
STP,1990-03-31,1990,3,0
STP,1990-04-30,1990,4,0
STP,1990-05-31,1990,5,0
STP,1990-06-30,1990,6,0
STP,1990-07-31,1990,7,0
STP,1990-08-31,1990,8,0
STP,1990-09-30,1990,9,0
STP,1990-10-31,1990,10,0
STP,1990-11-30,1990,11,0
STP,1990-12-31,1990,12,0
STP,1991-01-31,1991,1,1
STP,1991-02-28,1991,2,1
STP,1991-03-31,1991,3,1
STP,1991-04-30,1991,4,1
STP,1991-05-31,1991,5,1
STP,1991-06-30,1991,6,1
STP,1991-07-31,1991,7,1
STP,1991-08-31,1991,8,1
STP,1991-09-30,1991,9,1
STP,1991-10-31,1991,10,1
STP,1991-12-31,1991,12,1
STP,1992-01-31,1992,1,0
STP,1992-02-29,1992,2,0
STP,1992-03-31,1992,3,0
STP,1992-04-30,1992,4,0
STP,1992-05-31,1992,5,0
STP,1992-06-30,1992,6,0
STP,1992-07-31,1992,7,0
STP,1992-08-31,1992,8,0
STP,1992-09-30,1992,9,0
STP,1992-10-31,1992,10,0
STP,1992-11-30,1992,11,0
STP,1992-12-31,1992,12,0
STP,1993-01-31,1993,1,0
STP,1993-02-28,1993,2,0
STP,1993-03-31,1993,3,0
STP,1993-04-30,1993,4,0
STP,1993-05-31,1993,5,0
STP,1993-06-30,1993,6,0
STP,1993-07-31,1993,7,0
STP,1993-08-31,1993,8,0
STP,1993-09-30,1993,9,0
STP,1993-10-31,1993,10,0
STP,1993-11-30,1993,11,0
STP,1993-12-31,1993,12,0
STP,1994-01-31,1994,1,0
STP,1994-02-28,1994,2,0
STP,1994-03-31,1994,3,0
STP,1994-04-30,1994,4,0
STP,1994-05-31,1994,5,0
STP,1994-06-30,1994,6,0
STP,1994-07-31,1994,7,0
STP,1994-08-31,1994,8,0
STP,1994-09-30,1994,9,0
STP,1994-10-31,1994,10,0
STP,1994-11-30,1994,11,0
STP,1994-12-31,1994,12,0
STP,1995-01-31,1995,1,0
STP,1995-02-28,1995,2,0
STP,1995-03-31,1995,3,0
STP,1995-04-30,1995,4,0
STP,1995-05-31,1995,5,0
STP,1995-06-30,1995,6,0
STP,1995-07-31,1995,7,0
STP,1995-08-31,1995,8,0
STP,1995-09-30,1995,9,0
STP,1995-10-31,1995,10,0
STP,1995-11-30,1995,11,0
STP,1995-12-31,1995,12,0
STP,1996-01-31,1996,1,1
STP,1996-02-29,1996,2,1
STP,1996-03-31,1996,3,1
STP,1996-04-30,1996,4,1
STP,1996-05-31,1996,5,1
STP,1996-06-30,1996,6,1
STP,1996-07-31,1996,7,1
STP,1996-08-31,1996,8,1
STP,1996-09-30,1996,9,1
STP,1996-10-31,1996,10,1
STP,1996-11-30,1996,11,1
STP,1996-12-31,1996,12,1
STP,1997-01-31,1997,1,0
STP,1997-02-28,1997,2,0
STP,1997-03-31,1997,3,0
STP,1997-04-30,1997,4,0
STP,1997-05-31,1997,5,0
STP,1997-06-30,1997,6,0
STP,1997-07-31,1997,7,0
STP,1997-08-31,1997,8,0
STP,1997-09-30,1997,9,0
STP,1997-10-31,1997,10,0
STP,1997-11-30,1997,11,0
STP,1997-12-31,1997,12,0
STP,1998-01-31,1998,1,0
STP,1998-02-28,1998,2,0
STP,1998-03-31,1998,3,0
STP,1998-04-30,1998,4,0
STP,1998-05-31,1998,5,0
STP,1998-06-30,1998,6,0
STP,1998-07-31,1998,7,0
STP,1998-08-31,1998,8,0
STP,1998-09-30,1998,9,0
STP,1998-10-31,1998,10,0
STP,1998-11-30,1998,11,0
STP,1998-12-31,1998,12,0
STP,1999-01-31,1999,1,0
STP,1999-02-28,1999,2,0
STP,1999-03-31,1999,3,0
STP,1999-04-30,1999,4,0
STP,1999-05-31,1999,5,0
STP,1999-06-30,1999,6,0
STP,1999-07-31,1999,7,0
STP,1999-08-31,1999,8,0
STP,1999-09-30,1999,9,0
STP,1999-10-31,1999,10,0
STP,1999-11-30,1999,11,0
STP,1999-12-31,1999,12,0
STP,2000-01-31,2000,1,0
STP,2000-02-29,2000,2,0
STP,2000-03-31,2000,3,0
STP,2000-04-30,2000,4,0
STP,2000-05-31,2000,5,0
STP,2000-06-30,2000,6,0
STP,2000-07-31,2000,7,0
STP,2000-08-31,2000,8,0
STP,2000-09-30,2000,9,0
STP,2000-10-31,2000,10,0
STP,2000-11-30,2000,11,0
STP,2000-12-31,2000,12,0
STP,2001-01-31,2001,1,0
STP,2001-02-28,2001,2,0
STP,2001-03-31,2001,3,0
STP,2001-04-30,2001,4,0
STP,2001-05-31,2001,5,0
STP,2001-06-30,2001,6,0
STP,2001-07-31,2001,7,0
STP,2001-08-31,2001,8,0
STP,2001-09-30,2001,9,0
STP,2001-10-31,2001,10,0
STP,2001-11-30,2001,11,0
STP,2001-12-31,2001,12,0
STP,2002-01-31,2002,1,0
STP,2002-02-28,2002,2,0
STP,2002-03-31,2002,3,0
STP,2002-04-30,2002,4,0
STP,2002-05-31,2002,5,0
STP,2002-06-30,2002,6,0
STP,2002-07-31,2002,7,0
STP,2002-08-31,2002,8,0
STP,2002-09-30,2002,9,0
STP,2002-10-31,2002,10,0
STP,2002-11-30,2002,11,0
STP,2002-12-31,2002,12,0
STP,2003-01-31,2003,1,0
STP,2003-02-28,2003,2,0
STP,2003-03-31,2003,3,0
STP,2003-04-30,2003,4,0
STP,2003-05-31,2003,5,0
STP,2003-06-30,2003,6,0
STP,2003-07-31,2003,7,0
STP,2003-08-31,2003,8,0
STP,2003-09-30,2003,9,0
STP,2003-10-31,2003,10,0
STP,2003-11-30,2003,11,0
STP,2003-12-31,2003,12,0
STP,2004-01-31,2004,1,0
STP,2004-02-29,2004,2,0
STP,2004-03-31,2004,3,0
STP,2004-04-30,2004,4,0
STP,2004-05-31,2004,5,0
STP,2004-06-30,2004,6,0
STP,2004-07-31,2004,7,0
STP,2004-08-31,2004,8,0
STP,2004-09-30,2004,9,0
STP,2004-10-31,2004,10,0
STP,2004-11-30,2004,11,0
STP,2004-12-31,2004,12,0
STP,2005-01-31,2005,1,0
STP,2005-02-28,2005,2,0
STP,2005-03-31,2005,3,0
STP,2005-04-30,2005,4,0
STP,2005-05-31,2005,5,0
STP,2005-06-30,2005,6,0
STP,2005-07-31,2005,7,0
STP,2005-08-31,2005,8,0
STP,2005-09-30,2005,9,0
STP,2005-10-31,2005,10,0
STP,2005-11-30,2005,11,0
STP,2005-12-31,2005,12,0
STP,2006-01-31,2006,1,0
STP,2006-02-28,2006,2,0
STP,2006-03-31,2006,3,0
STP,2006-04-30,2006,4,0
STP,2006-05-31,2006,5,0
STP,2006-06-30,2006,6,0
STP,2006-07-31,2006,7,0
STP,2006-08-31,2006,8,0
STP,2006-09-30,2006,9,0
STP,2006-10-31,2006,10,0
STP,2006-11-30,2006,11,0
STP,2006-12-31,2006,12,0
STP,2007-01-31,2007,1,0
STP,2007-02-28,2007,2,0
STP,2007-03-31,2007,3,0
STP,2007-04-30,2007,4,0
STP,2007-05-31,2007,5,0
STP,2007-06-30,2007,6,0
STP,2007-07-31,2007,7,0
STP,2007-08-31,2007,8,0
STP,2007-09-30,2007,9,0
STP,2007-10-31,2007,10,0
STP,2007-11-30,2007,11,0
STP,2007-12-31,2007,12,0
STP,2008-01-31,2008,1,0
STP,2008-02-29,2008,2,0
STP,2008-03-31,2008,3,0
STP,2008-04-30,2008,4,0
STP,2008-05-31,2008,5,0
STP,2008-06-30,2008,6,0
STP,2008-07-31,2008,7,0
STP,2008-08-31,2008,8,0
STP,2008-09-30,2008,9,0
STP,2008-10-31,2008,10,0
STP,2008-11-30,2008,11,0
STP,2008-12-31,2008,12,0
STP,2009-01-31,2009,1,0
STP,2009-02-28,2009,2,0
STP,2009-03-31,2009,3,0
STP,2009-04-30,2009,4,0
STP,2009-05-31,2009,5,0
STP,2009-06-30,2009,6,0
STP,2009-07-31,2009,7,0
STP,2009-08-31,2009,8,0
STP,2009-09-30,2009,9,0
STP,2009-10-31,2009,10,0
STP,2009-11-30,2009,11,0
STP,2009-12-31,2009,12,0
STP,2010-01-31,2010,1,0
STP,2010-02-28,2010,2,0
STP,2010-03-31,2010,3,0
STP,2010-04-30,2010,4,0
STP,2010-05-31,2010,5,0
STP,2010-06-30,2010,6,0
STP,2010-07-31,2010,7,0
STP,2010-08-31,2010,8,0
STP,2010-09-30,2010,9,0
STP,2010-10-31,2010,10,0
STP,2010-11-30,2010,11,0
STP,2010-12-31,2010,12,0
STP,2011-01-31,2011,1,0
STP,2011-02-28,2011,2,0
STP,2011-03-31,2011,3,0
STP,2011-04-30,2011,4,0
STP,2011-05-31,2011,5,0
STP,2011-06-30,2011,6,0
STP,2011-07-31,2011,7,0
STP,2011-08-31,2011,8,0
STP,2011-09-30,2011,9,0
STP,2011-10-31,2011,10,0
STP,2011-11-30,2011,11,0
STP,2011-12-31,2011,12,0
STP,2012-01-31,2012,1,0
STP,2012-02-29,2012,2,0
STP,2012-03-31,2012,3,0
STP,2012-04-30,2012,4,0
STP,2012-05-31,2012,5,0
STP,2012-06-30,2012,6,0
STP,2012-07-31,2012,7,0
STP,2012-08-31,2012,8,0
STP,2012-09-30,2012,9,0
STP,2012-10-31,2012,10,0
STP,2012-11-30,2012,11,0
STP,2012-12-31,2012,12,0
STP,2013-01-31,2013,1,0
STP,2013-02-28,2013,2,0
STP,2013-03-31,2013,3,0
STP,2013-04-30,2013,4,0
STP,2013-05-31,2013,5,0
STP,2013-06-30,2013,6,0
STP,2013-07-31,2013,7,0
STP,2013-08-31,2013,8,0
STP,2013-09-30,2013,9,0
STP,2013-10-31,2013,10,0
STP,2013-11-30,2013,11,0
STP,2013-12-31,2013,12,0
STP,2014-01-31,2014,1,0
STP,2014-02-28,2014,2,0
STP,2014-03-31,2014,3,0
STP,2014-04-30,2014,4,0
STP,2014-05-31,2014,5,0
STP,2014-06-30,2014,6,0
STP,2014-07-31,2014,7,0
STP,2014-08-31,2014,8,0
STP,2014-09-30,2014,9,0
STP,2014-10-31,2014,10,0
STP,2014-11-30,2014,11,0
STP,2014-12-31,2014,12,0
STP,2015-01-31,2015,1,0
STP,2015-02-28,2015,2,0
STP,2015-03-31,2015,3,0
STP,2015-04-30,2015,4,0
STP,2015-05-31,2015,5,0
STP,2015-06-30,2015,6,0
STP,2015-07-31,2015,7,0
STP,2015-08-31,2015,8,0
STP,2015-09-30,2015,9,0
STP,2015-10-31,2015,10,0
STP,2015-11-30,2015,11,0
STP,2015-12-31,2015,12,0
STP,2016-01-31,2016,1,0
STP,2016-02-29,2016,2,0
STP,2016-03-31,2016,3,0
STP,2016-04-30,2016,4,0
STP,2016-05-31,2016,5,0
STP,2016-06-30,2016,6,0
STP,2016-07-31,2016,7,0
STP,2016-08-31,2016,8,0
STP,2016-09-30,2016,9,0
STP,2016-10-31,2016,10,0
STP,2016-11-30,2016,11,0
STP,2016-12-31,2016,12,0
SUR,1990-01-31,1990,1,0
SUR,1990-02-28,1990,2,0
SUR,1990-03-31,1990,3,0
SUR,1990-04-30,1990,4,0
SUR,1990-05-31,1990,5,0
SUR,1990-06-30,1990,6,0
SUR,1990-07-31,1990,7,0
SUR,1990-08-31,1990,8,0
SUR,1990-09-30,1990,9,0
SUR,1990-10-31,1990,10,0
SUR,1990-11-30,1990,11,0
SUR,1990-12-31,1990,12,0
SUR,1991-01-31,1991,1,0
SUR,1991-02-28,1991,2,0
SUR,1991-03-31,1991,3,0
SUR,1991-04-30,1991,4,0
SUR,1991-05-31,1991,5,0
SUR,1991-06-30,1991,6,0
SUR,1991-07-31,1991,7,0
SUR,1991-08-31,1991,8,0
SUR,1991-09-30,1991,9,0
SUR,1991-10-31,1991,10,0
SUR,1991-11-30,1991,11,0
SUR,1991-12-31,1991,12,0
SUR,1992-01-31,1992,1,0
SUR,1992-02-29,1992,2,0
SUR,1992-03-31,1992,3,0
SUR,1992-04-30,1992,4,0
SUR,1992-05-31,1992,5,0
SUR,1992-06-30,1992,6,0
SUR,1992-07-31,1992,7,0
SUR,1992-08-31,1992,8,0
SUR,1992-09-30,1992,9,0
SUR,1992-10-31,1992,10,0
SUR,1992-11-30,1992,11,0
SUR,1992-12-31,1992,12,0
SUR,1993-01-31,1993,1,0
SUR,1993-02-28,1993,2,0
SUR,1993-03-31,1993,3,0
SUR,1993-04-30,1993,4,0
SUR,1993-05-31,1993,5,0
SUR,1993-06-30,1993,6,0
SUR,1993-07-31,1993,7,0
SUR,1993-08-31,1993,8,0
SUR,1993-09-30,1993,9,0
SUR,1993-10-31,1993,10,0
SUR,1993-11-30,1993,11,0
SUR,1993-12-31,1993,12,0
SUR,1994-01-31,1994,1,1
SUR,1994-02-28,1994,2,1
SUR,1994-03-31,1994,3,1
SUR,1994-04-30,1994,4,1
SUR,1994-05-31,1994,5,1
SUR,1994-06-30,1994,6,1
SUR,1994-07-31,1994,7,1
SUR,1994-08-31,1994,8,1
SUR,1994-09-30,1994,9,1
SUR,1994-10-31,1994,10,1
SUR,1994-11-30,1994,11,1
SUR,1994-12-31,1994,12,1
SUR,1995-01-31,1995,1,0
SUR,1995-02-28,1995,2,0
SUR,1995-03-31,1995,3,0
SUR,1995-04-30,1995,4,0
SUR,1995-05-31,1995,5,0
SUR,1995-06-30,1995,6,0
SUR,1995-07-31,1995,7,0
SUR,1995-08-31,1995,8,0
SUR,1995-09-30,1995,9,0
SUR,1995-10-31,1995,10,0
SUR,1995-11-30,1995,11,0
SUR,1995-12-31,1995,12,0
SUR,1996-01-31,1996,1,0
SUR,1996-02-29,1996,2,0
SUR,1996-03-31,1996,3,0
SUR,1996-04-30,1996,4,0
SUR,1996-05-31,1996,5,0
SUR,1996-06-30,1996,6,0
SUR,1996-07-31,1996,7,0
SUR,1996-08-31,1996,8,0
SUR,1996-09-30,1996,9,0
SUR,1996-10-31,1996,10,0
SUR,1996-11-30,1996,11,0
SUR,1996-12-31,1996,12,0
SUR,1997-01-31,1997,1,0
SUR,1997-02-28,1997,2,0
SUR,1997-03-31,1997,3,0
SUR,1997-04-30,1997,4,0
SUR,1997-05-31,1997,5,0
SUR,1997-06-30,1997,6,0
SUR,1997-07-31,1997,7,0
SUR,1997-08-31,1997,8,0
SUR,1997-09-30,1997,9,0
SUR,1997-10-31,1997,10,0
SUR,1997-11-30,1997,11,0
SUR,1997-12-31,1997,12,0
SUR,1998-01-31,1998,1,0
SUR,1998-02-28,1998,2,0
SUR,1998-03-31,1998,3,0
SUR,1998-04-30,1998,4,0
SUR,1998-05-31,1998,5,0
SUR,1998-06-30,1998,6,0
SUR,1998-07-31,1998,7,0
SUR,1998-08-31,1998,8,0
SUR,1998-09-30,1998,9,0
SUR,1998-10-31,1998,10,0
SUR,1998-11-30,1998,11,0
SUR,1998-12-31,1998,12,0
SUR,1999-01-31,1999,1,0
SUR,1999-02-28,1999,2,0
SUR,1999-03-31,1999,3,0
SUR,1999-04-30,1999,4,0
SUR,1999-05-31,1999,5,0
SUR,1999-06-30,1999,6,0
SUR,1999-07-31,1999,7,0
SUR,1999-08-31,1999,8,0
SUR,1999-09-30,1999,9,0
SUR,1999-10-31,1999,10,0
SUR,1999-11-30,1999,11,0
SUR,1999-12-31,1999,12,0
SUR,2000-01-31,2000,1,1
SUR,2000-02-29,2000,2,1
SUR,2000-03-31,2000,3,1
SUR,2000-04-30,2000,4,1
SUR,2000-05-31,2000,5,1
SUR,2000-06-30,2000,6,1
SUR,2000-07-31,2000,7,1
SUR,2000-08-31,2000,8,1
SUR,2000-09-30,2000,9,1
SUR,2000-10-31,2000,10,1
SUR,2000-11-30,2000,11,1
SUR,2000-12-31,2000,12,1
SUR,2001-01-31,2001,1,0
SUR,2001-02-28,2001,2,0
SUR,2001-03-31,2001,3,0
SUR,2001-04-30,2001,4,0
SUR,2001-05-31,2001,5,0
SUR,2001-06-30,2001,6,0
SUR,2001-07-31,2001,7,0
SUR,2001-08-31,2001,8,0
SUR,2001-09-30,2001,9,0
SUR,2001-10-31,2001,10,0
SUR,2001-11-30,2001,11,0
SUR,2001-12-31,2001,12,0
SUR,2002-01-31,2002,1,0
SUR,2002-02-28,2002,2,0
SUR,2002-03-31,2002,3,0
SUR,2002-04-30,2002,4,0
SUR,2002-05-31,2002,5,0
SUR,2002-06-30,2002,6,0
SUR,2002-07-31,2002,7,0
SUR,2002-08-31,2002,8,0
SUR,2002-09-30,2002,9,0
SUR,2002-10-31,2002,10,0
SUR,2002-11-30,2002,11,0
SUR,2002-12-31,2002,12,0
SUR,2003-01-31,2003,1,0
SUR,2003-02-28,2003,2,0
SUR,2003-03-31,2003,3,0
SUR,2003-04-30,2003,4,0
SUR,2003-05-31,2003,5,0
SUR,2003-06-30,2003,6,0
SUR,2003-07-31,2003,7,0
SUR,2003-08-31,2003,8,0
SUR,2003-09-30,2003,9,0
SUR,2003-10-31,2003,10,0
SUR,2003-11-30,2003,11,0
SUR,2003-12-31,2003,12,0
SUR,2004-01-31,2004,1,0
SUR,2004-02-29,2004,2,0
SUR,2004-03-31,2004,3,0
SUR,2004-04-30,2004,4,0
SUR,2004-05-31,2004,5,0
SUR,2004-06-30,2004,6,0
SUR,2004-07-31,2004,7,0
SUR,2004-08-31,2004,8,0
SUR,2004-09-30,2004,9,0
SUR,2004-10-31,2004,10,0
SUR,2004-11-30,2004,11,0
SUR,2004-12-31,2004,12,0
SUR,2005-01-31,2005,1,0
SUR,2005-02-28,2005,2,0
SUR,2005-03-31,2005,3,0
SUR,2005-04-30,2005,4,0
SUR,2005-05-31,2005,5,0
SUR,2005-06-30,2005,6,0
SUR,2005-07-31,2005,7,0
SUR,2005-08-31,2005,8,0
SUR,2005-09-30,2005,9,0
SUR,2005-10-31,2005,10,0
SUR,2005-11-30,2005,11,0
SUR,2005-12-31,2005,12,0
SUR,2006-01-31,2006,1,0
SUR,2006-02-28,2006,2,0
SUR,2006-03-31,2006,3,0
SUR,2006-04-30,2006,4,0
SUR,2006-05-31,2006,5,0
SUR,2006-06-30,2006,6,0
SUR,2006-07-31,2006,7,0
SUR,2006-08-31,2006,8,0
SUR,2006-09-30,2006,9,0
SUR,2006-10-31,2006,10,0
SUR,2006-11-30,2006,11,0
SUR,2006-12-31,2006,12,0
SUR,2007-01-31,2007,1,0
SUR,2007-02-28,2007,2,0
SUR,2007-03-31,2007,3,0
SUR,2007-04-30,2007,4,0
SUR,2007-05-31,2007,5,0
SUR,2007-06-30,2007,6,0
SUR,2007-07-31,2007,7,0
SUR,2007-08-31,2007,8,0
SUR,2007-09-30,2007,9,0
SUR,2007-10-31,2007,10,0
SUR,2007-11-30,2007,11,0
SUR,2007-12-31,2007,12,0
SUR,2008-01-31,2008,1,0
SUR,2008-02-29,2008,2,0
SUR,2008-03-31,2008,3,0
SUR,2008-04-30,2008,4,0
SUR,2008-05-31,2008,5,0
SUR,2008-06-30,2008,6,0
SUR,2008-07-31,2008,7,0
SUR,2008-08-31,2008,8,0
SUR,2008-09-30,2008,9,0
SUR,2008-10-31,2008,10,0
SUR,2008-11-30,2008,11,0
SUR,2008-12-31,2008,12,0
SUR,2009-01-31,2009,1,0
SUR,2009-02-28,2009,2,0
SUR,2009-03-31,2009,3,0
SUR,2009-04-30,2009,4,0
SUR,2009-05-31,2009,5,0
SUR,2009-06-30,2009,6,0
SUR,2009-07-31,2009,7,0
SUR,2009-08-31,2009,8,0
SUR,2009-09-30,2009,9,0
SUR,2009-10-31,2009,10,0
SUR,2009-11-30,2009,11,0
SUR,2009-12-31,2009,12,0
SUR,2010-01-31,2010,1,0
SUR,2010-02-28,2010,2,0
SUR,2010-03-31,2010,3,0
SUR,2010-04-30,2010,4,0
SUR,2010-05-31,2010,5,0
SUR,2010-06-30,2010,6,0
SUR,2010-07-31,2010,7,0
SUR,2010-08-31,2010,8,0
SUR,2010-09-30,2010,9,0
SUR,2010-10-31,2010,10,0
SUR,2010-11-30,2010,11,0
SUR,2010-12-31,2010,12,0
SUR,2011-01-31,2011,1,0
SUR,2011-02-28,2011,2,0
SUR,2011-03-31,2011,3,0
SUR,2011-04-30,2011,4,0
SUR,2011-05-31,2011,5,0
SUR,2011-06-30,2011,6,0
SUR,2011-07-31,2011,7,0
SUR,2011-08-31,2011,8,0
SUR,2011-09-30,2011,9,0
SUR,2011-10-31,2011,10,0
SUR,2011-11-30,2011,11,0
SUR,2011-12-31,2011,12,0
SUR,2012-01-31,2012,1,0
SUR,2012-02-29,2012,2,0
SUR,2012-03-31,2012,3,0
SUR,2012-04-30,2012,4,0
SUR,2012-05-31,2012,5,0
SUR,2012-06-30,2012,6,0
SUR,2012-07-31,2012,7,0
SUR,2012-08-31,2012,8,0
SUR,2012-09-30,2012,9,0
SUR,2012-10-31,2012,10,0
SUR,2012-11-30,2012,11,0
SUR,2012-12-31,2012,12,0
SUR,2013-01-31,2013,1,0
SUR,2013-02-28,2013,2,0
SUR,2013-03-31,2013,3,0
SUR,2013-04-30,2013,4,0
SUR,2013-05-31,2013,5,0
SUR,2013-06-30,2013,6,0
SUR,2013-07-31,2013,7,0
SUR,2013-08-31,2013,8,0
SUR,2013-09-30,2013,9,0
SUR,2013-10-31,2013,10,0
SUR,2013-11-30,2013,11,0
SUR,2013-12-31,2013,12,0
SUR,2014-01-31,2014,1,0
SUR,2014-02-28,2014,2,0
SUR,2014-03-31,2014,3,0
SUR,2014-04-30,2014,4,0
SUR,2014-05-31,2014,5,0
SUR,2014-06-30,2014,6,0
SUR,2014-07-31,2014,7,0
SUR,2014-08-31,2014,8,0
SUR,2014-09-30,2014,9,0
SUR,2014-10-31,2014,10,0
SUR,2014-11-30,2014,11,0
SUR,2014-12-31,2014,12,0
SUR,2015-01-31,2015,1,1
SUR,2015-02-28,2015,2,1
SUR,2015-03-31,2015,3,1
SUR,2015-04-30,2015,4,1
SUR,2015-05-31,2015,5,1
SUR,2015-06-30,2015,6,1
SUR,2015-07-31,2015,7,1
SUR,2015-08-31,2015,8,1
SUR,2015-09-30,2015,9,1
SUR,2015-10-31,2015,10,1
SUR,2015-11-30,2015,11,1
SUR,2015-12-31,2015,12,1
SUR,2016-01-31,2016,1,0
SUR,2016-02-29,2016,2,0
SUR,2016-03-31,2016,3,0
SUR,2016-04-30,2016,4,0
SUR,2016-05-31,2016,5,0
SUR,2016-06-30,2016,6,0
SUR,2016-07-31,2016,7,0
SUR,2016-08-31,2016,8,0
SUR,2016-09-30,2016,9,0
SUR,2016-10-31,2016,10,0
SUR,2016-11-30,2016,11,0
SUR,2016-12-31,2016,12,0
SWZ,1990-01-31,1990,1,0
SWZ,1990-02-28,1990,2,0
SWZ,1990-03-31,1990,3,0
SWZ,1990-04-30,1990,4,0
SWZ,1990-05-31,1990,5,0
SWZ,1990-06-30,1990,6,0
SWZ,1990-07-31,1990,7,0
SWZ,1990-08-31,1990,8,0
SWZ,1990-09-30,1990,9,0
SWZ,1990-10-31,1990,10,0
SWZ,1990-11-30,1990,11,0
SWZ,1990-12-31,1990,12,0
SWZ,1991-01-31,1991,1,0
SWZ,1991-02-28,1991,2,0
SWZ,1991-03-31,1991,3,0
SWZ,1991-04-30,1991,4,0
SWZ,1991-05-31,1991,5,0
SWZ,1991-06-30,1991,6,0
SWZ,1991-07-31,1991,7,0
SWZ,1991-08-31,1991,8,0
SWZ,1991-09-30,1991,9,0
SWZ,1991-10-31,1991,10,0
SWZ,1991-11-30,1991,11,0
SWZ,1991-12-31,1991,12,0
SWZ,1992-01-31,1992,1,0
SWZ,1992-02-29,1992,2,0
SWZ,1992-03-31,1992,3,0
SWZ,1992-04-30,1992,4,0
SWZ,1992-05-31,1992,5,0
SWZ,1992-06-30,1992,6,0
SWZ,1992-07-31,1992,7,0
SWZ,1992-08-31,1992,8,0
SWZ,1992-09-30,1992,9,0
SWZ,1992-10-31,1992,10,0
SWZ,1992-11-30,1992,11,0
SWZ,1992-12-31,1992,12,0
SWZ,1993-01-31,1993,1,0
SWZ,1993-02-28,1993,2,0
SWZ,1993-03-31,1993,3,0
SWZ,1993-04-30,1993,4,0
SWZ,1993-05-31,1993,5,0
SWZ,1993-06-30,1993,6,0
SWZ,1993-07-31,1993,7,0
SWZ,1993-08-31,1993,8,0
SWZ,1993-09-30,1993,9,0
SWZ,1993-10-31,1993,10,0
SWZ,1993-11-30,1993,11,0
SWZ,1993-12-31,1993,12,0
SWZ,1994-01-31,1994,1,0
SWZ,1994-02-28,1994,2,0
SWZ,1994-03-31,1994,3,0
SWZ,1994-04-30,1994,4,0
SWZ,1994-05-31,1994,5,0
SWZ,1994-06-30,1994,6,0
SWZ,1994-07-31,1994,7,0
SWZ,1994-08-31,1994,8,0
SWZ,1994-09-30,1994,9,0
SWZ,1994-10-31,1994,10,0
SWZ,1994-11-30,1994,11,0
SWZ,1994-12-31,1994,12,0
SWZ,1995-01-31,1995,1,0
SWZ,1995-02-28,1995,2,0
SWZ,1995-03-31,1995,3,0
SWZ,1995-04-30,1995,4,0
SWZ,1995-05-31,1995,5,0
SWZ,1995-06-30,1995,6,0
SWZ,1995-07-31,1995,7,0
SWZ,1995-08-31,1995,8,0
SWZ,1995-09-30,1995,9,0
SWZ,1995-10-31,1995,10,0
SWZ,1995-11-30,1995,11,0
SWZ,1995-12-31,1995,12,0
SWZ,1996-01-31,1996,1,0
SWZ,1996-02-29,1996,2,0
SWZ,1996-03-31,1996,3,0
SWZ,1996-04-30,1996,4,0
SWZ,1996-05-31,1996,5,0
SWZ,1996-06-30,1996,6,0
SWZ,1996-07-31,1996,7,0
SWZ,1996-08-31,1996,8,0
SWZ,1996-09-30,1996,9,0
SWZ,1996-10-31,1996,10,0
SWZ,1996-11-30,1996,11,0
SWZ,1996-12-31,1996,12,0
SWZ,1997-01-31,1997,1,0
SWZ,1997-02-28,1997,2,0
SWZ,1997-03-31,1997,3,0
SWZ,1997-04-30,1997,4,0
SWZ,1997-05-31,1997,5,0
SWZ,1997-06-30,1997,6,0
SWZ,1997-07-31,1997,7,0
SWZ,1997-08-31,1997,8,0
SWZ,1997-09-30,1997,9,0
SWZ,1997-10-31,1997,10,0
SWZ,1997-11-30,1997,11,0
SWZ,1997-12-31,1997,12,0
SWZ,1998-01-31,1998,1,0
SWZ,1998-02-28,1998,2,0
SWZ,1998-03-31,1998,3,0
SWZ,1998-04-30,1998,4,0
SWZ,1998-05-31,1998,5,0
SWZ,1998-06-30,1998,6,0
SWZ,1998-07-31,1998,7,0
SWZ,1998-08-31,1998,8,0
SWZ,1998-09-30,1998,9,0
SWZ,1998-10-31,1998,10,0
SWZ,1998-11-30,1998,11,0
SWZ,1998-12-31,1998,12,0
SWZ,1999-01-31,1999,1,0
SWZ,1999-02-28,1999,2,0
SWZ,1999-03-31,1999,3,0
SWZ,1999-04-30,1999,4,0
SWZ,1999-05-31,1999,5,0
SWZ,1999-06-30,1999,6,0
SWZ,1999-07-31,1999,7,0
SWZ,1999-08-31,1999,8,0
SWZ,1999-09-30,1999,9,0
SWZ,1999-10-31,1999,10,0
SWZ,1999-11-30,1999,11,0
SWZ,1999-12-31,1999,12,0
SWZ,2000-01-31,2000,1,0
SWZ,2000-02-29,2000,2,0
SWZ,2000-03-31,2000,3,0
SWZ,2000-04-30,2000,4,0
SWZ,2000-05-31,2000,5,0
SWZ,2000-06-30,2000,6,0
SWZ,2000-07-31,2000,7,0
SWZ,2000-08-31,2000,8,0
SWZ,2000-09-30,2000,9,0
SWZ,2000-10-31,2000,10,0
SWZ,2000-11-30,2000,11,0
SWZ,2000-12-31,2000,12,0
SWZ,2001-01-31,2001,1,0
SWZ,2001-02-28,2001,2,0
SWZ,2001-03-31,2001,3,0
SWZ,2001-04-30,2001,4,0
SWZ,2001-05-31,2001,5,0
SWZ,2001-06-30,2001,6,0
SWZ,2001-07-31,2001,7,0
SWZ,2001-08-31,2001,8,0
SWZ,2001-09-30,2001,9,0
SWZ,2001-10-31,2001,10,0
SWZ,2001-11-30,2001,11,0
SWZ,2001-12-31,2001,12,0
SWZ,2002-01-31,2002,1,0
SWZ,2002-02-28,2002,2,0
SWZ,2002-03-31,2002,3,0
SWZ,2002-04-30,2002,4,0
SWZ,2002-05-31,2002,5,0
SWZ,2002-06-30,2002,6,0
SWZ,2002-07-31,2002,7,0
SWZ,2002-08-31,2002,8,0
SWZ,2002-09-30,2002,9,0
SWZ,2002-10-31,2002,10,0
SWZ,2002-11-30,2002,11,0
SWZ,2002-12-31,2002,12,0
SWZ,2003-01-31,2003,1,0
SWZ,2003-02-28,2003,2,0
SWZ,2003-03-31,2003,3,0
SWZ,2003-04-30,2003,4,0
SWZ,2003-05-31,2003,5,0
SWZ,2003-06-30,2003,6,0
SWZ,2003-07-31,2003,7,0
SWZ,2003-08-31,2003,8,0
SWZ,2003-09-30,2003,9,0
SWZ,2003-10-31,2003,10,0
SWZ,2003-11-30,2003,11,0
SWZ,2003-12-31,2003,12,0
SWZ,2004-01-31,2004,1,0
SWZ,2004-02-29,2004,2,0
SWZ,2004-03-31,2004,3,0
SWZ,2004-04-30,2004,4,0
SWZ,2004-05-31,2004,5,0
SWZ,2004-06-30,2004,6,0
SWZ,2004-07-31,2004,7,0
SWZ,2004-08-31,2004,8,0
SWZ,2004-09-30,2004,9,0
SWZ,2004-10-31,2004,10,0
SWZ,2004-11-30,2004,11,0
SWZ,2004-12-31,2004,12,0
SWZ,2005-01-31,2005,1,0
SWZ,2005-02-28,2005,2,0
SWZ,2005-03-31,2005,3,0
SWZ,2005-04-30,2005,4,0
SWZ,2005-05-31,2005,5,0
SWZ,2005-06-30,2005,6,0
SWZ,2005-07-31,2005,7,0
SWZ,2005-08-31,2005,8,0
SWZ,2005-09-30,2005,9,0
SWZ,2005-10-31,2005,10,0
SWZ,2005-11-30,2005,11,0
SWZ,2005-12-31,2005,12,0
SWZ,2006-01-31,2006,1,0
SWZ,2006-02-28,2006,2,0
SWZ,2006-03-31,2006,3,0
SWZ,2006-04-30,2006,4,0
SWZ,2006-05-31,2006,5,0
SWZ,2006-06-30,2006,6,0
SWZ,2006-07-31,2006,7,0
SWZ,2006-08-31,2006,8,0
SWZ,2006-09-30,2006,9,0
SWZ,2006-10-31,2006,10,0
SWZ,2006-11-30,2006,11,0
SWZ,2006-12-31,2006,12,0
SWZ,2007-01-31,2007,1,0
SWZ,2007-02-28,2007,2,0
SWZ,2007-03-31,2007,3,0
SWZ,2007-04-30,2007,4,0
SWZ,2007-05-31,2007,5,0
SWZ,2007-06-30,2007,6,0
SWZ,2007-07-31,2007,7,0
SWZ,2007-08-31,2007,8,0
SWZ,2007-09-30,2007,9,0
SWZ,2007-10-31,2007,10,0
SWZ,2007-11-30,2007,11,0
SWZ,2007-12-31,2007,12,0
SWZ,2008-01-31,2008,1,0
SWZ,2008-02-29,2008,2,0
SWZ,2008-03-31,2008,3,0
SWZ,2008-04-30,2008,4,0
SWZ,2008-05-31,2008,5,0
SWZ,2008-06-30,2008,6,0
SWZ,2008-07-31,2008,7,0
SWZ,2008-08-31,2008,8,0
SWZ,2008-09-30,2008,9,0
SWZ,2008-10-31,2008,10,0
SWZ,2008-11-30,2008,11,0
SWZ,2008-12-31,2008,12,0
SWZ,2009-01-31,2009,1,0
SWZ,2009-02-28,2009,2,0
SWZ,2009-03-31,2009,3,0
SWZ,2009-04-30,2009,4,0
SWZ,2009-05-31,2009,5,0
SWZ,2009-06-30,2009,6,0
SWZ,2009-07-31,2009,7,0
SWZ,2009-08-31,2009,8,0
SWZ,2009-09-30,2009,9,0
SWZ,2009-10-31,2009,10,0
SWZ,2009-11-30,2009,11,0
SWZ,2009-12-31,2009,12,0
SWZ,2010-01-31,2010,1,0
SWZ,2010-02-28,2010,2,0
SWZ,2010-03-31,2010,3,0
SWZ,2010-04-30,2010,4,0
SWZ,2010-05-31,2010,5,0
SWZ,2010-06-30,2010,6,0
SWZ,2010-07-31,2010,7,0
SWZ,2010-08-31,2010,8,0
SWZ,2010-09-30,2010,9,0
SWZ,2010-10-31,2010,10,0
SWZ,2010-11-30,2010,11,0
SWZ,2010-12-31,2010,12,0
SWZ,2011-01-31,2011,1,0
SWZ,2011-02-28,2011,2,0
SWZ,2011-03-31,2011,3,0
SWZ,2011-04-30,2011,4,0
SWZ,2011-05-31,2011,5,0
SWZ,2011-06-30,2011,6,0
SWZ,2011-07-31,2011,7,0
SWZ,2011-08-31,2011,8,0
SWZ,2011-09-30,2011,9,0
SWZ,2011-10-31,2011,10,0
SWZ,2011-11-30,2011,11,0
SWZ,2011-12-31,2011,12,0
SWZ,2012-01-31,2012,1,0
SWZ,2012-02-29,2012,2,0
SWZ,2012-03-31,2012,3,0
SWZ,2012-04-30,2012,4,0
SWZ,2012-05-31,2012,5,0
SWZ,2012-06-30,2012,6,0
SWZ,2012-07-31,2012,7,0
SWZ,2012-08-31,2012,8,0
SWZ,2012-09-30,2012,9,0
SWZ,2012-10-31,2012,10,0
SWZ,2012-11-30,2012,11,0
SWZ,2012-12-31,2012,12,0
SWZ,2013-01-31,2013,1,0
SWZ,2013-02-28,2013,2,0
SWZ,2013-03-31,2013,3,0
SWZ,2013-04-30,2013,4,0
SWZ,2013-05-31,2013,5,0
SWZ,2013-06-30,2013,6,0
SWZ,2013-07-31,2013,7,0
SWZ,2013-08-31,2013,8,0
SWZ,2013-09-30,2013,9,0
SWZ,2013-10-31,2013,10,0
SWZ,2013-11-30,2013,11,0
SWZ,2013-12-31,2013,12,0
SWZ,2014-01-31,2014,1,1
SWZ,2014-02-28,2014,2,1
SWZ,2014-03-31,2014,3,1
SWZ,2014-04-30,2014,4,1
SWZ,2014-05-31,2014,5,1
SWZ,2014-06-30,2014,6,1
SWZ,2014-07-31,2014,7,1
SWZ,2014-08-31,2014,8,1
SWZ,2014-09-30,2014,9,1
SWZ,2014-10-31,2014,10,1
SWZ,2014-11-30,2014,11,1
SWZ,2014-12-31,2014,12,1
SWZ,2015-01-31,2015,1,0
SWZ,2015-02-28,2015,2,0
SWZ,2015-03-31,2015,3,0
SWZ,2015-04-30,2015,4,0
SWZ,2015-05-31,2015,5,0
SWZ,2015-06-30,2015,6,0
SWZ,2015-07-31,2015,7,0
SWZ,2015-08-31,2015,8,0
SWZ,2015-09-30,2015,9,0
SWZ,2015-10-31,2015,10,0
SWZ,2015-11-30,2015,11,0
SWZ,2015-12-31,2015,12,0
SWZ,2016-01-31,2016,1,0
SWZ,2016-02-29,2016,2,0
SWZ,2016-03-31,2016,3,0
SWZ,2016-04-30,2016,4,0
SWZ,2016-05-31,2016,5,0
SWZ,2016-06-30,2016,6,0
SWZ,2016-07-31,2016,7,0
SWZ,2016-08-31,2016,8,0
SWZ,2016-09-30,2016,9,0
SWZ,2016-10-31,2016,10,0
SWZ,2016-11-30,2016,11,0
SWZ,2016-12-31,2016,12,0
SYC,1990-01-31,1990,1,0
SYC,1990-02-28,1990,2,0
SYC,1990-03-31,1990,3,0
SYC,1990-04-30,1990,4,0
SYC,1990-05-31,1990,5,0
SYC,1990-06-30,1990,6,0
SYC,1990-07-31,1990,7,0
SYC,1990-08-31,1990,8,0
SYC,1990-09-30,1990,9,0
SYC,1990-10-31,1990,10,0
SYC,1990-11-30,1990,11,0
SYC,1990-12-31,1990,12,0
SYC,1991-01-31,1991,1,0
SYC,1991-02-28,1991,2,0
SYC,1991-03-31,1991,3,0
SYC,1991-04-30,1991,4,0
SYC,1991-05-31,1991,5,0
SYC,1991-06-30,1991,6,0
SYC,1991-07-31,1991,7,0
SYC,1991-08-31,1991,8,0
SYC,1991-09-30,1991,9,0
SYC,1991-10-31,1991,10,0
SYC,1991-11-30,1991,11,0
SYC,1991-12-31,1991,12,0
SYC,1992-01-31,1992,1,0
SYC,1992-02-29,1992,2,0
SYC,1992-03-31,1992,3,0
SYC,1992-04-30,1992,4,0
SYC,1992-05-31,1992,5,0
SYC,1992-06-30,1992,6,0
SYC,1992-07-31,1992,7,0
SYC,1992-08-31,1992,8,0
SYC,1992-09-30,1992,9,0
SYC,1992-10-31,1992,10,0
SYC,1992-11-30,1992,11,0
SYC,1992-12-31,1992,12,0
SYC,1993-01-31,1993,1,0
SYC,1993-02-28,1993,2,0
SYC,1993-03-31,1993,3,0
SYC,1993-04-30,1993,4,0
SYC,1993-05-31,1993,5,0
SYC,1993-06-30,1993,6,0
SYC,1993-07-31,1993,7,0
SYC,1993-08-31,1993,8,0
SYC,1993-09-30,1993,9,0
SYC,1993-10-31,1993,10,0
SYC,1993-11-30,1993,11,0
SYC,1993-12-31,1993,12,0
SYC,1994-01-31,1994,1,0
SYC,1994-02-28,1994,2,0
SYC,1994-03-31,1994,3,0
SYC,1994-04-30,1994,4,0
SYC,1994-05-31,1994,5,0
SYC,1994-06-30,1994,6,0
SYC,1994-07-31,1994,7,0
SYC,1994-08-31,1994,8,0
SYC,1994-09-30,1994,9,0
SYC,1994-10-31,1994,10,0
SYC,1994-11-30,1994,11,0
SYC,1994-12-31,1994,12,0
SYC,1995-01-31,1995,1,0
SYC,1995-02-28,1995,2,0
SYC,1995-03-31,1995,3,0
SYC,1995-04-30,1995,4,0
SYC,1995-05-31,1995,5,0
SYC,1995-06-30,1995,6,0
SYC,1995-07-31,1995,7,0
SYC,1995-08-31,1995,8,0
SYC,1995-09-30,1995,9,0
SYC,1995-10-31,1995,10,0
SYC,1995-11-30,1995,11,0
SYC,1995-12-31,1995,12,0
SYC,1996-01-31,1996,1,0
SYC,1996-02-29,1996,2,0
SYC,1996-03-31,1996,3,0
SYC,1996-04-30,1996,4,0
SYC,1996-05-31,1996,5,0
SYC,1996-06-30,1996,6,0
SYC,1996-07-31,1996,7,0
SYC,1996-08-31,1996,8,0
SYC,1996-09-30,1996,9,0
SYC,1996-10-31,1996,10,0
SYC,1996-11-30,1996,11,0
SYC,1996-12-31,1996,12,0
SYC,1997-01-31,1997,1,0
SYC,1997-02-28,1997,2,0
SYC,1997-03-31,1997,3,0
SYC,1997-04-30,1997,4,0
SYC,1997-05-31,1997,5,0
SYC,1997-06-30,1997,6,0
SYC,1997-07-31,1997,7,0
SYC,1997-08-31,1997,8,0
SYC,1997-09-30,1997,9,0
SYC,1997-10-31,1997,10,0
SYC,1997-11-30,1997,11,0
SYC,1997-12-31,1997,12,0
SYC,1998-01-31,1998,1,0
SYC,1998-02-28,1998,2,0
SYC,1998-03-31,1998,3,0
SYC,1998-04-30,1998,4,0
SYC,1998-05-31,1998,5,0
SYC,1998-06-30,1998,6,0
SYC,1998-07-31,1998,7,0
SYC,1998-08-31,1998,8,0
SYC,1998-09-30,1998,9,0
SYC,1998-10-31,1998,10,0
SYC,1998-11-30,1998,11,0
SYC,1998-12-31,1998,12,0
SYC,1999-01-31,1999,1,0
SYC,1999-02-28,1999,2,0
SYC,1999-03-31,1999,3,0
SYC,1999-04-30,1999,4,0
SYC,1999-05-31,1999,5,0
SYC,1999-06-30,1999,6,0
SYC,1999-07-31,1999,7,0
SYC,1999-08-31,1999,8,0
SYC,1999-09-30,1999,9,0
SYC,1999-10-31,1999,10,0
SYC,1999-11-30,1999,11,0
SYC,1999-12-31,1999,12,0
SYC,2000-01-31,2000,1,0
SYC,2000-02-29,2000,2,0
SYC,2000-03-31,2000,3,0
SYC,2000-04-30,2000,4,0
SYC,2000-05-31,2000,5,0
SYC,2000-06-30,2000,6,0
SYC,2000-07-31,2000,7,0
SYC,2000-08-31,2000,8,0
SYC,2000-09-30,2000,9,0
SYC,2000-10-31,2000,10,0
SYC,2000-11-30,2000,11,0
SYC,2000-12-31,2000,12,0
SYC,2001-01-31,2001,1,0
SYC,2001-02-28,2001,2,0
SYC,2001-03-31,2001,3,0
SYC,2001-04-30,2001,4,0
SYC,2001-05-31,2001,5,0
SYC,2001-06-30,2001,6,0
SYC,2001-07-31,2001,7,0
SYC,2001-08-31,2001,8,0
SYC,2001-09-30,2001,9,0
SYC,2001-10-31,2001,10,0
SYC,2001-11-30,2001,11,0
SYC,2001-12-31,2001,12,0
SYC,2002-01-31,2002,1,0
SYC,2002-02-28,2002,2,0
SYC,2002-03-31,2002,3,0
SYC,2002-04-30,2002,4,0
SYC,2002-05-31,2002,5,0
SYC,2002-06-30,2002,6,0
SYC,2002-07-31,2002,7,0
SYC,2002-08-31,2002,8,0
SYC,2002-09-30,2002,9,0
SYC,2002-10-31,2002,10,0
SYC,2002-11-30,2002,11,0
SYC,2002-12-31,2002,12,0
SYC,2003-01-31,2003,1,0
SYC,2003-02-28,2003,2,0
SYC,2003-03-31,2003,3,0
SYC,2003-04-30,2003,4,0
SYC,2003-05-31,2003,5,0
SYC,2003-06-30,2003,6,0
SYC,2003-07-31,2003,7,0
SYC,2003-08-31,2003,8,0
SYC,2003-09-30,2003,9,0
SYC,2003-10-31,2003,10,0
SYC,2003-11-30,2003,11,0
SYC,2003-12-31,2003,12,0
SYC,2004-01-31,2004,1,0
SYC,2004-02-29,2004,2,0
SYC,2004-03-31,2004,3,0
SYC,2004-04-30,2004,4,0
SYC,2004-05-31,2004,5,0
SYC,2004-06-30,2004,6,0
SYC,2004-07-31,2004,7,0
SYC,2004-08-31,2004,8,0
SYC,2004-09-30,2004,9,0
SYC,2004-10-31,2004,10,0
SYC,2004-11-30,2004,11,0
SYC,2004-12-31,2004,12,0
SYC,2005-01-31,2005,1,0
SYC,2005-02-28,2005,2,0
SYC,2005-03-31,2005,3,0
SYC,2005-04-30,2005,4,0
SYC,2005-05-31,2005,5,0
SYC,2005-06-30,2005,6,0
SYC,2005-07-31,2005,7,0
SYC,2005-08-31,2005,8,0
SYC,2005-09-30,2005,9,0
SYC,2005-10-31,2005,10,0
SYC,2005-11-30,2005,11,0
SYC,2005-12-31,2005,12,0
SYC,2006-01-31,2006,1,0
SYC,2006-02-28,2006,2,0
SYC,2006-03-31,2006,3,0
SYC,2006-04-30,2006,4,0
SYC,2006-05-31,2006,5,0
SYC,2006-06-30,2006,6,0
SYC,2006-07-31,2006,7,0
SYC,2006-08-31,2006,8,0
SYC,2006-09-30,2006,9,0
SYC,2006-10-31,2006,10,0
SYC,2006-11-30,2006,11,0
SYC,2006-12-31,2006,12,0
SYC,2007-01-31,2007,1,1
SYC,2007-02-28,2007,2,1
SYC,2007-03-31,2007,3,1
SYC,2007-04-30,2007,4,1
SYC,2007-05-31,2007,5,1
SYC,2007-06-30,2007,6,1
SYC,2007-07-31,2007,7,1
SYC,2007-08-31,2007,8,1
SYC,2007-09-30,2007,9,1
SYC,2007-10-31,2007,10,1
SYC,2007-11-30,2007,11,1
SYC,2007-12-31,2007,12,1
SYC,2008-01-31,2008,1,0
SYC,2008-02-29,2008,2,0
SYC,2008-03-31,2008,3,0
SYC,2008-04-30,2008,4,0
SYC,2008-05-31,2008,5,0
SYC,2008-06-30,2008,6,0
SYC,2008-07-31,2008,7,0
SYC,2008-08-31,2008,8,0
SYC,2008-09-30,2008,9,0
SYC,2008-10-31,2008,10,0
SYC,2008-11-30,2008,11,0
SYC,2008-12-31,2008,12,0
SYC,2009-01-31,2009,1,0
SYC,2009-02-28,2009,2,0
SYC,2009-03-31,2009,3,0
SYC,2009-04-30,2009,4,0
SYC,2009-05-31,2009,5,0
SYC,2009-06-30,2009,6,0
SYC,2009-07-31,2009,7,0
SYC,2009-08-31,2009,8,0
SYC,2009-09-30,2009,9,0
SYC,2009-10-31,2009,10,0
SYC,2009-11-30,2009,11,0
SYC,2009-12-31,2009,12,0
SYC,2010-01-31,2010,1,0
SYC,2010-02-28,2010,2,0
SYC,2010-03-31,2010,3,0
SYC,2010-04-30,2010,4,0
SYC,2010-05-31,2010,5,0
SYC,2010-06-30,2010,6,0
SYC,2010-07-31,2010,7,0
SYC,2010-08-31,2010,8,0
SYC,2010-09-30,2010,9,0
SYC,2010-10-31,2010,10,0
SYC,2010-11-30,2010,11,0
SYC,2010-12-31,2010,12,0
SYC,2011-01-31,2011,1,0
SYC,2011-02-28,2011,2,0
SYC,2011-03-31,2011,3,0
SYC,2011-04-30,2011,4,0
SYC,2011-05-31,2011,5,0
SYC,2011-06-30,2011,6,0
SYC,2011-07-31,2011,7,0
SYC,2011-08-31,2011,8,0
SYC,2011-09-30,2011,9,0
SYC,2011-10-31,2011,10,0
SYC,2011-11-30,2011,11,0
SYC,2011-12-31,2011,12,0
SYC,2012-01-31,2012,1,0
SYC,2012-02-29,2012,2,0
SYC,2012-03-31,2012,3,0
SYC,2012-04-30,2012,4,0
SYC,2012-05-31,2012,5,0
SYC,2012-06-30,2012,6,0
SYC,2012-07-31,2012,7,0
SYC,2012-08-31,2012,8,0
SYC,2012-09-30,2012,9,0
SYC,2012-10-31,2012,10,0
SYC,2012-11-30,2012,11,0
SYC,2012-12-31,2012,12,0
SYC,2013-01-31,2013,1,0
SYC,2013-02-28,2013,2,0
SYC,2013-03-31,2013,3,0
SYC,2013-04-30,2013,4,0
SYC,2013-05-31,2013,5,0
SYC,2013-06-30,2013,6,0
SYC,2013-07-31,2013,7,0
SYC,2013-08-31,2013,8,0
SYC,2013-09-30,2013,9,0
SYC,2013-10-31,2013,10,0
SYC,2013-11-30,2013,11,0
SYC,2013-12-31,2013,12,0
SYC,2014-01-31,2014,1,0
SYC,2014-02-28,2014,2,0
SYC,2014-03-31,2014,3,0
SYC,2014-04-30,2014,4,0
SYC,2014-05-31,2014,5,0
SYC,2014-06-30,2014,6,0
SYC,2014-07-31,2014,7,0
SYC,2014-08-31,2014,8,0
SYC,2014-09-30,2014,9,0
SYC,2014-10-31,2014,10,0
SYC,2014-11-30,2014,11,0
SYC,2014-12-31,2014,12,0
SYC,2015-01-31,2015,1,0
SYC,2015-02-28,2015,2,0
SYC,2015-03-31,2015,3,0
SYC,2015-04-30,2015,4,0
SYC,2015-05-31,2015,5,0
SYC,2015-06-30,2015,6,0
SYC,2015-07-31,2015,7,0
SYC,2015-08-31,2015,8,0
SYC,2015-09-30,2015,9,0
SYC,2015-10-31,2015,10,0
SYC,2015-11-30,2015,11,0
SYC,2015-12-31,2015,12,0
SYC,2016-01-31,2016,1,0
SYC,2016-02-29,2016,2,0
SYC,2016-03-31,2016,3,0
SYC,2016-04-30,2016,4,0
SYC,2016-05-31,2016,5,0
SYC,2016-06-30,2016,6,0
SYC,2016-07-31,2016,7,0
SYC,2016-08-31,2016,8,0
SYC,2016-09-30,2016,9,0
SYC,2016-10-31,2016,10,0
SYC,2016-11-30,2016,11,0
SYC,2016-12-31,2016,12,0
SYR,1990-01-31,1990,1,0
SYR,1990-02-28,1990,2,0
SYR,1990-03-31,1990,3,0
SYR,1990-04-30,1990,4,0
SYR,1990-05-31,1990,5,0
SYR,1990-06-30,1990,6,0
SYR,1990-07-31,1990,7,0
SYR,1990-08-31,1990,8,0
SYR,1990-09-30,1990,9,0
SYR,1990-10-31,1990,10,0
SYR,1990-11-30,1990,11,0
SYR,1990-12-31,1990,12,0
SYR,1991-01-31,1991,1,0
SYR,1991-02-28,1991,2,0
SYR,1991-03-31,1991,3,0
SYR,1991-04-30,1991,4,0
SYR,1991-05-31,1991,5,0
SYR,1991-06-30,1991,6,0
SYR,1991-07-31,1991,7,0
SYR,1991-08-31,1991,8,0
SYR,1991-09-30,1991,9,0
SYR,1991-10-31,1991,10,0
SYR,1991-11-30,1991,11,0
SYR,1991-12-31,1991,12,0
SYR,1992-01-31,1992,1,0
SYR,1992-02-29,1992,2,0
SYR,1992-03-31,1992,3,0
SYR,1992-04-30,1992,4,0
SYR,1992-05-31,1992,5,0
SYR,1992-06-30,1992,6,0
SYR,1992-07-31,1992,7,0
SYR,1992-08-31,1992,8,0
SYR,1992-09-30,1992,9,0
SYR,1992-10-31,1992,10,0
SYR,1992-11-30,1992,11,0
SYR,1992-12-31,1992,12,0
SYR,1993-01-31,1993,1,0
SYR,1993-02-28,1993,2,0
SYR,1993-03-31,1993,3,0
SYR,1993-04-30,1993,4,0
SYR,1993-05-31,1993,5,0
SYR,1993-06-30,1993,6,0
SYR,1993-07-31,1993,7,0
SYR,1993-08-31,1993,8,0
SYR,1993-09-30,1993,9,0
SYR,1993-10-31,1993,10,0
SYR,1993-11-30,1993,11,0
SYR,1993-12-31,1993,12,0
SYR,1994-01-31,1994,1,0
SYR,1994-02-28,1994,2,0
SYR,1994-03-31,1994,3,0
SYR,1994-04-30,1994,4,0
SYR,1994-05-31,1994,5,0
SYR,1994-06-30,1994,6,0
SYR,1994-07-31,1994,7,0
SYR,1994-08-31,1994,8,0
SYR,1994-09-30,1994,9,0
SYR,1994-10-31,1994,10,0
SYR,1994-11-30,1994,11,0
SYR,1994-12-31,1994,12,0
SYR,1995-01-31,1995,1,0
SYR,1995-02-28,1995,2,0
SYR,1995-03-31,1995,3,0
SYR,1995-04-30,1995,4,0
SYR,1995-05-31,1995,5,0
SYR,1995-06-30,1995,6,0
SYR,1995-07-31,1995,7,0
SYR,1995-08-31,1995,8,0
SYR,1995-09-30,1995,9,0
SYR,1995-10-31,1995,10,0
SYR,1995-11-30,1995,11,0
SYR,1995-12-31,1995,12,0
SYR,1996-01-31,1996,1,0
SYR,1996-02-29,1996,2,0
SYR,1996-03-31,1996,3,0
SYR,1996-04-30,1996,4,0
SYR,1996-05-31,1996,5,0
SYR,1996-06-30,1996,6,0
SYR,1996-07-31,1996,7,0
SYR,1996-08-31,1996,8,0
SYR,1996-09-30,1996,9,0
SYR,1996-10-31,1996,10,0
SYR,1996-11-30,1996,11,0
SYR,1996-12-31,1996,12,0
SYR,1997-01-31,1997,1,0
SYR,1997-02-28,1997,2,0
SYR,1997-03-31,1997,3,0
SYR,1997-04-30,1997,4,0
SYR,1997-05-31,1997,5,0
SYR,1997-06-30,1997,6,0
SYR,1997-07-31,1997,7,0
SYR,1997-08-31,1997,8,0
SYR,1997-09-30,1997,9,0
SYR,1997-10-31,1997,10,0
SYR,1997-11-30,1997,11,0
SYR,1997-12-31,1997,12,0
SYR,1998-01-31,1998,1,0
SYR,1998-02-28,1998,2,0
SYR,1998-03-31,1998,3,0
SYR,1998-04-30,1998,4,0
SYR,1998-05-31,1998,5,0
SYR,1998-06-30,1998,6,0
SYR,1998-07-31,1998,7,0
SYR,1998-08-31,1998,8,0
SYR,1998-09-30,1998,9,0
SYR,1998-10-31,1998,10,0
SYR,1998-11-30,1998,11,0
SYR,1998-12-31,1998,12,0
SYR,1999-01-31,1999,1,0
SYR,1999-02-28,1999,2,0
SYR,1999-03-31,1999,3,0
SYR,1999-04-30,1999,4,0
SYR,1999-05-31,1999,5,0
SYR,1999-06-30,1999,6,0
SYR,1999-07-31,1999,7,0
SYR,1999-08-31,1999,8,0
SYR,1999-09-30,1999,9,0
SYR,1999-10-31,1999,10,0
SYR,1999-11-30,1999,11,0
SYR,1999-12-31,1999,12,0
SYR,2000-01-31,2000,1,0
SYR,2000-02-29,2000,2,0
SYR,2000-03-31,2000,3,0
SYR,2000-04-30,2000,4,0
SYR,2000-05-31,2000,5,0
SYR,2000-06-30,2000,6,0
SYR,2000-07-31,2000,7,0
SYR,2000-08-31,2000,8,0
SYR,2000-09-30,2000,9,0
SYR,2000-10-31,2000,10,0
SYR,2000-11-30,2000,11,0
SYR,2000-12-31,2000,12,0
SYR,2001-01-31,2001,1,0
SYR,2001-02-28,2001,2,0
SYR,2001-03-31,2001,3,0
SYR,2001-04-30,2001,4,0
SYR,2001-05-31,2001,5,0
SYR,2001-06-30,2001,6,0
SYR,2001-07-31,2001,7,0
SYR,2001-08-31,2001,8,0
SYR,2001-09-30,2001,9,0
SYR,2001-10-31,2001,10,0
SYR,2001-11-30,2001,11,0
SYR,2001-12-31,2001,12,0
SYR,2002-01-31,2002,1,0
SYR,2002-02-28,2002,2,0
SYR,2002-03-31,2002,3,0
SYR,2002-04-30,2002,4,0
SYR,2002-05-31,2002,5,0
SYR,2002-06-30,2002,6,0
SYR,2002-07-31,2002,7,0
SYR,2002-08-31,2002,8,0
SYR,2002-09-30,2002,9,0
SYR,2002-10-31,2002,10,0
SYR,2002-11-30,2002,11,0
SYR,2002-12-31,2002,12,0
SYR,2003-01-31,2003,1,0
SYR,2003-02-28,2003,2,0
SYR,2003-03-31,2003,3,0
SYR,2003-04-30,2003,4,0
SYR,2003-05-31,2003,5,0
SYR,2003-06-30,2003,6,0
SYR,2003-07-31,2003,7,0
SYR,2003-08-31,2003,8,0
SYR,2003-09-30,2003,9,0
SYR,2003-10-31,2003,10,0
SYR,2003-11-30,2003,11,0
SYR,2003-12-31,2003,12,0
SYR,2004-01-31,2004,1,0
SYR,2004-02-29,2004,2,0
SYR,2004-03-31,2004,3,0
SYR,2004-04-30,2004,4,0
SYR,2004-05-31,2004,5,0
SYR,2004-06-30,2004,6,0
SYR,2004-07-31,2004,7,0
SYR,2004-08-31,2004,8,0
SYR,2004-09-30,2004,9,0
SYR,2004-10-31,2004,10,0
SYR,2004-11-30,2004,11,0
SYR,2004-12-31,2004,12,0
SYR,2005-01-31,2005,1,0
SYR,2005-02-28,2005,2,0
SYR,2005-03-31,2005,3,0
SYR,2005-04-30,2005,4,0
SYR,2005-05-31,2005,5,0
SYR,2005-06-30,2005,6,0
SYR,2005-07-31,2005,7,0
SYR,2005-08-31,2005,8,0
SYR,2005-09-30,2005,9,0
SYR,2005-10-31,2005,10,0
SYR,2005-11-30,2005,11,0
SYR,2005-12-31,2005,12,0
SYR,2006-01-31,2006,1,0
SYR,2006-02-28,2006,2,0
SYR,2006-03-31,2006,3,0
SYR,2006-04-30,2006,4,0
SYR,2006-05-31,2006,5,0
SYR,2006-06-30,2006,6,0
SYR,2006-07-31,2006,7,0
SYR,2006-08-31,2006,8,0
SYR,2006-09-30,2006,9,0
SYR,2006-10-31,2006,10,0
SYR,2006-11-30,2006,11,0
SYR,2006-12-31,2006,12,0
SYR,2007-01-31,2007,1,0
SYR,2007-02-28,2007,2,0
SYR,2007-03-31,2007,3,0
SYR,2007-04-30,2007,4,0
SYR,2007-05-31,2007,5,0
SYR,2007-06-30,2007,6,0
SYR,2007-07-31,2007,7,0
SYR,2007-08-31,2007,8,0
SYR,2007-09-30,2007,9,0
SYR,2007-10-31,2007,10,0
SYR,2007-11-30,2007,11,0
SYR,2007-12-31,2007,12,0
SYR,2008-01-31,2008,1,0
SYR,2008-02-29,2008,2,0
SYR,2008-03-31,2008,3,0
SYR,2008-04-30,2008,4,0
SYR,2008-05-31,2008,5,0
SYR,2008-06-30,2008,6,0
SYR,2008-07-31,2008,7,0
SYR,2008-08-31,2008,8,0
SYR,2008-09-30,2008,9,0
SYR,2008-10-31,2008,10,0
SYR,2008-11-30,2008,11,0
SYR,2008-12-31,2008,12,0
SYR,2009-01-31,2009,1,0
SYR,2009-02-28,2009,2,0
SYR,2009-03-31,2009,3,0
SYR,2009-04-30,2009,4,0
SYR,2009-05-31,2009,5,0
SYR,2009-06-30,2009,6,0
SYR,2009-07-31,2009,7,0
SYR,2009-08-31,2009,8,0
SYR,2009-09-30,2009,9,0
SYR,2009-10-31,2009,10,0
SYR,2009-11-30,2009,11,0
SYR,2009-12-31,2009,12,0
SYR,2010-01-31,2010,1,0
SYR,2010-02-28,2010,2,0
SYR,2010-03-31,2010,3,0
SYR,2010-04-30,2010,4,0
SYR,2010-05-31,2010,5,0
SYR,2010-06-30,2010,6,0
SYR,2010-07-31,2010,7,0
SYR,2010-08-31,2010,8,0
SYR,2010-09-30,2010,9,0
SYR,2010-10-31,2010,10,0
SYR,2010-11-30,2010,11,0
SYR,2010-12-31,2010,12,0
SYR,2011-01-31,2011,1,0
SYR,2011-02-28,2011,2,0
SYR,2011-03-31,2011,3,0
SYR,2011-04-30,2011,4,0
SYR,2011-05-31,2011,5,0
SYR,2011-06-30,2011,6,0
SYR,2011-07-31,2011,7,0
SYR,2011-08-31,2011,8,0
SYR,2011-09-30,2011,9,0
SYR,2011-10-31,2011,10,0
SYR,2011-11-30,2011,11,0
SYR,2011-12-31,2011,12,0
SYR,2012-01-31,2012,1,0
SYR,2012-02-29,2012,2,0
SYR,2012-03-31,2012,3,0
SYR,2012-04-30,2012,4,0
SYR,2012-05-31,2012,5,0
SYR,2012-06-30,2012,6,0
SYR,2012-07-31,2012,7,0
SYR,2012-08-31,2012,8,0
SYR,2012-09-30,2012,9,0
SYR,2012-10-31,2012,10,0
SYR,2012-11-30,2012,11,0
SYR,2012-12-31,2012,12,0
SYR,2013-01-31,2013,1,0
SYR,2013-02-28,2013,2,0
SYR,2013-03-31,2013,3,0
SYR,2013-04-30,2013,4,0
SYR,2013-05-31,2013,5,0
SYR,2013-06-30,2013,6,0
SYR,2013-07-31,2013,7,0
SYR,2013-08-31,2013,8,0
SYR,2013-09-30,2013,9,0
SYR,2013-10-31,2013,10,0
SYR,2013-11-30,2013,11,0
SYR,2013-12-31,2013,12,0
SYR,2014-01-31,2014,1,0
SYR,2014-02-28,2014,2,0
SYR,2014-03-31,2014,3,0
SYR,2014-04-30,2014,4,0
SYR,2014-05-31,2014,5,0
SYR,2014-06-30,2014,6,0
SYR,2014-07-31,2014,7,0
SYR,2014-08-31,2014,8,0
SYR,2014-09-30,2014,9,0
SYR,2014-10-31,2014,10,0
SYR,2014-11-30,2014,11,0
SYR,2014-12-31,2014,12,0
SYR,2015-01-31,2015,1,0
SYR,2015-02-28,2015,2,0
SYR,2015-03-31,2015,3,0
SYR,2015-04-30,2015,4,0
SYR,2015-05-31,2015,5,0
SYR,2015-06-30,2015,6,0
SYR,2015-07-31,2015,7,0
SYR,2015-08-31,2015,8,0
SYR,2015-09-30,2015,9,0
SYR,2015-10-31,2015,10,0
SYR,2015-11-30,2015,11,0
SYR,2015-12-31,2015,12,0
SYR,2016-01-31,2016,1,0
SYR,2016-02-29,2016,2,0
SYR,2016-03-31,2016,3,0
SYR,2016-04-30,2016,4,0
SYR,2016-05-31,2016,5,0
SYR,2016-06-30,2016,6,0
SYR,2016-07-31,2016,7,0
SYR,2016-08-31,2016,8,0
SYR,2016-09-30,2016,9,0
SYR,2016-10-31,2016,10,0
SYR,2016-11-30,2016,11,0
SYR,2016-12-31,2016,12,0
TCD,1990-01-31,1990,1,0
TCD,1990-02-28,1990,2,0
TCD,1990-03-31,1990,3,0
TCD,1990-04-30,1990,4,0
TCD,1990-05-31,1990,5,0
TCD,1990-06-30,1990,6,0
TCD,1990-07-31,1990,7,0
TCD,1990-08-31,1990,8,0
TCD,1990-09-30,1990,9,0
TCD,1990-10-31,1990,10,0
TCD,1990-11-30,1990,11,0
TCD,1990-12-31,1990,12,0
TCD,1991-01-31,1991,1,0
TCD,1991-02-28,1991,2,0
TCD,1991-03-31,1991,3,0
TCD,1991-04-30,1991,4,0
TCD,1991-05-31,1991,5,0
TCD,1991-06-30,1991,6,0
TCD,1991-07-31,1991,7,0
TCD,1991-08-31,1991,8,0
TCD,1991-09-30,1991,9,0
TCD,1991-10-31,1991,10,0
TCD,1991-11-30,1991,11,0
TCD,1991-12-31,1991,12,0
TCD,1992-01-31,1992,1,0
TCD,1992-02-29,1992,2,0
TCD,1992-03-31,1992,3,0
TCD,1992-04-30,1992,4,0
TCD,1992-05-31,1992,5,0
TCD,1992-06-30,1992,6,0
TCD,1992-07-31,1992,7,0
TCD,1992-08-31,1992,8,0
TCD,1992-09-30,1992,9,0
TCD,1992-10-31,1992,10,0
TCD,1992-11-30,1992,11,0
TCD,1992-12-31,1992,12,0
TCD,1993-01-31,1993,1,1
TCD,1993-02-28,1993,2,1
TCD,1993-03-31,1993,3,1
TCD,1993-04-30,1993,4,1
TCD,1993-05-31,1993,5,1
TCD,1993-06-30,1993,6,1
TCD,1993-07-31,1993,7,1
TCD,1993-08-31,1993,8,1
TCD,1993-09-30,1993,9,1
TCD,1993-10-31,1993,10,1
TCD,1993-11-30,1993,11,1
TCD,1993-12-31,1993,12,1
TCD,1994-01-31,1994,1,0
TCD,1994-02-28,1994,2,0
TCD,1994-03-31,1994,3,0
TCD,1994-04-30,1994,4,0
TCD,1994-05-31,1994,5,0
TCD,1994-06-30,1994,6,0
TCD,1994-07-31,1994,7,0
TCD,1994-08-31,1994,8,0
TCD,1994-09-30,1994,9,0
TCD,1994-10-31,1994,10,0
TCD,1994-11-30,1994,11,0
TCD,1994-12-31,1994,12,0
TCD,1995-01-31,1995,1,0
TCD,1995-02-28,1995,2,0
TCD,1995-03-31,1995,3,0
TCD,1995-04-30,1995,4,0
TCD,1995-05-31,1995,5,0
TCD,1995-06-30,1995,6,0
TCD,1995-07-31,1995,7,0
TCD,1995-08-31,1995,8,0
TCD,1995-09-30,1995,9,0
TCD,1995-10-31,1995,10,0
TCD,1995-11-30,1995,11,0
TCD,1995-12-31,1995,12,0
TCD,1996-01-31,1996,1,0
TCD,1996-02-29,1996,2,0
TCD,1996-03-31,1996,3,0
TCD,1996-04-30,1996,4,0
TCD,1996-05-31,1996,5,0
TCD,1996-06-30,1996,6,0
TCD,1996-07-31,1996,7,0
TCD,1996-08-31,1996,8,0
TCD,1996-09-30,1996,9,0
TCD,1996-10-31,1996,10,0
TCD,1996-11-30,1996,11,0
TCD,1996-12-31,1996,12,0
TCD,1997-01-31,1997,1,0
TCD,1997-02-28,1997,2,0
TCD,1997-03-31,1997,3,0
TCD,1997-04-30,1997,4,0
TCD,1997-05-31,1997,5,0
TCD,1997-06-30,1997,6,0
TCD,1997-07-31,1997,7,0
TCD,1997-08-31,1997,8,0
TCD,1997-09-30,1997,9,0
TCD,1997-10-31,1997,10,0
TCD,1997-11-30,1997,11,0
TCD,1997-12-31,1997,12,0
TCD,1998-01-31,1998,1,0
TCD,1998-02-28,1998,2,0
TCD,1998-03-31,1998,3,0
TCD,1998-04-30,1998,4,0
TCD,1998-05-31,1998,5,0
TCD,1998-06-30,1998,6,0
TCD,1998-07-31,1998,7,0
TCD,1998-08-31,1998,8,0
TCD,1998-09-30,1998,9,0
TCD,1998-10-31,1998,10,0
TCD,1998-11-30,1998,11,0
TCD,1998-12-31,1998,12,0
TCD,1999-01-31,1999,1,0
TCD,1999-02-28,1999,2,0
TCD,1999-03-31,1999,3,0
TCD,1999-04-30,1999,4,0
TCD,1999-05-31,1999,5,0
TCD,1999-06-30,1999,6,0
TCD,1999-07-31,1999,7,0
TCD,1999-08-31,1999,8,0
TCD,1999-09-30,1999,9,0
TCD,1999-10-31,1999,10,0
TCD,1999-11-30,1999,11,0
TCD,1999-12-31,1999,12,0
TCD,2000-01-31,2000,1,0
TCD,2000-02-29,2000,2,0
TCD,2000-03-31,2000,3,0
TCD,2000-04-30,2000,4,0
TCD,2000-05-31,2000,5,0
TCD,2000-06-30,2000,6,0
TCD,2000-07-31,2000,7,0
TCD,2000-08-31,2000,8,0
TCD,2000-09-30,2000,9,0
TCD,2000-10-31,2000,10,0
TCD,2000-11-30,2000,11,0
TCD,2000-12-31,2000,12,0
TCD,2001-01-31,2001,1,0
TCD,2001-02-28,2001,2,0
TCD,2001-03-31,2001,3,0
TCD,2001-04-30,2001,4,0
TCD,2001-05-31,2001,5,0
TCD,2001-06-30,2001,6,0
TCD,2001-07-31,2001,7,0
TCD,2001-08-31,2001,8,0
TCD,2001-09-30,2001,9,0
TCD,2001-10-31,2001,10,0
TCD,2001-11-30,2001,11,0
TCD,2001-12-31,2001,12,0
TCD,2002-01-31,2002,1,0
TCD,2002-02-28,2002,2,0
TCD,2002-03-31,2002,3,0
TCD,2002-04-30,2002,4,0
TCD,2002-05-31,2002,5,0
TCD,2002-06-30,2002,6,0
TCD,2002-07-31,2002,7,0
TCD,2002-08-31,2002,8,0
TCD,2002-09-30,2002,9,0
TCD,2002-10-31,2002,10,0
TCD,2002-11-30,2002,11,0
TCD,2002-12-31,2002,12,0
TCD,2003-01-31,2003,1,0
TCD,2003-02-28,2003,2,0
TCD,2003-03-31,2003,3,0
TCD,2003-04-30,2003,4,0
TCD,2003-05-31,2003,5,0
TCD,2003-06-30,2003,6,0
TCD,2003-07-31,2003,7,0
TCD,2003-08-31,2003,8,0
TCD,2003-09-30,2003,9,0
TCD,2003-10-31,2003,10,0
TCD,2003-11-30,2003,11,0
TCD,2003-12-31,2003,12,0
TCD,2004-01-31,2004,1,0
TCD,2004-02-29,2004,2,0
TCD,2004-03-31,2004,3,0
TCD,2004-04-30,2004,4,0
TCD,2004-05-31,2004,5,0
TCD,2004-06-30,2004,6,0
TCD,2004-07-31,2004,7,0
TCD,2004-08-31,2004,8,0
TCD,2004-09-30,2004,9,0
TCD,2004-10-31,2004,10,0
TCD,2004-11-30,2004,11,0
TCD,2004-12-31,2004,12,0
TCD,2005-01-31,2005,1,0
TCD,2005-02-28,2005,2,0
TCD,2005-03-31,2005,3,0
TCD,2005-04-30,2005,4,0
TCD,2005-05-31,2005,5,0
TCD,2005-06-30,2005,6,0
TCD,2005-07-31,2005,7,0
TCD,2005-08-31,2005,8,0
TCD,2005-09-30,2005,9,0
TCD,2005-10-31,2005,10,0
TCD,2005-11-30,2005,11,0
TCD,2005-12-31,2005,12,0
TCD,2006-01-31,2006,1,0
TCD,2006-02-28,2006,2,0
TCD,2006-03-31,2006,3,0
TCD,2006-04-30,2006,4,0
TCD,2006-05-31,2006,5,0
TCD,2006-06-30,2006,6,0
TCD,2006-07-31,2006,7,0
TCD,2006-08-31,2006,8,0
TCD,2006-09-30,2006,9,0
TCD,2006-10-31,2006,10,0
TCD,2006-11-30,2006,11,0
TCD,2006-12-31,2006,12,0
TCD,2007-01-31,2007,1,0
TCD,2007-02-28,2007,2,0
TCD,2007-03-31,2007,3,0
TCD,2007-04-30,2007,4,0
TCD,2007-05-31,2007,5,0
TCD,2007-06-30,2007,6,0
TCD,2007-07-31,2007,7,0
TCD,2007-08-31,2007,8,0
TCD,2007-09-30,2007,9,0
TCD,2007-10-31,2007,10,0
TCD,2007-11-30,2007,11,0
TCD,2007-12-31,2007,12,0
TCD,2008-01-31,2008,1,0
TCD,2008-02-29,2008,2,0
TCD,2008-03-31,2008,3,0
TCD,2008-04-30,2008,4,0
TCD,2008-05-31,2008,5,0
TCD,2008-06-30,2008,6,0
TCD,2008-07-31,2008,7,0
TCD,2008-08-31,2008,8,0
TCD,2008-09-30,2008,9,0
TCD,2008-10-31,2008,10,0
TCD,2008-11-30,2008,11,0
TCD,2008-12-31,2008,12,0
TCD,2009-01-31,2009,1,0
TCD,2009-02-28,2009,2,0
TCD,2009-03-31,2009,3,0
TCD,2009-04-30,2009,4,0
TCD,2009-05-31,2009,5,0
TCD,2009-06-30,2009,6,0
TCD,2009-07-31,2009,7,0
TCD,2009-08-31,2009,8,0
TCD,2009-09-30,2009,9,0
TCD,2009-10-31,2009,10,0
TCD,2009-11-30,2009,11,0
TCD,2009-12-31,2009,12,0
TCD,2010-01-31,2010,1,0
TCD,2010-02-28,2010,2,0
TCD,2010-03-31,2010,3,0
TCD,2010-04-30,2010,4,0
TCD,2010-05-31,2010,5,0
TCD,2010-06-30,2010,6,0
TCD,2010-07-31,2010,7,0
TCD,2010-08-31,2010,8,0
TCD,2010-09-30,2010,9,0
TCD,2010-10-31,2010,10,0
TCD,2010-11-30,2010,11,0
TCD,2010-12-31,2010,12,0
TCD,2011-01-31,2011,1,0
TCD,2011-02-28,2011,2,0
TCD,2011-03-31,2011,3,0
TCD,2011-04-30,2011,4,0
TCD,2011-05-31,2011,5,0
TCD,2011-06-30,2011,6,0
TCD,2011-07-31,2011,7,0
TCD,2011-08-31,2011,8,0
TCD,2011-09-30,2011,9,0
TCD,2011-10-31,2011,10,0
TCD,2011-11-30,2011,11,0
TCD,2011-12-31,2011,12,0
TCD,2012-01-31,2012,1,0
TCD,2012-02-29,2012,2,0
TCD,2012-03-31,2012,3,0
TCD,2012-04-30,2012,4,0
TCD,2012-05-31,2012,5,0
TCD,2012-06-30,2012,6,0
TCD,2012-07-31,2012,7,0
TCD,2012-08-31,2012,8,0
TCD,2012-09-30,2012,9,0
TCD,2012-10-31,2012,10,0
TCD,2012-11-30,2012,11,0
TCD,2012-12-31,2012,12,0
TCD,2013-01-31,2013,1,0
TCD,2013-02-28,2013,2,0
TCD,2013-03-31,2013,3,0
TCD,2013-04-30,2013,4,0
TCD,2013-05-31,2013,5,0
TCD,2013-06-30,2013,6,0
TCD,2013-07-31,2013,7,0
TCD,2013-08-31,2013,8,0
TCD,2013-09-30,2013,9,0
TCD,2013-10-31,2013,10,0
TCD,2013-11-30,2013,11,0
TCD,2013-12-31,2013,12,0
TCD,2014-01-31,2014,1,0
TCD,2014-02-28,2014,2,0
TCD,2014-03-31,2014,3,0
TCD,2014-04-30,2014,4,0
TCD,2014-05-31,2014,5,0
TCD,2014-06-30,2014,6,0
TCD,2014-07-31,2014,7,0
TCD,2014-08-31,2014,8,0
TCD,2014-09-30,2014,9,0
TCD,2014-10-31,2014,10,0
TCD,2014-11-30,2014,11,0
TCD,2014-12-31,2014,12,0
TCD,2015-01-31,2015,1,0
TCD,2015-02-28,2015,2,0
TCD,2015-03-31,2015,3,0
TCD,2015-04-30,2015,4,0
TCD,2015-05-31,2015,5,0
TCD,2015-06-30,2015,6,0
TCD,2015-07-31,2015,7,0
TCD,2015-08-31,2015,8,0
TCD,2015-09-30,2015,9,0
TCD,2015-10-31,2015,10,0
TCD,2015-11-30,2015,11,0
TCD,2015-12-31,2015,12,0
TCD,2016-01-31,2016,1,0
TCD,2016-02-29,2016,2,0
TCD,2016-03-31,2016,3,0
TCD,2016-04-30,2016,4,0
TCD,2016-05-31,2016,5,0
TCD,2016-06-30,2016,6,0
TCD,2016-07-31,2016,7,0
TCD,2016-08-31,2016,8,0
TCD,2016-09-30,2016,9,0
TCD,2016-10-31,2016,10,0
TCD,2016-11-30,2016,11,0
TCD,2016-12-31,2016,12,0
TGO,1990-01-31,1990,1,0
TGO,1990-02-28,1990,2,0
TGO,1990-03-31,1990,3,0
TGO,1990-04-30,1990,4,0
TGO,1990-05-31,1990,5,0
TGO,1990-06-30,1990,6,0
TGO,1990-07-31,1990,7,0
TGO,1990-08-31,1990,8,0
TGO,1990-09-30,1990,9,0
TGO,1990-10-31,1990,10,0
TGO,1990-11-30,1990,11,0
TGO,1990-12-31,1990,12,0
TGO,1991-01-31,1991,1,0
TGO,1991-02-28,1991,2,0
TGO,1991-03-31,1991,3,0
TGO,1991-04-30,1991,4,0
TGO,1991-05-31,1991,5,0
TGO,1991-06-30,1991,6,0
TGO,1991-07-31,1991,7,0
TGO,1991-08-31,1991,8,0
TGO,1991-09-30,1991,9,0
TGO,1991-10-31,1991,10,0
TGO,1991-11-30,1991,11,0
TGO,1991-12-31,1991,12,0
TGO,1992-01-31,1992,1,0
TGO,1992-02-29,1992,2,0
TGO,1992-03-31,1992,3,0
TGO,1992-04-30,1992,4,0
TGO,1992-05-31,1992,5,0
TGO,1992-06-30,1992,6,0
TGO,1992-07-31,1992,7,0
TGO,1992-08-31,1992,8,0
TGO,1992-09-30,1992,9,0
TGO,1992-10-31,1992,10,0
TGO,1992-11-30,1992,11,0
TGO,1992-12-31,1992,12,0
TGO,1993-01-31,1993,1,1
TGO,1993-02-28,1993,2,1
TGO,1993-03-31,1993,3,1
TGO,1993-04-30,1993,4,1
TGO,1993-05-31,1993,5,1
TGO,1993-06-30,1993,6,1
TGO,1993-07-31,1993,7,1
TGO,1993-08-31,1993,8,1
TGO,1993-09-30,1993,9,1
TGO,1993-10-31,1993,10,1
TGO,1993-11-30,1993,11,1
TGO,1993-12-31,1993,12,1
TGO,1994-01-31,1994,1,0
TGO,1994-02-28,1994,2,0
TGO,1994-03-31,1994,3,0
TGO,1994-04-30,1994,4,0
TGO,1994-05-31,1994,5,0
TGO,1994-06-30,1994,6,0
TGO,1994-07-31,1994,7,0
TGO,1994-08-31,1994,8,0
TGO,1994-09-30,1994,9,0
TGO,1994-10-31,1994,10,0
TGO,1994-11-30,1994,11,0
TGO,1994-12-31,1994,12,0
TGO,1995-01-31,1995,1,0
TGO,1995-02-28,1995,2,0
TGO,1995-03-31,1995,3,0
TGO,1995-04-30,1995,4,0
TGO,1995-05-31,1995,5,0
TGO,1995-06-30,1995,6,0
TGO,1995-07-31,1995,7,0
TGO,1995-08-31,1995,8,0
TGO,1995-09-30,1995,9,0
TGO,1995-10-31,1995,10,0
TGO,1995-11-30,1995,11,0
TGO,1995-12-31,1995,12,0
TGO,1996-01-31,1996,1,0
TGO,1996-02-29,1996,2,0
TGO,1996-03-31,1996,3,0
TGO,1996-04-30,1996,4,0
TGO,1996-05-31,1996,5,0
TGO,1996-06-30,1996,6,0
TGO,1996-07-31,1996,7,0
TGO,1996-08-31,1996,8,0
TGO,1996-09-30,1996,9,0
TGO,1996-10-31,1996,10,0
TGO,1996-11-30,1996,11,0
TGO,1996-12-31,1996,12,0
TGO,1997-01-31,1997,1,0
TGO,1997-02-28,1997,2,0
TGO,1997-03-31,1997,3,0
TGO,1997-04-30,1997,4,0
TGO,1997-05-31,1997,5,0
TGO,1997-06-30,1997,6,0
TGO,1997-07-31,1997,7,0
TGO,1997-08-31,1997,8,0
TGO,1997-09-30,1997,9,0
TGO,1997-10-31,1997,10,0
TGO,1997-11-30,1997,11,0
TGO,1997-12-31,1997,12,0
TGO,1998-01-31,1998,1,0
TGO,1998-02-28,1998,2,0
TGO,1998-03-31,1998,3,0
TGO,1998-04-30,1998,4,0
TGO,1998-05-31,1998,5,0
TGO,1998-06-30,1998,6,0
TGO,1998-07-31,1998,7,0
TGO,1998-08-31,1998,8,0
TGO,1998-09-30,1998,9,0
TGO,1998-10-31,1998,10,0
TGO,1998-11-30,1998,11,0
TGO,1998-12-31,1998,12,0
TGO,1999-01-31,1999,1,0
TGO,1999-02-28,1999,2,0
TGO,1999-03-31,1999,3,0
TGO,1999-04-30,1999,4,0
TGO,1999-05-31,1999,5,0
TGO,1999-06-30,1999,6,0
TGO,1999-07-31,1999,7,0
TGO,1999-08-31,1999,8,0
TGO,1999-09-30,1999,9,0
TGO,1999-10-31,1999,10,0
TGO,1999-11-30,1999,11,0
TGO,1999-12-31,1999,12,0
TGO,2000-01-31,2000,1,0
TGO,2000-02-29,2000,2,0
TGO,2000-03-31,2000,3,0
TGO,2000-04-30,2000,4,0
TGO,2000-05-31,2000,5,0
TGO,2000-06-30,2000,6,0
TGO,2000-07-31,2000,7,0
TGO,2000-08-31,2000,8,0
TGO,2000-09-30,2000,9,0
TGO,2000-10-31,2000,10,0
TGO,2000-11-30,2000,11,0
TGO,2000-12-31,2000,12,0
TGO,2001-01-31,2001,1,0
TGO,2001-02-28,2001,2,0
TGO,2001-03-31,2001,3,0
TGO,2001-04-30,2001,4,0
TGO,2001-05-31,2001,5,0
TGO,2001-06-30,2001,6,0
TGO,2001-07-31,2001,7,0
TGO,2001-08-31,2001,8,0
TGO,2001-09-30,2001,9,0
TGO,2001-10-31,2001,10,0
TGO,2001-11-30,2001,11,0
TGO,2001-12-31,2001,12,0
TGO,2002-01-31,2002,1,0
TGO,2002-02-28,2002,2,0
TGO,2002-03-31,2002,3,0
TGO,2002-04-30,2002,4,0
TGO,2002-05-31,2002,5,0
TGO,2002-06-30,2002,6,0
TGO,2002-07-31,2002,7,0
TGO,2002-08-31,2002,8,0
TGO,2002-09-30,2002,9,0
TGO,2002-10-31,2002,10,0
TGO,2002-11-30,2002,11,0
TGO,2002-12-31,2002,12,0
TGO,2003-01-31,2003,1,0
TGO,2003-02-28,2003,2,0
TGO,2003-03-31,2003,3,0
TGO,2003-04-30,2003,4,0
TGO,2003-05-31,2003,5,0
TGO,2003-06-30,2003,6,0
TGO,2003-07-31,2003,7,0
TGO,2003-08-31,2003,8,0
TGO,2003-09-30,2003,9,0
TGO,2003-10-31,2003,10,0
TGO,2003-11-30,2003,11,0
TGO,2003-12-31,2003,12,0
TGO,2004-01-31,2004,1,0
TGO,2004-02-29,2004,2,0
TGO,2004-03-31,2004,3,0
TGO,2004-04-30,2004,4,0
TGO,2004-05-31,2004,5,0
TGO,2004-06-30,2004,6,0
TGO,2004-07-31,2004,7,0
TGO,2004-08-31,2004,8,0
TGO,2004-09-30,2004,9,0
TGO,2004-10-31,2004,10,0
TGO,2004-11-30,2004,11,0
TGO,2004-12-31,2004,12,0
TGO,2005-01-31,2005,1,0
TGO,2005-02-28,2005,2,0
TGO,2005-03-31,2005,3,0
TGO,2005-04-30,2005,4,0
TGO,2005-05-31,2005,5,0
TGO,2005-06-30,2005,6,0
TGO,2005-07-31,2005,7,0
TGO,2005-08-31,2005,8,0
TGO,2005-09-30,2005,9,0
TGO,2005-10-31,2005,10,0
TGO,2005-11-30,2005,11,0
TGO,2005-12-31,2005,12,0
TGO,2006-01-31,2006,1,0
TGO,2006-02-28,2006,2,0
TGO,2006-03-31,2006,3,0
TGO,2006-04-30,2006,4,0
TGO,2006-05-31,2006,5,0
TGO,2006-06-30,2006,6,0
TGO,2006-07-31,2006,7,0
TGO,2006-08-31,2006,8,0
TGO,2006-09-30,2006,9,0
TGO,2006-10-31,2006,10,0
TGO,2006-11-30,2006,11,0
TGO,2006-12-31,2006,12,0
TGO,2007-01-31,2007,1,0
TGO,2007-02-28,2007,2,0
TGO,2007-03-31,2007,3,0
TGO,2007-04-30,2007,4,0
TGO,2007-05-31,2007,5,0
TGO,2007-06-30,2007,6,0
TGO,2007-07-31,2007,7,0
TGO,2007-08-31,2007,8,0
TGO,2007-09-30,2007,9,0
TGO,2007-10-31,2007,10,0
TGO,2007-11-30,2007,11,0
TGO,2007-12-31,2007,12,0
TGO,2008-01-31,2008,1,0
TGO,2008-02-29,2008,2,0
TGO,2008-03-31,2008,3,0
TGO,2008-04-30,2008,4,0
TGO,2008-05-31,2008,5,0
TGO,2008-06-30,2008,6,0
TGO,2008-07-31,2008,7,0
TGO,2008-08-31,2008,8,0
TGO,2008-09-30,2008,9,0
TGO,2008-10-31,2008,10,0
TGO,2008-11-30,2008,11,0
TGO,2008-12-31,2008,12,0
TGO,2009-01-31,2009,1,0
TGO,2009-02-28,2009,2,0
TGO,2009-03-31,2009,3,0
TGO,2009-04-30,2009,4,0
TGO,2009-05-31,2009,5,0
TGO,2009-06-30,2009,6,0
TGO,2009-07-31,2009,7,0
TGO,2009-08-31,2009,8,0
TGO,2009-09-30,2009,9,0
TGO,2009-10-31,2009,10,0
TGO,2009-11-30,2009,11,0
TGO,2009-12-31,2009,12,0
TGO,2010-01-31,2010,1,0
TGO,2010-02-28,2010,2,0
TGO,2010-03-31,2010,3,0
TGO,2010-04-30,2010,4,0
TGO,2010-05-31,2010,5,0
TGO,2010-06-30,2010,6,0
TGO,2010-07-31,2010,7,0
TGO,2010-08-31,2010,8,0
TGO,2010-09-30,2010,9,0
TGO,2010-10-31,2010,10,0
TGO,2010-11-30,2010,11,0
TGO,2010-12-31,2010,12,0
TGO,2011-01-31,2011,1,0
TGO,2011-02-28,2011,2,0
TGO,2011-03-31,2011,3,0
TGO,2011-04-30,2011,4,0
TGO,2011-05-31,2011,5,0
TGO,2011-06-30,2011,6,0
TGO,2011-07-31,2011,7,0
TGO,2011-08-31,2011,8,0
TGO,2011-09-30,2011,9,0
TGO,2011-10-31,2011,10,0
TGO,2011-11-30,2011,11,0
TGO,2011-12-31,2011,12,0
TGO,2012-01-31,2012,1,0
TGO,2012-02-29,2012,2,0
TGO,2012-03-31,2012,3,0
TGO,2012-04-30,2012,4,0
TGO,2012-05-31,2012,5,0
TGO,2012-06-30,2012,6,0
TGO,2012-07-31,2012,7,0
TGO,2012-08-31,2012,8,0
TGO,2012-09-30,2012,9,0
TGO,2012-10-31,2012,10,0
TGO,2012-11-30,2012,11,0
TGO,2012-12-31,2012,12,0
TGO,2013-01-31,2013,1,0
TGO,2013-02-28,2013,2,0
TGO,2013-03-31,2013,3,0
TGO,2013-04-30,2013,4,0
TGO,2013-05-31,2013,5,0
TGO,2013-06-30,2013,6,0
TGO,2013-07-31,2013,7,0
TGO,2013-08-31,2013,8,0
TGO,2013-09-30,2013,9,0
TGO,2013-10-31,2013,10,0
TGO,2013-11-30,2013,11,0
TGO,2013-12-31,2013,12,0
TGO,2014-01-31,2014,1,0
TGO,2014-02-28,2014,2,0
TGO,2014-03-31,2014,3,0
TGO,2014-04-30,2014,4,0
TGO,2014-05-31,2014,5,0
TGO,2014-06-30,2014,6,0
TGO,2014-07-31,2014,7,0
TGO,2014-08-31,2014,8,0
TGO,2014-09-30,2014,9,0
TGO,2014-10-31,2014,10,0
TGO,2014-11-30,2014,11,0
TGO,2014-12-31,2014,12,0
TGO,2015-01-31,2015,1,0
TGO,2015-02-28,2015,2,0
TGO,2015-03-31,2015,3,0
TGO,2015-04-30,2015,4,0
TGO,2015-05-31,2015,5,0
TGO,2015-06-30,2015,6,0
TGO,2015-07-31,2015,7,0
TGO,2015-08-31,2015,8,0
TGO,2015-09-30,2015,9,0
TGO,2015-10-31,2015,10,0
TGO,2015-11-30,2015,11,0
TGO,2015-12-31,2015,12,0
TGO,2016-01-31,2016,1,0
TGO,2016-02-29,2016,2,0
TGO,2016-03-31,2016,3,0
TGO,2016-04-30,2016,4,0
TGO,2016-05-31,2016,5,0
TGO,2016-06-30,2016,6,0
TGO,2016-07-31,2016,7,0
TGO,2016-08-31,2016,8,0
TGO,2016-09-30,2016,9,0
TGO,2016-10-31,2016,10,0
TGO,2016-11-30,2016,11,0
TGO,2016-12-31,2016,12,0
THA,1990-01-31,1990,1,0
THA,1990-02-28,1990,2,0
THA,1990-03-31,1990,3,0
THA,1990-04-30,1990,4,0
THA,1990-05-31,1990,5,0
THA,1990-06-30,1990,6,0
THA,1990-07-31,1990,7,0
THA,1990-08-31,1990,8,0
THA,1990-09-30,1990,9,0
THA,1990-10-31,1990,10,0
THA,1990-11-30,1990,11,0
THA,1990-12-31,1990,12,0
THA,1991-01-31,1991,1,0
THA,1991-02-28,1991,2,0
THA,1991-03-31,1991,3,0
THA,1991-04-30,1991,4,0
THA,1991-05-31,1991,5,0
THA,1991-06-30,1991,6,0
THA,1991-07-31,1991,7,0
THA,1991-08-31,1991,8,0
THA,1991-09-30,1991,9,0
THA,1991-10-31,1991,10,0
THA,1991-11-30,1991,11,0
THA,1991-12-31,1991,12,0
THA,1992-01-31,1992,1,0
THA,1992-02-29,1992,2,0
THA,1992-03-31,1992,3,0
THA,1992-04-30,1992,4,0
THA,1992-05-31,1992,5,0
THA,1992-06-30,1992,6,0
THA,1992-07-31,1992,7,0
THA,1992-08-31,1992,8,0
THA,1992-09-30,1992,9,0
THA,1992-10-31,1992,10,0
THA,1992-11-30,1992,11,0
THA,1992-12-31,1992,12,0
THA,1993-01-31,1993,1,0
THA,1993-02-28,1993,2,0
THA,1993-03-31,1993,3,0
THA,1993-04-30,1993,4,0
THA,1993-05-31,1993,5,0
THA,1993-06-30,1993,6,0
THA,1993-07-31,1993,7,0
THA,1993-08-31,1993,8,0
THA,1993-09-30,1993,9,0
THA,1993-10-31,1993,10,0
THA,1993-11-30,1993,11,0
THA,1993-12-31,1993,12,0
THA,1994-01-31,1994,1,0
THA,1994-02-28,1994,2,0
THA,1994-03-31,1994,3,0
THA,1994-04-30,1994,4,0
THA,1994-05-31,1994,5,0
THA,1994-06-30,1994,6,0
THA,1994-07-31,1994,7,0
THA,1994-08-31,1994,8,0
THA,1994-09-30,1994,9,0
THA,1994-10-31,1994,10,0
THA,1994-11-30,1994,11,0
THA,1994-12-31,1994,12,0
THA,1995-01-31,1995,1,0
THA,1995-02-28,1995,2,0
THA,1995-03-31,1995,3,0
THA,1995-04-30,1995,4,0
THA,1995-05-31,1995,5,0
THA,1995-06-30,1995,6,0
THA,1995-07-31,1995,7,0
THA,1995-08-31,1995,8,0
THA,1995-09-30,1995,9,0
THA,1995-10-31,1995,10,0
THA,1995-11-30,1995,11,0
THA,1995-12-31,1995,12,0
THA,1996-01-31,1996,1,0
THA,1996-02-29,1996,2,0
THA,1996-03-31,1996,3,0
THA,1996-04-30,1996,4,0
THA,1996-05-31,1996,5,0
THA,1996-06-30,1996,6,0
THA,1996-07-31,1996,7,0
THA,1996-08-31,1996,8,0
THA,1996-09-30,1996,9,0
THA,1996-10-31,1996,10,0
THA,1996-11-30,1996,11,0
THA,1996-12-31,1996,12,0
THA,1997-01-31,1997,1,1
THA,1997-02-28,1997,2,1
THA,1997-03-31,1997,3,1
THA,1997-04-30,1997,4,1
THA,1997-05-31,1997,5,1
THA,1997-06-30,1997,6,1
THA,1997-07-31,1997,7,1
THA,1997-08-31,1997,8,1
THA,1997-09-30,1997,9,1
THA,1997-10-31,1997,10,1
THA,1997-11-30,1997,11,1
THA,1997-12-31,1997,12,1
THA,1998-01-31,1998,1,0
THA,1998-02-28,1998,2,0
THA,1998-03-31,1998,3,0
THA,1998-04-30,1998,4,0
THA,1998-05-31,1998,5,0
THA,1998-06-30,1998,6,0
THA,1998-07-31,1998,7,0
THA,1998-08-31,1998,8,0
THA,1998-09-30,1998,9,0
THA,1998-10-31,1998,10,0
THA,1998-11-30,1998,11,0
THA,1998-12-31,1998,12,0
THA,1999-01-31,1999,1,0
THA,1999-02-28,1999,2,0
THA,1999-03-31,1999,3,0
THA,1999-04-30,1999,4,0
THA,1999-05-31,1999,5,0
THA,1999-06-30,1999,6,0
THA,1999-07-31,1999,7,0
THA,1999-08-31,1999,8,0
THA,1999-09-30,1999,9,0
THA,1999-10-31,1999,10,0
THA,1999-11-30,1999,11,0
THA,1999-12-31,1999,12,0
THA,2000-01-31,2000,1,0
THA,2000-02-29,2000,2,0
THA,2000-03-31,2000,3,0
THA,2000-04-30,2000,4,0
THA,2000-05-31,2000,5,0
THA,2000-06-30,2000,6,0
THA,2000-07-31,2000,7,0
THA,2000-08-31,2000,8,0
THA,2000-09-30,2000,9,0
THA,2000-10-31,2000,10,0
THA,2000-11-30,2000,11,0
THA,2000-12-31,2000,12,0
THA,2001-01-31,2001,1,0
THA,2001-02-28,2001,2,0
THA,2001-03-31,2001,3,0
THA,2001-04-30,2001,4,0
THA,2001-05-31,2001,5,0
THA,2001-06-30,2001,6,0
THA,2001-07-31,2001,7,0
THA,2001-08-31,2001,8,0
THA,2001-09-30,2001,9,0
THA,2001-10-31,2001,10,0
THA,2001-11-30,2001,11,0
THA,2001-12-31,2001,12,0
THA,2002-01-31,2002,1,0
THA,2002-02-28,2002,2,0
THA,2002-03-31,2002,3,0
THA,2002-04-30,2002,4,0
THA,2002-05-31,2002,5,0
THA,2002-06-30,2002,6,0
THA,2002-07-31,2002,7,0
THA,2002-08-31,2002,8,0
THA,2002-09-30,2002,9,0
THA,2002-10-31,2002,10,0
THA,2002-11-30,2002,11,0
THA,2002-12-31,2002,12,0
THA,2003-01-31,2003,1,0
THA,2003-02-28,2003,2,0
THA,2003-03-31,2003,3,0
THA,2003-04-30,2003,4,0
THA,2003-05-31,2003,5,0
THA,2003-06-30,2003,6,0
THA,2003-07-31,2003,7,0
THA,2003-08-31,2003,8,0
THA,2003-09-30,2003,9,0
THA,2003-10-31,2003,10,0
THA,2003-11-30,2003,11,0
THA,2003-12-31,2003,12,0
THA,2004-01-31,2004,1,0
THA,2004-02-29,2004,2,0
THA,2004-03-31,2004,3,0
THA,2004-04-30,2004,4,0
THA,2004-05-31,2004,5,0
THA,2004-06-30,2004,6,0
THA,2004-07-31,2004,7,0
THA,2004-08-31,2004,8,0
THA,2004-09-30,2004,9,0
THA,2004-10-31,2004,10,0
THA,2004-11-30,2004,11,0
THA,2004-12-31,2004,12,0
THA,2005-01-31,2005,1,0
THA,2005-02-28,2005,2,0
THA,2005-03-31,2005,3,0
THA,2005-04-30,2005,4,0
THA,2005-05-31,2005,5,0
THA,2005-06-30,2005,6,0
THA,2005-07-31,2005,7,0
THA,2005-08-31,2005,8,0
THA,2005-09-30,2005,9,0
THA,2005-10-31,2005,10,0
THA,2005-11-30,2005,11,0
THA,2005-12-31,2005,12,0
THA,2006-01-31,2006,1,0
THA,2006-02-28,2006,2,0
THA,2006-03-31,2006,3,0
THA,2006-04-30,2006,4,0
THA,2006-05-31,2006,5,0
THA,2006-06-30,2006,6,0
THA,2006-07-31,2006,7,0
THA,2006-08-31,2006,8,0
THA,2006-09-30,2006,9,0
THA,2006-10-31,2006,10,0
THA,2006-11-30,2006,11,0
THA,2006-12-31,2006,12,0
THA,2007-01-31,2007,1,0
THA,2007-02-28,2007,2,0
THA,2007-03-31,2007,3,0
THA,2007-04-30,2007,4,0
THA,2007-05-31,2007,5,0
THA,2007-06-30,2007,6,0
THA,2007-07-31,2007,7,0
THA,2007-08-31,2007,8,0
THA,2007-09-30,2007,9,0
THA,2007-10-31,2007,10,0
THA,2007-11-30,2007,11,0
THA,2007-12-31,2007,12,0
THA,2008-01-31,2008,1,0
THA,2008-02-29,2008,2,0
THA,2008-03-31,2008,3,0
THA,2008-04-30,2008,4,0
THA,2008-05-31,2008,5,0
THA,2008-06-30,2008,6,0
THA,2008-07-31,2008,7,0
THA,2008-08-31,2008,8,0
THA,2008-09-30,2008,9,0
THA,2008-10-31,2008,10,0
THA,2008-11-30,2008,11,0
THA,2008-12-31,2008,12,0
THA,2009-01-31,2009,1,0
THA,2009-02-28,2009,2,0
THA,2009-03-31,2009,3,0
THA,2009-04-30,2009,4,0
THA,2009-05-31,2009,5,0
THA,2009-06-30,2009,6,0
THA,2009-07-31,2009,7,0
THA,2009-08-31,2009,8,0
THA,2009-09-30,2009,9,0
THA,2009-10-31,2009,10,0
THA,2009-11-30,2009,11,0
THA,2009-12-31,2009,12,0
THA,2010-01-31,2010,1,0
THA,2010-02-28,2010,2,0
THA,2010-03-31,2010,3,0
THA,2010-04-30,2010,4,0
THA,2010-05-31,2010,5,0
THA,2010-06-30,2010,6,0
THA,2010-07-31,2010,7,0
THA,2010-08-31,2010,8,0
THA,2010-09-30,2010,9,0
THA,2010-10-31,2010,10,0
THA,2010-11-30,2010,11,0
THA,2010-12-31,2010,12,0
THA,2011-01-31,2011,1,0
THA,2011-02-28,2011,2,0
THA,2011-03-31,2011,3,0
THA,2011-04-30,2011,4,0
THA,2011-05-31,2011,5,0
THA,2011-06-30,2011,6,0
THA,2011-07-31,2011,7,0
THA,2011-08-31,2011,8,0
THA,2011-09-30,2011,9,0
THA,2011-10-31,2011,10,0
THA,2011-11-30,2011,11,0
THA,2011-12-31,2011,12,0
THA,2012-01-31,2012,1,0
THA,2012-02-29,2012,2,0
THA,2012-03-31,2012,3,0
THA,2012-04-30,2012,4,0
THA,2012-05-31,2012,5,0
THA,2012-06-30,2012,6,0
THA,2012-07-31,2012,7,0
THA,2012-08-31,2012,8,0
THA,2012-09-30,2012,9,0
THA,2012-10-31,2012,10,0
THA,2012-11-30,2012,11,0
THA,2012-12-31,2012,12,0
THA,2013-01-31,2013,1,0
THA,2013-02-28,2013,2,0
THA,2013-03-31,2013,3,0
THA,2013-04-30,2013,4,0
THA,2013-05-31,2013,5,0
THA,2013-06-30,2013,6,0
THA,2013-07-31,2013,7,0
THA,2013-08-31,2013,8,0
THA,2013-09-30,2013,9,0
THA,2013-10-31,2013,10,0
THA,2013-11-30,2013,11,0
THA,2013-12-31,2013,12,0
THA,2014-01-31,2014,1,0
THA,2014-02-28,2014,2,0
THA,2014-03-31,2014,3,0
THA,2014-04-30,2014,4,0
THA,2014-05-31,2014,5,0
THA,2014-06-30,2014,6,0
THA,2014-07-31,2014,7,0
THA,2014-08-31,2014,8,0
THA,2014-09-30,2014,9,0
THA,2014-10-31,2014,10,0
THA,2014-11-30,2014,11,0
THA,2014-12-31,2014,12,0
THA,2015-01-31,2015,1,0
THA,2015-02-28,2015,2,0
THA,2015-03-31,2015,3,0
THA,2015-04-30,2015,4,0
THA,2015-05-31,2015,5,0
THA,2015-06-30,2015,6,0
THA,2015-07-31,2015,7,0
THA,2015-08-31,2015,8,0
THA,2015-09-30,2015,9,0
THA,2015-10-31,2015,10,0
THA,2015-11-30,2015,11,0
THA,2015-12-31,2015,12,0
THA,2016-01-31,2016,1,0
THA,2016-02-29,2016,2,0
THA,2016-03-31,2016,3,0
THA,2016-04-30,2016,4,0
THA,2016-05-31,2016,5,0
THA,2016-06-30,2016,6,0
THA,2016-07-31,2016,7,0
THA,2016-08-31,2016,8,0
THA,2016-09-30,2016,9,0
THA,2016-10-31,2016,10,0
THA,2016-11-30,2016,11,0
THA,2016-12-31,2016,12,0
TJK,1992-01-31,1992,1,0
TJK,1992-02-29,1992,2,0
TJK,1992-03-31,1992,3,0
TJK,1992-04-30,1992,4,0
TJK,1992-05-31,1992,5,0
TJK,1992-06-30,1992,6,0
TJK,1992-07-31,1992,7,0
TJK,1992-08-31,1992,8,0
TJK,1992-09-30,1992,9,0
TJK,1992-10-31,1992,10,0
TJK,1992-11-30,1992,11,0
TJK,1992-12-31,1992,12,0
TJK,1993-01-31,1993,1,0
TJK,1993-02-28,1993,2,0
TJK,1993-03-31,1993,3,0
TJK,1993-04-30,1993,4,0
TJK,1993-05-31,1993,5,0
TJK,1993-06-30,1993,6,0
TJK,1993-07-31,1993,7,0
TJK,1993-08-31,1993,8,0
TJK,1993-09-30,1993,9,0
TJK,1993-10-31,1993,10,0
TJK,1993-11-30,1993,11,0
TJK,1993-12-31,1993,12,0
TJK,1994-01-31,1994,1,0
TJK,1994-02-28,1994,2,0
TJK,1994-03-31,1994,3,0
TJK,1994-04-30,1994,4,0
TJK,1994-05-31,1994,5,0
TJK,1994-06-30,1994,6,0
TJK,1994-07-31,1994,7,0
TJK,1994-08-31,1994,8,0
TJK,1994-09-30,1994,9,0
TJK,1994-10-31,1994,10,0
TJK,1994-11-30,1994,11,0
TJK,1994-12-31,1994,12,0
TJK,1995-01-31,1995,1,0
TJK,1995-02-28,1995,2,0
TJK,1995-03-31,1995,3,0
TJK,1995-04-30,1995,4,0
TJK,1995-05-31,1995,5,0
TJK,1995-06-30,1995,6,0
TJK,1995-07-31,1995,7,0
TJK,1995-08-31,1995,8,0
TJK,1995-09-30,1995,9,0
TJK,1995-10-31,1995,10,0
TJK,1995-11-30,1995,11,0
TJK,1995-12-31,1995,12,0
TJK,1996-01-31,1996,1,0
TJK,1996-02-29,1996,2,0
TJK,1996-03-31,1996,3,0
TJK,1996-04-30,1996,4,0
TJK,1996-05-31,1996,5,0
TJK,1996-06-30,1996,6,0
TJK,1996-07-31,1996,7,0
TJK,1996-08-31,1996,8,0
TJK,1996-09-30,1996,9,0
TJK,1996-10-31,1996,10,0
TJK,1996-11-30,1996,11,0
TJK,1996-12-31,1996,12,0
TJK,1997-01-31,1997,1,0
TJK,1997-02-28,1997,2,0
TJK,1997-03-31,1997,3,0
TJK,1997-04-30,1997,4,0
TJK,1997-05-31,1997,5,0
TJK,1997-06-30,1997,6,0
TJK,1997-07-31,1997,7,0
TJK,1997-08-31,1997,8,0
TJK,1997-09-30,1997,9,0
TJK,1997-10-31,1997,10,0
TJK,1997-11-30,1997,11,0
TJK,1997-12-31,1997,12,0
TJK,1998-01-31,1998,1,1
TJK,1998-02-28,1998,2,1
TJK,1998-03-31,1998,3,1
TJK,1998-04-30,1998,4,1
TJK,1998-05-31,1998,5,1
TJK,1998-06-30,1998,6,1
TJK,1998-07-31,1998,7,1
TJK,1998-08-31,1998,8,1
TJK,1998-09-30,1998,9,1
TJK,1998-10-31,1998,10,1
TJK,1998-11-30,1998,11,1
TJK,1998-12-31,1998,12,1
TJK,1999-01-31,1999,1,0
TJK,1999-02-28,1999,2,0
TJK,1999-03-31,1999,3,0
TJK,1999-04-30,1999,4,0
TJK,1999-05-31,1999,5,0
TJK,1999-06-30,1999,6,0
TJK,1999-07-31,1999,7,0
TJK,1999-08-31,1999,8,0
TJK,1999-09-30,1999,9,0
TJK,1999-10-31,1999,10,0
TJK,1999-11-30,1999,11,0
TJK,1999-12-31,1999,12,0
TJK,2000-01-31,2000,1,0
TJK,2000-02-29,2000,2,0
TJK,2000-03-31,2000,3,0
TJK,2000-04-30,2000,4,0
TJK,2000-05-31,2000,5,0
TJK,2000-06-30,2000,6,0
TJK,2000-07-31,2000,7,0
TJK,2000-08-31,2000,8,0
TJK,2000-09-30,2000,9,0
TJK,2000-10-31,2000,10,0
TJK,2000-11-30,2000,11,0
TJK,2000-12-31,2000,12,0
TJK,2001-01-31,2001,1,0
TJK,2001-02-28,2001,2,0
TJK,2001-03-31,2001,3,0
TJK,2001-04-30,2001,4,0
TJK,2001-05-31,2001,5,0
TJK,2001-06-30,2001,6,0
TJK,2001-07-31,2001,7,0
TJK,2001-08-31,2001,8,0
TJK,2001-09-30,2001,9,0
TJK,2001-10-31,2001,10,0
TJK,2001-11-30,2001,11,0
TJK,2001-12-31,2001,12,0
TJK,2002-01-31,2002,1,0
TJK,2002-02-28,2002,2,0
TJK,2002-03-31,2002,3,0
TJK,2002-04-30,2002,4,0
TJK,2002-05-31,2002,5,0
TJK,2002-06-30,2002,6,0
TJK,2002-07-31,2002,7,0
TJK,2002-08-31,2002,8,0
TJK,2002-09-30,2002,9,0
TJK,2002-10-31,2002,10,0
TJK,2002-11-30,2002,11,0
TJK,2002-12-31,2002,12,0
TJK,2003-01-31,2003,1,0
TJK,2003-02-28,2003,2,0
TJK,2003-03-31,2003,3,0
TJK,2003-04-30,2003,4,0
TJK,2003-05-31,2003,5,0
TJK,2003-06-30,2003,6,0
TJK,2003-07-31,2003,7,0
TJK,2003-08-31,2003,8,0
TJK,2003-09-30,2003,9,0
TJK,2003-10-31,2003,10,0
TJK,2003-11-30,2003,11,0
TJK,2003-12-31,2003,12,0
TJK,2004-01-31,2004,1,0
TJK,2004-02-29,2004,2,0
TJK,2004-03-31,2004,3,0
TJK,2004-04-30,2004,4,0
TJK,2004-05-31,2004,5,0
TJK,2004-06-30,2004,6,0
TJK,2004-07-31,2004,7,0
TJK,2004-08-31,2004,8,0
TJK,2004-09-30,2004,9,0
TJK,2004-10-31,2004,10,0
TJK,2004-11-30,2004,11,0
TJK,2004-12-31,2004,12,0
TJK,2005-01-31,2005,1,0
TJK,2005-02-28,2005,2,0
TJK,2005-03-31,2005,3,0
TJK,2005-04-30,2005,4,0
TJK,2005-05-31,2005,5,0
TJK,2005-06-30,2005,6,0
TJK,2005-07-31,2005,7,0
TJK,2005-08-31,2005,8,0
TJK,2005-09-30,2005,9,0
TJK,2005-10-31,2005,10,0
TJK,2005-11-30,2005,11,0
TJK,2005-12-31,2005,12,0
TJK,2006-01-31,2006,1,0
TJK,2006-02-28,2006,2,0
TJK,2006-03-31,2006,3,0
TJK,2006-04-30,2006,4,0
TJK,2006-05-31,2006,5,0
TJK,2006-06-30,2006,6,0
TJK,2006-07-31,2006,7,0
TJK,2006-08-31,2006,8,0
TJK,2006-09-30,2006,9,0
TJK,2006-10-31,2006,10,0
TJK,2006-11-30,2006,11,0
TJK,2006-12-31,2006,12,0
TJK,2007-01-31,2007,1,0
TJK,2007-02-28,2007,2,0
TJK,2007-03-31,2007,3,0
TJK,2007-04-30,2007,4,0
TJK,2007-05-31,2007,5,0
TJK,2007-06-30,2007,6,0
TJK,2007-07-31,2007,7,0
TJK,2007-08-31,2007,8,0
TJK,2007-09-30,2007,9,0
TJK,2007-10-31,2007,10,0
TJK,2007-11-30,2007,11,0
TJK,2007-12-31,2007,12,0
TJK,2008-01-31,2008,1,0
TJK,2008-02-29,2008,2,0
TJK,2008-03-31,2008,3,0
TJK,2008-04-30,2008,4,0
TJK,2008-05-31,2008,5,0
TJK,2008-06-30,2008,6,0
TJK,2008-07-31,2008,7,0
TJK,2008-08-31,2008,8,0
TJK,2008-09-30,2008,9,0
TJK,2008-10-31,2008,10,0
TJK,2008-11-30,2008,11,0
TJK,2008-12-31,2008,12,0
TJK,2009-01-31,2009,1,0
TJK,2009-02-28,2009,2,0
TJK,2009-03-31,2009,3,0
TJK,2009-04-30,2009,4,0
TJK,2009-05-31,2009,5,0
TJK,2009-06-30,2009,6,0
TJK,2009-07-31,2009,7,0
TJK,2009-08-31,2009,8,0
TJK,2009-09-30,2009,9,0
TJK,2009-10-31,2009,10,0
TJK,2009-11-30,2009,11,0
TJK,2009-12-31,2009,12,0
TJK,2010-01-31,2010,1,0
TJK,2010-02-28,2010,2,0
TJK,2010-03-31,2010,3,0
TJK,2010-04-30,2010,4,0
TJK,2010-05-31,2010,5,0
TJK,2010-06-30,2010,6,0
TJK,2010-07-31,2010,7,0
TJK,2010-08-31,2010,8,0
TJK,2010-09-30,2010,9,0
TJK,2010-10-31,2010,10,0
TJK,2010-11-30,2010,11,0
TJK,2010-12-31,2010,12,0
TJK,2011-01-31,2011,1,0
TJK,2011-02-28,2011,2,0
TJK,2011-03-31,2011,3,0
TJK,2011-04-30,2011,4,0
TJK,2011-05-31,2011,5,0
TJK,2011-06-30,2011,6,0
TJK,2011-07-31,2011,7,0
TJK,2011-08-31,2011,8,0
TJK,2011-09-30,2011,9,0
TJK,2011-10-31,2011,10,0
TJK,2011-11-30,2011,11,0
TJK,2011-12-31,2011,12,0
TJK,2012-01-31,2012,1,0
TJK,2012-02-29,2012,2,0
TJK,2012-03-31,2012,3,0
TJK,2012-04-30,2012,4,0
TJK,2012-05-31,2012,5,0
TJK,2012-06-30,2012,6,0
TJK,2012-07-31,2012,7,0
TJK,2012-08-31,2012,8,0
TJK,2012-09-30,2012,9,0
TJK,2012-10-31,2012,10,0
TJK,2012-11-30,2012,11,0
TJK,2012-12-31,2012,12,0
TJK,2013-01-31,2013,1,0
TJK,2013-02-28,2013,2,0
TJK,2013-03-31,2013,3,0
TJK,2013-04-30,2013,4,0
TJK,2013-05-31,2013,5,0
TJK,2013-06-30,2013,6,0
TJK,2013-07-31,2013,7,0
TJK,2013-08-31,2013,8,0
TJK,2013-09-30,2013,9,0
TJK,2013-10-31,2013,10,0
TJK,2013-11-30,2013,11,0
TJK,2013-12-31,2013,12,0
TJK,2014-01-31,2014,1,1
TJK,2014-02-28,2014,2,1
TJK,2014-03-31,2014,3,1
TJK,2014-04-30,2014,4,1
TJK,2014-05-31,2014,5,1
TJK,2014-06-30,2014,6,1
TJK,2014-07-31,2014,7,1
TJK,2014-08-31,2014,8,1
TJK,2014-09-30,2014,9,1
TJK,2014-10-31,2014,10,1
TJK,2014-11-30,2014,11,1
TJK,2014-12-31,2014,12,1
TJK,2015-01-31,2015,1,0
TJK,2015-02-28,2015,2,0
TJK,2015-03-31,2015,3,0
TJK,2015-04-30,2015,4,0
TJK,2015-05-31,2015,5,0
TJK,2015-06-30,2015,6,0
TJK,2015-07-31,2015,7,0
TJK,2015-08-31,2015,8,0
TJK,2015-09-30,2015,9,0
TJK,2015-10-31,2015,10,0
TJK,2015-11-30,2015,11,0
TJK,2015-12-31,2015,12,0
TJK,2016-01-31,2016,1,0
TJK,2016-02-29,2016,2,0
TJK,2016-03-31,2016,3,0
TJK,2016-04-30,2016,4,0
TJK,2016-05-31,2016,5,0
TJK,2016-06-30,2016,6,0
TJK,2016-07-31,2016,7,0
TJK,2016-08-31,2016,8,0
TJK,2016-09-30,2016,9,0
TJK,2016-10-31,2016,10,0
TJK,2016-11-30,2016,11,0
TJK,2016-12-31,2016,12,0
TKM,1993-11-30,1993,11,0
TKM,1993-12-31,1993,12,0
TKM,1994-01-31,1994,1,0
TKM,1994-02-28,1994,2,0
TKM,1994-03-31,1994,3,0
TKM,1994-04-30,1994,4,0
TKM,1994-05-31,1994,5,0
TKM,1994-06-30,1994,6,0
TKM,1994-07-31,1994,7,0
TKM,1994-08-31,1994,8,0
TKM,1994-09-30,1994,9,0
TKM,1994-10-31,1994,10,0
TKM,1994-11-30,1994,11,0
TKM,1994-12-31,1994,12,0
TKM,1995-01-31,1995,1,0
TKM,1995-02-28,1995,2,0
TKM,1995-03-31,1995,3,0
TKM,1995-04-30,1995,4,0
TKM,1995-05-31,1995,5,0
TKM,1995-06-30,1995,6,0
TKM,1995-07-31,1995,7,0
TKM,1995-08-31,1995,8,0
TKM,1995-09-30,1995,9,0
TKM,1995-10-31,1995,10,0
TKM,1995-11-30,1995,11,0
TKM,1995-12-31,1995,12,0
TKM,1996-01-31,1996,1,0
TKM,1996-02-29,1996,2,0
TKM,1996-03-31,1996,3,0
TKM,1996-04-30,1996,4,0
TKM,1996-05-31,1996,5,0
TKM,1996-06-30,1996,6,0
TKM,1996-07-31,1996,7,0
TKM,1996-08-31,1996,8,0
TKM,1996-09-30,1996,9,0
TKM,1996-10-31,1996,10,0
TKM,1996-11-30,1996,11,0
TKM,1996-12-31,1996,12,0
TKM,1997-01-31,1997,1,0
TKM,1997-02-28,1997,2,0
TKM,1997-03-31,1997,3,0
TKM,1997-04-30,1997,4,0
TKM,1997-05-31,1997,5,0
TKM,1997-06-30,1997,6,0
TKM,1997-07-31,1997,7,0
TKM,1997-08-31,1997,8,0
TKM,1997-09-30,1997,9,0
TKM,1997-10-31,1997,10,0
TKM,1997-11-30,1997,11,0
TKM,1997-12-31,1997,12,0
TKM,1998-01-31,1998,1,0
TKM,1998-02-28,1998,2,0
TKM,1998-03-31,1998,3,0
TKM,1998-04-30,1998,4,0
TKM,1998-05-31,1998,5,0
TKM,1998-06-30,1998,6,0
TKM,1998-07-31,1998,7,0
TKM,1998-08-31,1998,8,0
TKM,1998-09-30,1998,9,0
TKM,1998-10-31,1998,10,0
TKM,1998-11-30,1998,11,0
TKM,1998-12-31,1998,12,0
TKM,1999-01-31,1999,1,0
TKM,1999-02-28,1999,2,0
TKM,1999-03-31,1999,3,0
TKM,1999-04-30,1999,4,0
TKM,1999-05-31,1999,5,0
TKM,1999-06-30,1999,6,0
TKM,1999-07-31,1999,7,0
TKM,1999-08-31,1999,8,0
TKM,1999-09-30,1999,9,0
TKM,1999-10-31,1999,10,0
TKM,1999-11-30,1999,11,0
TKM,1999-12-31,1999,12,0
TKM,2000-01-31,2000,1,0
TKM,2000-02-29,2000,2,0
TKM,2000-03-31,2000,3,0
TKM,2000-04-30,2000,4,0
TKM,2000-05-31,2000,5,0
TKM,2000-06-30,2000,6,0
TKM,2000-07-31,2000,7,0
TKM,2000-08-31,2000,8,0
TKM,2000-09-30,2000,9,0
TKM,2000-10-31,2000,10,0
TKM,2000-11-30,2000,11,0
TKM,2000-12-31,2000,12,0
TKM,2001-01-31,2001,1,0
TKM,2001-02-28,2001,2,0
TKM,2001-03-31,2001,3,0
TKM,2001-04-30,2001,4,0
TKM,2001-05-31,2001,5,0
TKM,2001-06-30,2001,6,0
TKM,2001-07-31,2001,7,0
TKM,2001-08-31,2001,8,0
TKM,2001-09-30,2001,9,0
TKM,2001-10-31,2001,10,0
TKM,2001-11-30,2001,11,0
TKM,2001-12-31,2001,12,0
TTO,1990-01-31,1990,1,0
TTO,1990-02-28,1990,2,0
TTO,1990-03-31,1990,3,0
TTO,1990-04-30,1990,4,0
TTO,1990-05-31,1990,5,0
TTO,1990-06-30,1990,6,0
TTO,1990-07-31,1990,7,0
TTO,1990-08-31,1990,8,0
TTO,1990-09-30,1990,9,0
TTO,1990-10-31,1990,10,0
TTO,1990-11-30,1990,11,0
TTO,1990-12-31,1990,12,0
TTO,1991-01-31,1991,1,0
TTO,1991-02-28,1991,2,0
TTO,1991-03-31,1991,3,0
TTO,1991-04-30,1991,4,0
TTO,1991-05-31,1991,5,0
TTO,1991-06-30,1991,6,0
TTO,1991-07-31,1991,7,0
TTO,1991-08-31,1991,8,0
TTO,1991-09-30,1991,9,0
TTO,1991-10-31,1991,10,0
TTO,1991-11-30,1991,11,0
TTO,1991-12-31,1991,12,0
TTO,1992-01-31,1992,1,0
TTO,1992-02-29,1992,2,0
TTO,1992-03-31,1992,3,0
TTO,1992-04-30,1992,4,0
TTO,1992-05-31,1992,5,0
TTO,1992-06-30,1992,6,0
TTO,1992-07-31,1992,7,0
TTO,1992-08-31,1992,8,0
TTO,1992-09-30,1992,9,0
TTO,1992-10-31,1992,10,0
TTO,1992-11-30,1992,11,0
TTO,1992-12-31,1992,12,0
TTO,1993-01-31,1993,1,0
TTO,1993-02-28,1993,2,0
TTO,1993-03-31,1993,3,0
TTO,1993-04-30,1993,4,0
TTO,1993-05-31,1993,5,0
TTO,1993-06-30,1993,6,0
TTO,1993-07-31,1993,7,0
TTO,1993-08-31,1993,8,0
TTO,1993-09-30,1993,9,0
TTO,1993-10-31,1993,10,0
TTO,1993-11-30,1993,11,0
TTO,1993-12-31,1993,12,0
TTO,1994-01-31,1994,1,0
TTO,1994-02-28,1994,2,0
TTO,1994-03-31,1994,3,0
TTO,1994-04-30,1994,4,0
TTO,1994-05-31,1994,5,0
TTO,1994-06-30,1994,6,0
TTO,1994-07-31,1994,7,0
TTO,1994-08-31,1994,8,0
TTO,1994-09-30,1994,9,0
TTO,1994-10-31,1994,10,0
TTO,1994-11-30,1994,11,0
TTO,1994-12-31,1994,12,0
TTO,1995-01-31,1995,1,0
TTO,1995-02-28,1995,2,0
TTO,1995-03-31,1995,3,0
TTO,1995-04-30,1995,4,0
TTO,1995-05-31,1995,5,0
TTO,1995-06-30,1995,6,0
TTO,1995-07-31,1995,7,0
TTO,1995-08-31,1995,8,0
TTO,1995-09-30,1995,9,0
TTO,1995-10-31,1995,10,0
TTO,1995-11-30,1995,11,0
TTO,1995-12-31,1995,12,0
TTO,1996-01-31,1996,1,0
TTO,1996-02-29,1996,2,0
TTO,1996-03-31,1996,3,0
TTO,1996-04-30,1996,4,0
TTO,1996-05-31,1996,5,0
TTO,1996-06-30,1996,6,0
TTO,1996-07-31,1996,7,0
TTO,1996-08-31,1996,8,0
TTO,1996-09-30,1996,9,0
TTO,1996-10-31,1996,10,0
TTO,1996-11-30,1996,11,0
TTO,1996-12-31,1996,12,0
TTO,1997-01-31,1997,1,0
TTO,1997-02-28,1997,2,0
TTO,1997-03-31,1997,3,0
TTO,1997-04-30,1997,4,0
TTO,1997-05-31,1997,5,0
TTO,1997-06-30,1997,6,0
TTO,1997-07-31,1997,7,0
TTO,1997-08-31,1997,8,0
TTO,1997-09-30,1997,9,0
TTO,1997-10-31,1997,10,0
TTO,1997-11-30,1997,11,0
TTO,1997-12-31,1997,12,0
TTO,1998-01-31,1998,1,0
TTO,1998-02-28,1998,2,0
TTO,1998-03-31,1998,3,0
TTO,1998-04-30,1998,4,0
TTO,1998-05-31,1998,5,0
TTO,1998-06-30,1998,6,0
TTO,1998-07-31,1998,7,0
TTO,1998-08-31,1998,8,0
TTO,1998-09-30,1998,9,0
TTO,1998-10-31,1998,10,0
TTO,1998-11-30,1998,11,0
TTO,1998-12-31,1998,12,0
TTO,1999-01-31,1999,1,0
TTO,1999-02-28,1999,2,0
TTO,1999-03-31,1999,3,0
TTO,1999-04-30,1999,4,0
TTO,1999-05-31,1999,5,0
TTO,1999-06-30,1999,6,0
TTO,1999-07-31,1999,7,0
TTO,1999-08-31,1999,8,0
TTO,1999-09-30,1999,9,0
TTO,1999-10-31,1999,10,0
TTO,1999-11-30,1999,11,0
TTO,1999-12-31,1999,12,0
TTO,2000-01-31,2000,1,0
TTO,2000-02-29,2000,2,0
TTO,2000-03-31,2000,3,0
TTO,2000-04-30,2000,4,0
TTO,2000-05-31,2000,5,0
TTO,2000-06-30,2000,6,0
TTO,2000-07-31,2000,7,0
TTO,2000-08-31,2000,8,0
TTO,2000-09-30,2000,9,0
TTO,2000-10-31,2000,10,0
TTO,2000-11-30,2000,11,0
TTO,2000-12-31,2000,12,0
TTO,2001-01-31,2001,1,0
TTO,2001-02-28,2001,2,0
TTO,2001-03-31,2001,3,0
TTO,2001-04-30,2001,4,0
TTO,2001-05-31,2001,5,0
TTO,2001-06-30,2001,6,0
TTO,2001-07-31,2001,7,0
TTO,2001-08-31,2001,8,0
TTO,2001-09-30,2001,9,0
TTO,2001-10-31,2001,10,0
TTO,2001-11-30,2001,11,0
TTO,2001-12-31,2001,12,0
TTO,2002-01-31,2002,1,0
TTO,2002-02-28,2002,2,0
TTO,2002-03-31,2002,3,0
TTO,2002-04-30,2002,4,0
TTO,2002-05-31,2002,5,0
TTO,2002-06-30,2002,6,0
TTO,2002-07-31,2002,7,0
TTO,2002-08-31,2002,8,0
TTO,2002-09-30,2002,9,0
TTO,2002-10-31,2002,10,0
TTO,2002-11-30,2002,11,0
TTO,2002-12-31,2002,12,0
TTO,2003-01-31,2003,1,0
TTO,2003-02-28,2003,2,0
TTO,2003-03-31,2003,3,0
TTO,2003-04-30,2003,4,0
TTO,2003-05-31,2003,5,0
TTO,2003-06-30,2003,6,0
TTO,2003-07-31,2003,7,0
TTO,2003-08-31,2003,8,0
TTO,2003-09-30,2003,9,0
TTO,2003-10-31,2003,10,0
TTO,2003-11-30,2003,11,0
TTO,2003-12-31,2003,12,0
TTO,2004-01-31,2004,1,0
TTO,2004-02-29,2004,2,0
TTO,2004-03-31,2004,3,0
TTO,2004-04-30,2004,4,0
TTO,2004-05-31,2004,5,0
TTO,2004-06-30,2004,6,0
TTO,2004-07-31,2004,7,0
TTO,2004-08-31,2004,8,0
TTO,2004-09-30,2004,9,0
TTO,2004-10-31,2004,10,0
TTO,2004-11-30,2004,11,0
TTO,2004-12-31,2004,12,0
TTO,2005-01-31,2005,1,0
TTO,2005-02-28,2005,2,0
TTO,2005-03-31,2005,3,0
TTO,2005-04-30,2005,4,0
TTO,2005-05-31,2005,5,0
TTO,2005-06-30,2005,6,0
TTO,2005-07-31,2005,7,0
TTO,2005-08-31,2005,8,0
TTO,2005-09-30,2005,9,0
TTO,2005-10-31,2005,10,0
TTO,2005-11-30,2005,11,0
TTO,2005-12-31,2005,12,0
TTO,2006-01-31,2006,1,0
TTO,2006-02-28,2006,2,0
TTO,2006-03-31,2006,3,0
TTO,2006-04-30,2006,4,0
TTO,2006-05-31,2006,5,0
TTO,2006-06-30,2006,6,0
TTO,2006-07-31,2006,7,0
TTO,2006-08-31,2006,8,0
TTO,2006-09-30,2006,9,0
TTO,2006-10-31,2006,10,0
TTO,2006-11-30,2006,11,0
TTO,2006-12-31,2006,12,0
TTO,2007-01-31,2007,1,0
TTO,2007-02-28,2007,2,0
TTO,2007-03-31,2007,3,0
TTO,2007-04-30,2007,4,0
TTO,2007-05-31,2007,5,0
TTO,2007-06-30,2007,6,0
TTO,2007-07-31,2007,7,0
TTO,2007-08-31,2007,8,0
TTO,2007-09-30,2007,9,0
TTO,2007-10-31,2007,10,0
TTO,2007-11-30,2007,11,0
TTO,2007-12-31,2007,12,0
TTO,2008-01-31,2008,1,0
TTO,2008-02-29,2008,2,0
TTO,2008-03-31,2008,3,0
TTO,2008-04-30,2008,4,0
TTO,2008-05-31,2008,5,0
TTO,2008-06-30,2008,6,0
TTO,2008-07-31,2008,7,0
TTO,2008-08-31,2008,8,0
TTO,2008-09-30,2008,9,0
TTO,2008-10-31,2008,10,0
TTO,2008-11-30,2008,11,0
TTO,2008-12-31,2008,12,0
TTO,2009-01-31,2009,1,0
TTO,2009-02-28,2009,2,0
TTO,2009-03-31,2009,3,0
TTO,2009-04-30,2009,4,0
TTO,2009-05-31,2009,5,0
TTO,2009-06-30,2009,6,0
TTO,2009-07-31,2009,7,0
TTO,2009-08-31,2009,8,0
TTO,2009-09-30,2009,9,0
TTO,2009-10-31,2009,10,0
TTO,2009-11-30,2009,11,0
TTO,2009-12-31,2009,12,0
TTO,2010-01-31,2010,1,0
TTO,2010-02-28,2010,2,0
TTO,2010-03-31,2010,3,0
TTO,2010-04-30,2010,4,0
TTO,2010-05-31,2010,5,0
TTO,2010-06-30,2010,6,0
TTO,2010-07-31,2010,7,0
TTO,2010-08-31,2010,8,0
TTO,2010-09-30,2010,9,0
TTO,2010-10-31,2010,10,0
TTO,2010-11-30,2010,11,0
TTO,2010-12-31,2010,12,0
TTO,2011-01-31,2011,1,0
TTO,2011-02-28,2011,2,0
TTO,2011-03-31,2011,3,0
TTO,2011-04-30,2011,4,0
TTO,2011-05-31,2011,5,0
TTO,2011-06-30,2011,6,0
TTO,2011-07-31,2011,7,0
TTO,2011-08-31,2011,8,0
TTO,2011-09-30,2011,9,0
TTO,2011-10-31,2011,10,0
TTO,2011-11-30,2011,11,0
TTO,2011-12-31,2011,12,0
TTO,2012-01-31,2012,1,0
TTO,2012-02-29,2012,2,0
TTO,2012-03-31,2012,3,0
TTO,2012-04-30,2012,4,0
TTO,2012-05-31,2012,5,0
TTO,2012-06-30,2012,6,0
TTO,2012-07-31,2012,7,0
TTO,2012-08-31,2012,8,0
TTO,2012-09-30,2012,9,0
TTO,2012-10-31,2012,10,0
TTO,2012-11-30,2012,11,0
TTO,2012-12-31,2012,12,0
TTO,2013-01-31,2013,1,0
TTO,2013-02-28,2013,2,0
TTO,2013-03-31,2013,3,0
TTO,2013-04-30,2013,4,0
TTO,2013-05-31,2013,5,0
TTO,2013-06-30,2013,6,0
TTO,2013-07-31,2013,7,0
TTO,2013-08-31,2013,8,0
TTO,2013-09-30,2013,9,0
TTO,2013-10-31,2013,10,0
TTO,2013-11-30,2013,11,0
TTO,2013-12-31,2013,12,0
TTO,2014-01-31,2014,1,0
TTO,2014-02-28,2014,2,0
TTO,2014-03-31,2014,3,0
TTO,2014-04-30,2014,4,0
TTO,2014-05-31,2014,5,0
TTO,2014-06-30,2014,6,0
TTO,2014-07-31,2014,7,0
TTO,2014-08-31,2014,8,0
TTO,2014-09-30,2014,9,0
TTO,2014-10-31,2014,10,0
TTO,2014-11-30,2014,11,0
TTO,2014-12-31,2014,12,0
TTO,2015-01-31,2015,1,0
TTO,2015-02-28,2015,2,0
TTO,2015-03-31,2015,3,0
TTO,2015-04-30,2015,4,0
TTO,2015-05-31,2015,5,0
TTO,2015-06-30,2015,6,0
TTO,2015-07-31,2015,7,0
TTO,2015-08-31,2015,8,0
TTO,2015-09-30,2015,9,0
TTO,2015-10-31,2015,10,0
TTO,2015-11-30,2015,11,0
TTO,2015-12-31,2015,12,0
TTO,2016-01-31,2016,1,0
TTO,2016-02-29,2016,2,0
TTO,2016-03-31,2016,3,0
TTO,2016-04-30,2016,4,0
TTO,2016-05-31,2016,5,0
TTO,2016-06-30,2016,6,0
TTO,2016-07-31,2016,7,0
TTO,2016-08-31,2016,8,0
TTO,2016-09-30,2016,9,0
TTO,2016-10-31,2016,10,0
TTO,2016-11-30,2016,11,0
TTO,2016-12-31,2016,12,0
TUR,1990-01-31,1990,1,1
TUR,1990-02-28,1990,2,1
TUR,1990-03-31,1990,3,1
TUR,1990-04-30,1990,4,1
TUR,1990-05-31,1990,5,1
TUR,1990-06-30,1990,6,1
TUR,1990-07-31,1990,7,1
TUR,1990-08-31,1990,8,1
TUR,1990-09-30,1990,9,1
TUR,1990-10-31,1990,10,1
TUR,1990-11-30,1990,11,1
TUR,1990-12-31,1990,12,1
TUR,1991-01-31,1991,1,0
TUR,1991-02-28,1991,2,0
TUR,1991-03-31,1991,3,0
TUR,1991-04-30,1991,4,0
TUR,1991-05-31,1991,5,0
TUR,1991-06-30,1991,6,0
TUR,1991-07-31,1991,7,0
TUR,1991-08-31,1991,8,0
TUR,1991-09-30,1991,9,0
TUR,1991-10-31,1991,10,0
TUR,1991-11-30,1991,11,0
TUR,1991-12-31,1991,12,0
TUR,1992-01-31,1992,1,0
TUR,1992-02-29,1992,2,0
TUR,1992-03-31,1992,3,0
TUR,1992-04-30,1992,4,0
TUR,1992-05-31,1992,5,0
TUR,1992-06-30,1992,6,0
TUR,1992-07-31,1992,7,0
TUR,1992-08-31,1992,8,0
TUR,1992-09-30,1992,9,0
TUR,1992-10-31,1992,10,0
TUR,1992-11-30,1992,11,0
TUR,1992-12-31,1992,12,0
TUR,1993-01-31,1993,1,0
TUR,1993-02-28,1993,2,0
TUR,1993-03-31,1993,3,0
TUR,1993-04-30,1993,4,0
TUR,1993-05-31,1993,5,0
TUR,1993-06-30,1993,6,0
TUR,1993-07-31,1993,7,0
TUR,1993-08-31,1993,8,0
TUR,1993-09-30,1993,9,0
TUR,1993-10-31,1993,10,0
TUR,1993-11-30,1993,11,0
TUR,1993-12-31,1993,12,0
TUR,1994-01-31,1994,1,0
TUR,1994-02-28,1994,2,0
TUR,1994-03-31,1994,3,0
TUR,1994-04-30,1994,4,0
TUR,1994-05-31,1994,5,0
TUR,1994-06-30,1994,6,0
TUR,1994-07-31,1994,7,0
TUR,1994-08-31,1994,8,0
TUR,1994-09-30,1994,9,0
TUR,1994-10-31,1994,10,0
TUR,1994-11-30,1994,11,0
TUR,1994-12-31,1994,12,0
TUR,1995-01-31,1995,1,1
TUR,1995-02-28,1995,2,1
TUR,1995-03-31,1995,3,1
TUR,1995-04-30,1995,4,1
TUR,1995-05-31,1995,5,1
TUR,1995-06-30,1995,6,1
TUR,1995-07-31,1995,7,1
TUR,1995-08-31,1995,8,1
TUR,1995-09-30,1995,9,1
TUR,1995-10-31,1995,10,1
TUR,1995-11-30,1995,11,1
TUR,1995-12-31,1995,12,1
TUR,1996-01-31,1996,1,0
TUR,1996-02-29,1996,2,0
TUR,1996-03-31,1996,3,0
TUR,1996-04-30,1996,4,0
TUR,1996-05-31,1996,5,0
TUR,1996-06-30,1996,6,0
TUR,1996-07-31,1996,7,0
TUR,1996-08-31,1996,8,0
TUR,1996-09-30,1996,9,0
TUR,1996-10-31,1996,10,0
TUR,1996-11-30,1996,11,0
TUR,1996-12-31,1996,12,0
TUR,1997-01-31,1997,1,0
TUR,1997-02-28,1997,2,0
TUR,1997-03-31,1997,3,0
TUR,1997-04-30,1997,4,0
TUR,1997-05-31,1997,5,0
TUR,1997-06-30,1997,6,0
TUR,1997-07-31,1997,7,0
TUR,1997-08-31,1997,8,0
TUR,1997-09-30,1997,9,0
TUR,1997-10-31,1997,10,0
TUR,1997-11-30,1997,11,0
TUR,1997-12-31,1997,12,0
TUR,1998-01-31,1998,1,0
TUR,1998-02-28,1998,2,0
TUR,1998-03-31,1998,3,0
TUR,1998-04-30,1998,4,0
TUR,1998-05-31,1998,5,0
TUR,1998-06-30,1998,6,0
TUR,1998-07-31,1998,7,0
TUR,1998-08-31,1998,8,0
TUR,1998-09-30,1998,9,0
TUR,1998-10-31,1998,10,0
TUR,1998-11-30,1998,11,0
TUR,1998-12-31,1998,12,0
TUR,1999-01-31,1999,1,0
TUR,1999-02-28,1999,2,0
TUR,1999-03-31,1999,3,0
TUR,1999-04-30,1999,4,0
TUR,1999-05-31,1999,5,0
TUR,1999-06-30,1999,6,0
TUR,1999-07-31,1999,7,0
TUR,1999-08-31,1999,8,0
TUR,1999-09-30,1999,9,0
TUR,1999-10-31,1999,10,0
TUR,1999-11-30,1999,11,0
TUR,1999-12-31,1999,12,0
TUR,2000-01-31,2000,1,1
TUR,2000-02-29,2000,2,1
TUR,2000-03-31,2000,3,1
TUR,2000-04-30,2000,4,1
TUR,2000-05-31,2000,5,1
TUR,2000-06-30,2000,6,1
TUR,2000-07-31,2000,7,1
TUR,2000-08-31,2000,8,1
TUR,2000-09-30,2000,9,1
TUR,2000-10-31,2000,10,1
TUR,2000-11-30,2000,11,1
TUR,2000-12-31,2000,12,1
TUR,2001-01-31,2001,1,0
TUR,2001-02-28,2001,2,0
TUR,2001-03-31,2001,3,0
TUR,2001-04-30,2001,4,0
TUR,2001-05-31,2001,5,0
TUR,2001-06-30,2001,6,0
TUR,2001-07-31,2001,7,0
TUR,2001-08-31,2001,8,0
TUR,2001-09-30,2001,9,0
TUR,2001-10-31,2001,10,0
TUR,2001-11-30,2001,11,0
TUR,2001-12-31,2001,12,0
TUR,2002-01-31,2002,1,0
TUR,2002-02-28,2002,2,0
TUR,2002-03-31,2002,3,0
TUR,2002-04-30,2002,4,0
TUR,2002-05-31,2002,5,0
TUR,2002-06-30,2002,6,0
TUR,2002-07-31,2002,7,0
TUR,2002-08-31,2002,8,0
TUR,2002-09-30,2002,9,0
TUR,2002-10-31,2002,10,0
TUR,2002-11-30,2002,11,0
TUR,2002-12-31,2002,12,0
TUR,2003-01-31,2003,1,0
TUR,2003-02-28,2003,2,0
TUR,2003-03-31,2003,3,0
TUR,2003-04-30,2003,4,0
TUR,2003-05-31,2003,5,0
TUR,2003-06-30,2003,6,0
TUR,2003-07-31,2003,7,0
TUR,2003-08-31,2003,8,0
TUR,2003-09-30,2003,9,0
TUR,2003-10-31,2003,10,0
TUR,2003-11-30,2003,11,0
TUR,2003-12-31,2003,12,0
TUR,2004-01-31,2004,1,0
TUR,2004-02-29,2004,2,0
TUR,2004-03-31,2004,3,0
TUR,2004-04-30,2004,4,0
TUR,2004-05-31,2004,5,0
TUR,2004-06-30,2004,6,0
TUR,2004-07-31,2004,7,0
TUR,2004-08-31,2004,8,0
TUR,2004-09-30,2004,9,0
TUR,2004-10-31,2004,10,0
TUR,2004-11-30,2004,11,0
TUR,2004-12-31,2004,12,0
TUR,2005-01-31,2005,1,0
TUR,2005-02-28,2005,2,0
TUR,2005-03-31,2005,3,0
TUR,2005-04-30,2005,4,0
TUR,2005-05-31,2005,5,0
TUR,2005-06-30,2005,6,0
TUR,2005-07-31,2005,7,0
TUR,2005-08-31,2005,8,0
TUR,2005-09-30,2005,9,0
TUR,2005-10-31,2005,10,0
TUR,2005-11-30,2005,11,0
TUR,2005-12-31,2005,12,0
TUR,2006-01-31,2006,1,0
TUR,2006-02-28,2006,2,0
TUR,2006-03-31,2006,3,0
TUR,2006-04-30,2006,4,0
TUR,2006-05-31,2006,5,0
TUR,2006-06-30,2006,6,0
TUR,2006-07-31,2006,7,0
TUR,2006-08-31,2006,8,0
TUR,2006-09-30,2006,9,0
TUR,2006-10-31,2006,10,0
TUR,2006-11-30,2006,11,0
TUR,2006-12-31,2006,12,0
TUR,2007-01-31,2007,1,0
TUR,2007-02-28,2007,2,0
TUR,2007-03-31,2007,3,0
TUR,2007-04-30,2007,4,0
TUR,2007-05-31,2007,5,0
TUR,2007-06-30,2007,6,0
TUR,2007-07-31,2007,7,0
TUR,2007-08-31,2007,8,0
TUR,2007-09-30,2007,9,0
TUR,2007-10-31,2007,10,0
TUR,2007-11-30,2007,11,0
TUR,2007-12-31,2007,12,0
TUR,2008-01-31,2008,1,0
TUR,2008-02-29,2008,2,0
TUR,2008-03-31,2008,3,0
TUR,2008-04-30,2008,4,0
TUR,2008-05-31,2008,5,0
TUR,2008-06-30,2008,6,0
TUR,2008-07-31,2008,7,0
TUR,2008-08-31,2008,8,0
TUR,2008-09-30,2008,9,0
TUR,2008-10-31,2008,10,0
TUR,2008-11-30,2008,11,0
TUR,2008-12-31,2008,12,0
TUR,2009-01-31,2009,1,0
TUR,2009-02-28,2009,2,0
TUR,2009-03-31,2009,3,0
TUR,2009-04-30,2009,4,0
TUR,2009-05-31,2009,5,0
TUR,2009-06-30,2009,6,0
TUR,2009-07-31,2009,7,0
TUR,2009-08-31,2009,8,0
TUR,2009-09-30,2009,9,0
TUR,2009-10-31,2009,10,0
TUR,2009-11-30,2009,11,0
TUR,2009-12-31,2009,12,0
TUR,2010-01-31,2010,1,0
TUR,2010-02-28,2010,2,0
TUR,2010-03-31,2010,3,0
TUR,2010-04-30,2010,4,0
TUR,2010-05-31,2010,5,0
TUR,2010-06-30,2010,6,0
TUR,2010-07-31,2010,7,0
TUR,2010-08-31,2010,8,0
TUR,2010-09-30,2010,9,0
TUR,2010-10-31,2010,10,0
TUR,2010-11-30,2010,11,0
TUR,2010-12-31,2010,12,0
TUR,2011-01-31,2011,1,0
TUR,2011-02-28,2011,2,0
TUR,2011-03-31,2011,3,0
TUR,2011-04-30,2011,4,0
TUR,2011-05-31,2011,5,0
TUR,2011-06-30,2011,6,0
TUR,2011-07-31,2011,7,0
TUR,2011-08-31,2011,8,0
TUR,2011-09-30,2011,9,0
TUR,2011-10-31,2011,10,0
TUR,2011-11-30,2011,11,0
TUR,2011-12-31,2011,12,0
TUR,2012-01-31,2012,1,0
TUR,2012-02-29,2012,2,0
TUR,2012-03-31,2012,3,0
TUR,2012-04-30,2012,4,0
TUR,2012-05-31,2012,5,0
TUR,2012-06-30,2012,6,0
TUR,2012-07-31,2012,7,0
TUR,2012-08-31,2012,8,0
TUR,2012-09-30,2012,9,0
TUR,2012-10-31,2012,10,0
TUR,2012-11-30,2012,11,0
TUR,2012-12-31,2012,12,0
TUR,2013-01-31,2013,1,0
TUR,2013-02-28,2013,2,0
TUR,2013-03-31,2013,3,0
TUR,2013-04-30,2013,4,0
TUR,2013-05-31,2013,5,0
TUR,2013-06-30,2013,6,0
TUR,2013-07-31,2013,7,0
TUR,2013-08-31,2013,8,0
TUR,2013-09-30,2013,9,0
TUR,2013-10-31,2013,10,0
TUR,2013-11-30,2013,11,0
TUR,2013-12-31,2013,12,0
TUR,2014-01-31,2014,1,0
TUR,2014-02-28,2014,2,0
TUR,2014-03-31,2014,3,0
TUR,2014-04-30,2014,4,0
TUR,2014-05-31,2014,5,0
TUR,2014-06-30,2014,6,0
TUR,2014-07-31,2014,7,0
TUR,2014-08-31,2014,8,0
TUR,2014-09-30,2014,9,0
TUR,2014-10-31,2014,10,0
TUR,2014-11-30,2014,11,0
TUR,2014-12-31,2014,12,0
TUR,2015-01-31,2015,1,0
TUR,2015-02-28,2015,2,0
TUR,2015-03-31,2015,3,0
TUR,2015-04-30,2015,4,0
TUR,2015-05-31,2015,5,0
TUR,2015-06-30,2015,6,0
TUR,2015-07-31,2015,7,0
TUR,2015-08-31,2015,8,0
TUR,2015-09-30,2015,9,0
TUR,2015-10-31,2015,10,0
TUR,2015-11-30,2015,11,0
TUR,2015-12-31,2015,12,0
TUR,2016-01-31,2016,1,0
TUR,2016-02-29,2016,2,0
TUR,2016-03-31,2016,3,0
TUR,2016-04-30,2016,4,0
TUR,2016-05-31,2016,5,0
TUR,2016-06-30,2016,6,0
TUR,2016-07-31,2016,7,0
TUR,2016-08-31,2016,8,0
TUR,2016-09-30,2016,9,0
TUR,2016-10-31,2016,10,0
TUR,2016-11-30,2016,11,0
TUR,2016-12-31,2016,12,0
TZA,1990-01-31,1990,1,0
TZA,1990-02-28,1990,2,0
TZA,1990-03-31,1990,3,0
TZA,1990-04-30,1990,4,0
TZA,1990-05-31,1990,5,0
TZA,1990-06-30,1990,6,0
TZA,1990-07-31,1990,7,0
TZA,1990-08-31,1990,8,0
TZA,1990-09-30,1990,9,0
TZA,1990-10-31,1990,10,0
TZA,1990-11-30,1990,11,0
TZA,1990-12-31,1990,12,0
TZA,1991-01-31,1991,1,0
TZA,1991-02-28,1991,2,0
TZA,1991-03-31,1991,3,0
TZA,1991-04-30,1991,4,0
TZA,1991-05-31,1991,5,0
TZA,1991-06-30,1991,6,0
TZA,1991-07-31,1991,7,0
TZA,1991-08-31,1991,8,0
TZA,1991-09-30,1991,9,0
TZA,1991-10-31,1991,10,0
TZA,1991-11-30,1991,11,0
TZA,1991-12-31,1991,12,0
TZA,1992-01-31,1992,1,0
TZA,1992-02-29,1992,2,0
TZA,1992-03-31,1992,3,0
TZA,1992-04-30,1992,4,0
TZA,1992-05-31,1992,5,0
TZA,1992-06-30,1992,6,0
TZA,1992-07-31,1992,7,0
TZA,1992-08-31,1992,8,0
TZA,1992-09-30,1992,9,0
TZA,1992-10-31,1992,10,0
TZA,1992-11-30,1992,11,0
TZA,1992-12-31,1992,12,0
TZA,1993-01-31,1993,1,0
TZA,1993-02-28,1993,2,0
TZA,1993-03-31,1993,3,0
TZA,1993-04-30,1993,4,0
TZA,1993-05-31,1993,5,0
TZA,1993-06-30,1993,6,0
TZA,1993-07-31,1993,7,0
TZA,1993-08-31,1993,8,0
TZA,1993-09-30,1993,9,0
TZA,1993-10-31,1993,10,0
TZA,1993-11-30,1993,11,0
TZA,1993-12-31,1993,12,0
TZA,1994-01-31,1994,1,0
TZA,1994-02-28,1994,2,0
TZA,1994-03-31,1994,3,0
TZA,1994-04-30,1994,4,0
TZA,1994-05-31,1994,5,0
TZA,1994-06-30,1994,6,0
TZA,1994-07-31,1994,7,0
TZA,1994-08-31,1994,8,0
TZA,1994-09-30,1994,9,0
TZA,1994-10-31,1994,10,0
TZA,1994-11-30,1994,11,0
TZA,1994-12-31,1994,12,0
TZA,1995-01-31,1995,1,0
TZA,1995-02-28,1995,2,0
TZA,1995-03-31,1995,3,0
TZA,1995-04-30,1995,4,0
TZA,1995-05-31,1995,5,0
TZA,1995-06-30,1995,6,0
TZA,1995-07-31,1995,7,0
TZA,1995-08-31,1995,8,0
TZA,1995-09-30,1995,9,0
TZA,1995-10-31,1995,10,0
TZA,1995-11-30,1995,11,0
TZA,1995-12-31,1995,12,0
TZA,1996-01-31,1996,1,0
TZA,1996-02-29,1996,2,0
TZA,1996-03-31,1996,3,0
TZA,1996-04-30,1996,4,0
TZA,1996-05-31,1996,5,0
TZA,1996-06-30,1996,6,0
TZA,1996-07-31,1996,7,0
TZA,1996-08-31,1996,8,0
TZA,1996-09-30,1996,9,0
TZA,1996-10-31,1996,10,0
TZA,1996-11-30,1996,11,0
TZA,1996-12-31,1996,12,0
TZA,1997-01-31,1997,1,0
TZA,1997-02-28,1997,2,0
TZA,1997-03-31,1997,3,0
TZA,1997-04-30,1997,4,0
TZA,1997-05-31,1997,5,0
TZA,1997-06-30,1997,6,0
TZA,1997-07-31,1997,7,0
TZA,1997-08-31,1997,8,0
TZA,1997-09-30,1997,9,0
TZA,1997-10-31,1997,10,0
TZA,1997-11-30,1997,11,0
TZA,1997-12-31,1997,12,0
TZA,1998-01-31,1998,1,0
TZA,1998-02-28,1998,2,0
TZA,1998-03-31,1998,3,0
TZA,1998-04-30,1998,4,0
TZA,1998-05-31,1998,5,0
TZA,1998-06-30,1998,6,0
TZA,1998-07-31,1998,7,0
TZA,1998-08-31,1998,8,0
TZA,1998-09-30,1998,9,0
TZA,1998-10-31,1998,10,0
TZA,1998-11-30,1998,11,0
TZA,1998-12-31,1998,12,0
TZA,1999-01-31,1999,1,0
TZA,1999-02-28,1999,2,0
TZA,1999-03-31,1999,3,0
TZA,1999-04-30,1999,4,0
TZA,1999-05-31,1999,5,0
TZA,1999-06-30,1999,6,0
TZA,1999-07-31,1999,7,0
TZA,1999-08-31,1999,8,0
TZA,1999-09-30,1999,9,0
TZA,1999-10-31,1999,10,0
TZA,1999-11-30,1999,11,0
TZA,1999-12-31,1999,12,0
TZA,2000-01-31,2000,1,0
TZA,2000-02-29,2000,2,0
TZA,2000-03-31,2000,3,0
TZA,2000-04-30,2000,4,0
TZA,2000-05-31,2000,5,0
TZA,2000-06-30,2000,6,0
TZA,2000-07-31,2000,7,0
TZA,2000-08-31,2000,8,0
TZA,2000-09-30,2000,9,0
TZA,2000-10-31,2000,10,0
TZA,2000-11-30,2000,11,0
TZA,2000-12-31,2000,12,0
TZA,2001-01-31,2001,1,0
TZA,2001-02-28,2001,2,0
TZA,2001-03-31,2001,3,0
TZA,2001-04-30,2001,4,0
TZA,2001-05-31,2001,5,0
TZA,2001-06-30,2001,6,0
TZA,2001-07-31,2001,7,0
TZA,2001-08-31,2001,8,0
TZA,2001-09-30,2001,9,0
TZA,2001-10-31,2001,10,0
TZA,2001-11-30,2001,11,0
TZA,2001-12-31,2001,12,0
TZA,2002-01-31,2002,1,0
TZA,2002-02-28,2002,2,0
TZA,2002-03-31,2002,3,0
TZA,2002-04-30,2002,4,0
TZA,2002-05-31,2002,5,0
TZA,2002-06-30,2002,6,0
TZA,2002-07-31,2002,7,0
TZA,2002-08-31,2002,8,0
TZA,2002-09-30,2002,9,0
TZA,2002-10-31,2002,10,0
TZA,2002-11-30,2002,11,0
TZA,2002-12-31,2002,12,0
TZA,2003-01-31,2003,1,0
TZA,2003-02-28,2003,2,0
TZA,2003-03-31,2003,3,0
TZA,2003-04-30,2003,4,0
TZA,2003-05-31,2003,5,0
TZA,2003-06-30,2003,6,0
TZA,2003-07-31,2003,7,0
TZA,2003-08-31,2003,8,0
TZA,2003-09-30,2003,9,0
TZA,2003-10-31,2003,10,0
TZA,2003-11-30,2003,11,0
TZA,2003-12-31,2003,12,0
TZA,2004-01-31,2004,1,0
TZA,2004-02-29,2004,2,0
TZA,2004-03-31,2004,3,0
TZA,2004-04-30,2004,4,0
TZA,2004-05-31,2004,5,0
TZA,2004-06-30,2004,6,0
TZA,2004-07-31,2004,7,0
TZA,2004-08-31,2004,8,0
TZA,2004-09-30,2004,9,0
TZA,2004-10-31,2004,10,0
TZA,2004-11-30,2004,11,0
TZA,2004-12-31,2004,12,0
TZA,2005-01-31,2005,1,0
TZA,2005-02-28,2005,2,0
TZA,2005-03-31,2005,3,0
TZA,2005-04-30,2005,4,0
TZA,2005-05-31,2005,5,0
TZA,2005-06-30,2005,6,0
TZA,2005-07-31,2005,7,0
TZA,2005-08-31,2005,8,0
TZA,2005-09-30,2005,9,0
TZA,2005-10-31,2005,10,0
TZA,2005-11-30,2005,11,0
TZA,2005-12-31,2005,12,0
TZA,2006-01-31,2006,1,0
TZA,2006-02-28,2006,2,0
TZA,2006-03-31,2006,3,0
TZA,2006-04-30,2006,4,0
TZA,2006-05-31,2006,5,0
TZA,2006-06-30,2006,6,0
TZA,2006-07-31,2006,7,0
TZA,2006-08-31,2006,8,0
TZA,2006-09-30,2006,9,0
TZA,2006-10-31,2006,10,0
TZA,2006-11-30,2006,11,0
TZA,2006-12-31,2006,12,0
TZA,2007-01-31,2007,1,0
TZA,2007-02-28,2007,2,0
TZA,2007-03-31,2007,3,0
TZA,2007-04-30,2007,4,0
TZA,2007-05-31,2007,5,0
TZA,2007-06-30,2007,6,0
TZA,2007-07-31,2007,7,0
TZA,2007-08-31,2007,8,0
TZA,2007-09-30,2007,9,0
TZA,2007-10-31,2007,10,0
TZA,2007-11-30,2007,11,0
TZA,2007-12-31,2007,12,0
TZA,2008-01-31,2008,1,0
TZA,2008-02-29,2008,2,0
TZA,2008-03-31,2008,3,0
TZA,2008-04-30,2008,4,0
TZA,2008-05-31,2008,5,0
TZA,2008-06-30,2008,6,0
TZA,2008-07-31,2008,7,0
TZA,2008-08-31,2008,8,0
TZA,2008-09-30,2008,9,0
TZA,2008-10-31,2008,10,0
TZA,2008-11-30,2008,11,0
TZA,2008-12-31,2008,12,0
TZA,2009-01-31,2009,1,0
TZA,2009-02-28,2009,2,0
TZA,2009-03-31,2009,3,0
TZA,2009-04-30,2009,4,0
TZA,2009-05-31,2009,5,0
TZA,2009-06-30,2009,6,0
TZA,2009-07-31,2009,7,0
TZA,2009-08-31,2009,8,0
TZA,2009-09-30,2009,9,0
TZA,2009-10-31,2009,10,0
TZA,2009-11-30,2009,11,0
TZA,2009-12-31,2009,12,0
TZA,2010-01-31,2010,1,0
TZA,2010-02-28,2010,2,0
TZA,2010-03-31,2010,3,0
TZA,2010-04-30,2010,4,0
TZA,2010-05-31,2010,5,0
TZA,2010-06-30,2010,6,0
TZA,2010-07-31,2010,7,0
TZA,2010-08-31,2010,8,0
TZA,2010-09-30,2010,9,0
TZA,2010-10-31,2010,10,0
TZA,2010-11-30,2010,11,0
TZA,2010-12-31,2010,12,0
TZA,2011-01-31,2011,1,0
TZA,2011-02-28,2011,2,0
TZA,2011-03-31,2011,3,0
TZA,2011-04-30,2011,4,0
TZA,2011-05-31,2011,5,0
TZA,2011-06-30,2011,6,0
TZA,2011-07-31,2011,7,0
TZA,2011-08-31,2011,8,0
TZA,2011-09-30,2011,9,0
TZA,2011-10-31,2011,10,0
TZA,2011-11-30,2011,11,0
TZA,2011-12-31,2011,12,0
TZA,2012-01-31,2012,1,0
TZA,2012-02-29,2012,2,0
TZA,2012-03-31,2012,3,0
TZA,2012-04-30,2012,4,0
TZA,2012-05-31,2012,5,0
TZA,2012-06-30,2012,6,0
TZA,2012-07-31,2012,7,0
TZA,2012-08-31,2012,8,0
TZA,2012-09-30,2012,9,0
TZA,2012-10-31,2012,10,0
TZA,2012-11-30,2012,11,0
TZA,2012-12-31,2012,12,0
TZA,2013-01-31,2013,1,0
TZA,2013-02-28,2013,2,0
TZA,2013-03-31,2013,3,0
TZA,2013-04-30,2013,4,0
TZA,2013-05-31,2013,5,0
TZA,2013-06-30,2013,6,0
TZA,2013-07-31,2013,7,0
TZA,2013-08-31,2013,8,0
TZA,2013-09-30,2013,9,0
TZA,2013-10-31,2013,10,0
TZA,2013-11-30,2013,11,0
TZA,2013-12-31,2013,12,0
TZA,2014-01-31,2014,1,0
TZA,2014-02-28,2014,2,0
TZA,2014-03-31,2014,3,0
TZA,2014-04-30,2014,4,0
TZA,2014-05-31,2014,5,0
TZA,2014-06-30,2014,6,0
TZA,2014-07-31,2014,7,0
TZA,2014-08-31,2014,8,0
TZA,2014-09-30,2014,9,0
TZA,2014-10-31,2014,10,0
TZA,2014-11-30,2014,11,0
TZA,2014-12-31,2014,12,0
TZA,2015-01-31,2015,1,0
TZA,2015-02-28,2015,2,0
TZA,2015-03-31,2015,3,0
TZA,2015-04-30,2015,4,0
TZA,2015-05-31,2015,5,0
TZA,2015-06-30,2015,6,0
TZA,2015-07-31,2015,7,0
TZA,2015-08-31,2015,8,0
TZA,2015-09-30,2015,9,0
TZA,2015-10-31,2015,10,0
TZA,2015-11-30,2015,11,0
TZA,2015-12-31,2015,12,0
TZA,2016-01-31,2016,1,0
TZA,2016-02-29,2016,2,0
TZA,2016-03-31,2016,3,0
TZA,2016-04-30,2016,4,0
TZA,2016-05-31,2016,5,0
TZA,2016-06-30,2016,6,0
TZA,2016-07-31,2016,7,0
TZA,2016-08-31,2016,8,0
TZA,2016-09-30,2016,9,0
TZA,2016-10-31,2016,10,0
TZA,2016-11-30,2016,11,0
TZA,2016-12-31,2016,12,0
UGA,1990-01-31,1990,1,0
UGA,1990-02-28,1990,2,0
UGA,1990-03-31,1990,3,0
UGA,1990-04-30,1990,4,0
UGA,1990-05-31,1990,5,0
UGA,1990-06-30,1990,6,0
UGA,1990-07-31,1990,7,0
UGA,1990-08-31,1990,8,0
UGA,1990-09-30,1990,9,0
UGA,1990-10-31,1990,10,0
UGA,1990-11-30,1990,11,0
UGA,1990-12-31,1990,12,0
UGA,1991-01-31,1991,1,0
UGA,1991-02-28,1991,2,0
UGA,1991-03-31,1991,3,0
UGA,1991-04-30,1991,4,0
UGA,1991-05-31,1991,5,0
UGA,1991-06-30,1991,6,0
UGA,1991-07-31,1991,7,0
UGA,1991-08-31,1991,8,0
UGA,1991-09-30,1991,9,0
UGA,1991-10-31,1991,10,0
UGA,1991-11-30,1991,11,0
UGA,1991-12-31,1991,12,0
UGA,1992-01-31,1992,1,0
UGA,1992-02-29,1992,2,0
UGA,1992-03-31,1992,3,0
UGA,1992-04-30,1992,4,0
UGA,1992-05-31,1992,5,0
UGA,1992-06-30,1992,6,0
UGA,1992-07-31,1992,7,0
UGA,1992-08-31,1992,8,0
UGA,1992-09-30,1992,9,0
UGA,1992-10-31,1992,10,0
UGA,1992-11-30,1992,11,0
UGA,1992-12-31,1992,12,0
UGA,1993-01-31,1993,1,0
UGA,1993-02-28,1993,2,0
UGA,1993-03-31,1993,3,0
UGA,1993-04-30,1993,4,0
UGA,1993-05-31,1993,5,0
UGA,1993-06-30,1993,6,0
UGA,1993-07-31,1993,7,0
UGA,1993-08-31,1993,8,0
UGA,1993-09-30,1993,9,0
UGA,1993-10-31,1993,10,0
UGA,1993-11-30,1993,11,0
UGA,1993-12-31,1993,12,0
UGA,1994-01-31,1994,1,0
UGA,1994-02-28,1994,2,0
UGA,1994-03-31,1994,3,0
UGA,1994-04-30,1994,4,0
UGA,1994-05-31,1994,5,0
UGA,1994-06-30,1994,6,0
UGA,1994-07-31,1994,7,0
UGA,1994-08-31,1994,8,0
UGA,1994-09-30,1994,9,0
UGA,1994-10-31,1994,10,0
UGA,1994-11-30,1994,11,0
UGA,1994-12-31,1994,12,0
UGA,1995-01-31,1995,1,0
UGA,1995-02-28,1995,2,0
UGA,1995-03-31,1995,3,0
UGA,1995-04-30,1995,4,0
UGA,1995-05-31,1995,5,0
UGA,1995-06-30,1995,6,0
UGA,1995-07-31,1995,7,0
UGA,1995-08-31,1995,8,0
UGA,1995-09-30,1995,9,0
UGA,1995-10-31,1995,10,0
UGA,1995-11-30,1995,11,0
UGA,1995-12-31,1995,12,0
UGA,1996-01-31,1996,1,0
UGA,1996-02-29,1996,2,0
UGA,1996-03-31,1996,3,0
UGA,1996-04-30,1996,4,0
UGA,1996-05-31,1996,5,0
UGA,1996-06-30,1996,6,0
UGA,1996-07-31,1996,7,0
UGA,1996-08-31,1996,8,0
UGA,1996-09-30,1996,9,0
UGA,1996-10-31,1996,10,0
UGA,1996-11-30,1996,11,0
UGA,1996-12-31,1996,12,0
UGA,1997-01-31,1997,1,0
UGA,1997-02-28,1997,2,0
UGA,1997-03-31,1997,3,0
UGA,1997-04-30,1997,4,0
UGA,1997-05-31,1997,5,0
UGA,1997-06-30,1997,6,0
UGA,1997-07-31,1997,7,0
UGA,1997-08-31,1997,8,0
UGA,1997-09-30,1997,9,0
UGA,1997-10-31,1997,10,0
UGA,1997-11-30,1997,11,0
UGA,1997-12-31,1997,12,0
UGA,1998-01-31,1998,1,0
UGA,1998-02-28,1998,2,0
UGA,1998-03-31,1998,3,0
UGA,1998-04-30,1998,4,0
UGA,1998-05-31,1998,5,0
UGA,1998-06-30,1998,6,0
UGA,1998-07-31,1998,7,0
UGA,1998-08-31,1998,8,0
UGA,1998-09-30,1998,9,0
UGA,1998-10-31,1998,10,0
UGA,1998-11-30,1998,11,0
UGA,1998-12-31,1998,12,0
UGA,1999-01-31,1999,1,0
UGA,1999-02-28,1999,2,0
UGA,1999-03-31,1999,3,0
UGA,1999-04-30,1999,4,0
UGA,1999-05-31,1999,5,0
UGA,1999-06-30,1999,6,0
UGA,1999-07-31,1999,7,0
UGA,1999-08-31,1999,8,0
UGA,1999-09-30,1999,9,0
UGA,1999-10-31,1999,10,0
UGA,1999-11-30,1999,11,0
UGA,1999-12-31,1999,12,0
UGA,2000-01-31,2000,1,0
UGA,2000-02-29,2000,2,0
UGA,2000-03-31,2000,3,0
UGA,2000-04-30,2000,4,0
UGA,2000-05-31,2000,5,0
UGA,2000-06-30,2000,6,0
UGA,2000-07-31,2000,7,0
UGA,2000-08-31,2000,8,0
UGA,2000-09-30,2000,9,0
UGA,2000-10-31,2000,10,0
UGA,2000-11-30,2000,11,0
UGA,2000-12-31,2000,12,0
UGA,2001-01-31,2001,1,0
UGA,2001-02-28,2001,2,0
UGA,2001-03-31,2001,3,0
UGA,2001-04-30,2001,4,0
UGA,2001-05-31,2001,5,0
UGA,2001-06-30,2001,6,0
UGA,2001-07-31,2001,7,0
UGA,2001-08-31,2001,8,0
UGA,2001-09-30,2001,9,0
UGA,2001-10-31,2001,10,0
UGA,2001-11-30,2001,11,0
UGA,2001-12-31,2001,12,0
UGA,2002-01-31,2002,1,0
UGA,2002-02-28,2002,2,0
UGA,2002-03-31,2002,3,0
UGA,2002-04-30,2002,4,0
UGA,2002-05-31,2002,5,0
UGA,2002-06-30,2002,6,0
UGA,2002-07-31,2002,7,0
UGA,2002-08-31,2002,8,0
UGA,2002-09-30,2002,9,0
UGA,2002-10-31,2002,10,0
UGA,2002-11-30,2002,11,0
UGA,2002-12-31,2002,12,0
UGA,2003-01-31,2003,1,0
UGA,2003-02-28,2003,2,0
UGA,2003-03-31,2003,3,0
UGA,2003-04-30,2003,4,0
UGA,2003-05-31,2003,5,0
UGA,2003-06-30,2003,6,0
UGA,2003-07-31,2003,7,0
UGA,2003-08-31,2003,8,0
UGA,2003-09-30,2003,9,0
UGA,2003-10-31,2003,10,0
UGA,2003-11-30,2003,11,0
UGA,2003-12-31,2003,12,0
UGA,2004-01-31,2004,1,0
UGA,2004-02-29,2004,2,0
UGA,2004-03-31,2004,3,0
UGA,2004-04-30,2004,4,0
UGA,2004-05-31,2004,5,0
UGA,2004-06-30,2004,6,0
UGA,2004-07-31,2004,7,0
UGA,2004-08-31,2004,8,0
UGA,2004-09-30,2004,9,0
UGA,2004-10-31,2004,10,0
UGA,2004-11-30,2004,11,0
UGA,2004-12-31,2004,12,0
UGA,2005-01-31,2005,1,0
UGA,2005-02-28,2005,2,0
UGA,2005-03-31,2005,3,0
UGA,2005-04-30,2005,4,0
UGA,2005-05-31,2005,5,0
UGA,2005-06-30,2005,6,0
UGA,2005-07-31,2005,7,0
UGA,2005-08-31,2005,8,0
UGA,2005-09-30,2005,9,0
UGA,2005-10-31,2005,10,0
UGA,2005-11-30,2005,11,0
UGA,2005-12-31,2005,12,0
UGA,2006-01-31,2006,1,0
UGA,2006-02-28,2006,2,0
UGA,2006-03-31,2006,3,0
UGA,2006-04-30,2006,4,0
UGA,2006-05-31,2006,5,0
UGA,2006-06-30,2006,6,0
UGA,2006-07-31,2006,7,0
UGA,2006-08-31,2006,8,0
UGA,2006-09-30,2006,9,0
UGA,2006-10-31,2006,10,0
UGA,2006-11-30,2006,11,0
UGA,2006-12-31,2006,12,0
UGA,2007-01-31,2007,1,0
UGA,2007-02-28,2007,2,0
UGA,2007-03-31,2007,3,0
UGA,2007-04-30,2007,4,0
UGA,2007-05-31,2007,5,0
UGA,2007-06-30,2007,6,0
UGA,2007-07-31,2007,7,0
UGA,2007-08-31,2007,8,0
UGA,2007-09-30,2007,9,0
UGA,2007-10-31,2007,10,0
UGA,2007-11-30,2007,11,0
UGA,2007-12-31,2007,12,0
UGA,2008-01-31,2008,1,0
UGA,2008-02-29,2008,2,0
UGA,2008-03-31,2008,3,0
UGA,2008-04-30,2008,4,0
UGA,2008-05-31,2008,5,0
UGA,2008-06-30,2008,6,0
UGA,2008-07-31,2008,7,0
UGA,2008-08-31,2008,8,0
UGA,2008-09-30,2008,9,0
UGA,2008-10-31,2008,10,0
UGA,2008-11-30,2008,11,0
UGA,2008-12-31,2008,12,0
UGA,2009-01-31,2009,1,0
UGA,2009-02-28,2009,2,0
UGA,2009-03-31,2009,3,0
UGA,2009-04-30,2009,4,0
UGA,2009-05-31,2009,5,0
UGA,2009-06-30,2009,6,0
UGA,2009-07-31,2009,7,0
UGA,2009-08-31,2009,8,0
UGA,2009-09-30,2009,9,0
UGA,2009-10-31,2009,10,0
UGA,2009-11-30,2009,11,0
UGA,2009-12-31,2009,12,0
UGA,2010-01-31,2010,1,0
UGA,2010-02-28,2010,2,0
UGA,2010-03-31,2010,3,0
UGA,2010-04-30,2010,4,0
UGA,2010-05-31,2010,5,0
UGA,2010-06-30,2010,6,0
UGA,2010-07-31,2010,7,0
UGA,2010-08-31,2010,8,0
UGA,2010-09-30,2010,9,0
UGA,2010-10-31,2010,10,0
UGA,2010-11-30,2010,11,0
UGA,2010-12-31,2010,12,0
UGA,2011-01-31,2011,1,0
UGA,2011-02-28,2011,2,0
UGA,2011-03-31,2011,3,0
UGA,2011-04-30,2011,4,0
UGA,2011-05-31,2011,5,0
UGA,2011-06-30,2011,6,0
UGA,2011-07-31,2011,7,0
UGA,2011-08-31,2011,8,0
UGA,2011-09-30,2011,9,0
UGA,2011-10-31,2011,10,0
UGA,2011-11-30,2011,11,0
UGA,2011-12-31,2011,12,0
UGA,2012-01-31,2012,1,0
UGA,2012-02-29,2012,2,0
UGA,2012-03-31,2012,3,0
UGA,2012-04-30,2012,4,0
UGA,2012-05-31,2012,5,0
UGA,2012-06-30,2012,6,0
UGA,2012-07-31,2012,7,0
UGA,2012-08-31,2012,8,0
UGA,2012-09-30,2012,9,0
UGA,2012-10-31,2012,10,0
UGA,2012-11-30,2012,11,0
UGA,2012-12-31,2012,12,0
UGA,2013-01-31,2013,1,0
UGA,2013-02-28,2013,2,0
UGA,2013-03-31,2013,3,0
UGA,2013-04-30,2013,4,0
UGA,2013-05-31,2013,5,0
UGA,2013-06-30,2013,6,0
UGA,2013-07-31,2013,7,0
UGA,2013-08-31,2013,8,0
UGA,2013-09-30,2013,9,0
UGA,2013-10-31,2013,10,0
UGA,2013-11-30,2013,11,0
UGA,2013-12-31,2013,12,0
UGA,2014-01-31,2014,1,0
UGA,2014-02-28,2014,2,0
UGA,2014-03-31,2014,3,0
UGA,2014-04-30,2014,4,0
UGA,2014-05-31,2014,5,0
UGA,2014-06-30,2014,6,0
UGA,2014-07-31,2014,7,0
UGA,2014-08-31,2014,8,0
UGA,2014-09-30,2014,9,0
UGA,2014-10-31,2014,10,0
UGA,2014-11-30,2014,11,0
UGA,2014-12-31,2014,12,0
UGA,2015-01-31,2015,1,0
UGA,2015-02-28,2015,2,0
UGA,2015-03-31,2015,3,0
UGA,2015-04-30,2015,4,0
UGA,2015-05-31,2015,5,0
UGA,2015-06-30,2015,6,0
UGA,2015-07-31,2015,7,0
UGA,2015-08-31,2015,8,0
UGA,2015-09-30,2015,9,0
UGA,2015-10-31,2015,10,0
UGA,2015-11-30,2015,11,0
UGA,2015-12-31,2015,12,0
UGA,2016-01-31,2016,1,0
UGA,2016-02-29,2016,2,0
UGA,2016-03-31,2016,3,0
UGA,2016-04-30,2016,4,0
UGA,2016-05-31,2016,5,0
UGA,2016-06-30,2016,6,0
UGA,2016-07-31,2016,7,0
UGA,2016-08-31,2016,8,0
UGA,2016-09-30,2016,9,0
UGA,2016-10-31,2016,10,0
UGA,2016-11-30,2016,11,0
UGA,2016-12-31,2016,12,0
UKR,1992-12-31,1992,12,0
UKR,1993-01-31,1993,1,0
UKR,1993-02-28,1993,2,0
UKR,1993-03-31,1993,3,0
UKR,1993-04-30,1993,4,0
UKR,1993-05-31,1993,5,0
UKR,1993-06-30,1993,6,0
UKR,1993-07-31,1993,7,0
UKR,1993-08-31,1993,8,0
UKR,1993-09-30,1993,9,0
UKR,1993-10-31,1993,10,0
UKR,1993-11-30,1993,11,0
UKR,1993-12-31,1993,12,0
UKR,1994-01-31,1994,1,0
UKR,1994-02-28,1994,2,0
UKR,1994-03-31,1994,3,0
UKR,1994-04-30,1994,4,0
UKR,1994-05-31,1994,5,0
UKR,1994-06-30,1994,6,0
UKR,1994-07-31,1994,7,0
UKR,1994-08-31,1994,8,0
UKR,1994-09-30,1994,9,0
UKR,1994-10-31,1994,10,0
UKR,1994-11-30,1994,11,0
UKR,1994-12-31,1994,12,0
UKR,1995-01-31,1995,1,0
UKR,1995-02-28,1995,2,0
UKR,1995-03-31,1995,3,0
UKR,1995-04-30,1995,4,0
UKR,1995-05-31,1995,5,0
UKR,1995-06-30,1995,6,0
UKR,1995-07-31,1995,7,0
UKR,1995-08-31,1995,8,0
UKR,1995-09-30,1995,9,0
UKR,1995-10-31,1995,10,0
UKR,1995-11-30,1995,11,0
UKR,1995-12-31,1995,12,0
UKR,1996-01-31,1996,1,0
UKR,1996-02-29,1996,2,0
UKR,1996-03-31,1996,3,0
UKR,1996-04-30,1996,4,0
UKR,1996-05-31,1996,5,0
UKR,1996-06-30,1996,6,0
UKR,1996-07-31,1996,7,0
UKR,1996-08-31,1996,8,0
UKR,1996-09-30,1996,9,0
UKR,1996-10-31,1996,10,0
UKR,1996-11-30,1996,11,0
UKR,1996-12-31,1996,12,0
UKR,1997-01-31,1997,1,1
UKR,1997-02-28,1997,2,1
UKR,1997-03-31,1997,3,1
UKR,1997-04-30,1997,4,1
UKR,1997-05-31,1997,5,1
UKR,1997-06-30,1997,6,1
UKR,1997-07-31,1997,7,1
UKR,1997-08-31,1997,8,1
UKR,1997-09-30,1997,9,1
UKR,1997-10-31,1997,10,1
UKR,1997-11-30,1997,11,1
UKR,1997-12-31,1997,12,1
UKR,1998-01-31,1998,1,0
UKR,1998-02-28,1998,2,0
UKR,1998-03-31,1998,3,0
UKR,1998-04-30,1998,4,0
UKR,1998-05-31,1998,5,0
UKR,1998-06-30,1998,6,0
UKR,1998-07-31,1998,7,0
UKR,1998-08-31,1998,8,0
UKR,1998-09-30,1998,9,0
UKR,1998-10-31,1998,10,0
UKR,1998-11-30,1998,11,0
UKR,1998-12-31,1998,12,0
UKR,1999-01-31,1999,1,0
UKR,1999-02-28,1999,2,0
UKR,1999-03-31,1999,3,0
UKR,1999-04-30,1999,4,0
UKR,1999-05-31,1999,5,0
UKR,1999-06-30,1999,6,0
UKR,1999-07-31,1999,7,0
UKR,1999-08-31,1999,8,0
UKR,1999-09-30,1999,9,0
UKR,1999-10-31,1999,10,0
UKR,1999-11-30,1999,11,0
UKR,1999-12-31,1999,12,0
UKR,2000-01-31,2000,1,0
UKR,2000-02-29,2000,2,0
UKR,2000-03-31,2000,3,0
UKR,2000-04-30,2000,4,0
UKR,2000-05-31,2000,5,0
UKR,2000-06-30,2000,6,0
UKR,2000-07-31,2000,7,0
UKR,2000-08-31,2000,8,0
UKR,2000-09-30,2000,9,0
UKR,2000-10-31,2000,10,0
UKR,2000-11-30,2000,11,0
UKR,2000-12-31,2000,12,0
UKR,2001-01-31,2001,1,0
UKR,2001-02-28,2001,2,0
UKR,2001-03-31,2001,3,0
UKR,2001-04-30,2001,4,0
UKR,2001-05-31,2001,5,0
UKR,2001-06-30,2001,6,0
UKR,2001-07-31,2001,7,0
UKR,2001-08-31,2001,8,0
UKR,2001-09-30,2001,9,0
UKR,2001-10-31,2001,10,0
UKR,2001-11-30,2001,11,0
UKR,2001-12-31,2001,12,0
UKR,2002-01-31,2002,1,0
UKR,2002-02-28,2002,2,0
UKR,2002-03-31,2002,3,0
UKR,2002-04-30,2002,4,0
UKR,2002-05-31,2002,5,0
UKR,2002-06-30,2002,6,0
UKR,2002-07-31,2002,7,0
UKR,2002-08-31,2002,8,0
UKR,2002-09-30,2002,9,0
UKR,2002-10-31,2002,10,0
UKR,2002-11-30,2002,11,0
UKR,2002-12-31,2002,12,0
UKR,2003-01-31,2003,1,0
UKR,2003-02-28,2003,2,0
UKR,2003-03-31,2003,3,0
UKR,2003-04-30,2003,4,0
UKR,2003-05-31,2003,5,0
UKR,2003-06-30,2003,6,0
UKR,2003-07-31,2003,7,0
UKR,2003-08-31,2003,8,0
UKR,2003-09-30,2003,9,0
UKR,2003-10-31,2003,10,0
UKR,2003-11-30,2003,11,0
UKR,2003-12-31,2003,12,0
UKR,2004-01-31,2004,1,0
UKR,2004-02-29,2004,2,0
UKR,2004-03-31,2004,3,0
UKR,2004-04-30,2004,4,0
UKR,2004-05-31,2004,5,0
UKR,2004-06-30,2004,6,0
UKR,2004-07-31,2004,7,0
UKR,2004-08-31,2004,8,0
UKR,2004-09-30,2004,9,0
UKR,2004-10-31,2004,10,0
UKR,2004-11-30,2004,11,0
UKR,2004-12-31,2004,12,0
UKR,2005-01-31,2005,1,0
UKR,2005-02-28,2005,2,0
UKR,2005-03-31,2005,3,0
UKR,2005-04-30,2005,4,0
UKR,2005-05-31,2005,5,0
UKR,2005-06-30,2005,6,0
UKR,2005-07-31,2005,7,0
UKR,2005-08-31,2005,8,0
UKR,2005-09-30,2005,9,0
UKR,2005-10-31,2005,10,0
UKR,2005-11-30,2005,11,0
UKR,2005-12-31,2005,12,0
UKR,2006-01-31,2006,1,0
UKR,2006-02-28,2006,2,0
UKR,2006-03-31,2006,3,0
UKR,2006-04-30,2006,4,0
UKR,2006-05-31,2006,5,0
UKR,2006-06-30,2006,6,0
UKR,2006-07-31,2006,7,0
UKR,2006-08-31,2006,8,0
UKR,2006-09-30,2006,9,0
UKR,2006-10-31,2006,10,0
UKR,2006-11-30,2006,11,0
UKR,2006-12-31,2006,12,0
UKR,2007-01-31,2007,1,0
UKR,2007-02-28,2007,2,0
UKR,2007-03-31,2007,3,0
UKR,2007-04-30,2007,4,0
UKR,2007-05-31,2007,5,0
UKR,2007-06-30,2007,6,0
UKR,2007-07-31,2007,7,0
UKR,2007-08-31,2007,8,0
UKR,2007-09-30,2007,9,0
UKR,2007-10-31,2007,10,0
UKR,2007-11-30,2007,11,0
UKR,2007-12-31,2007,12,0
UKR,2008-01-31,2008,1,1
UKR,2008-02-29,2008,2,1
UKR,2008-03-31,2008,3,1
UKR,2008-04-30,2008,4,1
UKR,2008-05-31,2008,5,1
UKR,2008-06-30,2008,6,1
UKR,2008-07-31,2008,7,1
UKR,2008-08-31,2008,8,1
UKR,2008-09-30,2008,9,1
UKR,2008-10-31,2008,10,1
UKR,2008-11-30,2008,11,1
UKR,2008-12-31,2008,12,1
UKR,2009-01-31,2009,1,0
UKR,2009-02-28,2009,2,0
UKR,2009-03-31,2009,3,0
UKR,2009-04-30,2009,4,0
UKR,2009-05-31,2009,5,0
UKR,2009-06-30,2009,6,0
UKR,2009-07-31,2009,7,0
UKR,2009-08-31,2009,8,0
UKR,2009-09-30,2009,9,0
UKR,2009-10-31,2009,10,0
UKR,2009-11-30,2009,11,0
UKR,2009-12-31,2009,12,0
UKR,2010-01-31,2010,1,0
UKR,2010-02-28,2010,2,0
UKR,2010-03-31,2010,3,0
UKR,2010-04-30,2010,4,0
UKR,2010-05-31,2010,5,0
UKR,2010-06-30,2010,6,0
UKR,2010-07-31,2010,7,0
UKR,2010-08-31,2010,8,0
UKR,2010-09-30,2010,9,0
UKR,2010-10-31,2010,10,0
UKR,2010-11-30,2010,11,0
UKR,2010-12-31,2010,12,0
UKR,2011-01-31,2011,1,0
UKR,2011-02-28,2011,2,0
UKR,2011-03-31,2011,3,0
UKR,2011-04-30,2011,4,0
UKR,2011-05-31,2011,5,0
UKR,2011-06-30,2011,6,0
UKR,2011-07-31,2011,7,0
UKR,2011-08-31,2011,8,0
UKR,2011-09-30,2011,9,0
UKR,2011-10-31,2011,10,0
UKR,2011-11-30,2011,11,0
UKR,2011-12-31,2011,12,0
UKR,2012-01-31,2012,1,0
UKR,2012-02-29,2012,2,0
UKR,2012-03-31,2012,3,0
UKR,2012-04-30,2012,4,0
UKR,2012-05-31,2012,5,0
UKR,2012-06-30,2012,6,0
UKR,2012-07-31,2012,7,0
UKR,2012-08-31,2012,8,0
UKR,2012-09-30,2012,9,0
UKR,2012-10-31,2012,10,0
UKR,2012-11-30,2012,11,0
UKR,2012-12-31,2012,12,0
UKR,2013-01-31,2013,1,1
UKR,2013-02-28,2013,2,1
UKR,2013-03-31,2013,3,1
UKR,2013-04-30,2013,4,1
UKR,2013-05-31,2013,5,1
UKR,2013-06-30,2013,6,1
UKR,2013-07-31,2013,7,1
UKR,2013-08-31,2013,8,1
UKR,2013-09-30,2013,9,1
UKR,2013-10-31,2013,10,1
UKR,2013-11-30,2013,11,1
UKR,2013-12-31,2013,12,1
UKR,2014-01-31,2014,1,0
UKR,2014-02-28,2014,2,0
UKR,2014-03-31,2014,3,0
UKR,2014-04-30,2014,4,0
UKR,2014-05-31,2014,5,0
UKR,2014-06-30,2014,6,0
UKR,2014-07-31,2014,7,0
UKR,2014-08-31,2014,8,0
UKR,2014-09-30,2014,9,0
UKR,2014-10-31,2014,10,0
UKR,2014-11-30,2014,11,0
UKR,2014-12-31,2014,12,0
UKR,2015-01-31,2015,1,0
UKR,2015-02-28,2015,2,0
UKR,2015-03-31,2015,3,0
UKR,2015-04-30,2015,4,0
UKR,2015-05-31,2015,5,0
UKR,2015-06-30,2015,6,0
UKR,2015-07-31,2015,7,0
UKR,2015-08-31,2015,8,0
UKR,2015-09-30,2015,9,0
UKR,2015-10-31,2015,10,0
UKR,2015-11-30,2015,11,0
UKR,2015-12-31,2015,12,0
UKR,2016-01-31,2016,1,0
UKR,2016-02-29,2016,2,0
UKR,2016-03-31,2016,3,0
UKR,2016-04-30,2016,4,0
UKR,2016-05-31,2016,5,0
UKR,2016-06-30,2016,6,0
UKR,2016-07-31,2016,7,0
UKR,2016-08-31,2016,8,0
UKR,2016-09-30,2016,9,0
UKR,2016-10-31,2016,10,0
UKR,2016-11-30,2016,11,0
UKR,2016-12-31,2016,12,0
URY,1990-01-31,1990,1,0
URY,1990-02-28,1990,2,0
URY,1990-03-31,1990,3,0
URY,1990-04-30,1990,4,0
URY,1990-05-31,1990,5,0
URY,1990-06-30,1990,6,0
URY,1990-07-31,1990,7,0
URY,1990-08-31,1990,8,0
URY,1990-09-30,1990,9,0
URY,1990-10-31,1990,10,0
URY,1990-11-30,1990,11,0
URY,1990-12-31,1990,12,0
URY,1991-01-31,1991,1,0
URY,1991-02-28,1991,2,0
URY,1991-03-31,1991,3,0
URY,1991-04-30,1991,4,0
URY,1991-05-31,1991,5,0
URY,1991-06-30,1991,6,0
URY,1991-07-31,1991,7,0
URY,1991-08-31,1991,8,0
URY,1991-09-30,1991,9,0
URY,1991-10-31,1991,10,0
URY,1991-11-30,1991,11,0
URY,1991-12-31,1991,12,0
URY,1992-01-31,1992,1,0
URY,1992-02-29,1992,2,0
URY,1992-03-31,1992,3,0
URY,1992-04-30,1992,4,0
URY,1992-05-31,1992,5,0
URY,1992-06-30,1992,6,0
URY,1992-07-31,1992,7,0
URY,1992-08-31,1992,8,0
URY,1992-09-30,1992,9,0
URY,1992-10-31,1992,10,0
URY,1992-11-30,1992,11,0
URY,1992-12-31,1992,12,0
URY,1993-01-31,1993,1,0
URY,1993-02-28,1993,2,0
URY,1993-03-31,1993,3,0
URY,1993-04-30,1993,4,0
URY,1993-05-31,1993,5,0
URY,1993-06-30,1993,6,0
URY,1993-07-31,1993,7,0
URY,1993-08-31,1993,8,0
URY,1993-09-30,1993,9,0
URY,1993-10-31,1993,10,0
URY,1993-11-30,1993,11,0
URY,1993-12-31,1993,12,0
URY,1994-01-31,1994,1,0
URY,1994-02-28,1994,2,0
URY,1994-03-31,1994,3,0
URY,1994-04-30,1994,4,0
URY,1994-05-31,1994,5,0
URY,1994-06-30,1994,6,0
URY,1994-07-31,1994,7,0
URY,1994-08-31,1994,8,0
URY,1994-09-30,1994,9,0
URY,1994-10-31,1994,10,0
URY,1994-11-30,1994,11,0
URY,1994-12-31,1994,12,0
URY,1995-01-31,1995,1,0
URY,1995-02-28,1995,2,0
URY,1995-03-31,1995,3,0
URY,1995-04-30,1995,4,0
URY,1995-05-31,1995,5,0
URY,1995-06-30,1995,6,0
URY,1995-07-31,1995,7,0
URY,1995-08-31,1995,8,0
URY,1995-09-30,1995,9,0
URY,1995-10-31,1995,10,0
URY,1995-11-30,1995,11,0
URY,1995-12-31,1995,12,0
URY,1996-01-31,1996,1,0
URY,1996-02-29,1996,2,0
URY,1996-03-31,1996,3,0
URY,1996-04-30,1996,4,0
URY,1996-05-31,1996,5,0
URY,1996-06-30,1996,6,0
URY,1996-07-31,1996,7,0
URY,1996-08-31,1996,8,0
URY,1996-09-30,1996,9,0
URY,1996-10-31,1996,10,0
URY,1996-11-30,1996,11,0
URY,1996-12-31,1996,12,0
URY,1997-01-31,1997,1,0
URY,1997-02-28,1997,2,0
URY,1997-03-31,1997,3,0
URY,1997-04-30,1997,4,0
URY,1997-05-31,1997,5,0
URY,1997-06-30,1997,6,0
URY,1997-07-31,1997,7,0
URY,1997-08-31,1997,8,0
URY,1997-09-30,1997,9,0
URY,1997-10-31,1997,10,0
URY,1997-11-30,1997,11,0
URY,1997-12-31,1997,12,0
URY,1998-01-31,1998,1,0
URY,1998-02-28,1998,2,0
URY,1998-03-31,1998,3,0
URY,1998-04-30,1998,4,0
URY,1998-05-31,1998,5,0
URY,1998-06-30,1998,6,0
URY,1998-07-31,1998,7,0
URY,1998-08-31,1998,8,0
URY,1998-09-30,1998,9,0
URY,1998-10-31,1998,10,0
URY,1998-11-30,1998,11,0
URY,1998-12-31,1998,12,0
URY,1999-01-31,1999,1,0
URY,1999-02-28,1999,2,0
URY,1999-03-31,1999,3,0
URY,1999-04-30,1999,4,0
URY,1999-05-31,1999,5,0
URY,1999-06-30,1999,6,0
URY,1999-07-31,1999,7,0
URY,1999-08-31,1999,8,0
URY,1999-09-30,1999,9,0
URY,1999-10-31,1999,10,0
URY,1999-11-30,1999,11,0
URY,1999-12-31,1999,12,0
URY,2000-01-31,2000,1,0
URY,2000-02-29,2000,2,0
URY,2000-03-31,2000,3,0
URY,2000-04-30,2000,4,0
URY,2000-05-31,2000,5,0
URY,2000-06-30,2000,6,0
URY,2000-07-31,2000,7,0
URY,2000-08-31,2000,8,0
URY,2000-09-30,2000,9,0
URY,2000-10-31,2000,10,0
URY,2000-11-30,2000,11,0
URY,2000-12-31,2000,12,0
URY,2001-01-31,2001,1,1
URY,2001-02-28,2001,2,1
URY,2001-03-31,2001,3,1
URY,2001-04-30,2001,4,1
URY,2001-05-31,2001,5,1
URY,2001-06-30,2001,6,1
URY,2001-07-31,2001,7,1
URY,2001-08-31,2001,8,1
URY,2001-09-30,2001,9,1
URY,2001-10-31,2001,10,1
URY,2001-11-30,2001,11,1
URY,2001-12-31,2001,12,1
URY,2002-01-31,2002,1,0
URY,2002-02-28,2002,2,0
URY,2002-03-31,2002,3,0
URY,2002-04-30,2002,4,0
URY,2002-05-31,2002,5,0
URY,2002-06-30,2002,6,0
URY,2002-07-31,2002,7,0
URY,2002-08-31,2002,8,0
URY,2002-09-30,2002,9,0
URY,2002-10-31,2002,10,0
URY,2002-11-30,2002,11,0
URY,2002-12-31,2002,12,0
URY,2003-01-31,2003,1,0
URY,2003-02-28,2003,2,0
URY,2003-03-31,2003,3,0
URY,2003-04-30,2003,4,0
URY,2003-05-31,2003,5,0
URY,2003-06-30,2003,6,0
URY,2003-07-31,2003,7,0
URY,2003-08-31,2003,8,0
URY,2003-09-30,2003,9,0
URY,2003-10-31,2003,10,0
URY,2003-11-30,2003,11,0
URY,2003-12-31,2003,12,0
URY,2004-01-31,2004,1,0
URY,2004-02-29,2004,2,0
URY,2004-03-31,2004,3,0
URY,2004-04-30,2004,4,0
URY,2004-05-31,2004,5,0
URY,2004-06-30,2004,6,0
URY,2004-07-31,2004,7,0
URY,2004-08-31,2004,8,0
URY,2004-09-30,2004,9,0
URY,2004-10-31,2004,10,0
URY,2004-11-30,2004,11,0
URY,2004-12-31,2004,12,0
URY,2005-01-31,2005,1,0
URY,2005-02-28,2005,2,0
URY,2005-03-31,2005,3,0
URY,2005-04-30,2005,4,0
URY,2005-05-31,2005,5,0
URY,2005-06-30,2005,6,0
URY,2005-07-31,2005,7,0
URY,2005-08-31,2005,8,0
URY,2005-09-30,2005,9,0
URY,2005-10-31,2005,10,0
URY,2005-11-30,2005,11,0
URY,2005-12-31,2005,12,0
URY,2006-01-31,2006,1,0
URY,2006-02-28,2006,2,0
URY,2006-03-31,2006,3,0
URY,2006-04-30,2006,4,0
URY,2006-05-31,2006,5,0
URY,2006-06-30,2006,6,0
URY,2006-07-31,2006,7,0
URY,2006-08-31,2006,8,0
URY,2006-09-30,2006,9,0
URY,2006-10-31,2006,10,0
URY,2006-11-30,2006,11,0
URY,2006-12-31,2006,12,0
URY,2007-01-31,2007,1,0
URY,2007-02-28,2007,2,0
URY,2007-03-31,2007,3,0
URY,2007-04-30,2007,4,0
URY,2007-05-31,2007,5,0
URY,2007-06-30,2007,6,0
URY,2007-07-31,2007,7,0
URY,2007-08-31,2007,8,0
URY,2007-09-30,2007,9,0
URY,2007-10-31,2007,10,0
URY,2007-11-30,2007,11,0
URY,2007-12-31,2007,12,0
URY,2008-01-31,2008,1,0
URY,2008-02-29,2008,2,0
URY,2008-03-31,2008,3,0
URY,2008-04-30,2008,4,0
URY,2008-05-31,2008,5,0
URY,2008-06-30,2008,6,0
URY,2008-07-31,2008,7,0
URY,2008-08-31,2008,8,0
URY,2008-09-30,2008,9,0
URY,2008-10-31,2008,10,0
URY,2008-11-30,2008,11,0
URY,2008-12-31,2008,12,0
URY,2009-01-31,2009,1,0
URY,2009-02-28,2009,2,0
URY,2009-03-31,2009,3,0
URY,2009-04-30,2009,4,0
URY,2009-05-31,2009,5,0
URY,2009-06-30,2009,6,0
URY,2009-07-31,2009,7,0
URY,2009-08-31,2009,8,0
URY,2009-09-30,2009,9,0
URY,2009-10-31,2009,10,0
URY,2009-11-30,2009,11,0
URY,2009-12-31,2009,12,0
URY,2010-01-31,2010,1,0
URY,2010-02-28,2010,2,0
URY,2010-03-31,2010,3,0
URY,2010-04-30,2010,4,0
URY,2010-05-31,2010,5,0
URY,2010-06-30,2010,6,0
URY,2010-07-31,2010,7,0
URY,2010-08-31,2010,8,0
URY,2010-09-30,2010,9,0
URY,2010-10-31,2010,10,0
URY,2010-11-30,2010,11,0
URY,2010-12-31,2010,12,0
URY,2011-01-31,2011,1,0
URY,2011-02-28,2011,2,0
URY,2011-03-31,2011,3,0
URY,2011-04-30,2011,4,0
URY,2011-05-31,2011,5,0
URY,2011-06-30,2011,6,0
URY,2011-07-31,2011,7,0
URY,2011-08-31,2011,8,0
URY,2011-09-30,2011,9,0
URY,2011-10-31,2011,10,0
URY,2011-11-30,2011,11,0
URY,2011-12-31,2011,12,0
URY,2012-01-31,2012,1,0
URY,2012-02-29,2012,2,0
URY,2012-03-31,2012,3,0
URY,2012-04-30,2012,4,0
URY,2012-05-31,2012,5,0
URY,2012-06-30,2012,6,0
URY,2012-07-31,2012,7,0
URY,2012-08-31,2012,8,0
URY,2012-09-30,2012,9,0
URY,2012-10-31,2012,10,0
URY,2012-11-30,2012,11,0
URY,2012-12-31,2012,12,0
URY,2013-01-31,2013,1,0
URY,2013-02-28,2013,2,0
URY,2013-03-31,2013,3,0
URY,2013-04-30,2013,4,0
URY,2013-05-31,2013,5,0
URY,2013-06-30,2013,6,0
URY,2013-07-31,2013,7,0
URY,2013-08-31,2013,8,0
URY,2013-09-30,2013,9,0
URY,2013-10-31,2013,10,0
URY,2013-11-30,2013,11,0
URY,2013-12-31,2013,12,0
URY,2014-01-31,2014,1,0
URY,2014-02-28,2014,2,0
URY,2014-03-31,2014,3,0
URY,2014-04-30,2014,4,0
URY,2014-05-31,2014,5,0
URY,2014-06-30,2014,6,0
URY,2014-07-31,2014,7,0
URY,2014-08-31,2014,8,0
URY,2014-09-30,2014,9,0
URY,2014-10-31,2014,10,0
URY,2014-11-30,2014,11,0
URY,2014-12-31,2014,12,0
URY,2015-01-31,2015,1,0
URY,2015-02-28,2015,2,0
URY,2015-03-31,2015,3,0
URY,2015-04-30,2015,4,0
URY,2015-05-31,2015,5,0
URY,2015-06-30,2015,6,0
URY,2015-07-31,2015,7,0
URY,2015-08-31,2015,8,0
URY,2015-09-30,2015,9,0
URY,2015-10-31,2015,10,0
URY,2015-11-30,2015,11,0
URY,2015-12-31,2015,12,0
URY,2016-01-31,2016,1,0
URY,2016-02-29,2016,2,0
URY,2016-03-31,2016,3,0
URY,2016-04-30,2016,4,0
URY,2016-05-31,2016,5,0
URY,2016-06-30,2016,6,0
URY,2016-07-31,2016,7,0
URY,2016-08-31,2016,8,0
URY,2016-09-30,2016,9,0
URY,2016-10-31,2016,10,0
URY,2016-11-30,2016,11,0
URY,2016-12-31,2016,12,0
UZB,1999-06-30,1999,6,1
UZB,1999-07-31,1999,7,1
UZB,1999-08-31,1999,8,1
UZB,1999-09-30,1999,9,1
UZB,1999-10-31,1999,10,1
UZB,1999-11-30,1999,11,1
UZB,1999-12-31,1999,12,1
UZB,2000-01-31,2000,1,0
UZB,2000-02-29,2000,2,0
UZB,2013-01-31,2013,1,0
UZB,2013-02-28,2013,2,0
UZB,2013-03-31,2013,3,0
UZB,2013-04-30,2013,4,0
UZB,2013-05-31,2013,5,0
UZB,2013-06-30,2013,6,0
UZB,2013-07-31,2013,7,0
UZB,2013-08-31,2013,8,0
UZB,2013-09-30,2013,9,0
UZB,2013-10-31,2013,10,0
UZB,2013-11-30,2013,11,0
UZB,2013-12-31,2013,12,0
UZB,2014-01-31,2014,1,0
UZB,2014-02-28,2014,2,0
UZB,2014-03-31,2014,3,0
UZB,2014-04-30,2014,4,0
UZB,2014-05-31,2014,5,0
UZB,2014-06-30,2014,6,0
UZB,2014-07-31,2014,7,0
UZB,2014-08-31,2014,8,0
UZB,2014-09-30,2014,9,0
UZB,2014-10-31,2014,10,0
UZB,2014-11-30,2014,11,0
UZB,2014-12-31,2014,12,0
UZB,2015-01-31,2015,1,0
UZB,2015-02-28,2015,2,0
UZB,2015-03-31,2015,3,0
UZB,2015-04-30,2015,4,0
UZB,2015-05-31,2015,5,0
UZB,2015-06-30,2015,6,0
UZB,2015-07-31,2015,7,0
UZB,2015-08-31,2015,8,0
UZB,2015-09-30,2015,9,0
UZB,2015-10-31,2015,10,0
UZB,2015-11-30,2015,11,0
UZB,2015-12-31,2015,12,0
UZB,2016-01-31,2016,1,0
UZB,2016-02-29,2016,2,0
UZB,2016-03-31,2016,3,0
UZB,2016-04-30,2016,4,0
UZB,2016-05-31,2016,5,0
UZB,2016-06-30,2016,6,0
UZB,2016-07-31,2016,7,0
UZB,2016-08-31,2016,8,0
UZB,2016-09-30,2016,9,0
UZB,2016-10-31,2016,10,0
UZB,2016-11-30,2016,11,0
UZB,2016-12-31,2016,12,0
VEN,1990-01-31,1990,1,0
VEN,1990-02-28,1990,2,0
VEN,1990-03-31,1990,3,0
VEN,1990-04-30,1990,4,0
VEN,1990-05-31,1990,5,0
VEN,1990-06-30,1990,6,0
VEN,1990-07-31,1990,7,0
VEN,1990-08-31,1990,8,0
VEN,1990-09-30,1990,9,0
VEN,1990-10-31,1990,10,0
VEN,1990-11-30,1990,11,0
VEN,1990-12-31,1990,12,0
VEN,1991-01-31,1991,1,0
VEN,1991-02-28,1991,2,0
VEN,1991-03-31,1991,3,0
VEN,1991-04-30,1991,4,0
VEN,1991-05-31,1991,5,0
VEN,1991-06-30,1991,6,0
VEN,1991-07-31,1991,7,0
VEN,1991-08-31,1991,8,0
VEN,1991-09-30,1991,9,0
VEN,1991-10-31,1991,10,0
VEN,1991-11-30,1991,11,0
VEN,1991-12-31,1991,12,0
VEN,1992-01-31,1992,1,0
VEN,1992-02-29,1992,2,0
VEN,1992-03-31,1992,3,0
VEN,1992-04-30,1992,4,0
VEN,1992-05-31,1992,5,0
VEN,1992-06-30,1992,6,0
VEN,1992-07-31,1992,7,0
VEN,1992-08-31,1992,8,0
VEN,1992-09-30,1992,9,0
VEN,1992-10-31,1992,10,0
VEN,1992-11-30,1992,11,0
VEN,1992-12-31,1992,12,0
VEN,1993-01-31,1993,1,1
VEN,1993-02-28,1993,2,1
VEN,1993-03-31,1993,3,1
VEN,1993-04-30,1993,4,1
VEN,1993-05-31,1993,5,1
VEN,1993-06-30,1993,6,1
VEN,1993-07-31,1993,7,1
VEN,1993-08-31,1993,8,1
VEN,1993-09-30,1993,9,1
VEN,1993-10-31,1993,10,1
VEN,1993-11-30,1993,11,1
VEN,1993-12-31,1993,12,1
VEN,1994-01-31,1994,1,0
VEN,1994-02-28,1994,2,0
VEN,1994-03-31,1994,3,0
VEN,1994-04-30,1994,4,0
VEN,1994-05-31,1994,5,0
VEN,1994-06-30,1994,6,0
VEN,1994-07-31,1994,7,0
VEN,1994-08-31,1994,8,0
VEN,1994-09-30,1994,9,0
VEN,1994-10-31,1994,10,0
VEN,1994-11-30,1994,11,0
VEN,1994-12-31,1994,12,0
VEN,1995-01-31,1995,1,0
VEN,1995-02-28,1995,2,0
VEN,1995-03-31,1995,3,0
VEN,1995-04-30,1995,4,0
VEN,1995-05-31,1995,5,0
VEN,1995-06-30,1995,6,0
VEN,1995-07-31,1995,7,0
VEN,1995-08-31,1995,8,0
VEN,1995-09-30,1995,9,0
VEN,1995-10-31,1995,10,0
VEN,1995-11-30,1995,11,0
VEN,1995-12-31,1995,12,0
VEN,1996-01-31,1996,1,0
VEN,1996-02-29,1996,2,0
VEN,1996-03-31,1996,3,0
VEN,1996-04-30,1996,4,0
VEN,1996-05-31,1996,5,0
VEN,1996-06-30,1996,6,0
VEN,1996-07-31,1996,7,0
VEN,1996-08-31,1996,8,0
VEN,1996-09-30,1996,9,0
VEN,1996-10-31,1996,10,0
VEN,1996-11-30,1996,11,0
VEN,1996-12-31,1996,12,0
VEN,1997-01-31,1997,1,0
VEN,1997-02-28,1997,2,0
VEN,1997-03-31,1997,3,0
VEN,1997-04-30,1997,4,0
VEN,1997-05-31,1997,5,0
VEN,1997-06-30,1997,6,0
VEN,1997-07-31,1997,7,0
VEN,1997-08-31,1997,8,0
VEN,1997-09-30,1997,9,0
VEN,1997-10-31,1997,10,0
VEN,1997-11-30,1997,11,0
VEN,1997-12-31,1997,12,0
VEN,1998-01-31,1998,1,0
VEN,1998-02-28,1998,2,0
VEN,1998-03-31,1998,3,0
VEN,1998-04-30,1998,4,0
VEN,1998-05-31,1998,5,0
VEN,1998-06-30,1998,6,0
VEN,1998-07-31,1998,7,0
VEN,1998-08-31,1998,8,0
VEN,1998-09-30,1998,9,0
VEN,1998-10-31,1998,10,0
VEN,1998-11-30,1998,11,0
VEN,1998-12-31,1998,12,0
VEN,1999-01-31,1999,1,0
VEN,1999-02-28,1999,2,0
VEN,1999-03-31,1999,3,0
VEN,1999-04-30,1999,4,0
VEN,1999-05-31,1999,5,0
VEN,1999-06-30,1999,6,0
VEN,1999-07-31,1999,7,0
VEN,1999-08-31,1999,8,0
VEN,1999-09-30,1999,9,0
VEN,1999-10-31,1999,10,0
VEN,1999-11-30,1999,11,0
VEN,1999-12-31,1999,12,0
VEN,2000-01-31,2000,1,0
VEN,2000-02-29,2000,2,0
VEN,2000-03-31,2000,3,0
VEN,2000-04-30,2000,4,0
VEN,2000-05-31,2000,5,0
VEN,2000-06-30,2000,6,0
VEN,2000-07-31,2000,7,0
VEN,2000-08-31,2000,8,0
VEN,2000-09-30,2000,9,0
VEN,2000-10-31,2000,10,0
VEN,2000-11-30,2000,11,0
VEN,2000-12-31,2000,12,0
VEN,2001-01-31,2001,1,1
VEN,2001-02-28,2001,2,1
VEN,2001-03-31,2001,3,1
VEN,2001-04-30,2001,4,1
VEN,2001-05-31,2001,5,1
VEN,2001-06-30,2001,6,1
VEN,2001-07-31,2001,7,1
VEN,2001-08-31,2001,8,1
VEN,2001-09-30,2001,9,1
VEN,2001-10-31,2001,10,1
VEN,2001-11-30,2001,11,1
VEN,2001-12-31,2001,12,1
VEN,2002-01-31,2002,1,0
VEN,2002-02-28,2002,2,0
VEN,2002-03-31,2002,3,0
VEN,2002-04-30,2002,4,0
VEN,2002-05-31,2002,5,0
VEN,2002-06-30,2002,6,0
VEN,2002-07-31,2002,7,0
VEN,2002-08-31,2002,8,0
VEN,2002-09-30,2002,9,0
VEN,2002-10-31,2002,10,0
VEN,2002-11-30,2002,11,0
VEN,2002-12-31,2002,12,0
VEN,2003-01-31,2003,1,0
VEN,2003-02-28,2003,2,0
VEN,2003-03-31,2003,3,0
VEN,2003-04-30,2003,4,0
VEN,2003-05-31,2003,5,0
VEN,2003-06-30,2003,6,0
VEN,2003-07-31,2003,7,0
VEN,2003-08-31,2003,8,0
VEN,2003-09-30,2003,9,0
VEN,2003-10-31,2003,10,0
VEN,2003-11-30,2003,11,0
VEN,2003-12-31,2003,12,0
VEN,2004-01-31,2004,1,0
VEN,2004-02-29,2004,2,0
VEN,2004-03-31,2004,3,0
VEN,2004-04-30,2004,4,0
VEN,2004-05-31,2004,5,0
VEN,2004-06-30,2004,6,0
VEN,2004-07-31,2004,7,0
VEN,2004-08-31,2004,8,0
VEN,2004-09-30,2004,9,0
VEN,2004-10-31,2004,10,0
VEN,2004-11-30,2004,11,0
VEN,2004-12-31,2004,12,0
VEN,2005-01-31,2005,1,0
VEN,2005-02-28,2005,2,0
VEN,2005-03-31,2005,3,0
VEN,2005-04-30,2005,4,0
VEN,2005-05-31,2005,5,0
VEN,2005-06-30,2005,6,0
VEN,2005-07-31,2005,7,0
VEN,2005-08-31,2005,8,0
VEN,2005-09-30,2005,9,0
VEN,2005-10-31,2005,10,0
VEN,2005-11-30,2005,11,0
VEN,2005-12-31,2005,12,0
VEN,2006-01-31,2006,1,0
VEN,2006-02-28,2006,2,0
VEN,2006-03-31,2006,3,0
VEN,2006-04-30,2006,4,0
VEN,2006-05-31,2006,5,0
VEN,2006-06-30,2006,6,0
VEN,2006-07-31,2006,7,0
VEN,2006-08-31,2006,8,0
VEN,2006-09-30,2006,9,0
VEN,2006-10-31,2006,10,0
VEN,2006-11-30,2006,11,0
VEN,2006-12-31,2006,12,0
VEN,2007-01-31,2007,1,0
VEN,2007-02-28,2007,2,0
VEN,2007-03-31,2007,3,0
VEN,2007-04-30,2007,4,0
VEN,2007-05-31,2007,5,0
VEN,2007-06-30,2007,6,0
VEN,2007-07-31,2007,7,0
VEN,2007-08-31,2007,8,0
VEN,2007-09-30,2007,9,0
VEN,2007-10-31,2007,10,0
VEN,2007-11-30,2007,11,0
VEN,2007-12-31,2007,12,0
VEN,2008-01-31,2008,1,0
VEN,2008-02-29,2008,2,0
VEN,2008-03-31,2008,3,0
VEN,2008-04-30,2008,4,0
VEN,2008-05-31,2008,5,0
VEN,2008-06-30,2008,6,0
VEN,2008-07-31,2008,7,0
VEN,2008-08-31,2008,8,0
VEN,2008-09-30,2008,9,0
VEN,2008-10-31,2008,10,0
VEN,2008-11-30,2008,11,0
VEN,2008-12-31,2008,12,0
VEN,2009-01-31,2009,1,1
VEN,2009-02-28,2009,2,1
VEN,2009-03-31,2009,3,1
VEN,2009-04-30,2009,4,1
VEN,2009-05-31,2009,5,1
VEN,2009-06-30,2009,6,1
VEN,2009-07-31,2009,7,1
VEN,2009-08-31,2009,8,1
VEN,2009-09-30,2009,9,1
VEN,2009-10-31,2009,10,1
VEN,2009-11-30,2009,11,1
VEN,2009-12-31,2009,12,1
VEN,2010-01-31,2010,1,0
VEN,2010-02-28,2010,2,0
VEN,2010-03-31,2010,3,0
VEN,2010-04-30,2010,4,0
VEN,2010-05-31,2010,5,0
VEN,2010-06-30,2010,6,0
VEN,2010-07-31,2010,7,0
VEN,2010-08-31,2010,8,0
VEN,2010-09-30,2010,9,0
VEN,2010-10-31,2010,10,0
VEN,2010-11-30,2010,11,0
VEN,2010-12-31,2010,12,0
VEN,2011-01-31,2011,1,0
VEN,2011-02-28,2011,2,0
VEN,2011-03-31,2011,3,0
VEN,2011-04-30,2011,4,0
VEN,2011-05-31,2011,5,0
VEN,2011-06-30,2011,6,0
VEN,2011-07-31,2011,7,0
VEN,2011-08-31,2011,8,0
VEN,2011-09-30,2011,9,0
VEN,2011-10-31,2011,10,0
VEN,2011-11-30,2011,11,0
VEN,2011-12-31,2011,12,0
VEN,2012-01-31,2012,1,0
VEN,2012-02-29,2012,2,0
VEN,2012-03-31,2012,3,0
VEN,2012-04-30,2012,4,0
VEN,2012-05-31,2012,5,0
VEN,2012-06-30,2012,6,0
VEN,2012-07-31,2012,7,0
VEN,2012-08-31,2012,8,0
VEN,2012-09-30,2012,9,0
VEN,2012-10-31,2012,10,0
VEN,2012-11-30,2012,11,0
VEN,2012-12-31,2012,12,0
VEN,2013-01-31,2013,1,0
VEN,2013-02-28,2013,2,0
VEN,2013-03-31,2013,3,0
VEN,2013-04-30,2013,4,0
VEN,2013-05-31,2013,5,0
VEN,2013-06-30,2013,6,0
VEN,2013-07-31,2013,7,0
VEN,2013-08-31,2013,8,0
VEN,2013-09-30,2013,9,0
VEN,2013-10-31,2013,10,0
VEN,2013-11-30,2013,11,0
VEN,2013-12-31,2013,12,0
VEN,2014-01-31,2014,1,0
VEN,2014-02-28,2014,2,0
VEN,2014-03-31,2014,3,0
VEN,2014-04-30,2014,4,0
VEN,2014-05-31,2014,5,0
VEN,2014-06-30,2014,6,0
VEN,2014-07-31,2014,7,0
VEN,2014-08-31,2014,8,0
VEN,2014-09-30,2014,9,0
VEN,2014-10-31,2014,10,0
VEN,2014-11-30,2014,11,0
VEN,2014-12-31,2014,12,0
VEN,2015-01-31,2015,1,0
VEN,2015-02-28,2015,2,0
VEN,2015-03-31,2015,3,0
VEN,2015-04-30,2015,4,0
VEN,2015-05-31,2015,5,0
VEN,2015-06-30,2015,6,0
VEN,2015-07-31,2015,7,0
VEN,2015-08-31,2015,8,0
VEN,2015-09-30,2015,9,0
VEN,2015-10-31,2015,10,0
VEN,2015-11-30,2015,11,0
VEN,2015-12-31,2015,12,0
VEN,2016-01-31,2016,1,0
VEN,2016-02-29,2016,2,0
VEN,2016-03-31,2016,3,0
VEN,2016-04-30,2016,4,0
VEN,2016-05-31,2016,5,0
VEN,2016-06-30,2016,6,0
VEN,2016-07-31,2016,7,0
VEN,2016-08-31,2016,8,0
VEN,2016-09-30,2016,9,0
VEN,2016-10-31,2016,10,0
VEN,2016-11-30,2016,11,0
VEN,2016-12-31,2016,12,0
VNM,1990-01-31,1990,1,0
VNM,1990-02-28,1990,2,0
VNM,1990-03-31,1990,3,0
VNM,1990-04-30,1990,4,0
VNM,1990-05-31,1990,5,0
VNM,1990-06-30,1990,6,0
VNM,1990-07-31,1990,7,0
VNM,1990-08-31,1990,8,0
VNM,1990-09-30,1990,9,0
VNM,1990-10-31,1990,10,0
VNM,1990-11-30,1990,11,0
VNM,1990-12-31,1990,12,0
VNM,1991-01-31,1991,1,0
VNM,1991-02-28,1991,2,0
VNM,1991-03-31,1991,3,0
VNM,1991-04-30,1991,4,0
VNM,1991-05-31,1991,5,0
VNM,1991-06-30,1991,6,0
VNM,1991-07-31,1991,7,0
VNM,1991-08-31,1991,8,0
VNM,1991-09-30,1991,9,0
VNM,1991-10-31,1991,10,0
VNM,1991-11-30,1991,11,0
VNM,1991-12-31,1991,12,0
VNM,1992-01-31,1992,1,0
VNM,1992-02-29,1992,2,0
VNM,1992-03-31,1992,3,0
VNM,1992-04-30,1992,4,0
VNM,1992-05-31,1992,5,0
VNM,1992-06-30,1992,6,0
VNM,1992-07-31,1992,7,0
VNM,1992-08-31,1992,8,0
VNM,1992-09-30,1992,9,0
VNM,1992-10-31,1992,10,0
VNM,1992-11-30,1992,11,0
VNM,1992-12-31,1992,12,0
VNM,1993-01-31,1993,1,0
VNM,1993-02-28,1993,2,0
VNM,1993-03-31,1993,3,0
VNM,1993-04-30,1993,4,0
VNM,1993-05-31,1993,5,0
VNM,1993-06-30,1993,6,0
VNM,1993-07-31,1993,7,0
VNM,1993-08-31,1993,8,0
VNM,1993-09-30,1993,9,0
VNM,1993-10-31,1993,10,0
VNM,1993-11-30,1993,11,0
VNM,1993-12-31,1993,12,0
VNM,1994-01-31,1994,1,0
VNM,1994-02-28,1994,2,0
VNM,1994-03-31,1994,3,0
VNM,1994-04-30,1994,4,0
VNM,1994-05-31,1994,5,0
VNM,1994-06-30,1994,6,0
VNM,1994-07-31,1994,7,0
VNM,1994-08-31,1994,8,0
VNM,1994-09-30,1994,9,0
VNM,1994-10-31,1994,10,0
VNM,1994-11-30,1994,11,0
VNM,1994-12-31,1994,12,0
VNM,1995-01-31,1995,1,0
VNM,1995-02-28,1995,2,0
VNM,1995-03-31,1995,3,0
VNM,1995-04-30,1995,4,0
VNM,1995-05-31,1995,5,0
VNM,1995-06-30,1995,6,0
VNM,1995-07-31,1995,7,0
VNM,1995-08-31,1995,8,0
VNM,1995-09-30,1995,9,0
VNM,1995-10-31,1995,10,0
VNM,1995-11-30,1995,11,0
VNM,1995-12-31,1995,12,0
VNM,1996-01-31,1996,1,0
VNM,1996-02-29,1996,2,0
VNM,1996-03-31,1996,3,0
VNM,1996-04-30,1996,4,0
VNM,1996-05-31,1996,5,0
VNM,1996-06-30,1996,6,0
VNM,1996-07-31,1996,7,0
VNM,1996-08-31,1996,8,0
VNM,1996-09-30,1996,9,0
VNM,1996-10-31,1996,10,0
VNM,1996-11-30,1996,11,0
VNM,1996-12-31,1996,12,0
VNM,1997-01-31,1997,1,0
VNM,1997-02-28,1997,2,0
VNM,1997-03-31,1997,3,0
VNM,1997-04-30,1997,4,0
VNM,1997-05-31,1997,5,0
VNM,1997-06-30,1997,6,0
VNM,1997-07-31,1997,7,0
VNM,1997-08-31,1997,8,0
VNM,1997-09-30,1997,9,0
VNM,1997-10-31,1997,10,0
VNM,1997-11-30,1997,11,0
VNM,1997-12-31,1997,12,0
VNM,1998-01-31,1998,1,0
VNM,1998-02-28,1998,2,0
VNM,1998-03-31,1998,3,0
VNM,1998-04-30,1998,4,0
VNM,1998-05-31,1998,5,0
VNM,1998-06-30,1998,6,0
VNM,1998-07-31,1998,7,0
VNM,1998-08-31,1998,8,0
VNM,1998-09-30,1998,9,0
VNM,1998-10-31,1998,10,0
VNM,1998-11-30,1998,11,0
VNM,1998-12-31,1998,12,0
VNM,1999-01-31,1999,1,0
VNM,1999-02-28,1999,2,0
VNM,1999-03-31,1999,3,0
VNM,1999-04-30,1999,4,0
VNM,1999-05-31,1999,5,0
VNM,1999-06-30,1999,6,0
VNM,1999-07-31,1999,7,0
VNM,1999-08-31,1999,8,0
VNM,1999-09-30,1999,9,0
VNM,1999-10-31,1999,10,0
VNM,1999-11-30,1999,11,0
VNM,1999-12-31,1999,12,0
VNM,2000-01-31,2000,1,0
VNM,2000-02-29,2000,2,0
VNM,2000-03-31,2000,3,0
VNM,2000-04-30,2000,4,0
VNM,2000-05-31,2000,5,0
VNM,2000-06-30,2000,6,0
VNM,2000-07-31,2000,7,0
VNM,2000-08-31,2000,8,0
VNM,2000-09-30,2000,9,0
VNM,2000-10-31,2000,10,0
VNM,2000-11-30,2000,11,0
VNM,2000-12-31,2000,12,0
VNM,2001-01-31,2001,1,0
VNM,2001-02-28,2001,2,0
VNM,2001-03-31,2001,3,0
VNM,2001-04-30,2001,4,0
VNM,2001-05-31,2001,5,0
VNM,2001-06-30,2001,6,0
VNM,2001-07-31,2001,7,0
VNM,2001-08-31,2001,8,0
VNM,2001-09-30,2001,9,0
VNM,2001-10-31,2001,10,0
VNM,2001-11-30,2001,11,0
VNM,2001-12-31,2001,12,0
VNM,2002-01-31,2002,1,0
VNM,2002-02-28,2002,2,0
VNM,2002-03-31,2002,3,0
VNM,2002-04-30,2002,4,0
VNM,2002-05-31,2002,5,0
VNM,2002-06-30,2002,6,0
VNM,2002-07-31,2002,7,0
VNM,2002-08-31,2002,8,0
VNM,2002-09-30,2002,9,0
VNM,2002-10-31,2002,10,0
VNM,2002-11-30,2002,11,0
VNM,2002-12-31,2002,12,0
VNM,2003-01-31,2003,1,0
VNM,2003-02-28,2003,2,0
VNM,2003-03-31,2003,3,0
VNM,2003-04-30,2003,4,0
VNM,2003-05-31,2003,5,0
VNM,2003-06-30,2003,6,0
VNM,2003-07-31,2003,7,0
VNM,2003-08-31,2003,8,0
VNM,2003-09-30,2003,9,0
VNM,2003-10-31,2003,10,0
VNM,2003-11-30,2003,11,0
VNM,2003-12-31,2003,12,0
VNM,2004-01-31,2004,1,0
VNM,2004-02-29,2004,2,0
VNM,2004-03-31,2004,3,0
VNM,2004-04-30,2004,4,0
VNM,2004-05-31,2004,5,0
VNM,2004-06-30,2004,6,0
VNM,2004-07-31,2004,7,0
VNM,2004-08-31,2004,8,0
VNM,2004-09-30,2004,9,0
VNM,2004-10-31,2004,10,0
VNM,2004-12-31,2004,12,0
VNM,2005-01-31,2005,1,0
VNM,2005-02-28,2005,2,0
VNM,2005-03-31,2005,3,0
VNM,2005-04-30,2005,4,0
VNM,2005-05-31,2005,5,0
VNM,2005-06-30,2005,6,0
VNM,2005-07-31,2005,7,0
VNM,2005-08-31,2005,8,0
VNM,2005-09-30,2005,9,0
VNM,2005-10-31,2005,10,0
VNM,2005-11-30,2005,11,0
VNM,2005-12-31,2005,12,0
VNM,2006-01-31,2006,1,0
VNM,2006-02-28,2006,2,0
VNM,2006-03-31,2006,3,0
VNM,2006-04-30,2006,4,0
VNM,2006-05-31,2006,5,0
VNM,2006-06-30,2006,6,0
VNM,2006-07-31,2006,7,0
VNM,2006-08-31,2006,8,0
VNM,2006-09-30,2006,9,0
VNM,2006-10-31,2006,10,0
VNM,2006-11-30,2006,11,0
VNM,2006-12-31,2006,12,0
VNM,2007-01-31,2007,1,0
VNM,2007-02-28,2007,2,0
VNM,2007-03-31,2007,3,0
VNM,2007-04-30,2007,4,0
VNM,2007-05-31,2007,5,0
VNM,2007-06-30,2007,6,0
VNM,2007-07-31,2007,7,0
VNM,2007-08-31,2007,8,0
VNM,2007-09-30,2007,9,0
VNM,2007-10-31,2007,10,0
VNM,2007-11-30,2007,11,0
VNM,2007-12-31,2007,12,0
VNM,2008-01-31,2008,1,0
VNM,2008-02-29,2008,2,0
VNM,2008-03-31,2008,3,0
VNM,2008-04-30,2008,4,0
VNM,2008-05-31,2008,5,0
VNM,2008-06-30,2008,6,0
VNM,2008-07-31,2008,7,0
VNM,2008-08-31,2008,8,0
VNM,2008-09-30,2008,9,0
VNM,2008-10-31,2008,10,0
VNM,2008-11-30,2008,11,0
VNM,2008-12-31,2008,12,0
VNM,2009-01-31,2009,1,0
VNM,2009-02-28,2009,2,0
VNM,2009-03-31,2009,3,0
VNM,2009-04-30,2009,4,0
VNM,2009-05-31,2009,5,0
VNM,2009-06-30,2009,6,0
VNM,2009-07-31,2009,7,0
VNM,2009-08-31,2009,8,0
VNM,2009-09-30,2009,9,0
VNM,2009-10-31,2009,10,0
VNM,2009-11-30,2009,11,0
VNM,2009-12-31,2009,12,0
VNM,2010-01-31,2010,1,0
VNM,2010-02-28,2010,2,0
VNM,2010-03-31,2010,3,0
VNM,2010-04-30,2010,4,0
VNM,2010-05-31,2010,5,0
VNM,2010-06-30,2010,6,0
VNM,2010-07-31,2010,7,0
VNM,2010-08-31,2010,8,0
VNM,2010-09-30,2010,9,0
VNM,2010-10-31,2010,10,0
VNM,2010-11-30,2010,11,0
VNM,2010-12-31,2010,12,0
VNM,2011-01-31,2011,1,0
VNM,2011-02-28,2011,2,0
VNM,2011-03-31,2011,3,0
VNM,2011-04-30,2011,4,0
VNM,2011-05-31,2011,5,0
VNM,2011-06-30,2011,6,0
VNM,2011-07-31,2011,7,0
VNM,2011-08-31,2011,8,0
VNM,2011-09-30,2011,9,0
VNM,2011-10-31,2011,10,0
VNM,2011-11-30,2011,11,0
VNM,2011-12-31,2011,12,0
VNM,2012-01-31,2012,1,0
VNM,2012-02-29,2012,2,0
VNM,2012-03-31,2012,3,0
VNM,2012-04-30,2012,4,0
VNM,2012-05-31,2012,5,0
VNM,2012-06-30,2012,6,0
VNM,2012-07-31,2012,7,0
VNM,2012-08-31,2012,8,0
VNM,2012-09-30,2012,9,0
VNM,2012-10-31,2012,10,0
VNM,2012-11-30,2012,11,0
VNM,2012-12-31,2012,12,0
VNM,2013-01-31,2013,1,0
VNM,2013-02-28,2013,2,0
VNM,2013-03-31,2013,3,0
VNM,2013-04-30,2013,4,0
VNM,2013-05-31,2013,5,0
VNM,2013-06-30,2013,6,0
VNM,2013-07-31,2013,7,0
VNM,2013-08-31,2013,8,0
VNM,2013-09-30,2013,9,0
VNM,2013-10-31,2013,10,0
VNM,2013-11-30,2013,11,0
VNM,2013-12-31,2013,12,0
VNM,2014-01-31,2014,1,0
VNM,2014-02-28,2014,2,0
VNM,2014-03-31,2014,3,0
VNM,2014-04-30,2014,4,0
VNM,2014-05-31,2014,5,0
VNM,2014-06-30,2014,6,0
VNM,2014-07-31,2014,7,0
VNM,2014-08-31,2014,8,0
VNM,2014-09-30,2014,9,0
VNM,2014-10-31,2014,10,0
VNM,2014-11-30,2014,11,0
VNM,2014-12-31,2014,12,0
VNM,2015-01-31,2015,1,0
VNM,2015-02-28,2015,2,0
VNM,2015-03-31,2015,3,0
VNM,2015-04-30,2015,4,0
VNM,2015-05-31,2015,5,0
VNM,2015-06-30,2015,6,0
VNM,2015-07-31,2015,7,0
VNM,2015-08-31,2015,8,0
VNM,2015-09-30,2015,9,0
VNM,2015-10-31,2015,10,0
VNM,2015-11-30,2015,11,0
VNM,2015-12-31,2015,12,0
VNM,2016-01-31,2016,1,0
VNM,2016-02-29,2016,2,0
VNM,2016-03-31,2016,3,0
VNM,2016-04-30,2016,4,0
VNM,2016-05-31,2016,5,0
VNM,2016-06-30,2016,6,0
VNM,2016-07-31,2016,7,0
VNM,2016-08-31,2016,8,0
VNM,2016-09-30,2016,9,0
VNM,2016-10-31,2016,10,0
VNM,2016-11-30,2016,11,0
VNM,2016-12-31,2016,12,0
YEM,1990-05-31,1990,5,0
YEM,1990-06-30,1990,6,0
YEM,1990-07-31,1990,7,0
YEM,1990-08-31,1990,8,0
YEM,1990-09-30,1990,9,0
YEM,1990-10-31,1990,10,0
YEM,1990-11-30,1990,11,0
YEM,1990-12-31,1990,12,0
YEM,1991-01-31,1991,1,0
YEM,1991-02-28,1991,2,0
YEM,1991-03-31,1991,3,0
YEM,1991-04-30,1991,4,0
YEM,1991-05-31,1991,5,0
YEM,1991-06-30,1991,6,0
YEM,1991-07-31,1991,7,0
YEM,1991-08-31,1991,8,0
YEM,1991-09-30,1991,9,0
YEM,1991-10-31,1991,10,0
YEM,1991-11-30,1991,11,0
YEM,1991-12-31,1991,12,0
YEM,1992-01-31,1992,1,0
YEM,1992-02-29,1992,2,0
YEM,1992-03-31,1992,3,0
YEM,1992-04-30,1992,4,0
YEM,1992-05-31,1992,5,0
YEM,1992-06-30,1992,6,0
YEM,1992-07-31,1992,7,0
YEM,1992-08-31,1992,8,0
YEM,1992-09-30,1992,9,0
YEM,1992-10-31,1992,10,0
YEM,1992-11-30,1992,11,0
YEM,1992-12-31,1992,12,0
YEM,1993-01-31,1993,1,0
YEM,1993-02-28,1993,2,0
YEM,1993-03-31,1993,3,0
YEM,1993-04-30,1993,4,0
YEM,1993-05-31,1993,5,0
YEM,1993-06-30,1993,6,0
YEM,1993-07-31,1993,7,0
YEM,1993-08-31,1993,8,0
YEM,1993-09-30,1993,9,0
YEM,1993-10-31,1993,10,0
YEM,1993-11-30,1993,11,0
YEM,1993-12-31,1993,12,0
YEM,1994-01-31,1994,1,1
YEM,1994-02-28,1994,2,1
YEM,1994-03-31,1994,3,1
YEM,1994-04-30,1994,4,1
YEM,1994-05-31,1994,5,1
YEM,1994-06-30,1994,6,1
YEM,1994-07-31,1994,7,1
YEM,1994-08-31,1994,8,1
YEM,1994-09-30,1994,9,1
YEM,1994-10-31,1994,10,1
YEM,1994-11-30,1994,11,1
YEM,1994-12-31,1994,12,1
YEM,1995-01-31,1995,1,0
YEM,1995-02-28,1995,2,0
YEM,1995-03-31,1995,3,0
YEM,1995-04-30,1995,4,0
YEM,1995-05-31,1995,5,0
YEM,1995-06-30,1995,6,0
YEM,1995-07-31,1995,7,0
YEM,1995-08-31,1995,8,0
YEM,1995-09-30,1995,9,0
YEM,1995-10-31,1995,10,0
YEM,1995-11-30,1995,11,0
YEM,1995-12-31,1995,12,0
YEM,1996-01-31,1996,1,0
YEM,1996-02-29,1996,2,0
YEM,1996-03-31,1996,3,0
YEM,1996-04-30,1996,4,0
YEM,1996-05-31,1996,5,0
YEM,1996-06-30,1996,6,0
YEM,1996-07-31,1996,7,0
YEM,1996-08-31,1996,8,0
YEM,1996-09-30,1996,9,0
YEM,1996-10-31,1996,10,0
YEM,1996-11-30,1996,11,0
YEM,1996-12-31,1996,12,0
YEM,1997-01-31,1997,1,0
YEM,1997-02-28,1997,2,0
YEM,1997-03-31,1997,3,0
YEM,1997-04-30,1997,4,0
YEM,1997-05-31,1997,5,0
YEM,1997-06-30,1997,6,0
YEM,1997-07-31,1997,7,0
YEM,1997-08-31,1997,8,0
YEM,1997-09-30,1997,9,0
YEM,1997-10-31,1997,10,0
YEM,1997-11-30,1997,11,0
YEM,1997-12-31,1997,12,0
YEM,1998-01-31,1998,1,0
YEM,1998-02-28,1998,2,0
YEM,1998-03-31,1998,3,0
YEM,1998-04-30,1998,4,0
YEM,1998-05-31,1998,5,0
YEM,1998-06-30,1998,6,0
YEM,1998-07-31,1998,7,0
YEM,1998-08-31,1998,8,0
YEM,1998-09-30,1998,9,0
YEM,1998-10-31,1998,10,0
YEM,1998-11-30,1998,11,0
YEM,1998-12-31,1998,12,0
YEM,1999-01-31,1999,1,0
YEM,1999-02-28,1999,2,0
YEM,1999-03-31,1999,3,0
YEM,1999-04-30,1999,4,0
YEM,1999-05-31,1999,5,0
YEM,1999-06-30,1999,6,0
YEM,1999-07-31,1999,7,0
YEM,1999-08-31,1999,8,0
YEM,1999-09-30,1999,9,0
YEM,1999-10-31,1999,10,0
YEM,1999-11-30,1999,11,0
YEM,1999-12-31,1999,12,0
YEM,2000-01-31,2000,1,0
YEM,2000-02-29,2000,2,0
YEM,2000-03-31,2000,3,0
YEM,2000-04-30,2000,4,0
YEM,2000-05-31,2000,5,0
YEM,2000-06-30,2000,6,0
YEM,2000-07-31,2000,7,0
YEM,2000-08-31,2000,8,0
YEM,2000-09-30,2000,9,0
YEM,2000-10-31,2000,10,0
YEM,2000-11-30,2000,11,0
YEM,2000-12-31,2000,12,0
YEM,2001-01-31,2001,1,0
YEM,2001-02-28,2001,2,0
YEM,2001-03-31,2001,3,0
YEM,2001-04-30,2001,4,0
YEM,2001-05-31,2001,5,0
YEM,2001-06-30,2001,6,0
YEM,2001-07-31,2001,7,0
YEM,2001-08-31,2001,8,0
YEM,2001-09-30,2001,9,0
YEM,2001-10-31,2001,10,0
YEM,2001-11-30,2001,11,0
YEM,2001-12-31,2001,12,0
YEM,2002-01-31,2002,1,0
YEM,2002-02-28,2002,2,0
YEM,2002-03-31,2002,3,0
YEM,2002-04-30,2002,4,0
YEM,2002-05-31,2002,5,0
YEM,2002-06-30,2002,6,0
YEM,2002-07-31,2002,7,0
YEM,2002-08-31,2002,8,0
YEM,2002-09-30,2002,9,0
YEM,2002-10-31,2002,10,0
YEM,2002-11-30,2002,11,0
YEM,2002-12-31,2002,12,0
YEM,2003-01-31,2003,1,0
YEM,2003-02-28,2003,2,0
YEM,2003-03-31,2003,3,0
YEM,2003-04-30,2003,4,0
YEM,2003-05-31,2003,5,0
YEM,2003-06-30,2003,6,0
YEM,2003-07-31,2003,7,0
YEM,2003-08-31,2003,8,0
YEM,2003-09-30,2003,9,0
YEM,2003-10-31,2003,10,0
YEM,2003-11-30,2003,11,0
YEM,2003-12-31,2003,12,0
YEM,2004-01-31,2004,1,0
YEM,2004-02-29,2004,2,0
YEM,2004-03-31,2004,3,0
YEM,2004-04-30,2004,4,0
YEM,2004-05-31,2004,5,0
YEM,2004-06-30,2004,6,0
YEM,2004-07-31,2004,7,0
YEM,2004-08-31,2004,8,0
YEM,2004-09-30,2004,9,0
YEM,2004-10-31,2004,10,0
YEM,2004-11-30,2004,11,0
YEM,2004-12-31,2004,12,0
YEM,2005-01-31,2005,1,0
YEM,2005-02-28,2005,2,0
YEM,2005-03-31,2005,3,0
YEM,2005-04-30,2005,4,0
YEM,2005-05-31,2005,5,0
YEM,2005-06-30,2005,6,0
YEM,2005-07-31,2005,7,0
YEM,2005-08-31,2005,8,0
YEM,2005-09-30,2005,9,0
YEM,2005-10-31,2005,10,0
YEM,2005-11-30,2005,11,0
YEM,2005-12-31,2005,12,0
YEM,2006-01-31,2006,1,0
YEM,2006-02-28,2006,2,0
YEM,2006-03-31,2006,3,0
YEM,2006-04-30,2006,4,0
YEM,2006-05-31,2006,5,0
YEM,2006-06-30,2006,6,0
YEM,2006-07-31,2006,7,0
YEM,2006-08-31,2006,8,0
YEM,2006-09-30,2006,9,0
YEM,2006-10-31,2006,10,0
YEM,2006-11-30,2006,11,0
YEM,2006-12-31,2006,12,0
YEM,2007-01-31,2007,1,0
YEM,2007-02-28,2007,2,0
YEM,2007-03-31,2007,3,0
YEM,2007-04-30,2007,4,0
YEM,2007-05-31,2007,5,0
YEM,2007-06-30,2007,6,0
YEM,2007-07-31,2007,7,0
YEM,2007-08-31,2007,8,0
YEM,2007-09-30,2007,9,0
YEM,2007-10-31,2007,10,0
YEM,2007-11-30,2007,11,0
YEM,2007-12-31,2007,12,0
YEM,2008-01-31,2008,1,0
YEM,2008-02-29,2008,2,0
YEM,2008-03-31,2008,3,0
YEM,2008-04-30,2008,4,0
YEM,2008-05-31,2008,5,0
YEM,2008-06-30,2008,6,0
YEM,2008-07-31,2008,7,0
YEM,2008-08-31,2008,8,0
YEM,2008-09-30,2008,9,0
YEM,2008-10-31,2008,10,0
YEM,2008-11-30,2008,11,0
YEM,2008-12-31,2008,12,0
YEM,2009-01-31,2009,1,0
YEM,2009-02-28,2009,2,0
YEM,2009-03-31,2009,3,0
YEM,2009-04-30,2009,4,0
YEM,2009-05-31,2009,5,0
YEM,2009-06-30,2009,6,0
YEM,2009-07-31,2009,7,0
YEM,2009-08-31,2009,8,0
YEM,2009-09-30,2009,9,0
YEM,2009-10-31,2009,10,0
YEM,2009-11-30,2009,11,0
YEM,2009-12-31,2009,12,0
YEM,2010-01-31,2010,1,0
YEM,2010-02-28,2010,2,0
YEM,2010-03-31,2010,3,0
YEM,2010-04-30,2010,4,0
YEM,2010-05-31,2010,5,0
YEM,2010-06-30,2010,6,0
YEM,2010-07-31,2010,7,0
YEM,2010-08-31,2010,8,0
YEM,2010-09-30,2010,9,0
YEM,2010-10-31,2010,10,0
YEM,2010-11-30,2010,11,0
YEM,2010-12-31,2010,12,0
YEM,2011-01-31,2011,1,0
YEM,2011-02-28,2011,2,0
YEM,2011-03-31,2011,3,0
YEM,2011-04-30,2011,4,0
YEM,2011-05-31,2011,5,0
YEM,2011-06-30,2011,6,0
YEM,2011-07-31,2011,7,0
YEM,2011-08-31,2011,8,0
YEM,2011-09-30,2011,9,0
YEM,2011-10-31,2011,10,0
YEM,2011-11-30,2011,11,0
YEM,2011-12-31,2011,12,0
YEM,2012-01-31,2012,1,0
YEM,2012-02-29,2012,2,0
YEM,2012-03-31,2012,3,0
YEM,2012-04-30,2012,4,0
YEM,2012-05-31,2012,5,0
YEM,2012-06-30,2012,6,0
YEM,2012-07-31,2012,7,0
YEM,2012-08-31,2012,8,0
YEM,2012-09-30,2012,9,0
YEM,2012-10-31,2012,10,0
YEM,2012-11-30,2012,11,0
YEM,2012-12-31,2012,12,0
YEM,2013-01-31,2013,1,0
YEM,2013-02-28,2013,2,0
YEM,2013-03-31,2013,3,0
YEM,2013-04-30,2013,4,0
YEM,2013-05-31,2013,5,0
YEM,2013-06-30,2013,6,0
YEM,2013-07-31,2013,7,0
YEM,2013-08-31,2013,8,0
YEM,2013-09-30,2013,9,0
YEM,2013-10-31,2013,10,0
YEM,2013-11-30,2013,11,0
YEM,2013-12-31,2013,12,0
YEM,2014-01-31,2014,1,0
YEM,2014-02-28,2014,2,0
YEM,2014-03-31,2014,3,0
YEM,2014-04-30,2014,4,0
YEM,2014-05-31,2014,5,0
YEM,2014-06-30,2014,6,0
YEM,2014-07-31,2014,7,0
YEM,2014-08-31,2014,8,0
YEM,2014-09-30,2014,9,0
YEM,2014-10-31,2014,10,0
YEM,2014-11-30,2014,11,0
YEM,2014-12-31,2014,12,0
YEM,2015-01-31,2015,1,0
YEM,2015-02-28,2015,2,0
YEM,2015-03-31,2015,3,0
YEM,2015-04-30,2015,4,0
YEM,2015-05-31,2015,5,0
YEM,2015-06-30,2015,6,0
YEM,2015-07-31,2015,7,0
YEM,2015-08-31,2015,8,0
YEM,2015-09-30,2015,9,0
YEM,2015-10-31,2015,10,0
YEM,2015-11-30,2015,11,0
YEM,2015-12-31,2015,12,0
YEM,2016-01-31,2016,1,0
YEM,2016-02-29,2016,2,0
YEM,2016-03-31,2016,3,0
YEM,2016-04-30,2016,4,0
YEM,2016-05-31,2016,5,0
YEM,2016-06-30,2016,6,0
YEM,2016-07-31,2016,7,0
YEM,2016-08-31,2016,8,0
YEM,2016-09-30,2016,9,0
YEM,2016-10-31,2016,10,0
YEM,2016-11-30,2016,11,0
YEM,2016-12-31,2016,12,0
ZAF,1990-01-31,1990,1,0
ZAF,1990-02-28,1990,2,0
ZAF,1990-03-31,1990,3,0
ZAF,1990-04-30,1990,4,0
ZAF,1990-05-31,1990,5,0
ZAF,1990-06-30,1990,6,0
ZAF,1990-07-31,1990,7,0
ZAF,1990-08-31,1990,8,0
ZAF,1990-09-30,1990,9,0
ZAF,1990-10-31,1990,10,0
ZAF,1990-11-30,1990,11,0
ZAF,1990-12-31,1990,12,0
ZAF,1991-01-31,1991,1,0
ZAF,1991-02-28,1991,2,0
ZAF,1991-03-31,1991,3,0
ZAF,1991-04-30,1991,4,0
ZAF,1991-05-31,1991,5,0
ZAF,1991-06-30,1991,6,0
ZAF,1991-07-31,1991,7,0
ZAF,1991-08-31,1991,8,0
ZAF,1991-09-30,1991,9,0
ZAF,1991-10-31,1991,10,0
ZAF,1991-11-30,1991,11,0
ZAF,1991-12-31,1991,12,0
ZAF,1992-01-31,1992,1,0
ZAF,1992-02-29,1992,2,0
ZAF,1992-03-31,1992,3,0
ZAF,1992-04-30,1992,4,0
ZAF,1992-05-31,1992,5,0
ZAF,1992-06-30,1992,6,0
ZAF,1992-07-31,1992,7,0
ZAF,1992-08-31,1992,8,0
ZAF,1992-09-30,1992,9,0
ZAF,1992-10-31,1992,10,0
ZAF,1992-11-30,1992,11,0
ZAF,1992-12-31,1992,12,0
ZAF,1993-01-31,1993,1,0
ZAF,1993-02-28,1993,2,0
ZAF,1993-03-31,1993,3,0
ZAF,1993-04-30,1993,4,0
ZAF,1993-05-31,1993,5,0
ZAF,1993-06-30,1993,6,0
ZAF,1993-07-31,1993,7,0
ZAF,1993-08-31,1993,8,0
ZAF,1993-09-30,1993,9,0
ZAF,1993-10-31,1993,10,0
ZAF,1993-11-30,1993,11,0
ZAF,1993-12-31,1993,12,0
ZAF,1994-01-31,1994,1,0
ZAF,1994-02-28,1994,2,0
ZAF,1994-03-31,1994,3,0
ZAF,1994-04-30,1994,4,0
ZAF,1994-05-31,1994,5,0
ZAF,1994-06-30,1994,6,0
ZAF,1994-07-31,1994,7,0
ZAF,1994-08-31,1994,8,0
ZAF,1994-09-30,1994,9,0
ZAF,1994-10-31,1994,10,0
ZAF,1994-11-30,1994,11,0
ZAF,1994-12-31,1994,12,0
ZAF,1995-01-31,1995,1,0
ZAF,1995-02-28,1995,2,0
ZAF,1995-03-31,1995,3,0
ZAF,1995-04-30,1995,4,0
ZAF,1995-05-31,1995,5,0
ZAF,1995-06-30,1995,6,0
ZAF,1995-07-31,1995,7,0
ZAF,1995-08-31,1995,8,0
ZAF,1995-09-30,1995,9,0
ZAF,1995-10-31,1995,10,0
ZAF,1995-11-30,1995,11,0
ZAF,1995-12-31,1995,12,0
ZAF,1996-01-31,1996,1,0
ZAF,1996-02-29,1996,2,0
ZAF,1996-03-31,1996,3,0
ZAF,1996-04-30,1996,4,0
ZAF,1996-05-31,1996,5,0
ZAF,1996-06-30,1996,6,0
ZAF,1996-07-31,1996,7,0
ZAF,1996-08-31,1996,8,0
ZAF,1996-09-30,1996,9,0
ZAF,1996-10-31,1996,10,0
ZAF,1996-11-30,1996,11,0
ZAF,1996-12-31,1996,12,0
ZAF,1997-01-31,1997,1,0
ZAF,1997-02-28,1997,2,0
ZAF,1997-03-31,1997,3,0
ZAF,1997-04-30,1997,4,0
ZAF,1997-05-31,1997,5,0
ZAF,1997-06-30,1997,6,0
ZAF,1997-07-31,1997,7,0
ZAF,1997-08-31,1997,8,0
ZAF,1997-09-30,1997,9,0
ZAF,1997-10-31,1997,10,0
ZAF,1997-11-30,1997,11,0
ZAF,1997-12-31,1997,12,0
ZAF,1998-01-31,1998,1,0
ZAF,1998-02-28,1998,2,0
ZAF,1998-03-31,1998,3,0
ZAF,1998-04-30,1998,4,0
ZAF,1998-05-31,1998,5,0
ZAF,1998-06-30,1998,6,0
ZAF,1998-07-31,1998,7,0
ZAF,1998-08-31,1998,8,0
ZAF,1998-09-30,1998,9,0
ZAF,1998-10-31,1998,10,0
ZAF,1998-11-30,1998,11,0
ZAF,1998-12-31,1998,12,0
ZAF,1999-01-31,1999,1,0
ZAF,1999-02-28,1999,2,0
ZAF,1999-03-31,1999,3,0
ZAF,1999-04-30,1999,4,0
ZAF,1999-05-31,1999,5,0
ZAF,1999-06-30,1999,6,0
ZAF,1999-07-31,1999,7,0
ZAF,1999-08-31,1999,8,0
ZAF,1999-09-30,1999,9,0
ZAF,1999-10-31,1999,10,0
ZAF,1999-11-30,1999,11,0
ZAF,1999-12-31,1999,12,0
ZAF,2000-01-31,2000,1,0
ZAF,2000-02-29,2000,2,0
ZAF,2000-03-31,2000,3,0
ZAF,2000-04-30,2000,4,0
ZAF,2000-05-31,2000,5,0
ZAF,2000-06-30,2000,6,0
ZAF,2000-07-31,2000,7,0
ZAF,2000-08-31,2000,8,0
ZAF,2000-09-30,2000,9,0
ZAF,2000-10-31,2000,10,0
ZAF,2000-11-30,2000,11,0
ZAF,2000-12-31,2000,12,0
ZAF,2001-01-31,2001,1,0
ZAF,2001-02-28,2001,2,0
ZAF,2001-03-31,2001,3,0
ZAF,2001-04-30,2001,4,0
ZAF,2001-05-31,2001,5,0
ZAF,2001-06-30,2001,6,0
ZAF,2001-07-31,2001,7,0
ZAF,2001-08-31,2001,8,0
ZAF,2001-09-30,2001,9,0
ZAF,2001-10-31,2001,10,0
ZAF,2001-11-30,2001,11,0
ZAF,2001-12-31,2001,12,0
ZAF,2002-01-31,2002,1,0
ZAF,2002-02-28,2002,2,0
ZAF,2002-03-31,2002,3,0
ZAF,2002-04-30,2002,4,0
ZAF,2002-05-31,2002,5,0
ZAF,2002-06-30,2002,6,0
ZAF,2002-07-31,2002,7,0
ZAF,2002-08-31,2002,8,0
ZAF,2002-09-30,2002,9,0
ZAF,2002-10-31,2002,10,0
ZAF,2002-11-30,2002,11,0
ZAF,2002-12-31,2002,12,0
ZAF,2003-01-31,2003,1,0
ZAF,2003-02-28,2003,2,0
ZAF,2003-03-31,2003,3,0
ZAF,2003-04-30,2003,4,0
ZAF,2003-05-31,2003,5,0
ZAF,2003-06-30,2003,6,0
ZAF,2003-07-31,2003,7,0
ZAF,2003-08-31,2003,8,0
ZAF,2003-09-30,2003,9,0
ZAF,2003-10-31,2003,10,0
ZAF,2003-11-30,2003,11,0
ZAF,2003-12-31,2003,12,0
ZAF,2004-01-31,2004,1,0
ZAF,2004-02-29,2004,2,0
ZAF,2004-03-31,2004,3,0
ZAF,2004-04-30,2004,4,0
ZAF,2004-05-31,2004,5,0
ZAF,2004-06-30,2004,6,0
ZAF,2004-07-31,2004,7,0
ZAF,2004-08-31,2004,8,0
ZAF,2004-09-30,2004,9,0
ZAF,2004-10-31,2004,10,0
ZAF,2004-11-30,2004,11,0
ZAF,2004-12-31,2004,12,0
ZAF,2005-01-31,2005,1,0
ZAF,2005-02-28,2005,2,0
ZAF,2005-03-31,2005,3,0
ZAF,2005-04-30,2005,4,0
ZAF,2005-05-31,2005,5,0
ZAF,2005-06-30,2005,6,0
ZAF,2005-07-31,2005,7,0
ZAF,2005-08-31,2005,8,0
ZAF,2005-09-30,2005,9,0
ZAF,2005-10-31,2005,10,0
ZAF,2005-11-30,2005,11,0
ZAF,2005-12-31,2005,12,0
ZAF,2006-01-31,2006,1,0
ZAF,2006-02-28,2006,2,0
ZAF,2006-03-31,2006,3,0
ZAF,2006-04-30,2006,4,0
ZAF,2006-05-31,2006,5,0
ZAF,2006-06-30,2006,6,0
ZAF,2006-07-31,2006,7,0
ZAF,2006-08-31,2006,8,0
ZAF,2006-09-30,2006,9,0
ZAF,2006-10-31,2006,10,0
ZAF,2006-11-30,2006,11,0
ZAF,2006-12-31,2006,12,0
ZAF,2007-01-31,2007,1,0
ZAF,2007-02-28,2007,2,0
ZAF,2007-03-31,2007,3,0
ZAF,2007-04-30,2007,4,0
ZAF,2007-05-31,2007,5,0
ZAF,2007-06-30,2007,6,0
ZAF,2007-07-31,2007,7,0
ZAF,2007-08-31,2007,8,0
ZAF,2007-09-30,2007,9,0
ZAF,2007-10-31,2007,10,0
ZAF,2007-11-30,2007,11,0
ZAF,2007-12-31,2007,12,0
ZAF,2008-01-31,2008,1,0
ZAF,2008-02-29,2008,2,0
ZAF,2008-03-31,2008,3,0
ZAF,2008-04-30,2008,4,0
ZAF,2008-05-31,2008,5,0
ZAF,2008-06-30,2008,6,0
ZAF,2008-07-31,2008,7,0
ZAF,2008-08-31,2008,8,0
ZAF,2008-09-30,2008,9,0
ZAF,2008-10-31,2008,10,0
ZAF,2008-11-30,2008,11,0
ZAF,2008-12-31,2008,12,0
ZAF,2009-01-31,2009,1,0
ZAF,2009-02-28,2009,2,0
ZAF,2009-03-31,2009,3,0
ZAF,2009-04-30,2009,4,0
ZAF,2009-05-31,2009,5,0
ZAF,2009-06-30,2009,6,0
ZAF,2009-07-31,2009,7,0
ZAF,2009-08-31,2009,8,0
ZAF,2009-09-30,2009,9,0
ZAF,2009-10-31,2009,10,0
ZAF,2009-11-30,2009,11,0
ZAF,2009-12-31,2009,12,0
ZAF,2010-01-31,2010,1,0
ZAF,2010-02-28,2010,2,0
ZAF,2010-03-31,2010,3,0
ZAF,2010-04-30,2010,4,0
ZAF,2010-05-31,2010,5,0
ZAF,2010-06-30,2010,6,0
ZAF,2010-07-31,2010,7,0
ZAF,2010-08-31,2010,8,0
ZAF,2010-09-30,2010,9,0
ZAF,2010-10-31,2010,10,0
ZAF,2010-11-30,2010,11,0
ZAF,2010-12-31,2010,12,0
ZAF,2011-01-31,2011,1,0
ZAF,2011-02-28,2011,2,0
ZAF,2011-03-31,2011,3,0
ZAF,2011-04-30,2011,4,0
ZAF,2011-05-31,2011,5,0
ZAF,2011-06-30,2011,6,0
ZAF,2011-07-31,2011,7,0
ZAF,2011-08-31,2011,8,0
ZAF,2011-09-30,2011,9,0
ZAF,2011-10-31,2011,10,0
ZAF,2011-11-30,2011,11,0
ZAF,2011-12-31,2011,12,0
ZAF,2012-01-31,2012,1,0
ZAF,2012-02-29,2012,2,0
ZAF,2012-03-31,2012,3,0
ZAF,2012-04-30,2012,4,0
ZAF,2012-05-31,2012,5,0
ZAF,2012-06-30,2012,6,0
ZAF,2012-07-31,2012,7,0
ZAF,2012-08-31,2012,8,0
ZAF,2012-09-30,2012,9,0
ZAF,2012-10-31,2012,10,0
ZAF,2012-11-30,2012,11,0
ZAF,2012-12-31,2012,12,0
ZAF,2013-01-31,2013,1,0
ZAF,2013-02-28,2013,2,0
ZAF,2013-03-31,2013,3,0
ZAF,2013-04-30,2013,4,0
ZAF,2013-05-31,2013,5,0
ZAF,2013-06-30,2013,6,0
ZAF,2013-07-31,2013,7,0
ZAF,2013-08-31,2013,8,0
ZAF,2013-09-30,2013,9,0
ZAF,2013-10-31,2013,10,0
ZAF,2013-11-30,2013,11,0
ZAF,2013-12-31,2013,12,0
ZAF,2014-01-31,2014,1,1
ZAF,2014-02-28,2014,2,1
ZAF,2014-03-31,2014,3,1
ZAF,2014-04-30,2014,4,1
ZAF,2014-05-31,2014,5,1
ZAF,2014-06-30,2014,6,1
ZAF,2014-07-31,2014,7,1
ZAF,2014-08-31,2014,8,1
ZAF,2014-09-30,2014,9,1
ZAF,2014-10-31,2014,10,1
ZAF,2014-11-30,2014,11,1
ZAF,2014-12-31,2014,12,1
ZAF,2015-01-31,2015,1,0
ZAF,2015-02-28,2015,2,0
ZAF,2015-03-31,2015,3,0
ZAF,2015-04-30,2015,4,0
ZAF,2015-05-31,2015,5,0
ZAF,2015-06-30,2015,6,0
ZAF,2015-07-31,2015,7,0
ZAF,2015-08-31,2015,8,0
ZAF,2015-09-30,2015,9,0
ZAF,2015-10-31,2015,10,0
ZAF,2015-11-30,2015,11,0
ZAF,2015-12-31,2015,12,0
ZAF,2016-01-31,2016,1,0
ZAF,2016-02-29,2016,2,0
ZAF,2016-03-31,2016,3,0
ZAF,2016-04-30,2016,4,0
ZAF,2016-05-31,2016,5,0
ZAF,2016-06-30,2016,6,0
ZAF,2016-07-31,2016,7,0
ZAF,2016-08-31,2016,8,0
ZAF,2016-09-30,2016,9,0
ZAF,2016-10-31,2016,10,0
ZAF,2016-11-30,2016,11,0
ZAF,2016-12-31,2016,12,0
ZMB,1990-01-31,1990,1,0
ZMB,1990-02-28,1990,2,0
ZMB,1990-03-31,1990,3,0
ZMB,1990-04-30,1990,4,0
ZMB,1990-05-31,1990,5,0
ZMB,1990-06-30,1990,6,0
ZMB,1990-07-31,1990,7,0
ZMB,1990-08-31,1990,8,0
ZMB,1990-09-30,1990,9,0
ZMB,1990-10-31,1990,10,0
ZMB,1990-11-30,1990,11,0
ZMB,1990-12-31,1990,12,0
ZMB,1991-01-31,1991,1,0
ZMB,1991-02-28,1991,2,0
ZMB,1991-03-31,1991,3,0
ZMB,1991-04-30,1991,4,0
ZMB,1991-05-31,1991,5,0
ZMB,1991-06-30,1991,6,0
ZMB,1991-07-31,1991,7,0
ZMB,1991-08-31,1991,8,0
ZMB,1991-09-30,1991,9,0
ZMB,1991-10-31,1991,10,0
ZMB,1991-11-30,1991,11,0
ZMB,1991-12-31,1991,12,0
ZMB,1992-01-31,1992,1,0
ZMB,1992-02-29,1992,2,0
ZMB,1992-03-31,1992,3,0
ZMB,1992-04-30,1992,4,0
ZMB,1992-05-31,1992,5,0
ZMB,1992-06-30,1992,6,0
ZMB,1992-07-31,1992,7,0
ZMB,1992-08-31,1992,8,0
ZMB,1992-09-30,1992,9,0
ZMB,1992-10-31,1992,10,0
ZMB,1992-11-30,1992,11,0
ZMB,1992-12-31,1992,12,0
ZMB,1993-01-31,1993,1,0
ZMB,1993-02-28,1993,2,0
ZMB,1993-03-31,1993,3,0
ZMB,1993-04-30,1993,4,0
ZMB,1993-05-31,1993,5,0
ZMB,1993-06-30,1993,6,0
ZMB,1993-07-31,1993,7,0
ZMB,1993-08-31,1993,8,0
ZMB,1993-09-30,1993,9,0
ZMB,1993-10-31,1993,10,0
ZMB,1993-11-30,1993,11,0
ZMB,1993-12-31,1993,12,0
ZMB,1994-01-31,1994,1,0
ZMB,1994-02-28,1994,2,0
ZMB,1994-03-31,1994,3,0
ZMB,1994-04-30,1994,4,0
ZMB,1994-05-31,1994,5,0
ZMB,1994-06-30,1994,6,0
ZMB,1994-07-31,1994,7,0
ZMB,1994-08-31,1994,8,0
ZMB,1994-09-30,1994,9,0
ZMB,1994-10-31,1994,10,0
ZMB,1994-11-30,1994,11,0
ZMB,1994-12-31,1994,12,0
ZMB,1995-01-31,1995,1,1
ZMB,1995-02-28,1995,2,1
ZMB,1995-03-31,1995,3,1
ZMB,1995-04-30,1995,4,1
ZMB,1995-05-31,1995,5,1
ZMB,1995-06-30,1995,6,1
ZMB,1995-07-31,1995,7,1
ZMB,1995-08-31,1995,8,1
ZMB,1995-09-30,1995,9,1
ZMB,1995-10-31,1995,10,1
ZMB,1995-11-30,1995,11,1
ZMB,1995-12-31,1995,12,1
ZMB,1996-01-31,1996,1,0
ZMB,1996-02-29,1996,2,0
ZMB,1996-03-31,1996,3,0
ZMB,1996-04-30,1996,4,0
ZMB,1996-05-31,1996,5,0
ZMB,1996-06-30,1996,6,0
ZMB,1996-07-31,1996,7,0
ZMB,1996-08-31,1996,8,0
ZMB,1996-09-30,1996,9,0
ZMB,1996-10-31,1996,10,0
ZMB,1996-11-30,1996,11,0
ZMB,1996-12-31,1996,12,0
ZMB,1997-01-31,1997,1,0
ZMB,1997-02-28,1997,2,0
ZMB,1997-03-31,1997,3,0
ZMB,1997-04-30,1997,4,0
ZMB,1997-05-31,1997,5,0
ZMB,1997-06-30,1997,6,0
ZMB,1997-07-31,1997,7,0
ZMB,1997-08-31,1997,8,0
ZMB,1997-09-30,1997,9,0
ZMB,1997-10-31,1997,10,0
ZMB,1997-11-30,1997,11,0
ZMB,1997-12-31,1997,12,0
ZMB,1998-01-31,1998,1,0
ZMB,1998-02-28,1998,2,0
ZMB,1998-03-31,1998,3,0
ZMB,1998-04-30,1998,4,0
ZMB,1998-05-31,1998,5,0
ZMB,1998-06-30,1998,6,0
ZMB,1998-07-31,1998,7,0
ZMB,1998-08-31,1998,8,0
ZMB,1998-09-30,1998,9,0
ZMB,1998-10-31,1998,10,0
ZMB,1998-11-30,1998,11,0
ZMB,1998-12-31,1998,12,0
ZMB,1999-01-31,1999,1,0
ZMB,1999-02-28,1999,2,0
ZMB,1999-03-31,1999,3,0
ZMB,1999-04-30,1999,4,0
ZMB,1999-05-31,1999,5,0
ZMB,1999-06-30,1999,6,0
ZMB,1999-07-31,1999,7,0
ZMB,1999-08-31,1999,8,0
ZMB,1999-09-30,1999,9,0
ZMB,1999-10-31,1999,10,0
ZMB,1999-11-30,1999,11,0
ZMB,1999-12-31,1999,12,0
ZMB,2000-01-31,2000,1,0
ZMB,2000-02-29,2000,2,0
ZMB,2000-03-31,2000,3,0
ZMB,2000-04-30,2000,4,0
ZMB,2000-05-31,2000,5,0
ZMB,2000-06-30,2000,6,0
ZMB,2000-07-31,2000,7,0
ZMB,2000-08-31,2000,8,0
ZMB,2000-09-30,2000,9,0
ZMB,2000-10-31,2000,10,0
ZMB,2000-11-30,2000,11,0
ZMB,2000-12-31,2000,12,0
ZMB,2001-01-31,2001,1,0
ZMB,2001-02-28,2001,2,0
ZMB,2001-03-31,2001,3,0
ZMB,2001-04-30,2001,4,0
ZMB,2001-05-31,2001,5,0
ZMB,2001-06-30,2001,6,0
ZMB,2001-07-31,2001,7,0
ZMB,2001-08-31,2001,8,0
ZMB,2001-09-30,2001,9,0
ZMB,2001-10-31,2001,10,0
ZMB,2001-11-30,2001,11,0
ZMB,2001-12-31,2001,12,0
ZMB,2002-01-31,2002,1,0
ZMB,2002-02-28,2002,2,0
ZMB,2002-03-31,2002,3,0
ZMB,2002-04-30,2002,4,0
ZMB,2002-05-31,2002,5,0
ZMB,2002-06-30,2002,6,0
ZMB,2002-07-31,2002,7,0
ZMB,2002-08-31,2002,8,0
ZMB,2002-09-30,2002,9,0
ZMB,2002-10-31,2002,10,0
ZMB,2002-11-30,2002,11,0
ZMB,2002-12-31,2002,12,0
ZMB,2003-01-31,2003,1,0
ZMB,2003-02-28,2003,2,0
ZMB,2003-03-31,2003,3,0
ZMB,2003-04-30,2003,4,0
ZMB,2003-05-31,2003,5,0
ZMB,2003-06-30,2003,6,0
ZMB,2003-07-31,2003,7,0
ZMB,2003-08-31,2003,8,0
ZMB,2003-09-30,2003,9,0
ZMB,2003-10-31,2003,10,0
ZMB,2003-11-30,2003,11,0
ZMB,2003-12-31,2003,12,0
ZMB,2004-01-31,2004,1,0
ZMB,2004-02-29,2004,2,0
ZMB,2004-03-31,2004,3,0
ZMB,2004-04-30,2004,4,0
ZMB,2004-05-31,2004,5,0
ZMB,2004-06-30,2004,6,0
ZMB,2004-07-31,2004,7,0
ZMB,2004-08-31,2004,8,0
ZMB,2004-09-30,2004,9,0
ZMB,2004-10-31,2004,10,0
ZMB,2004-11-30,2004,11,0
ZMB,2004-12-31,2004,12,0
ZMB,2005-01-31,2005,1,0
ZMB,2005-02-28,2005,2,0
ZMB,2005-03-31,2005,3,0
ZMB,2005-04-30,2005,4,0
ZMB,2005-05-31,2005,5,0
ZMB,2005-06-30,2005,6,0
ZMB,2005-07-31,2005,7,0
ZMB,2005-08-31,2005,8,0
ZMB,2005-09-30,2005,9,0
ZMB,2005-10-31,2005,10,0
ZMB,2005-11-30,2005,11,0
ZMB,2005-12-31,2005,12,0
ZMB,2006-01-31,2006,1,0
ZMB,2006-02-28,2006,2,0
ZMB,2006-03-31,2006,3,0
ZMB,2006-04-30,2006,4,0
ZMB,2006-05-31,2006,5,0
ZMB,2006-06-30,2006,6,0
ZMB,2006-07-31,2006,7,0
ZMB,2006-08-31,2006,8,0
ZMB,2006-09-30,2006,9,0
ZMB,2006-10-31,2006,10,0
ZMB,2006-11-30,2006,11,0
ZMB,2006-12-31,2006,12,0
ZMB,2007-01-31,2007,1,0
ZMB,2007-02-28,2007,2,0
ZMB,2007-03-31,2007,3,0
ZMB,2007-04-30,2007,4,0
ZMB,2007-05-31,2007,5,0
ZMB,2007-06-30,2007,6,0
ZMB,2007-07-31,2007,7,0
ZMB,2007-08-31,2007,8,0
ZMB,2007-09-30,2007,9,0
ZMB,2007-10-31,2007,10,0
ZMB,2007-11-30,2007,11,0
ZMB,2007-12-31,2007,12,0
ZMB,2008-01-31,2008,1,1
ZMB,2008-02-29,2008,2,1
ZMB,2008-03-31,2008,3,1
ZMB,2008-04-30,2008,4,1
ZMB,2008-05-31,2008,5,1
ZMB,2008-06-30,2008,6,1
ZMB,2008-07-31,2008,7,1
ZMB,2008-08-31,2008,8,1
ZMB,2008-09-30,2008,9,1
ZMB,2008-10-31,2008,10,1
ZMB,2008-11-30,2008,11,1
ZMB,2008-12-31,2008,12,1
ZMB,2009-01-31,2009,1,0
ZMB,2009-02-28,2009,2,0
ZMB,2009-03-31,2009,3,0
ZMB,2009-04-30,2009,4,0
ZMB,2009-05-31,2009,5,0
ZMB,2009-06-30,2009,6,0
ZMB,2009-07-31,2009,7,0
ZMB,2009-08-31,2009,8,0
ZMB,2009-09-30,2009,9,0
ZMB,2009-10-31,2009,10,0
ZMB,2009-11-30,2009,11,0
ZMB,2009-12-31,2009,12,0
ZMB,2010-01-31,2010,1,0
ZMB,2010-02-28,2010,2,0
ZMB,2010-03-31,2010,3,0
ZMB,2010-04-30,2010,4,0
ZMB,2010-05-31,2010,5,0
ZMB,2010-06-30,2010,6,0
ZMB,2010-07-31,2010,7,0
ZMB,2010-08-31,2010,8,0
ZMB,2010-09-30,2010,9,0
ZMB,2010-10-31,2010,10,0
ZMB,2010-11-30,2010,11,0
ZMB,2010-12-31,2010,12,0
ZMB,2011-01-31,2011,1,0
ZMB,2011-02-28,2011,2,0
ZMB,2011-03-31,2011,3,0
ZMB,2011-04-30,2011,4,0
ZMB,2011-05-31,2011,5,0
ZMB,2011-06-30,2011,6,0
ZMB,2011-07-31,2011,7,0
ZMB,2011-08-31,2011,8,0
ZMB,2011-09-30,2011,9,0
ZMB,2011-10-31,2011,10,0
ZMB,2011-11-30,2011,11,0
ZMB,2011-12-31,2011,12,0
ZMB,2012-01-31,2012,1,0
ZMB,2012-02-29,2012,2,0
ZMB,2012-03-31,2012,3,0
ZMB,2012-04-30,2012,4,0
ZMB,2012-05-31,2012,5,0
ZMB,2012-06-30,2012,6,0
ZMB,2012-07-31,2012,7,0
ZMB,2012-08-31,2012,8,0
ZMB,2012-09-30,2012,9,0
ZMB,2012-10-31,2012,10,0
ZMB,2012-11-30,2012,11,0
ZMB,2012-12-31,2012,12,0
ZMB,2013-01-31,2013,1,0
ZMB,2013-02-28,2013,2,0
ZMB,2013-03-31,2013,3,0
ZMB,2013-04-30,2013,4,0
ZMB,2013-05-31,2013,5,0
ZMB,2013-06-30,2013,6,0
ZMB,2013-07-31,2013,7,0
ZMB,2013-08-31,2013,8,0
ZMB,2013-09-30,2013,9,0
ZMB,2013-10-31,2013,10,0
ZMB,2013-11-30,2013,11,0
ZMB,2013-12-31,2013,12,0
ZMB,2014-01-31,2014,1,1
ZMB,2014-02-28,2014,2,1
ZMB,2014-03-31,2014,3,1
ZMB,2014-04-30,2014,4,1
ZMB,2014-05-31,2014,5,1
ZMB,2014-06-30,2014,6,1
ZMB,2014-07-31,2014,7,1
ZMB,2014-08-31,2014,8,1
ZMB,2014-09-30,2014,9,1
ZMB,2014-10-31,2014,10,1
ZMB,2014-11-30,2014,11,1
ZMB,2014-12-31,2014,12,1
ZMB,2015-01-31,2015,1,0
ZMB,2015-02-28,2015,2,0
ZMB,2015-03-31,2015,3,0
ZMB,2015-04-30,2015,4,0
ZMB,2015-05-31,2015,5,0
ZMB,2015-06-30,2015,6,0
ZMB,2015-07-31,2015,7,0
ZMB,2015-08-31,2015,8,0
ZMB,2015-09-30,2015,9,0
ZMB,2015-10-31,2015,10,0
ZMB,2015-11-30,2015,11,0
ZMB,2015-12-31,2015,12,0
ZMB,2016-01-31,2016,1,0
ZMB,2016-02-29,2016,2,0
ZMB,2016-03-31,2016,3,0
ZMB,2016-04-30,2016,4,0
ZMB,2016-05-31,2016,5,0
ZMB,2016-06-30,2016,6,0
ZMB,2016-07-31,2016,7,0
ZMB,2016-08-31,2016,8,0
ZMB,2016-09-30,2016,9,0
ZMB,2016-10-31,2016,10,0
ZMB,2016-11-30,2016,11,0
ZMB,2016-12-31,2016,12,0
ZWE,1990-01-31,1990,1,1
ZWE,1990-02-28,1990,2,1
ZWE,1990-03-31,1990,3,1
ZWE,1990-04-30,1990,4,1
ZWE,1990-05-31,1990,5,1
ZWE,1990-06-30,1990,6,1
ZWE,1990-07-31,1990,7,1
ZWE,1990-08-31,1990,8,1
ZWE,1990-09-30,1990,9,1
ZWE,1990-10-31,1990,10,1
ZWE,1990-11-30,1990,11,1
ZWE,1990-12-31,1990,12,1
ZWE,1991-01-31,1991,1,0
ZWE,1991-02-28,1991,2,0
ZWE,1991-03-31,1991,3,0
ZWE,1991-04-30,1991,4,0
ZWE,1991-05-31,1991,5,0
ZWE,1991-06-30,1991,6,0
ZWE,1991-07-31,1991,7,0
ZWE,1991-08-31,1991,8,0
ZWE,1991-09-30,1991,9,0
ZWE,1991-10-31,1991,10,0
ZWE,1991-11-30,1991,11,0
ZWE,1991-12-31,1991,12,0
ZWE,1992-01-31,1992,1,0
ZWE,1992-02-29,1992,2,0
ZWE,1992-03-31,1992,3,0
ZWE,1992-04-30,1992,4,0
ZWE,1992-05-31,1992,5,0
ZWE,1992-06-30,1992,6,0
ZWE,1992-07-31,1992,7,0
ZWE,1992-08-31,1992,8,0
ZWE,1992-09-30,1992,9,0
ZWE,1992-10-31,1992,10,0
ZWE,1992-11-30,1992,11,0
ZWE,1992-12-31,1992,12,0
ZWE,1993-01-31,1993,1,0
ZWE,1993-02-28,1993,2,0
ZWE,1993-03-31,1993,3,0
ZWE,1993-04-30,1993,4,0
ZWE,1993-05-31,1993,5,0
ZWE,1993-06-30,1993,6,0
ZWE,1993-07-31,1993,7,0
ZWE,1993-08-31,1993,8,0
ZWE,1993-09-30,1993,9,0
ZWE,1993-10-31,1993,10,0
ZWE,1993-11-30,1993,11,0
ZWE,1993-12-31,1993,12,0
ZWE,1994-01-31,1994,1,0
ZWE,1994-02-28,1994,2,0
ZWE,1994-03-31,1994,3,0
ZWE,1994-04-30,1994,4,0
ZWE,1994-05-31,1994,5,0
ZWE,1994-06-30,1994,6,0
ZWE,1994-07-31,1994,7,0
ZWE,1994-08-31,1994,8,0
ZWE,1994-09-30,1994,9,0
ZWE,1994-10-31,1994,10,0
ZWE,1994-11-30,1994,11,0
ZWE,1994-12-31,1994,12,0
ZWE,1995-01-31,1995,1,0
ZWE,1995-02-28,1995,2,0
ZWE,1995-03-31,1995,3,0
ZWE,1995-04-30,1995,4,0
ZWE,1995-05-31,1995,5,0
ZWE,1995-06-30,1995,6,0
ZWE,1995-07-31,1995,7,0
ZWE,1995-08-31,1995,8,0
ZWE,1995-09-30,1995,9,0
ZWE,1995-10-31,1995,10,0
ZWE,1995-11-30,1995,11,0
ZWE,1995-12-31,1995,12,0
ZWE,1996-01-31,1996,1,0
ZWE,1996-02-29,1996,2,0
ZWE,1996-03-31,1996,3,0
ZWE,1996-04-30,1996,4,0
ZWE,1996-05-31,1996,5,0
ZWE,1996-06-30,1996,6,0
ZWE,1996-07-31,1996,7,0
ZWE,1996-08-31,1996,8,0
ZWE,1996-09-30,1996,9,0
ZWE,1996-10-31,1996,10,0
ZWE,1996-11-30,1996,11,0
ZWE,1996-12-31,1996,12,0
ZWE,1997-01-31,1997,1,1
ZWE,1997-02-28,1997,2,1
ZWE,1997-03-31,1997,3,1
ZWE,1997-04-30,1997,4,1
ZWE,1997-05-31,1997,5,1
ZWE,1997-06-30,1997,6,1
ZWE,1997-07-31,1997,7,1
ZWE,1997-08-31,1997,8,1
ZWE,1997-09-30,1997,9,1
ZWE,1997-10-31,1997,10,1
ZWE,1997-11-30,1997,11,1
ZWE,1997-12-31,1997,12,1
ZWE,1998-01-31,1998,1,0
ZWE,1998-02-28,1998,2,0
ZWE,1998-03-31,1998,3,0
ZWE,1998-04-30,1998,4,0
ZWE,1998-05-31,1998,5,0
ZWE,1998-06-30,1998,6,0
ZWE,1998-07-31,1998,7,0
ZWE,1998-08-31,1998,8,0
ZWE,1998-09-30,1998,9,0
ZWE,1998-10-31,1998,10,0
ZWE,1998-11-30,1998,11,0
ZWE,1998-12-31,1998,12,0
ZWE,1999-01-31,1999,1,0
ZWE,1999-02-28,1999,2,0
ZWE,1999-03-31,1999,3,0
ZWE,1999-04-30,1999,4,0
ZWE,1999-05-31,1999,5,0
ZWE,1999-06-30,1999,6,0
ZWE,1999-07-31,1999,7,0
ZWE,1999-08-31,1999,8,0
ZWE,1999-09-30,1999,9,0
ZWE,1999-10-31,1999,10,0
ZWE,1999-11-30,1999,11,0
ZWE,1999-12-31,1999,12,0
ZWE,2000-01-31,2000,1,0
ZWE,2000-02-29,2000,2,0
ZWE,2000-03-31,2000,3,0
ZWE,2000-04-30,2000,4,0
ZWE,2000-05-31,2000,5,0
ZWE,2000-06-30,2000,6,0
ZWE,2000-07-31,2000,7,0
ZWE,2000-08-31,2000,8,0
ZWE,2000-09-30,2000,9,0
ZWE,2000-10-31,2000,10,0
ZWE,2000-11-30,2000,11,0
ZWE,2000-12-31,2000,12,0
ZWE,2001-01-31,2001,1,0
ZWE,2001-02-28,2001,2,0
ZWE,2001-03-31,2001,3,0
ZWE,2001-04-30,2001,4,0
ZWE,2001-05-31,2001,5,0
ZWE,2001-06-30,2001,6,0
ZWE,2001-07-31,2001,7,0
ZWE,2001-08-31,2001,8,0
ZWE,2001-09-30,2001,9,0
ZWE,2001-10-31,2001,10,0
ZWE,2001-11-30,2001,11,0
ZWE,2001-12-31,2001,12,0
ZWE,2002-01-31,2002,1,1
ZWE,2002-02-28,2002,2,1
ZWE,2002-03-31,2002,3,1
ZWE,2002-04-30,2002,4,1
ZWE,2002-05-31,2002,5,1
ZWE,2002-06-30,2002,6,1
ZWE,2002-07-31,2002,7,1
ZWE,2002-08-31,2002,8,1
ZWE,2002-09-30,2002,9,1
ZWE,2002-10-31,2002,10,1
ZWE,2002-11-30,2002,11,1
ZWE,2002-12-31,2002,12,1
ZWE,2003-01-31,2003,1,0
ZWE,2003-02-28,2003,2,0
ZWE,2003-03-31,2003,3,0
ZWE,2003-04-30,2003,4,0
ZWE,2003-05-31,2003,5,0
ZWE,2003-06-30,2003,6,0
ZWE,2003-07-31,2003,7,0
ZWE,2003-08-31,2003,8,0
ZWE,2003-09-30,2003,9,0
ZWE,2003-10-31,2003,10,0
ZWE,2003-11-30,2003,11,0
ZWE,2003-12-31,2003,12,0
ZWE,2004-01-31,2004,1,0
ZWE,2004-02-29,2004,2,0
ZWE,2004-03-31,2004,3,0
ZWE,2004-04-30,2004,4,0
ZWE,2004-05-31,2004,5,0
ZWE,2004-06-30,2004,6,0
ZWE,2004-07-31,2004,7,0
ZWE,2004-08-31,2004,8,0
ZWE,2004-09-30,2004,9,0
ZWE,2004-10-31,2004,10,0
ZWE,2004-11-30,2004,11,0
ZWE,2004-12-31,2004,12,0
ZWE,2005-01-31,2005,1,0
ZWE,2005-02-28,2005,2,0
ZWE,2005-03-31,2005,3,0
ZWE,2005-04-30,2005,4,0
ZWE,2005-05-31,2005,5,0
ZWE,2005-06-30,2005,6,0
ZWE,2005-07-31,2005,7,0
ZWE,2005-08-31,2005,8,0
ZWE,2005-09-30,2005,9,0
ZWE,2005-10-31,2005,10,0
ZWE,2005-11-30,2005,11,0
ZWE,2005-12-31,2005,12,0
ZWE,2006-01-31,2006,1,0
ZWE,2006-02-28,2006,2,0
ZWE,2006-03-31,2006,3,0
ZWE,2006-04-30,2006,4,0
ZWE,2006-05-31,2006,5,0
ZWE,2006-06-30,2006,6,0
ZWE,2006-07-31,2006,7,0
ZWE,2006-08-31,2006,8,0
ZWE,2006-09-30,2006,9,0
ZWE,2006-10-31,2006,10,0
ZWE,2006-11-30,2006,11,0
ZWE,2006-12-31,2006,12,0
ZWE,2007-01-31,2007,1,0
ZWE,2007-02-28,2007,2,0
ZWE,2007-03-31,2007,3,0
ZWE,2007-04-30,2007,4,0
ZWE,2007-05-31,2007,5,0
ZWE,2007-06-30,2007,6,0
ZWE,2007-07-31,2007,7,0
ZWE,2007-08-31,2007,8,0
ZWE,2007-09-30,2007,9,0
ZWE,2007-10-31,2007,10,0
ZWE,2007-11-30,2007,11,0
ZWE,2007-12-31,2007,12,0
ZWE,2008-01-31,2008,1,0
ZWE,2008-02-29,2008,2,0
ZWE,2008-03-31,2008,3,0
ZWE,2008-04-30,2008,4,0
ZWE,2008-05-31,2008,5,0
ZWE,2008-06-30,2008,6,0
ZWE,2008-07-31,2008,7,0
ZWE,2008-08-31,2008,8,0
ZWE,2008-09-30,2008,9,0
ZWE,2008-10-31,2008,10,0
ZWE,2008-11-30,2008,11,0
ZWE,2008-12-31,2008,12,0
