iso3,date,year,actual_target,risk
AGO,2002-01-31,2002,0,0.8308146518410974
AGO,2002-02-28,2002,0,0.807216286898815
AGO,2002-03-31,2002,0,0.4028778079131461
AGO,2002-04-30,2002,0,0.44656902136475046
AGO,2002-05-31,2002,0,0.49906249413301496
AGO,2002-06-30,2002,0,0.01020123670471328
AGO,2002-07-31,2002,0,0.012239803157829411
AGO,2002-08-31,2002,0,0.010910096364546677
AGO,2002-09-30,2002,0,0.005543878216964548
AGO,2002-10-31,2002,0,0.007388213078316139
AGO,2002-11-30,2002,0,0.00754082032963609
AGO,2002-12-31,2002,0,0.4462081663153179
AGO,2003-01-31,2003,0,0.21144626253714252
AGO,2003-02-28,2003,0,0.191974926572959
AGO,2003-03-31,2003,0,0.24348449546226764
AGO,2003-04-30,2003,0,0.23152419271767288
AGO,2003-05-31,2003,0,0.26489652492062726
AGO,2003-06-30,2003,0,0.3045018382242821
AGO,2003-07-31,2003,0,0.2688273595701609
AGO,2003-08-31,2003,0,0.18745780579422552
AGO,2003-09-30,2003,0,0.05257509607877997
AGO,2003-10-31,2003,0,0.05848580228104231
AGO,2003-11-30,2003,0,0.06708208457731095
AGO,2003-12-31,2003,0,0.07908964195824865
AGO,2004-01-31,2004,0,0.048543824807719745
AGO,2004-02-29,2004,0,0.04956030370658162
AGO,2004-03-31,2004,0,0.07482339441917671
AGO,2004-04-30,2004,0,0.07046257251392715
AGO,2004-05-31,2004,0,0.0680501671417517
AGO,2004-06-30,2004,0,0.0645984161425003
AGO,2004-07-31,2004,0,0.05423049775836922
AGO,2004-08-31,2004,0,0.05086245847891647
AGO,2004-09-30,2004,0,0.0955564448601158
AGO,2004-10-31,2004,0,0.09523967389879026
AGO,2004-11-30,2004,0,0.09757829575081163
AGO,2004-12-31,2004,0,0.10181799080517667
AGO,2005-01-31,2005,0,0.23771042380777663
AGO,2005-02-28,2005,0,0.2384266761240776
AGO,2005-03-31,2005,0,0.26265815765242423
AGO,2005-04-30,2005,0,0.2611186206894984
AGO,2005-05-31,2005,0,0.2514586479049979
AGO,2005-06-30,2005,0,0.2791939643368097
AGO,2005-07-31,2005,0,0.26270279785241507
AGO,2005-08-31,2005,0,0.2682499338307616
AGO,2005-09-30,2005,0,0.26600706169424165
AGO,2005-10-31,2005,0,0.15695149891884977
AGO,2005-11-30,2005,0,0.03771898739937886
AGO,2005-12-31,2005,0,0.039334031159607784
AGO,2006-01-31,2006,0,0.026649330033136902
AGO,2006-02-28,2006,0,0.033303335547230896
AGO,2006-03-31,2006,0,0.03327697651627297
AGO,2006-04-30,2006,0,0.03318783642814138
AGO,2006-05-31,2006,0,0.040092869452050935
AGO,2006-06-30,2006,0,0.0398808789202531
AGO,2006-07-31,2006,0,0.04485461220077387
AGO,2006-08-31,2006,0,0.045438421711190176
AGO,2006-09-30,2006,0,0.04584169098052191
AGO,2006-10-31,2006,0,0.04210732587795705
AGO,2006-11-30,2006,0,0.054865962982402726
AGO,2006-12-31,2006,0,0.05782108877053257
AGO,2007-01-31,2007,0,0.0493419168378984
AGO,2007-02-28,2007,0,0.06347053684239767
AGO,2007-03-31,2007,0,0.06369008498437691
AGO,2007-04-30,2007,0,0.041972657461184046
AGO,2007-05-31,2007,0,0.028778004298541382
AGO,2007-06-30,2007,0,0.029890502038320388
AGO,2007-07-31,2007,0,0.03039452137819869
AGO,2007-08-31,2007,0,0.03451613251773238
AGO,2007-09-30,2007,0,0.03455972319603548
AGO,2007-10-31,2007,0,0.0338719717696746
AGO,2007-11-30,2007,0,0.056291357554810725
AGO,2007-12-31,2007,0,0.052304444236908144
AGO,2008-01-31,2008,0,0.0675198970274458
AGO,2008-02-29,2008,0,0.06492518467299335
AGO,2008-03-31,2008,0,0.07788985265344188
AGO,2008-04-30,2008,0,0.05293771635027769
AGO,2008-05-31,2008,0,0.11816878075864298
AGO,2008-06-30,2008,0,0.11250887908124099
AGO,2008-07-31,2008,0,0.12355427535406402
AGO,2008-08-31,2008,0,0.11809898136343205
AGO,2008-09-30,2008,0,0.11689672041898767
AGO,2008-10-31,2008,0,0.141449542299972
AGO,2008-11-30,2008,0,0.15705053380904865
AGO,2008-12-31,2008,0,0.5691664089227755
AGO,2009-01-31,2009,0,0.4505189187143219
AGO,2009-02-28,2009,0,0.5037677354524349
AGO,2009-03-31,2009,0,0.3859999249794614
AGO,2009-04-30,2009,0,0.5811540700907096
AGO,2009-05-31,2009,0,0.5701145887221696
AGO,2009-06-30,2009,0,0.5705566000028777
AGO,2009-07-31,2009,0,0.5639899979764964
AGO,2009-08-31,2009,0,0.5661489105959595
AGO,2009-09-30,2009,0,0.5703878395646499
AGO,2009-10-31,2009,0,0.5928444530777524
AGO,2009-11-30,2009,0,0.5794852470659269
AGO,2009-12-31,2009,0,0.5929078885820327
AGO,2010-01-31,2010,0,0.6807426671146855
AGO,2010-02-28,2010,0,0.668521218414819
AGO,2010-03-31,2010,0,0.6974262954822013
AGO,2010-04-30,2010,0,0.6583634645927228
AGO,2010-05-31,2010,0,0.5733078157494043
AGO,2010-06-30,2010,0,0.5824835589411531
AGO,2010-07-31,2010,0,0.5887252155908403
AGO,2010-08-31,2010,0,0.4596074364760476
AGO,2010-09-30,2010,0,0.45666378004481517
AGO,2010-10-31,2010,0,0.4031439116532604
AGO,2010-11-30,2010,0,0.37779540383788407
AGO,2010-12-31,2010,0,0.37353749006826503
AGO,2011-01-31,2011,0,0.5634704755899262
AGO,2011-02-28,2011,0,0.546092637391747
AGO,2011-03-31,2011,0,0.5455313887186505
AGO,2011-04-30,2011,0,0.5439703844323504
AGO,2011-05-31,2011,0,0.5611788724754225
AGO,2011-06-30,2011,0,0.5634708005715534
AGO,2011-07-31,2011,0,0.46789857165126747
AGO,2011-08-31,2011,0,0.6671065613526699
AGO,2011-09-30,2011,0,0.6733289107168875
AGO,2011-10-31,2011,0,0.6724567479010141
AGO,2011-11-30,2011,0,0.6720349966900252
AGO,2011-12-31,2011,0,0.6711997883407832
AGO,2012-01-31,2012,0,0.5437814461521294
AGO,2012-02-29,2012,0,0.6661262654613718
AGO,2012-03-31,2012,0,0.6277692952764552
AGO,2012-04-30,2012,0,0.635018940060241
AGO,2012-05-31,2012,0,0.6470402598584077
AGO,2012-06-30,2012,0,0.6491217149471422
AGO,2012-07-31,2012,0,0.5864598671990756
AGO,2012-08-31,2012,0,0.7868558612479758
AGO,2012-09-30,2012,0,0.7477836531566037
AGO,2012-10-31,2012,0,0.628397609377667
AGO,2012-11-30,2012,0,0.6259073198589385
AGO,2012-12-31,2012,0,0.6193029488995204
AGO,2013-01-31,2013,0,0.46060013468779515
AGO,2013-02-28,2013,0,0.7091138838091251
AGO,2013-03-31,2013,0,0.7092026169243899
AGO,2013-04-30,2013,0,0.7068747343764411
AGO,2013-05-31,2013,0,0.6874620243118882
AGO,2013-06-30,2013,0,0.6451698406727326
AGO,2013-07-31,2013,0,0.42118179116565635
AGO,2013-08-31,2013,0,0.43191430255833535
AGO,2013-09-30,2013,0,0.6499338637906658
AGO,2013-10-31,2013,0,0.621468693280199
AGO,2013-11-30,2013,0,0.6255818080910295
AGO,2013-12-31,2013,0,0.6296237795396935
AGO,2014-01-31,2014,1,0.612673721914166
AGO,2014-02-28,2014,1,0.6138269831567428
AGO,2014-03-31,2014,1,0.6239570023999518
AGO,2014-04-30,2014,1,0.6131206279601749
AGO,2014-05-31,2014,1,0.6193327205409734
AGO,2014-06-30,2014,1,0.6172324781553026
AGO,2014-07-31,2014,1,0.5475558142559659
AGO,2014-08-31,2014,1,0.5633617806454368
AGO,2014-09-30,2014,1,0.5391966466439927
AGO,2014-10-31,2014,1,0.6233294810686896
AGO,2014-11-30,2014,1,0.6463100347821179
AGO,2014-12-31,2014,1,0.6235659224970517
AGO,2015-01-31,2015,0,0.632973159124296
AGO,2015-02-28,2015,0,0.615613436773933
AGO,2015-03-31,2015,0,0.6277692766164298
AGO,2015-04-30,2015,0,0.6072915292183051
AGO,2015-05-31,2015,0,0.5891379840874825
AGO,2015-06-30,2015,0,0.8638604360817581
AGO,2015-07-31,2015,0,0.8772605684125465
AGO,2015-08-31,2015,0,0.861052826175885
AGO,2015-09-30,2015,0,0.6794448597839687
AGO,2015-10-31,2015,0,0.6433244848312734
AGO,2015-11-30,2015,0,0.6257391521954232
AGO,2015-12-31,2015,0,0.6208425801006506
AGO,2016-01-31,2016,0,0.6773636876227236
AGO,2016-02-29,2016,0,0.7031098673815493
AGO,2016-03-31,2016,0,0.6859003335181005
AGO,2016-04-30,2016,0,0.49849433364480467
AGO,2016-05-31,2016,0,0.482025600514868
AGO,2016-06-30,2016,0,0.6282260127488427
AGO,2016-07-31,2016,0,0.5974384942834271
AGO,2016-08-31,2016,0,0.6093614825847542
AGO,2016-09-30,2016,0,0.6588281867592546
AGO,2016-10-31,2016,0,0.9999999999924312
AGO,2016-11-30,2016,0,0.9999999999975371
AGO,2016-12-31,2016,0,0.99999999999996
ALB,2002-01-31,2002,0,0.4044570295811571
ALB,2002-02-28,2002,0,0.4122203051479008
ALB,2002-03-31,2002,0,0.3914254850443672
ALB,2002-04-30,2002,0,0.3647952663607697
ALB,2002-05-31,2002,0,0.38050810576995486
ALB,2002-06-30,2002,0,0.2790060369674035
ALB,2002-07-31,2002,0,0.2579544911098072
ALB,2002-08-31,2002,0,0.23200043380629792
ALB,2002-09-30,2002,0,0.2376136851771657
ALB,2002-10-31,2002,0,0.24266723320232297
ALB,2002-11-30,2002,0,0.23531359104138855
ALB,2002-12-31,2002,0,0.25672210745882823
ALB,2003-01-31,2003,0,0.17496597043264459
ALB,2003-02-28,2003,0,0.14265369355437577
ALB,2003-03-31,2003,0,0.1334543735901103
ALB,2003-04-30,2003,0,0.16326885752967343
ALB,2003-05-31,2003,0,0.08857241440302728
ALB,2003-06-30,2003,0,0.07951600936302698
ALB,2003-07-31,2003,0,0.08629379192534083
ALB,2003-08-31,2003,0,0.16832074577870007
ALB,2003-09-30,2003,0,0.15859789404783747
ALB,2003-10-31,2003,0,0.16066827294559186
ALB,2003-11-30,2003,0,0.18247921310573958
ALB,2003-12-31,2003,0,0.15025152959649773
ALB,2004-01-31,2004,0,0.2574209101581558
ALB,2004-02-29,2004,0,0.2341100092966003
ALB,2004-03-31,2004,0,0.26218823666816243
ALB,2004-04-30,2004,0,0.2503006955745668
ALB,2004-05-31,2004,0,0.2482905856452058
ALB,2004-06-30,2004,0,0.3202963040286463
ALB,2004-07-31,2004,0,0.3208461748117659
ALB,2004-08-31,2004,0,0.2931724300405808
ALB,2004-09-30,2004,0,0.2771492262900732
ALB,2004-10-31,2004,0,0.29656176554653746
ALB,2004-11-30,2004,0,0.2913988832157611
ALB,2004-12-31,2004,0,0.27374517034796747
ALB,2005-01-31,2005,0,0.3873422541818445
ALB,2005-02-28,2005,0,0.37916364153299786
ALB,2005-03-31,2005,0,0.4085119376993874
ALB,2005-04-30,2005,0,0.4032148986227771
ALB,2005-05-31,2005,0,0.4133825208342473
ALB,2005-06-30,2005,0,0.4651195258862843
ALB,2005-07-31,2005,0,0.4174364525750011
ALB,2005-08-31,2005,0,0.40935586903565985
ALB,2005-09-30,2005,0,0.387874599321993
ALB,2005-10-31,2005,0,0.38780800127063314
ALB,2005-11-30,2005,0,0.36298211261024416
ALB,2005-12-31,2005,0,0.41620595645421465
ALB,2006-01-31,2006,0,0.4526903857010178
ALB,2006-02-28,2006,0,0.43842138187287927
ALB,2006-03-31,2006,0,0.4332250792203846
ALB,2006-04-30,2006,0,0.34464023561859713
ALB,2006-05-31,2006,0,0.32027659483983495
ALB,2006-06-30,2006,0,0.3238115769251185
ALB,2006-07-31,2006,0,0.32666489679381494
ALB,2006-08-31,2006,0,0.34251273577168134
ALB,2006-09-30,2006,0,0.3534096455902261
ALB,2006-10-31,2006,0,0.37024900361383667
ALB,2006-11-30,2006,0,0.31848988947131973
ALB,2006-12-31,2006,0,0.3099853823430043
ALB,2007-01-31,2007,0,0.29521680380577064
ALB,2007-02-28,2007,0,0.3189113564785189
ALB,2007-03-31,2007,0,0.313139024003252
ALB,2007-04-30,2007,0,0.32754216945215037
ALB,2007-05-31,2007,0,0.3668285231703431
ALB,2007-06-30,2007,0,0.3747013076449517
ALB,2007-07-31,2007,0,0.32198049228214315
ALB,2007-08-31,2007,0,0.3755947963841673
ALB,2007-09-30,2007,0,0.3011037106129687
ALB,2007-10-31,2007,0,0.3218734272443155
ALB,2007-11-30,2007,0,0.31081496101373157
ALB,2007-12-31,2007,0,0.31209372717691153
ALB,2008-01-31,2008,0,0.29880132156317
ALB,2008-02-29,2008,0,0.3020222332176525
ALB,2008-03-31,2008,0,0.20925230037214976
ALB,2008-04-30,2008,0,0.21772515431262615
ALB,2008-05-31,2008,0,0.20790628409839285
ALB,2008-06-30,2008,0,0.21527710873603342
ALB,2008-07-31,2008,0,0.2229130811328299
ALB,2008-08-31,2008,0,0.42210234387500895
ALB,2008-09-30,2008,0,0.5534143195647759
ALB,2008-10-31,2008,0,0.8149803021414633
ALB,2008-11-30,2008,0,0.7577900484005967
ALB,2008-12-31,2008,0,0.4895971984529064
ALB,2009-01-31,2009,0,0.5944913478621983
ALB,2009-02-28,2009,0,0.5998870584798796
ALB,2009-03-31,2009,0,0.5663355409996843
ALB,2009-04-30,2009,0,0.002267540428118888
ALB,2009-05-31,2009,0,0.0017100790583275463
ALB,2009-06-30,2009,0,0.002362817287205592
ALB,2009-07-31,2009,0,8.881534937530138e-06
ALB,2009-08-31,2009,0,8.058038704726544e-06
ALB,2009-09-30,2009,0,7.734929903420756e-06
ALB,2009-10-31,2009,0,0.0020739790087256787
ALB,2009-11-30,2009,0,0.0026409704436137667
ALB,2009-12-31,2009,0,0.004990925247818148
ALB,2010-01-31,2010,0,0.5801977316775397
ALB,2010-02-28,2010,0,0.5918525469749686
ALB,2010-03-31,2010,0,0.5981500664676638
ALB,2010-04-30,2010,0,0.5752103805894182
ALB,2010-05-31,2010,0,0.7428083193414253
ALB,2010-06-30,2010,0,0.7137041626384666
ALB,2010-07-31,2010,0,0.46322309319215593
ALB,2010-08-31,2010,0,0.47347689751280453
ALB,2010-09-30,2010,0,0.33129179377961554
ALB,2010-10-31,2010,0,0.3587210834809149
ALB,2010-11-30,2010,0,0.3821833911542413
ALB,2010-12-31,2010,0,0.3727121084997453
ALB,2011-01-31,2011,0,0.35776817813834977
ALB,2011-02-28,2011,0,0.3372340263520892
ALB,2011-03-31,2011,0,0.3978102504484311
ALB,2011-04-30,2011,0,0.3595661266785075
ALB,2011-05-31,2011,0,0.351028682210344
ALB,2011-06-30,2011,0,0.3543359058367299
ALB,2011-07-31,2011,0,0.40585339977948626
ALB,2011-08-31,2011,0,0.38997735682644463
ALB,2011-09-30,2011,0,0.5469967176220558
ALB,2011-10-31,2011,0,0.49503928641043393
ALB,2011-11-30,2011,0,0.5399083801118455
ALB,2011-12-31,2011,0,0.5334760617333822
ALB,2012-01-31,2012,0,0.5107128814557823
ALB,2012-02-29,2012,0,0.485331609037688
ALB,2012-03-31,2012,0,0.4546773933885651
ALB,2012-04-30,2012,0,0.524160689765262
ALB,2012-05-31,2012,0,0.5751522140462308
ALB,2012-06-30,2012,0,0.5246019820249163
ALB,2012-07-31,2012,0,0.5559817711542527
ALB,2012-08-31,2012,0,0.5108973658316999
ALB,2012-09-30,2012,0,0.48077654556598587
ALB,2012-10-31,2012,0,0.48773804882267074
ALB,2012-11-30,2012,0,0.48520874492878946
ALB,2012-12-31,2012,0,0.4976088068407859
ALB,2013-01-31,2013,0,0.41454526882189074
ALB,2013-02-28,2013,0,0.43646874642295286
ALB,2013-03-31,2013,0,0.4626252666167585
ALB,2013-04-30,2013,0,0.47278009745029365
ALB,2013-05-31,2013,0,0.4437442217474086
ALB,2013-06-30,2013,0,0.4418580836170684
ALB,2013-07-31,2013,0,0.4478173013776623
ALB,2013-08-31,2013,0,0.43096644276090473
ALB,2013-09-30,2013,0,0.40334831128044313
ALB,2013-10-31,2013,0,0.3952788065895126
ALB,2013-11-30,2013,0,0.393744129196429
ALB,2013-12-31,2013,0,0.39527715850354755
ALB,2014-01-31,2014,0,0.4094500834768457
ALB,2014-02-28,2014,0,0.37472544369256855
ALB,2014-03-31,2014,0,0.36675707435569543
ALB,2014-04-30,2014,0,0.362469728500097
ALB,2014-05-31,2014,0,0.38861965064150444
ALB,2014-06-30,2014,0,0.3886610139425568
ALB,2014-07-31,2014,0,0.3846434399681707
ALB,2014-08-31,2014,0,0.4349308010726143
ALB,2014-09-30,2014,0,0.5476532403395135
ALB,2014-10-31,2014,0,0.5678030601885589
ALB,2014-11-30,2014,0,0.5576810507933481
ALB,2014-12-31,2014,0,0.5577165682310297
ALB,2015-01-31,2015,0,0.6106706660414357
ALB,2015-02-28,2015,0,0.6528277342671084
ALB,2015-03-31,2015,0,0.6418101925477887
ALB,2015-04-30,2015,0,0.42145981455541437
ALB,2015-05-31,2015,0,0.422318983480818
ALB,2015-06-30,2015,0,0.36878536138647305
ALB,2015-07-31,2015,0,0.35799522755313673
ALB,2015-08-31,2015,0,0.3319940905831177
ALB,2015-09-30,2015,0,0.3260559878673393
ALB,2015-10-31,2015,0,0.3461211826681556
ALB,2015-11-30,2015,0,0.3712820268195799
ALB,2015-12-31,2015,0,0.32628262726579654
ALB,2016-01-31,2016,0,0.24942047630857056
ALB,2016-02-29,2016,0,0.25143727005479355
ALB,2016-03-31,2016,0,0.23254905054375294
ALB,2016-04-30,2016,0,0.231161397769122
ALB,2016-05-31,2016,0,0.22559070144359508
ALB,2016-06-30,2016,0,0.24092541988579322
ALB,2016-07-31,2016,0,0.25177018577250526
ALB,2016-08-31,2016,0,0.2356409600228355
ALB,2016-09-30,2016,0,0.3004071379519403
ALB,2016-10-31,2016,0,0.2945565473192681
ALB,2016-11-30,2016,0,0.2861313496750155
ALB,2016-12-31,2016,0,0.2939117908065984
ARG,2002-01-31,2002,0,0.9537497149532482
ARG,2002-02-28,2002,0,0.9893315865272754
ARG,2002-03-31,2002,0,0.9987230856627533
ARG,2002-04-30,2002,0,0.9819124248257113
ARG,2002-05-31,2002,0,0.9700029332738961
ARG,2002-06-30,2002,0,0.8255619987737398
ARG,2002-07-31,2002,0,0.034315241115018824
ARG,2002-08-31,2002,0,4.840031637123832e-05
ARG,2002-09-30,2002,0,6.115741323297136e-07
ARG,2002-10-31,2002,0,4.908101711988568e-07
ARG,2002-11-30,2002,0,5.472011545595702e-09
ARG,2002-12-31,2002,0,4.330684102901357e-09
ARG,2003-01-31,2003,0,1.8176142870715339e-06
ARG,2003-02-28,2003,0,0.00022156723582655977
ARG,2003-03-31,2003,0,0.023038609253353767
ARG,2003-04-30,2003,0,0.022556840454684413
ARG,2003-05-31,2003,0,0.6218651000811197
ARG,2003-06-30,2003,0,0.6235865519703819
ARG,2003-07-31,2003,0,0.6819347584978915
ARG,2003-08-31,2003,0,0.6597817340185255
ARG,2003-09-30,2003,0,0.6840400621993024
ARG,2003-10-31,2003,0,0.7277075994282021
ARG,2003-11-30,2003,0,0.7375608953048857
ARG,2003-12-31,2003,0,0.7419305492471469
ARG,2004-01-31,2004,0,0.6750649957845289
ARG,2004-02-29,2004,0,0.668899266434082
ARG,2004-03-31,2004,0,0.6898546611666495
ARG,2004-04-30,2004,0,0.7593610959066232
ARG,2004-05-31,2004,0,0.7652603493983892
ARG,2004-06-30,2004,0,0.7664583966567103
ARG,2004-07-31,2004,0,0.7841955063205497
ARG,2004-08-31,2004,0,0.7787416581484168
ARG,2004-09-30,2004,0,0.8002618300212083
ARG,2004-10-31,2004,0,0.8061127997135632
ARG,2004-11-30,2004,0,0.7856132135126294
ARG,2004-12-31,2004,0,0.7756184886534663
ARG,2005-01-31,2005,0,0.17164672347498092
ARG,2005-02-28,2005,0,0.171666024680024
ARG,2005-03-31,2005,0,0.19210694096310535
ARG,2005-04-30,2005,0,0.19758814538629646
ARG,2005-05-31,2005,0,0.10654263090176976
ARG,2005-06-30,2005,0,0.09942353864590558
ARG,2005-07-31,2005,0,0.12184790232547255
ARG,2005-08-31,2005,0,0.16468245597782263
ARG,2005-09-30,2005,0,0.15430914974409
ARG,2005-10-31,2005,0,0.19406289225279602
ARG,2005-11-30,2005,0,0.1744812276489437
ARG,2005-12-31,2005,0,0.17448965880741224
ARG,2006-01-31,2006,0,0.18043833963156067
ARG,2006-02-28,2006,0,0.18678627089245284
ARG,2006-03-31,2006,0,0.18027353261567294
ARG,2006-04-30,2006,0,0.15662370885445565
ARG,2006-05-31,2006,0,0.1547912871656828
ARG,2006-06-30,2006,0,0.14739609328383016
ARG,2006-07-31,2006,0,0.1514045626780693
ARG,2006-08-31,2006,0,0.16212899527279054
ARG,2006-09-30,2006,0,0.15999704817139704
ARG,2006-10-31,2006,0,0.14731243116860904
ARG,2006-11-30,2006,0,0.15282385385013636
ARG,2006-12-31,2006,0,0.1310990805996585
ARG,2007-01-31,2007,0,0.3557623594079037
ARG,2007-02-28,2007,0,0.39306254606840063
ARG,2007-03-31,2007,0,0.41014403405743854
ARG,2007-04-30,2007,0,0.44371089755326854
ARG,2007-05-31,2007,0,0.5001168256863645
ARG,2007-06-30,2007,0,0.45494034082018947
ARG,2007-07-31,2007,0,0.40230257857507384
ARG,2007-08-31,2007,0,0.3889485051450871
ARG,2007-09-30,2007,0,0.3951881088730142
ARG,2007-10-31,2007,0,0.39327779243800504
ARG,2007-11-30,2007,0,0.40706700274016705
ARG,2007-12-31,2007,0,0.41803000454036826
ARG,2008-01-31,2008,0,0.49031975623201307
ARG,2008-02-29,2008,0,0.41745601485777867
ARG,2008-03-31,2008,0,0.37691451698413514
ARG,2008-04-30,2008,0,0.40240774510980065
ARG,2008-05-31,2008,0,0.13594932496001877
ARG,2008-06-30,2008,0,0.1519143793312857
ARG,2008-07-31,2008,0,0.15411815259676798
ARG,2008-08-31,2008,0,0.14299850099859351
ARG,2008-09-30,2008,0,0.40328554586527643
ARG,2008-10-31,2008,0,0.6120740332604075
ARG,2008-11-30,2008,0,0.6061830513113168
ARG,2008-12-31,2008,0,0.6317649096691038
ARG,2009-01-31,2009,0,0.5344141361841158
ARG,2009-02-28,2009,0,0.5707525232874815
ARG,2009-03-31,2009,0,0.5700539111933421
ARG,2009-04-30,2009,0,0.49518367843814404
ARG,2009-05-31,2009,0,0.5304670005444878
ARG,2009-06-30,2009,0,0.5771494914376623
ARG,2009-07-31,2009,0,0.5831069582983543
ARG,2009-08-31,2009,0,0.601340529993055
ARG,2009-09-30,2009,0,0.5058143998173963
ARG,2009-10-31,2009,0,0.42323752825323746
ARG,2009-11-30,2009,0,0.4473869011805832
ARG,2009-12-31,2009,0,0.4695072333959972
ARG,2010-01-31,2010,0,0.589105832592163
ARG,2010-02-28,2010,0,0.5993706452424217
ARG,2010-03-31,2010,0,0.5197053739735241
ARG,2010-04-30,2010,0,0.5158444852591136
ARG,2010-05-31,2010,0,0.4966787752278147
ARG,2010-06-30,2010,0,0.5079277848913095
ARG,2010-07-31,2010,0,0.5296023520146388
ARG,2010-08-31,2010,0,0.5520013835598266
ARG,2010-09-30,2010,0,0.589987561260752
ARG,2010-10-31,2010,0,0.5876902794978202
ARG,2010-11-30,2010,0,0.5634076331907978
ARG,2010-12-31,2010,0,0.5242789429338793
ARG,2011-01-31,2011,0,0.6435570827199959
ARG,2011-02-28,2011,0,0.6308265834347476
ARG,2011-03-31,2011,0,0.6249077470779868
ARG,2011-04-30,2011,0,0.586153972146996
ARG,2011-05-31,2011,0,0.5895428378045503
ARG,2011-06-30,2011,0,0.6078276292711032
ARG,2011-07-31,2011,0,0.6144484597872669
ARG,2011-08-31,2011,0,0.6814796987665555
ARG,2011-09-30,2011,0,0.6677856015360383
ARG,2011-10-31,2011,0,0.6550065907785294
ARG,2011-11-30,2011,0,0.6384757158833101
ARG,2011-12-31,2011,0,0.6783714146259071
ARG,2012-01-31,2012,1,0.43345378081186725
ARG,2012-02-29,2012,1,0.39805447547945694
ARG,2012-03-31,2012,1,0.3857800315042492
ARG,2012-04-30,2012,1,0.3766814207492998
ARG,2012-05-31,2012,1,0.38079450674163595
ARG,2012-06-30,2012,1,0.4242606728759518
ARG,2012-07-31,2012,1,0.41071403466248874
ARG,2012-08-31,2012,1,0.41047432050913196
ARG,2012-09-30,2012,1,0.463064623221785
ARG,2012-10-31,2012,1,0.44526162908760175
ARG,2012-11-30,2012,1,0.4698026589477025
ARG,2012-12-31,2012,1,0.46989356784176656
ARG,2013-01-31,2013,0,0.5693269874615289
ARG,2013-02-28,2013,0,0.5772876173284996
ARG,2013-03-31,2013,0,0.6587036801008052
ARG,2013-04-30,2013,0,0.668896613582485
ARG,2013-05-31,2013,0,0.646791023340461
ARG,2013-06-30,2013,0,0.6841429877675861
ARG,2013-07-31,2013,0,0.6672594679998287
ARG,2013-08-31,2013,0,0.759069505115471
ARG,2013-09-30,2013,0,0.7467247763717443
ARG,2013-10-31,2013,0,0.7503243500288562
ARG,2013-11-30,2013,0,0.7716038364969185
ARG,2013-12-31,2013,0,0.8165472144083364
ARG,2014-01-31,2014,0,0.9586054020522243
ARG,2014-02-28,2014,0,0.9393555159587927
ARG,2014-03-31,2014,0,0.9295604868946088
ARG,2014-04-30,2014,0,0.7802822050938545
ARG,2014-05-31,2014,0,0.7699550972860574
ARG,2014-06-30,2014,0,0.7305245561121181
ARG,2014-07-31,2014,0,0.25699599548123186
ARG,2014-08-31,2014,0,0.2863114955630426
ARG,2014-09-30,2014,0,0.28026621958458264
ARG,2014-10-31,2014,0,0.28681939544708235
ARG,2014-11-30,2014,0,0.27407594269917496
ARG,2014-12-31,2014,0,0.2774620348866868
ARG,2015-01-31,2015,0,0.6513553190207899
ARG,2015-02-28,2015,0,0.682313907012052
ARG,2015-03-31,2015,0,0.6870322002202606
ARG,2015-04-30,2015,0,0.70858300976585
ARG,2015-05-31,2015,0,0.680688135817286
ARG,2015-06-30,2015,0,0.7271128352426525
ARG,2015-07-31,2015,0,0.7482329401077246
ARG,2015-08-31,2015,0,0.5795352087237264
ARG,2015-09-30,2015,0,0.5976272259663146
ARG,2015-10-31,2015,0,0.5791056622234994
ARG,2015-11-30,2015,0,0.5773210308480333
ARG,2015-12-31,2015,0,0.8959557663601404
AZE,2002-01-31,2002,0,0.226907135191419
AZE,2002-02-28,2002,0,0.24181050645593757
AZE,2002-03-31,2002,0,0.24492488388892486
AZE,2002-04-30,2002,0,0.2635092930520031
AZE,2002-05-31,2002,0,0.265697681640813
AZE,2002-06-30,2002,0,0.2885943672731386
AZE,2002-07-31,2002,0,0.26427149740848865
AZE,2002-08-31,2002,0,0.2717727367776539
AZE,2002-09-30,2002,0,0.19391921080845634
AZE,2002-10-31,2002,0,0.21657342218914846
AZE,2002-11-30,2002,0,0.2144568292391353
AZE,2002-12-31,2002,0,0.2471739198622632
AZE,2003-01-31,2003,0,0.29041572072626803
AZE,2003-02-28,2003,0,0.22338257495506567
AZE,2003-03-31,2003,0,0.2873486838566218
AZE,2003-04-30,2003,0,0.28889949538398585
AZE,2003-05-31,2003,0,0.37096963060849314
AZE,2003-06-30,2003,0,0.4047425421701417
AZE,2003-07-31,2003,0,0.3446831764294107
AZE,2003-08-31,2003,0,0.31868021092142
AZE,2003-09-30,2003,0,0.3309168224359362
AZE,2003-10-31,2003,0,0.35077839835824093
AZE,2003-11-30,2003,0,0.36452373847742364
AZE,2003-12-31,2003,0,0.3142599545745896
AZE,2004-01-31,2004,0,0.2837530866435118
AZE,2004-02-29,2004,0,0.2497911174162451
AZE,2004-03-31,2004,0,0.16582544666306165
AZE,2004-04-30,2004,0,0.2010196273121345
AZE,2004-05-31,2004,0,0.24226761681418224
AZE,2004-06-30,2004,0,0.270370989858952
AZE,2004-07-31,2004,0,0.26861554005162785
AZE,2004-08-31,2004,0,0.23812612029241395
AZE,2004-09-30,2004,0,0.2623848971669309
AZE,2004-10-31,2004,0,0.26046994651587685
AZE,2004-11-30,2004,0,0.31803934848991683
AZE,2004-12-31,2004,0,0.3097535972160084
AZE,2005-01-31,2005,0,0.31217688717236225
AZE,2005-02-28,2005,0,0.26963500191329204
AZE,2005-03-31,2005,0,0.12809286927404842
AZE,2005-04-30,2005,0,0.16617744416879177
AZE,2005-05-31,2005,0,0.20064867413354198
AZE,2005-06-30,2005,0,0.23696942744751445
AZE,2005-07-31,2005,0,0.24703932351522243
AZE,2005-08-31,2005,0,0.2576637757538591
AZE,2005-09-30,2005,0,0.27234293303266716
AZE,2005-10-31,2005,0,0.28631235854218434
AZE,2005-11-30,2005,0,0.2766085432622834
AZE,2005-12-31,2005,0,0.26563827853518673
AZE,2006-01-31,2006,0,0.3646660317836529
AZE,2006-02-28,2006,0,0.37088407896383624
AZE,2006-03-31,2006,0,0.35764939932729073
AZE,2006-04-30,2006,0,0.34015106111777965
AZE,2006-05-31,2006,0,0.3211032558071628
AZE,2006-06-30,2006,0,0.2966473918710977
AZE,2006-07-31,2006,0,0.3041460406444569
AZE,2006-08-31,2006,0,0.3904624238805239
AZE,2006-09-30,2006,0,0.39636198996389116
AZE,2006-10-31,2006,0,0.3870787017583935
AZE,2006-11-30,2006,0,0.3922884808316743
AZE,2006-12-31,2006,0,0.3762638959947834
AZE,2007-01-31,2007,0,0.11764471472439193
AZE,2007-02-28,2007,0,0.10732801384573465
AZE,2007-03-31,2007,0,0.11295907392942471
AZE,2007-04-30,2007,0,0.1044466966056485
AZE,2007-05-31,2007,0,0.09054979903775053
AZE,2007-06-30,2007,0,0.0888739632082323
AZE,2007-07-31,2007,0,0.07411051429655668
AZE,2007-08-31,2007,0,0.06570397857577073
AZE,2007-09-30,2007,0,0.050414767044870246
AZE,2007-10-31,2007,0,0.046768952501135934
AZE,2007-11-30,2007,0,0.05944338055618293
AZE,2007-12-31,2007,0,0.06361061329042982
AZE,2008-01-31,2008,0,0.02056407403537252
AZE,2008-02-29,2008,0,0.021403597832957064
AZE,2008-03-31,2008,0,0.010498732460000621
AZE,2008-04-30,2008,0,0.010729006637401225
AZE,2008-05-31,2008,0,0.009580506083366452
AZE,2008-06-30,2008,0,0.014419889099881159
AZE,2008-07-31,2008,0,0.014344464163379974
AZE,2008-08-31,2008,0,0.023254588277274512
AZE,2008-09-30,2008,0,0.02614488446724002
AZE,2008-10-31,2008,0,0.02725659258355775
AZE,2008-11-30,2008,0,0.025822081186198054
AZE,2008-12-31,2008,0,0.033119717154989486
AZE,2009-01-31,2009,0,0.18251941767521593
AZE,2009-02-28,2009,0,0.18896490499647883
AZE,2009-03-31,2009,0,0.1889790233537107
AZE,2009-04-30,2009,0,0.18904855793792694
AZE,2009-05-31,2009,0,0.17764936084462998
AZE,2009-06-30,2009,0,0.24029772235119634
AZE,2009-07-31,2009,0,0.17755542010233488
AZE,2009-08-31,2009,0,0.1621242417948252
AZE,2009-09-30,2009,0,0.19564966426202646
AZE,2009-10-31,2009,0,0.2152843937147037
AZE,2009-11-30,2009,0,0.21595021608846635
AZE,2009-12-31,2009,0,0.3213184972187593
AZE,2010-01-31,2010,0,0.405409828623762
AZE,2010-02-28,2010,0,0.3732825763183134
AZE,2010-03-31,2010,0,0.4229768345486713
AZE,2010-04-30,2010,0,0.42228305772459723
AZE,2010-05-31,2010,0,0.45645698959687775
AZE,2010-06-30,2010,0,0.4345282523430084
AZE,2010-07-31,2010,0,0.45369025594561924
AZE,2010-08-31,2010,0,0.4139933899528707
AZE,2010-09-30,2010,0,0.3596516588408655
AZE,2010-10-31,2010,0,0.34123449506396814
AZE,2010-11-30,2010,0,0.33694223739196316
AZE,2010-12-31,2010,0,0.3561126011454036
AZE,2011-01-31,2011,0,0.4481766949153248
AZE,2011-02-28,2011,0,0.46588204813543954
AZE,2011-03-31,2011,0,0.4876928995894252
AZE,2011-04-30,2011,0,0.476526020684575
AZE,2011-05-31,2011,0,0.4909081578946663
AZE,2011-06-30,2011,0,0.48844402037903817
AZE,2011-07-31,2011,0,0.5148280287938951
AZE,2011-08-31,2011,0,0.4886455082910173
AZE,2011-09-30,2011,0,0.4874912803556305
AZE,2011-10-31,2011,0,0.45987565912365636
AZE,2011-11-30,2011,0,0.4287371979165307
AZE,2011-12-31,2011,0,0.4708005845850466
AZE,2012-01-31,2012,0,0.5065154353074639
AZE,2012-02-29,2012,0,0.49355372993754254
AZE,2012-03-31,2012,0,0.4481903930619289
AZE,2012-04-30,2012,0,0.43214192363822823
AZE,2012-05-31,2012,0,0.3848759272083946
AZE,2012-06-30,2012,0,0.5298693959194805
AZE,2012-07-31,2012,0,0.5298386372754595
AZE,2012-08-31,2012,0,0.5260252402200386
AZE,2012-09-30,2012,0,0.4662060447129562
AZE,2012-10-31,2012,0,0.4944986290027268
AZE,2012-11-30,2012,0,0.5072987524791687
AZE,2012-12-31,2012,0,0.6161237778660714
AZE,2013-01-31,2013,0,0.5884579222089428
AZE,2013-02-28,2013,0,0.5880950712238967
AZE,2013-03-31,2013,0,0.5889597503854552
AZE,2013-04-30,2013,0,0.598027913632918
AZE,2013-05-31,2013,0,0.5838425503182632
AZE,2013-06-30,2013,0,0.589921795238472
AZE,2013-07-31,2013,0,0.6116236806085913
AZE,2013-08-31,2013,0,0.569476980727423
AZE,2013-09-30,2013,0,0.5721362506883018
AZE,2013-10-31,2013,0,0.5619142473987014
AZE,2013-11-30,2013,0,0.5639401367758443
AZE,2013-12-31,2013,0,0.5414862848104826
AZE,2014-01-31,2014,1,0.5915393230175903
AZE,2014-02-28,2014,1,0.5161981485671382
AZE,2014-03-31,2014,1,0.5382869689043285
AZE,2014-04-30,2014,1,0.521404501198691
AZE,2014-05-31,2014,1,0.5059475877172643
AZE,2014-06-30,2014,1,0.5153704310556076
AZE,2014-07-31,2014,1,0.5444233059420607
AZE,2014-08-31,2014,1,0.5346799142718416
AZE,2014-09-30,2014,1,0.5405720773106955
AZE,2014-10-31,2014,1,0.540679647938481
AZE,2014-11-30,2014,1,0.537993353334006
AZE,2014-12-31,2014,1,0.5475998608489125
AZE,2015-01-31,2015,0,0.686061010804644
AZE,2015-02-28,2015,0,0.8414035395658442
AZE,2015-03-31,2015,0,0.8427423383928431
AZE,2015-04-30,2015,0,0.8428275205326307
AZE,2015-05-31,2015,0,0.6294066204984203
AZE,2015-06-30,2015,0,0.628272706058207
AZE,2015-07-31,2015,0,0.6299398130373481
AZE,2015-08-31,2015,0,0.584640225936108
AZE,2015-09-30,2015,0,0.5705116094872563
AZE,2015-10-31,2015,0,0.5669573388173758
AZE,2015-11-30,2015,0,0.5735694367693918
AZE,2015-12-31,2015,0,0.7535403606892349
AZE,2016-01-31,2016,0,0.7431805673117688
AZE,2016-02-29,2016,0,0.8305563238384089
AZE,2016-03-31,2016,0,0.5719983966408672
AZE,2016-04-30,2016,0,0.5302145384556689
AZE,2016-05-31,2016,0,0.518726586253368
AZE,2016-06-30,2016,0,0.45611228039182733
AZE,2016-07-31,2016,0,0.48967257133082076
AZE,2016-08-31,2016,0,0.537843489088549
AZE,2016-09-30,2016,0,0.5148874019542141
AZE,2016-10-31,2016,0,0.5310706065896421
AZE,2016-11-30,2016,0,0.5972783363033012
AZE,2016-12-31,2016,0,0.6343121352592205
BEN,2002-01-31,2002,0,0.0923646528778646
BEN,2002-02-28,2002,0,0.12908932232909015
BEN,2002-03-31,2002,0,0.11669865609805849
BEN,2002-04-30,2002,0,0.10185470777963242
BEN,2002-05-31,2002,0,0.09385628902950181
BEN,2002-06-30,2002,0,0.08992098602756547
BEN,2002-07-31,2002,0,0.08779468690252863
BEN,2002-08-31,2002,0,0.08407446027357686
BEN,2002-09-30,2002,0,0.0897228934253674
BEN,2002-10-31,2002,0,0.08334889054698925
BEN,2002-11-30,2002,0,0.07504246885948777
BEN,2002-12-31,2002,0,0.0766052123791187
BEN,2003-01-31,2003,0,0.15384176651876233
BEN,2003-02-28,2003,0,0.16188160794182943
BEN,2003-03-31,2003,0,0.17367693397519252
BEN,2003-04-30,2003,0,0.17561122159421055
BEN,2003-05-31,2003,0,0.16064067270445712
BEN,2003-06-30,2003,0,0.21971413260020406
BEN,2003-07-31,2003,0,0.20394492830847963
BEN,2003-08-31,2003,0,0.26513620143936495
BEN,2003-09-30,2003,0,0.2094771025682206
BEN,2003-10-31,2003,0,0.20948347572225373
BEN,2003-11-30,2003,0,0.2069022151719365
BEN,2003-12-31,2003,0,0.21546506757608055
BEN,2004-01-31,2004,0,0.2490382707473238
BEN,2004-02-29,2004,0,0.2449894481196386
BEN,2004-03-31,2004,0,0.28361082302357665
BEN,2004-04-30,2004,0,0.2802601024783424
BEN,2004-05-31,2004,0,0.2605666431528514
BEN,2004-06-30,2004,0,0.28604766557255384
BEN,2004-07-31,2004,0,0.28280944041047235
BEN,2004-08-31,2004,0,0.277109853494305
BEN,2004-09-30,2004,0,0.2840284723597719
BEN,2004-10-31,2004,0,0.2817265698601212
BEN,2004-11-30,2004,0,0.2398488353923453
BEN,2004-12-31,2004,0,0.27270891745071274
BEN,2005-01-31,2005,0,0.4919370701797978
BEN,2005-02-28,2005,0,0.5025666503633898
BEN,2005-03-31,2005,0,0.5272197102217462
BEN,2005-04-30,2005,0,0.530781965292338
BEN,2005-05-31,2005,0,0.6008295293192656
BEN,2005-06-30,2005,0,0.6002919250545768
BEN,2005-07-31,2005,0,0.5993204349062056
BEN,2005-08-31,2005,0,0.5941448065154417
BEN,2005-09-30,2005,0,0.5848820487960326
BEN,2005-10-31,2005,0,0.578267682078515
BEN,2005-11-30,2005,0,0.5964231009373895
BEN,2005-12-31,2005,0,0.6256085518860725
BEN,2006-01-31,2006,0,0.42320926198996195
BEN,2006-02-28,2006,0,0.4302740103901744
BEN,2006-03-31,2006,0,0.413840197984128
BEN,2006-04-30,2006,0,0.34525585720260643
BEN,2006-05-31,2006,0,0.2716236283517293
BEN,2006-06-30,2006,0,0.28328611133774634
BEN,2006-07-31,2006,0,0.3040837814502764
BEN,2006-08-31,2006,0,0.30479361665366794
BEN,2006-09-30,2006,0,0.3202775045835017
BEN,2006-10-31,2006,0,0.3385173656164727
BEN,2006-11-30,2006,0,0.2897948883735917
BEN,2006-12-31,2006,0,0.28779909590928643
BEN,2007-01-31,2007,0,0.38914014611139747
BEN,2007-02-28,2007,0,0.41027848675267936
BEN,2007-03-31,2007,0,0.39461325704253297
BEN,2007-04-30,2007,0,0.40167608576261965
BEN,2007-05-31,2007,0,0.4235909796009204
BEN,2007-06-30,2007,0,0.4322668445838277
BEN,2007-07-31,2007,0,0.4578811306375949
BEN,2007-08-31,2007,0,0.4368572071570878
BEN,2007-09-30,2007,0,0.3839438551146068
BEN,2007-10-31,2007,0,0.4018948057893689
BEN,2007-11-30,2007,0,0.4187547082684628
BEN,2007-12-31,2007,0,0.44455848937157155
BEN,2008-01-31,2008,0,0.23785238022692154
BEN,2008-02-29,2008,0,0.2428153741635828
BEN,2008-03-31,2008,0,0.17613860793131883
BEN,2008-04-30,2008,0,0.217877464470572
BEN,2008-05-31,2008,0,0.21309566924767984
BEN,2008-06-30,2008,0,0.2374619046694783
BEN,2008-07-31,2008,0,0.23219775212391403
BEN,2008-08-31,2008,0,0.43704049683742174
BEN,2008-09-30,2008,0,0.5188669482919853
BEN,2008-10-31,2008,0,0.7862198919158679
BEN,2008-11-30,2008,0,0.7437601070192458
BEN,2008-12-31,2008,0,0.3958650062042836
BEN,2009-01-31,2009,0,0.2615314394314768
BEN,2009-02-28,2009,0,0.2402953968815079
BEN,2009-03-31,2009,0,0.20719254040870877
BEN,2009-04-30,2009,0,0.0009024837042739274
BEN,2009-05-31,2009,0,0.0006041702556011711
BEN,2009-06-30,2009,0,0.0009306700666338887
BEN,2009-07-31,2009,0,0.0007159170151699748
BEN,2009-08-31,2009,0,0.0007437972864496083
BEN,2009-09-30,2009,0,0.0006662305147278981
BEN,2009-10-31,2009,0,0.12507490533260543
BEN,2009-11-30,2009,0,0.15945847115345696
BEN,2009-12-31,2009,0,0.28521039743484367
BEN,2010-01-31,2010,0,0.38302252252304686
BEN,2010-02-28,2010,0,0.4191481137787643
BEN,2010-03-31,2010,0,0.4325952594723536
BEN,2010-04-30,2010,0,0.43237464617689847
BEN,2010-05-31,2010,0,0.6783299279627459
BEN,2010-06-30,2010,0,0.6404306033593484
BEN,2010-07-31,2010,0,0.37559275760873284
BEN,2010-08-31,2010,0,0.3834684201409424
BEN,2010-09-30,2010,0,0.2361282650740276
BEN,2010-10-31,2010,0,0.2552102943909428
BEN,2010-11-30,2010,0,0.2803724522133505
BEN,2010-12-31,2010,0,0.27051595866291
BEN,2011-01-31,2011,0,0.28798726254969575
BEN,2011-02-28,2011,0,0.26811536877165243
BEN,2011-03-31,2011,0,0.32458087967884824
BEN,2011-04-30,2011,0,0.2695041458401212
BEN,2011-05-31,2011,0,0.26594763738573046
BEN,2011-06-30,2011,0,0.27130925372811826
BEN,2011-07-31,2011,0,0.33477055254786103
BEN,2011-08-31,2011,0,0.30711069202969044
BEN,2011-09-30,2011,0,0.46283362311342235
BEN,2011-10-31,2011,0,0.40610867367418924
BEN,2011-11-30,2011,0,0.45451137862167074
BEN,2011-12-31,2011,0,0.45996105561264805
BEN,2012-01-31,2012,0,0.48512950953886935
BEN,2012-02-29,2012,0,0.4422194991475934
BEN,2012-03-31,2012,0,0.4127332118003731
BEN,2012-04-30,2012,0,0.49797971715425277
BEN,2012-05-31,2012,0,0.5656137718971517
BEN,2012-06-30,2012,0,0.5228504362555197
BEN,2012-07-31,2012,0,0.5537518706539158
BEN,2012-08-31,2012,0,0.4887764088697324
BEN,2012-09-30,2012,0,0.4399690426670833
BEN,2012-10-31,2012,0,0.4487971112726144
BEN,2012-11-30,2012,0,0.4391042975870904
BEN,2012-12-31,2012,0,0.45733637791299425
BEN,2013-01-31,2013,0,0.45537511100477596
BEN,2013-02-28,2013,0,0.4809498679930316
BEN,2013-03-31,2013,0,0.515792739979004
BEN,2013-04-30,2013,0,0.5104001225358393
BEN,2013-05-31,2013,0,0.47132133622805855
BEN,2013-06-30,2013,0,0.4633933121412939
BEN,2013-07-31,2013,0,0.4916067692367267
BEN,2013-08-31,2013,0,0.48400442247173175
BEN,2013-09-30,2013,0,0.45486995950648795
BEN,2013-10-31,2013,0,0.4644021691179473
BEN,2013-11-30,2013,0,0.4601054936930306
BEN,2013-12-31,2013,0,0.4701957622963244
BEN,2014-01-31,2014,0,0.3951052452669016
BEN,2014-02-28,2014,0,0.3638292649675055
BEN,2014-03-31,2014,0,0.3721005065953153
BEN,2014-04-30,2014,0,0.36538274776734997
BEN,2014-05-31,2014,0,0.3967638746171066
BEN,2014-06-30,2014,0,0.39551699619472985
BEN,2014-07-31,2014,0,0.40128009662757214
BEN,2014-08-31,2014,0,0.42611010911588953
BEN,2014-09-30,2014,0,0.5367811748236596
BEN,2014-10-31,2014,0,0.5360365687385019
BEN,2014-11-30,2014,0,0.5194302277788276
BEN,2014-12-31,2014,0,0.5269760804127009
BEN,2015-01-31,2015,0,0.7264676079825833
BEN,2015-02-28,2015,0,0.7594303952510368
BEN,2015-03-31,2015,0,0.7511177355642137
BEN,2015-04-30,2015,0,0.5507710046911587
BEN,2015-05-31,2015,0,0.559389880253114
BEN,2015-06-30,2015,0,0.5107467518638467
BEN,2015-07-31,2015,0,0.5023472771842051
BEN,2015-08-31,2015,0,0.4716296886086552
BEN,2015-09-30,2015,0,0.46674530212451865
BEN,2015-10-31,2015,0,0.49424241909974825
BEN,2015-11-30,2015,0,0.5336247967078357
BEN,2015-12-31,2015,0,0.4993120158196257
BEN,2016-01-31,2016,0,0.4275009481343439
BEN,2016-02-29,2016,0,0.4320000647166686
BEN,2016-03-31,2016,0,0.3616997261970965
BEN,2016-04-30,2016,0,0.3664034509696773
BEN,2016-05-31,2016,0,0.34494407533481125
BEN,2016-06-30,2016,0,0.35842657065220773
BEN,2016-07-31,2016,0,0.367206265018492
BEN,2016-08-31,2016,0,0.35291684329050926
BEN,2016-09-30,2016,0,0.47710021180497714
BEN,2016-10-31,2016,0,0.46108982953403943
BEN,2016-11-30,2016,0,0.4440745567036749
BEN,2016-12-31,2016,0,0.4240711030581947
BFA,2004-01-31,2004,0,0.33573183830326997
BFA,2004-02-29,2004,0,0.33089460877046006
BFA,2004-03-31,2004,0,0.37630870821722984
BFA,2004-04-30,2004,0,0.37243216369226223
BFA,2004-05-31,2004,0,0.34940614610835785
BFA,2004-06-30,2004,0,0.37912052502599186
BFA,2004-07-31,2004,0,0.3753826445049009
BFA,2004-08-31,2004,0,0.36877670825067255
BFA,2004-09-30,2004,0,0.3767910681003258
BFA,2004-10-31,2004,0,0.3741302215775071
BFA,2004-11-30,2004,0,0.3247267161870326
BFA,2004-12-31,2004,0,0.36365231110652885
BFA,2005-01-31,2005,0,0.24376913203622672
BFA,2005-02-28,2005,0,0.2516928727576487
BFA,2005-03-31,2005,0,0.2707375053249661
BFA,2005-04-30,2005,0,0.27356955677033074
BFA,2005-05-31,2005,0,0.33382223709867026
BFA,2005-06-30,2005,0,0.33332404300971497
BFA,2005-07-31,2005,0,0.3324252799190992
BFA,2005-08-31,2005,0,0.32766963233685203
BFA,2005-09-30,2005,0,0.31929293279168114
BFA,2005-10-31,2005,0,0.31341442531161456
BFA,2005-11-30,2005,0,0.3297563330076125
BFA,2005-12-31,2005,0,0.357450344721752
BFA,2006-01-31,2006,0,0.5219364213023456
BFA,2006-02-28,2006,0,0.5291373310544663
BFA,2006-03-31,2006,0,0.5123230697272425
BFA,2006-04-30,2006,0,0.4396595250527281
BFA,2006-05-31,2006,0,0.3568676136453943
BFA,2006-06-30,2006,0,0.3703292639074342
BFA,2006-07-31,2006,0,0.3940042668989962
BFA,2006-08-31,2006,0,0.39480492450934884
BFA,2006-09-30,2006,0,0.41215059736506654
BFA,2006-10-31,2006,0,0.43229504037683264
BFA,2006-11-30,2006,0,0.37778378375604
BFA,2006-12-31,2006,0,0.37550241118881406
BFA,2007-01-31,2007,0,0.26171604222838946
BFA,2007-02-28,2007,0,0.2790950991380558
BFA,2007-03-31,2007,0,0.2661779073054015
BFA,2007-04-30,2007,0,0.27197471788468314
BFA,2007-05-31,2007,0,0.290245999452958
BFA,2007-06-30,2007,0,0.2976008196912141
BFA,2007-07-31,2007,0,0.3197293051821327
BFA,2007-08-31,2007,0,0.3015206227270649
BFA,2007-09-30,2007,0,0.2575040109407126
BFA,2007-10-31,2007,0,0.2721549376731446
BFA,2007-11-30,2007,0,0.2861763058917082
BFA,2007-12-31,2007,0,0.308141559869061
BFA,2008-01-31,2008,0,0.264560781352698
BFA,2008-02-29,2008,0,0.2698837259858824
BFA,2008-03-31,2008,0,0.19771490370339287
BFA,2008-04-30,2008,0,0.24305819955584923
BFA,2008-05-31,2008,0,0.23789185214277808
BFA,2008-06-30,2008,0,0.26414165546113544
BFA,2008-07-31,2008,0,0.2584865452823676
BFA,2008-08-31,2008,0,0.4722563565299154
BFA,2008-09-30,2008,0,0.5541855688036872
BFA,2008-10-31,2008,0,0.8091322686590451
BFA,2008-11-30,2008,0,0.7698913153827083
BFA,2008-12-31,2008,0,0.43029902243546375
BFA,2009-01-31,2009,0,0.41890157546377715
BFA,2009-02-28,2009,0,0.3916645259069431
BFA,2009-03-31,2009,0,0.3472403005446307
BFA,2009-04-30,2009,0,0.0018352874887467897
BFA,2009-05-31,2009,0,0.0012290176665041188
BFA,2009-06-30,2009,0,0.0018925519837946145
BFA,2009-07-31,2009,0,0.001456167220036522
BFA,2009-08-31,2009,0,0.0015128317377165947
BFA,2009-09-30,2009,0,0.0013551751049723014
BFA,2009-10-31,2009,0,0.22539730354542575
BFA,2009-11-30,2009,0,0.2785786424817326
BFA,2009-12-31,2009,0,0.4481814202011851
BFA,2010-01-31,2010,0,0.3747438831397963
BFA,2010-02-28,2010,0,0.4106083032868912
BFA,2010-03-31,2010,0,0.42398145668361853
BFA,2010-04-30,2010,0,0.4237619554674122
BFA,2010-05-31,2010,0,0.670606088292349
BFA,2010-06-30,2010,0,0.6322900454931426
BFA,2010-07-31,2010,0,0.36737908363805366
BFA,2010-08-31,2010,0,0.3751860038055318
BFA,2010-09-30,2010,0,0.2298418274832269
BFA,2010-10-31,2010,0,0.24858115770996106
BFA,2010-11-30,2010,0,0.27332958462556883
BFA,2010-12-31,2010,0,0.2636299796694196
BFA,2011-01-31,2011,0,0.3158139166883064
BFA,2011-02-28,2011,0,0.2948169540227084
BFA,2011-03-31,2011,0,0.35418450298750226
BFA,2011-04-30,2011,0,0.29628804812454673
BFA,2011-05-31,2011,0,0.2925196230429088
BFA,2011-06-30,2011,0,0.2981993195947771
BFA,2011-07-31,2011,0,0.36480157614302644
BFA,2011-08-31,2011,0,0.335913387724581
BFA,2011-09-30,2011,0,0.49579073862502765
BFA,2011-10-31,2011,0,0.43832253182179165
BFA,2011-11-30,2011,0,0.4874136066636724
BFA,2011-12-31,2011,0,0.4929013154245144
BFA,2012-01-31,2012,0,0.3424573542397223
BFA,2012-02-29,2012,0,0.3046986420527551
BFA,2012-03-31,2012,0,0.27978249081683715
BFA,2012-04-30,2012,0,0.3541277163792238
BFA,2012-05-31,2012,0,0.4185118038564182
BFA,2012-06-30,2012,0,0.3772123029311562
BFA,2012-07-31,2012,0,0.4068454951404037
BFA,2012-08-31,2012,0,0.34575196505430755
BFA,2012-09-30,2012,0,0.30276814815300135
BFA,2012-10-31,2012,0,0.3103689443907993
BFA,2012-11-30,2012,0,0.30202763584799147
BFA,2012-12-31,2012,0,0.31779288207976747
BFA,2013-01-31,2013,0,0.3553893101498283
BFA,2013-02-28,2013,0,0.37925904952086836
BFA,2013-03-31,2013,0,0.4125909026277036
BFA,2013-04-30,2013,0,0.4073695054573292
BFA,2013-05-31,2013,0,0.37021428569003106
BFA,2013-06-30,2013,0,0.3628198128888214
BFA,2013-07-31,2013,0,0.38935291728758104
BFA,2013-08-31,2013,0,0.3821432525733867
BFA,2013-09-30,2013,0,0.35492279226508333
BFA,2013-10-31,2013,0,0.3637581400009208
BFA,2013-11-30,2013,0,0.35976715522840375
BFA,2013-12-31,2013,0,0.3691615658301703
BFA,2014-01-31,2014,0,0.4365325222772156
BFA,2014-02-28,2014,0,0.40416834070023616
BFA,2014-03-31,2014,0,0.4127616344724766
BFA,2014-04-30,2014,0,0.40578419959314926
BFA,2014-05-31,2014,0,0.43823906571934484
BFA,2014-06-30,2014,0,0.43695625932475574
BFA,2014-07-31,2014,0,0.44288078308376083
BFA,2014-08-31,2014,0,0.4682716425878636
BFA,2014-09-30,2014,0,0.578848100919069
BFA,2014-10-31,2014,0,0.5781179692374481
BFA,2014-11-30,2014,0,0.5617864982130089
BFA,2014-12-31,2014,0,0.5692188454368867
BFA,2015-01-31,2015,0,0.6938067813788137
BFA,2015-02-28,2015,0,0.7292385109547275
BFA,2015-03-31,2015,0,0.7202668765720665
BFA,2015-04-30,2015,0,0.5112455234508599
BFA,2015-05-31,2015,0,0.5199617879740047
BFA,2015-06-30,2015,0,0.47108154896052057
BFA,2015-07-31,2015,0,0.4627174540149246
BFA,2015-08-31,2015,0,0.432318008761101
BFA,2015-09-30,2015,0,0.42751133759448146
BFA,2015-10-31,2015,0,0.4546678231311786
BFA,2015-11-30,2015,0,0.49397674731857627
BFA,2015-12-31,2015,0,0.45970045369166235
BFA,2016-01-31,2016,0,0.3466021543312407
BFA,2016-02-29,2016,0,0.35077152680221535
BFA,2016-03-31,2016,0,0.2870103808979192
BFA,2016-04-30,2016,0,0.2911859037972048
BFA,2016-05-31,2016,0,0.2722389989652064
BFA,2016-06-30,2016,0,0.2841122725557207
BFA,2016-07-31,2016,0,0.2918998381480024
BFA,2016-08-31,2016,0,0.2792476868931778
BFA,2016-09-30,2016,0,0.39326288158584727
BFA,2016-10-31,2016,0,0.3780319400067669
BFA,2016-11-30,2016,0,0.3620227064651248
BFA,2016-12-31,2016,0,0.3434320064812102
BGD,2005-01-31,2005,0,0.5605685042899567
BGD,2005-02-28,2005,0,0.6013424117674405
BGD,2005-03-31,2005,0,0.5874892845754103
BGD,2005-04-30,2005,0,0.5805255760969166
BGD,2005-05-31,2005,0,0.5997879873765214
BGD,2005-06-30,2005,0,0.6086997963080055
BGD,2005-07-31,2005,0,0.6083539310166962
BGD,2005-08-31,2005,0,0.6289436109227969
BGD,2005-09-30,2005,0,0.6241800943587186
BGD,2005-10-31,2005,0,0.6220095575535486
BGD,2005-11-30,2005,0,0.6309902522196691
BGD,2005-12-31,2005,0,0.6604208853003949
BGD,2006-01-31,2006,0,0.6727377441586669
BGD,2006-02-28,2006,0,0.6452348504419329
BGD,2006-03-31,2006,0,0.7842084366852458
BGD,2006-04-30,2006,0,0.6100549772745447
BGD,2006-05-31,2006,0,0.6090067822008842
BGD,2006-06-30,2006,0,0.5911225798387115
BGD,2006-07-31,2006,0,0.6342051214090318
BGD,2006-08-31,2006,0,0.6397643294455376
BGD,2006-09-30,2006,0,0.4481497034664983
BGD,2006-10-31,2006,0,0.45990401245149015
BGD,2006-11-30,2006,0,0.4602354637751928
BGD,2006-12-31,2006,0,0.49188655111896634
BGD,2007-01-31,2007,0,0.4131943264252837
BGD,2007-02-28,2007,0,0.427856749135278
BGD,2007-03-31,2007,0,0.2956000951088962
BGD,2007-04-30,2007,0,0.24723574238104934
BGD,2007-05-31,2007,0,0.271444694113793
BGD,2007-06-30,2007,0,0.28690716686105977
BGD,2007-07-31,2007,0,0.3031164099663525
BGD,2007-08-31,2007,0,0.27500046355534574
BGD,2007-09-30,2007,0,0.515918342521733
BGD,2007-10-31,2007,0,0.542743272097028
BGD,2007-11-30,2007,0,0.5724509187304642
BGD,2007-12-31,2007,0,0.5235623156991087
BGD,2008-01-31,2008,0,0.5990841512046874
BGD,2008-02-29,2008,0,0.4833201750313194
BGD,2008-03-31,2008,0,0.46758958898976816
BGD,2008-04-30,2008,0,0.3355481456173854
BGD,2008-05-31,2008,0,0.33748540996405535
BGD,2008-06-30,2008,0,0.30753543414328977
BGD,2008-07-31,2008,0,0.6596377613591282
BGD,2008-08-31,2008,0,0.2446802939193174
BGD,2008-09-30,2008,0,0.2345706275079375
BGD,2008-10-31,2008,0,0.6959010211904405
BGD,2008-11-30,2008,0,0.6516782140492664
BGD,2008-12-31,2008,0,0.566058417388664
BGD,2009-01-31,2009,0,0.5701441936388554
BGD,2009-02-28,2009,0,0.5691158799720885
BGD,2009-03-31,2009,0,0.514906409275469
BGD,2009-04-30,2009,0,0.5448820684876688
BGD,2009-05-31,2009,0,0.5737086515479289
BGD,2009-06-30,2009,0,0.605455557160641
BGD,2009-07-31,2009,0,0.6122684356703114
BGD,2009-08-31,2009,0,0.6120475417736031
BGD,2009-09-30,2009,0,0.6195802607586018
BGD,2009-10-31,2009,0,0.6105345719087701
BGD,2009-11-30,2009,0,0.4779756688144367
BGD,2009-12-31,2009,0,0.5837533279055108
BGD,2010-01-31,2010,0,0.5921443301207054
BGD,2010-02-28,2010,0,0.5849019923770781
BGD,2010-03-31,2010,0,0.5999732375881365
BGD,2010-04-30,2010,0,0.60262848394737
BGD,2010-05-31,2010,0,0.5992911225714609
BGD,2010-06-30,2010,0,0.5458662668949148
BGD,2010-07-31,2010,0,0.5225535453283815
BGD,2010-08-31,2010,0,0.5146793107000347
BGD,2010-09-30,2010,0,0.6685206789116811
BGD,2010-10-31,2010,0,0.617130827309702
BGD,2010-11-30,2010,0,0.5319083235182761
BGD,2010-12-31,2010,0,0.5187510980257553
BGD,2011-01-31,2011,0,0.4958848311444801
BGD,2011-02-28,2011,0,0.5007119722394098
BGD,2011-03-31,2011,0,0.6340328406952974
BGD,2011-04-30,2011,0,0.6353505062196518
BGD,2011-05-31,2011,0,0.6675384434978804
BGD,2011-06-30,2011,0,0.6449673255369508
BGD,2011-07-31,2011,0,0.6447883159158955
BGD,2011-08-31,2011,0,0.4699565850093899
BGD,2011-09-30,2011,0,0.5082861220551105
BGD,2011-10-31,2011,0,0.4995595374023173
BGD,2011-11-30,2011,0,0.512187919485535
BGD,2011-12-31,2011,0,0.7303140493702699
BGD,2012-01-31,2012,0,0.7423547780609029
BGD,2012-02-29,2012,0,0.6146516684051444
BGD,2012-03-31,2012,0,0.5877153121993515
BGD,2012-04-30,2012,0,0.5735372047028172
BGD,2012-05-31,2012,0,0.5978067544599266
BGD,2012-06-30,2012,0,0.5488498628772447
BGD,2012-07-31,2012,0,0.47456208319986437
BGD,2012-08-31,2012,0,0.5628764823823844
BGD,2012-09-30,2012,0,0.5911018398382717
BGD,2012-10-31,2012,0,0.5530179448110117
BGD,2012-11-30,2012,0,0.6153561156353436
BGD,2012-12-31,2012,0,0.42075391391685535
BGD,2013-01-31,2013,0,0.2995236574505708
BGD,2013-02-28,2013,0,0.2982268653920152
BGD,2013-03-31,2013,0,0.3257044892564179
BGD,2013-04-30,2013,0,0.3279949020432608
BGD,2013-05-31,2013,0,0.31083514678244073
BGD,2013-06-30,2013,0,0.3568286870366644
BGD,2013-07-31,2013,0,0.3527572219865804
BGD,2013-08-31,2013,0,0.3474131721373989
BGD,2013-09-30,2013,0,0.35984648663342766
BGD,2013-10-31,2013,0,0.33975548626012386
BGD,2013-11-30,2013,0,0.35002303323834133
BGD,2013-12-31,2013,0,0.3812486813015914
BGD,2014-01-31,2014,0,0.42167946927102545
BGD,2014-02-28,2014,0,0.41647635808039635
BGD,2014-03-31,2014,0,0.38493585441985
BGD,2014-04-30,2014,0,0.35206263712874053
BGD,2014-05-31,2014,0,0.35135334296459186
BGD,2014-06-30,2014,0,0.3458845345038174
BGD,2014-07-31,2014,0,0.40115944942153114
BGD,2014-08-31,2014,0,0.4485383688495475
BGD,2014-09-30,2014,0,0.4396522117573906
BGD,2014-10-31,2014,0,0.44209265286764543
BGD,2014-11-30,2014,0,0.7345639251741863
BGD,2014-12-31,2014,0,0.7346326959621527
BGD,2015-01-31,2015,0,0.7499172139325244
BGD,2015-02-28,2015,0,0.7502315314993836
BGD,2015-03-31,2015,0,0.7489360896686276
BGD,2015-04-30,2015,0,0.748873738925826
BGD,2015-05-31,2015,0,0.6448019329595271
BGD,2015-06-30,2015,0,0.6447708968690558
BGD,2015-07-31,2015,0,0.7081402197374996
BGD,2015-08-31,2015,0,0.7181172882676934
BGD,2015-09-30,2015,0,0.7181083803535371
BGD,2015-10-31,2015,0,0.7185438838185157
BGD,2015-11-30,2015,0,0.7877285131702241
BGD,2015-12-31,2015,0,0.7298124046269707
BGD,2016-01-31,2016,0,0.7638890090294131
BGD,2016-02-29,2016,0,0.7626179355024968
BGD,2016-03-31,2016,0,0.7661565630069888
BGD,2016-04-30,2016,0,0.7661479396050784
BGD,2016-05-31,2016,0,0.6747910346563147
BGD,2016-06-30,2016,0,0.709691559865191
BGD,2016-07-31,2016,0,0.7096487608845666
BGD,2016-08-31,2016,0,0.677250738482218
BGD,2016-09-30,2016,0,0.7309402206372203
BGD,2016-10-31,2016,0,0.7777908627461828
BGD,2016-11-30,2016,0,0.5185050451191011
BGD,2016-12-31,2016,0,0.8086939520601254
BGR,2002-01-31,2002,0,0.23903376935667492
BGR,2002-02-28,2002,0,0.31316329001359106
BGR,2002-03-31,2002,0,0.3039424879571384
BGR,2002-04-30,2002,0,0.2654193341151063
BGR,2002-05-31,2002,0,0.22350507191392746
BGR,2002-06-30,2002,0,0.21530226324957166
BGR,2002-07-31,2002,0,0.2109349512756077
BGR,2002-08-31,2002,0,0.2031228750857997
BGR,2002-09-30,2002,0,0.21491585207844954
BGR,2002-10-31,2002,0,0.2016192634033654
BGR,2002-11-30,2002,0,0.1838937347309244
BGR,2002-12-31,2002,0,0.2040524301865422
BGR,2003-01-31,2003,0,0.1719961160958939
BGR,2003-02-28,2003,0,0.18057513472932107
BGR,2003-03-31,2003,0,0.19018273170754785
BGR,2003-04-30,2003,0,0.19961922170499138
BGR,2003-05-31,2003,0,0.1713263235958334
BGR,2003-06-30,2003,0,0.15459654857941352
BGR,2003-07-31,2003,0,0.26063273635557394
BGR,2003-08-31,2003,0,0.2986053223023208
BGR,2003-09-30,2003,0,0.2372192572495365
BGR,2003-10-31,2003,0,0.23078848074935937
BGR,2003-11-30,2003,0,0.22993251715695942
BGR,2003-12-31,2003,0,0.23492339255374117
BGR,2004-01-31,2004,0,0.23175045132672104
BGR,2004-02-29,2004,0,0.22800964724835726
BGR,2004-03-31,2004,0,0.2641918577972667
BGR,2004-04-30,2004,0,0.26035993513459066
BGR,2004-05-31,2004,0,0.24397258205680372
BGR,2004-06-30,2004,0,0.272188662479644
BGR,2004-07-31,2004,0,0.25403943273988944
BGR,2004-08-31,2004,0,0.24875845959680482
BGR,2004-09-30,2004,0,0.2552364758668025
BGR,2004-10-31,2004,0,0.2532103404758435
BGR,2004-11-30,2004,0,0.2141531473670486
BGR,2004-12-31,2004,0,0.2445710738076247
BGR,2005-01-31,2005,0,0.33877395532624033
BGR,2005-02-28,2005,0,0.34841277038675394
BGR,2005-03-31,2005,0,0.3711811928064609
BGR,2005-04-30,2005,0,0.3744600264279931
BGR,2005-05-31,2005,0,0.4434481635555578
BGR,2005-06-30,2005,0,0.4428909381161944
BGR,2005-07-31,2005,0,0.4418858417586721
BGR,2005-08-31,2005,0,0.43655446084477456
BGR,2005-09-30,2005,0,0.42715387803973937
BGR,2005-10-31,2005,0,0.420456900430999
BGR,2005-11-30,2005,0,0.43906554785861807
BGR,2005-12-31,2005,0,0.46942488635856494
BGR,2006-01-31,2006,0,0.3906407540795628
BGR,2006-02-28,2006,0,0.39744689506058906
BGR,2006-03-31,2006,0,0.3816069662779631
BGR,2006-04-30,2006,0,0.3154596794341769
BGR,2006-05-31,2006,0,0.24587446873626265
BGR,2006-06-30,2006,0,0.2568442495893939
BGR,2006-07-31,2006,0,0.2764071635700635
BGR,2006-08-31,2006,0,0.27713880884134673
BGR,2006-09-30,2006,0,0.2918047514861811
BGR,2006-10-31,2006,0,0.3091244521020626
BGR,2006-11-30,2006,0,0.2629830764889034
BGR,2006-12-31,2006,0,0.2610475957721844
BGR,2007-01-31,2007,0,0.22587593285992585
BGR,2007-02-28,2007,0,0.2416966083022336
BGR,2007-03-31,2007,0,0.22991372876828467
BGR,2007-04-30,2007,0,0.2339728948748035
BGR,2007-05-31,2007,0,0.25169292404083465
BGR,2007-06-30,2007,0,0.2582357153289447
BGR,2007-07-31,2007,0,0.2808199858246035
BGR,2007-08-31,2007,0,0.2637380316198398
BGR,2007-09-30,2007,0,0.23066473875862567
BGR,2007-10-31,2007,0,0.2445789450804323
BGR,2007-11-30,2007,0,0.2505045167519927
BGR,2007-12-31,2007,0,0.27312177387913905
BGR,2008-01-31,2008,0,0.2639966503285051
BGR,2008-02-29,2008,0,0.2720380825755009
BGR,2008-03-31,2008,0,0.19905688369751093
BGR,2008-04-30,2008,0,0.2323967579146855
BGR,2008-05-31,2008,0,0.2245158127165199
BGR,2008-06-30,2008,0,0.24926257399692595
BGR,2008-07-31,2008,0,0.24263903996789773
BGR,2008-08-31,2008,0,0.44676009255207455
BGR,2008-09-30,2008,0,0.528631684335992
BGR,2008-10-31,2008,0,0.7931185770161552
BGR,2008-11-30,2008,0,0.7516294074467148
BGR,2008-12-31,2008,0,0.3466269001367059
BGR,2009-01-31,2009,0,0.4921995392597801
BGR,2009-02-28,2009,0,0.4587853513330738
BGR,2009-03-31,2009,0,0.4210080894399175
BGR,2009-04-30,2009,0,0.0013495810481288504
BGR,2009-05-31,2009,0,0.0009087284129939946
BGR,2009-06-30,2009,0,0.0015058491555615294
BGR,2009-07-31,2009,0,4.914751765044657e-06
BGR,2009-08-31,2009,0,5.0828485011704666e-06
BGR,2009-09-30,2009,0,4.537960534554334e-06
BGR,2009-10-31,2009,0,0.0009982963437025578
BGR,2009-11-30,2009,0,0.0013215620855368728
BGR,2009-12-31,2009,0,0.0030423206650710415
BGR,2010-01-31,2010,0,0.45864707675453903
BGR,2010-02-28,2010,0,0.49497415084058155
BGR,2010-03-31,2010,0,0.5124159842627912
BGR,2010-04-30,2010,0,0.51716952329444
BGR,2010-05-31,2010,0,0.7371472430659691
BGR,2010-06-30,2010,0,0.7057052686570205
BGR,2010-07-31,2010,0,0.44723127465555307
BGR,2010-08-31,2010,0,0.45555695884784786
BGR,2010-09-30,2010,0,0.293637967436812
BGR,2010-10-31,2010,0,0.3153606141983794
BGR,2010-11-30,2010,0,0.3438174888383367
BGR,2010-12-31,2010,0,0.34020987308900963
BGR,2011-01-31,2011,0,0.45395158478699543
BGR,2011-02-28,2011,0,0.43016813955218974
BGR,2011-03-31,2011,0,0.49276484313758095
BGR,2011-04-30,2011,0,0.43217890130366365
BGR,2011-05-31,2011,0,0.4271411649457502
BGR,2011-06-30,2011,0,0.4311562524097818
BGR,2011-07-31,2011,0,0.5099403218220926
BGR,2011-08-31,2011,0,0.47808556277254366
BGR,2011-09-30,2011,0,0.6402426582174372
BGR,2011-10-31,2011,0,0.5855618204178045
BGR,2011-11-30,2011,0,0.6325394802476082
BGR,2011-12-31,2011,0,0.6348731431937994
BGR,2012-01-31,2012,0,0.4927403592579013
BGR,2012-02-29,2012,0,0.4497582975088331
BGR,2012-03-31,2012,0,0.42016208665757065
BGR,2012-04-30,2012,0,0.5050808765400783
BGR,2012-05-31,2012,0,0.573923859116783
BGR,2012-06-30,2012,0,0.5312516453544522
BGR,2012-07-31,2012,0,0.5630663709238631
BGR,2012-08-31,2012,0,0.49791367815925797
BGR,2012-09-30,2012,0,0.44912075852836986
BGR,2012-10-31,2012,0,0.4582266278968715
BGR,2012-11-30,2012,0,0.448134150682466
BGR,2012-12-31,2012,0,0.468296746477263
BGR,2013-01-31,2013,0,0.3951686229246576
BGR,2013-02-28,2013,0,0.42063216038911877
BGR,2013-03-31,2013,0,0.45431677155659855
BGR,2013-04-30,2013,0,0.44933162226619516
BGR,2013-05-31,2013,0,0.4094163410941631
BGR,2013-06-30,2013,0,0.4011417274426382
BGR,2013-07-31,2013,0,0.4293702804363014
BGR,2013-08-31,2013,0,0.4217231777269957
BGR,2013-09-30,2013,0,0.3933139348538002
BGR,2013-10-31,2013,0,0.4025133016922953
BGR,2013-11-30,2013,0,0.3983788032589616
BGR,2013-12-31,2013,0,0.40822615851046545
BGR,2014-01-31,2014,0,0.45376519773155083
BGR,2014-02-28,2014,0,0.4201143394286401
BGR,2014-03-31,2014,0,0.42670527477610204
BGR,2014-04-30,2014,0,0.4193999116181242
BGR,2014-05-31,2014,0,0.4537879029801213
BGR,2014-06-30,2014,0,0.4519597445405743
BGR,2014-07-31,2014,0,0.45897289854349466
BGR,2014-08-31,2014,0,0.4847450536412605
BGR,2014-09-30,2014,0,0.5962661557575402
BGR,2014-10-31,2014,0,0.5956253864641646
BGR,2014-11-30,2014,0,0.5795027905956752
BGR,2014-12-31,2014,0,0.5861372617690066
BGR,2015-01-31,2015,0,0.7107130692946955
BGR,2015-02-28,2015,0,0.7451033675742618
BGR,2015-03-31,2015,0,0.7370133974766269
BGR,2015-04-30,2015,0,0.5314583923196959
BGR,2015-05-31,2015,0,0.540384128288117
BGR,2015-06-30,2015,0,0.49096348688742175
BGR,2015-07-31,2015,0,0.4812310747564791
BGR,2015-08-31,2015,0,0.44994449211353565
BGR,2015-09-30,2015,0,0.4456860347668826
BGR,2015-10-31,2015,0,0.473193152260341
BGR,2015-11-30,2015,0,0.5122329465388484
BGR,2015-12-31,2015,0,0.4659415647213157
BGR,2016-01-31,2016,0,0.4140131773472684
BGR,2016-02-29,2016,0,0.41558895102176235
BGR,2016-03-31,2016,0,0.3553667531238468
BGR,2016-04-30,2016,0,0.3555035661090783
BGR,2016-05-31,2016,0,0.3299514608832874
BGR,2016-06-30,2016,0,0.3417763232712872
BGR,2016-07-31,2016,0,0.34785833093853713
BGR,2016-08-31,2016,0,0.3331992503367741
BGR,2016-09-30,2016,0,0.4587764827950377
BGR,2016-10-31,2016,0,0.4447626580456449
BGR,2016-11-30,2016,0,0.42823341457360314
BGR,2016-12-31,2016,0,0.40606268020285186
BLR,2006-01-31,2006,0,0.1676150912621112
BLR,2006-02-28,2006,0,0.18798362928538445
BLR,2006-03-31,2006,0,0.3404042342308403
BLR,2006-04-30,2006,0,0.32526130081986676
BLR,2006-05-31,2006,0,0.20545474019874493
BLR,2006-06-30,2006,0,0.21351744092693234
BLR,2006-07-31,2006,0,0.19441009741990334
BLR,2006-08-31,2006,0,0.17991173576497949
BLR,2006-09-30,2006,0,0.17112068101340916
BLR,2006-10-31,2006,0,0.16401826612831072
BLR,2006-11-30,2006,0,0.1869651926574744
BLR,2006-12-31,2006,0,0.12157006419811107
BLR,2007-01-31,2007,0,0.18700701237221745
BLR,2007-02-28,2007,0,0.2814069770284364
BLR,2007-03-31,2007,0,0.23976419642758526
BLR,2007-04-30,2007,0,0.2404794665098991
BLR,2007-05-31,2007,0,0.47687369092962834
BLR,2007-06-30,2007,0,0.48162566669119045
BLR,2007-07-31,2007,0,0.48145769860586535
BLR,2007-08-31,2007,0,0.46352199483100687
BLR,2007-09-30,2007,0,0.41491916967725495
BLR,2007-10-31,2007,0,0.3847149124306882
BLR,2007-11-30,2007,0,0.3449706191222418
BLR,2007-12-31,2007,0,0.22445416280336075
BLR,2008-01-31,2008,1,0.1467747168002829
BLR,2008-02-29,2008,1,0.1904832922536203
BLR,2008-03-31,2008,1,0.2377898549193962
BLR,2008-04-30,2008,1,0.23868612251401872
BLR,2008-05-31,2008,1,0.23253148475580024
BLR,2008-06-30,2008,1,0.20704664181334573
BLR,2008-07-31,2008,1,0.20429419502476162
BLR,2008-08-31,2008,1,0.2118311005480409
BLR,2008-09-30,2008,1,0.21829863336405322
BLR,2008-10-31,2008,1,0.32875984040222717
BLR,2008-11-30,2008,1,0.6069153908005732
BLR,2008-12-31,2008,1,0.5005188345221445
BLR,2009-01-31,2009,0,0.8916039984290295
BLR,2009-02-28,2009,0,0.8886132275344304
BLR,2009-03-31,2009,0,0.8717438164750299
BLR,2009-04-30,2009,0,0.7367149303209816
BLR,2009-05-31,2009,0,0.6892651548772956
BLR,2009-06-30,2009,0,0.7126541861147856
BLR,2009-07-31,2009,0,0.008621947100900784
BLR,2009-08-31,2009,0,0.008231762743287203
BLR,2009-09-30,2009,0,0.006489210215835784
BLR,2009-10-31,2009,0,0.006336397086501208
BLR,2009-11-30,2009,0,0.006495046835293613
BLR,2009-12-31,2009,0,0.0074806191604674405
BLR,2010-01-31,2010,0,0.5511402622317876
BLR,2010-02-28,2010,0,0.5292306900433007
BLR,2010-03-31,2010,0,0.5341394904608916
BLR,2010-04-30,2010,0,0.542155199354633
BLR,2010-05-31,2010,0,0.5499091540528142
BLR,2010-06-30,2010,0,0.5037372993027954
BLR,2010-07-31,2010,0,0.4971847192300089
BLR,2010-08-31,2010,0,0.49551198659884366
BLR,2010-09-30,2010,0,0.515566347442994
BLR,2010-10-31,2010,0,0.5278949685969747
BLR,2010-11-30,2010,0,0.5262261394717007
BLR,2010-12-31,2010,0,0.4927338994693465
BLR,2011-01-31,2011,0,0.5931291378517776
BLR,2011-02-28,2011,0,0.5629422196328291
BLR,2011-03-31,2011,0,0.5670238865853723
BLR,2011-04-30,2011,0,0.5600392118840686
BLR,2011-05-31,2011,0,0.920855292936934
BLR,2011-06-30,2011,0,0.8668684168583106
BLR,2011-07-31,2011,0,0.8715627051119477
BLR,2011-08-31,2011,0,0.6524487957681919
BLR,2011-09-30,2011,0,0.7888615794623158
BLR,2011-10-31,2011,0,0.9938831359082776
BLR,2011-11-30,2011,0,0.11325815560239545
BLR,2011-12-31,2011,0,0.060764336415223275
BLR,2012-01-31,2012,0,0.006774712138984692
BLR,2012-02-29,2012,0,0.004130293405036376
BLR,2012-03-31,2012,0,0.0028340421755329802
BLR,2012-04-30,2012,0,9.713618182479287e-06
BLR,2012-05-31,2012,0,0.0032631359831247464
BLR,2012-06-30,2012,0,0.003482563092282585
BLR,2012-07-31,2012,0,0.0033031543522036174
BLR,2012-08-31,2012,0,0.004239967354744757
BLR,2012-09-30,2012,0,0.003974708207964473
BLR,2012-10-31,2012,0,0.502000269410451
BLR,2012-11-30,2012,0,0.46828746577552754
BLR,2012-12-31,2012,0,0.4776838728100965
BLR,2013-01-31,2013,0,0.4377908318783035
BLR,2013-02-28,2013,0,0.5368677664936864
BLR,2013-03-31,2013,0,0.5471101622570819
BLR,2013-04-30,2013,0,0.5336399986832465
BLR,2013-05-31,2013,0,0.4839917328530062
BLR,2013-06-30,2013,0,0.48136665395994704
BLR,2013-07-31,2013,0,0.5155507679441176
BLR,2013-08-31,2013,0,0.47856250314864074
BLR,2013-09-30,2013,0,0.45738364874713416
BLR,2013-10-31,2013,0,0.47578730204746755
BLR,2013-11-30,2013,0,0.4991951621234732
BLR,2013-12-31,2013,0,0.5241227310566352
BLR,2014-01-31,2014,1,0.4926471134744529
BLR,2014-02-28,2014,1,0.46939609034284163
BLR,2014-03-31,2014,1,0.4534331598730293
BLR,2014-04-30,2014,1,0.49368968510197514
BLR,2014-05-31,2014,1,0.637712731001004
BLR,2014-06-30,2014,1,0.6347819631511425
BLR,2014-07-31,2014,1,0.6451085578844038
BLR,2014-08-31,2014,1,0.6342795066288134
BLR,2014-09-30,2014,1,0.6423200965117724
BLR,2014-10-31,2014,1,0.6554348332327891
BLR,2014-11-30,2014,1,0.6050890283221917
BLR,2014-12-31,2014,1,0.7533783081637572
BLR,2015-01-31,2015,0,0.8878864765686112
BLR,2015-02-28,2015,0,0.8298364823408327
BLR,2015-03-31,2015,0,0.7870895797498753
BLR,2015-04-30,2015,0,0.4945055232677043
BLR,2015-05-31,2015,0,0.5356499721021012
BLR,2015-06-30,2015,0,0.5203629308078245
BLR,2015-07-31,2015,0,0.4463941043895451
BLR,2015-08-31,2015,0,0.6276020910945507
BLR,2015-09-30,2015,0,0.6216256447639199
BLR,2015-10-31,2015,0,0.6096063732220272
BLR,2015-11-30,2015,0,0.3852201995188086
BLR,2015-12-31,2015,0,0.3759964142981124
BLR,2016-01-31,2016,0,0.6096172279557344
BLR,2016-02-29,2016,0,0.6329054390972206
BLR,2016-03-31,2016,0,0.4306358372436972
BLR,2016-04-30,2016,0,0.1985998778393057
BLR,2016-05-31,2016,0,0.19437629184740313
BLR,2016-06-30,2016,0,0.21671063502151264
BLR,2016-07-31,2016,0,0.1988614306083101
BLR,2016-08-31,2016,0,0.27967901889638963
BLR,2016-09-30,2016,0,0.3162992569945223
BLR,2016-10-31,2016,0,0.3565851989360779
BLR,2016-11-30,2016,0,0.382776360129904
BLR,2016-12-31,2016,0,0.40367336110183555
BOL,2002-01-31,2002,0,0.2225618316338128
BOL,2002-02-28,2002,0,0.1990507347726086
BOL,2002-03-31,2002,0,0.19193559553821754
BOL,2002-04-30,2002,0,0.20970004454851734
BOL,2002-05-31,2002,0,0.22074671024662107
BOL,2002-06-30,2002,0,0.21198795650669272
BOL,2002-07-31,2002,0,0.21090983819611198
BOL,2002-08-31,2002,0,0.21165722810157014
BOL,2002-09-30,2002,0,0.21004296094799577
BOL,2002-10-31,2002,0,0.21263814713967066
BOL,2002-11-30,2002,0,0.23234131432949204
BOL,2002-12-31,2002,0,0.2902657748464468
BOL,2003-01-31,2003,0,0.5493878550501414
BOL,2003-02-28,2003,0,0.29729117289497836
BOL,2003-03-31,2003,0,0.3673758961790404
BOL,2003-04-30,2003,0,0.36072168432062257
BOL,2003-05-31,2003,0,0.40138557092293475
BOL,2003-06-30,2003,0,0.41687959935813745
BOL,2003-07-31,2003,0,0.326200348141126
BOL,2003-08-31,2003,0,0.3262080301400981
BOL,2003-09-30,2003,0,0.3863150734940296
BOL,2003-10-31,2003,0,0.45818383891737535
BOL,2003-11-30,2003,0,0.48978906029352887
BOL,2003-12-31,2003,0,0.48843115256969966
BOL,2004-01-31,2004,0,0.5189534599989497
BOL,2004-02-29,2004,0,0.5234878406677257
BOL,2004-03-31,2004,0,0.5092091061801546
BOL,2004-04-30,2004,0,0.5024341380063931
BOL,2004-05-31,2004,0,0.49878835753565204
BOL,2004-06-30,2004,0,0.5019757133186247
BOL,2004-07-31,2004,0,0.5433353092548433
BOL,2004-08-31,2004,0,0.5304672837441387
BOL,2004-09-30,2004,0,0.5437499298557863
BOL,2004-10-31,2004,0,0.49654118076493653
BOL,2004-11-30,2004,0,0.49606577877528385
BOL,2004-12-31,2004,0,0.42855620451522664
BOL,2005-01-31,2005,0,0.4523152217887849
BOL,2005-02-28,2005,0,0.47096183236789857
BOL,2005-03-31,2005,0,0.48619248801254683
BOL,2005-04-30,2005,0,0.4020945912383409
BOL,2005-05-31,2005,0,0.39415183899658773
BOL,2005-06-30,2005,0,0.43526953294630893
BOL,2005-07-31,2005,0,0.26646297499151067
BOL,2005-08-31,2005,0,0.27481984524515796
BOL,2005-09-30,2005,0,0.28431047000580517
BOL,2005-10-31,2005,0,0.27973302705344183
BOL,2005-11-30,2005,0,0.2912612417987974
BOL,2005-12-31,2005,0,0.27818439498250336
BOL,2006-01-31,2006,0,0.26772496540339114
BOL,2006-02-28,2006,0,0.29926309716009425
BOL,2006-03-31,2006,0,0.18758256820019548
BOL,2006-04-30,2006,0,0.20131674764068863
BOL,2006-05-31,2006,0,0.20172303695713267
BOL,2006-06-30,2006,0,0.2021083017660102
BOL,2006-07-31,2006,0,0.3088754624465747
BOL,2006-08-31,2006,0,0.3431736997503009
BOL,2006-09-30,2006,0,0.29941865648363125
BOL,2006-10-31,2006,0,0.25160192285786875
BOL,2006-11-30,2006,0,0.25230111670202776
BOL,2006-12-31,2006,0,0.23569201065483128
BOL,2007-01-31,2007,0,0.26197744980324866
BOL,2007-02-28,2007,0,0.2844884039004568
BOL,2007-03-31,2007,0,0.26926922345068194
BOL,2007-04-30,2007,0,0.2531758358869794
BOL,2007-05-31,2007,0,0.31186143122418125
BOL,2007-06-30,2007,0,0.3415492010601569
BOL,2007-07-31,2007,0,0.1276009051132572
BOL,2007-08-31,2007,0,0.18190334620427345
BOL,2007-09-30,2007,0,0.18314957891533068
BOL,2007-10-31,2007,0,0.20928022415448266
BOL,2007-11-30,2007,0,0.2352166355701861
BOL,2007-12-31,2007,0,0.2820023641287747
BOL,2008-01-31,2008,0,0.28870162124619253
BOL,2008-02-29,2008,0,0.31037669980148547
BOL,2008-03-31,2008,0,0.20802606969105647
BOL,2008-04-30,2008,0,0.2114828540740513
BOL,2008-05-31,2008,0,0.24937774982856456
BOL,2008-06-30,2008,0,0.28992910400903404
BOL,2008-07-31,2008,0,0.3233987652199142
BOL,2008-08-31,2008,0,0.31545299957360956
BOL,2008-09-30,2008,0,0.31739355802812896
BOL,2008-10-31,2008,0,0.6713642820899391
BOL,2008-11-30,2008,0,0.24378852847745167
BOL,2008-12-31,2008,0,0.25625290490376773
BOL,2009-01-31,2009,0,0.36809184991157823
BOL,2009-02-28,2009,0,0.4093577927421555
BOL,2009-03-31,2009,0,0.4080610152072434
BOL,2009-04-30,2009,0,0.3260126812327986
BOL,2009-05-31,2009,0,0.46955339287944126
BOL,2009-06-30,2009,0,0.4685041484006965
BOL,2009-07-31,2009,0,0.46747929853833314
BOL,2009-08-31,2009,0,0.46664853055907196
BOL,2009-09-30,2009,0,0.46664853055907196
BOL,2009-10-31,2009,0,0.2911401729600776
BOL,2009-11-30,2009,0,0.5027093805978622
BOL,2009-12-31,2009,0,0.5027093805978622
BOL,2010-01-31,2010,0,0.3673645418075072
BOL,2010-02-28,2010,0,0.3673645418075072
BOL,2010-03-31,2010,0,0.3673645418075072
BOL,2010-04-30,2010,0,0.3673645418075072
BOL,2010-05-31,2010,0,0.3673645418075072
BOL,2010-06-30,2010,0,0.3673645418075072
BOL,2010-07-31,2010,0,0.3673645418075072
BOL,2010-08-31,2010,0,0.3673645418075072
BOL,2010-09-30,2010,0,0.3673645418075072
BOL,2010-10-31,2010,0,0.3673645418075072
BOL,2010-11-30,2010,0,0.184692893172463
BOL,2010-12-31,2010,0,0.22586534575688783
BOL,2011-01-31,2011,0,0.37420841518801295
BOL,2011-02-28,2011,0,0.43965745133234785
BOL,2011-03-31,2011,0,0.48924020693665815
BOL,2011-04-30,2011,0,0.5111875241095634
BOL,2011-05-31,2011,0,0.5020689891814114
BOL,2011-06-30,2011,0,0.5011265129968754
BOL,2011-07-31,2011,0,0.518867338736282
BOL,2011-08-31,2011,0,0.5030156930099273
BOL,2011-09-30,2011,0,0.5150624098352024
BOL,2011-10-31,2011,0,0.4894190544942592
BOL,2011-11-30,2011,0,0.5149791580548719
BOL,2011-12-31,2011,0,0.47280814032248747
BOL,2012-01-31,2012,0,0.41310256002612905
BOL,2012-02-29,2012,0,0.39825999331102124
BOL,2012-03-31,2012,0,0.41190588327474653
BOL,2012-04-30,2012,0,0.38712802565009263
BOL,2012-05-31,2012,0,0.45164899661033364
BOL,2012-06-30,2012,0,0.4155065692838054
BOL,2012-07-31,2012,0,0.3479108996607024
BOL,2012-08-31,2012,0,0.3479108996607024
BOL,2012-09-30,2012,0,0.3479108996607024
BOL,2012-10-31,2012,0,0.3479108996607024
BOL,2012-11-30,2012,0,0.5224830205745926
BOL,2012-12-31,2012,0,0.5224830205745926
BOL,2013-01-31,2013,0,0.6566348318540832
BOL,2013-02-28,2013,0,0.6566348318540832
BOL,2013-03-31,2013,0,0.6566348318540832
BOL,2013-04-30,2013,0,0.6566348318540832
BOL,2013-05-31,2013,0,0.6566348318540832
BOL,2013-06-30,2013,0,0.6566348318540832
BOL,2013-07-31,2013,0,0.6566348318540832
BOL,2013-08-31,2013,0,0.6566348318540832
BOL,2013-09-30,2013,0,0.6566348318540832
BOL,2013-10-31,2013,0,0.6566348318540832
BOL,2013-11-30,2013,0,0.6566348318540832
BOL,2013-12-31,2013,0,0.6566348318540832
BOL,2014-01-31,2014,0,0.44348936148862045
BOL,2014-02-28,2014,0,0.44348936148862045
BOL,2014-03-31,2014,0,0.44348936148862045
BOL,2014-04-30,2014,0,0.44348936148862045
BOL,2014-05-31,2014,0,0.44348936148862045
BOL,2014-06-30,2014,0,0.44348936148862045
BOL,2014-07-31,2014,0,0.44348936148862045
BOL,2014-08-31,2014,0,0.44348936148862045
BOL,2014-09-30,2014,0,0.44348936148862045
BOL,2014-10-31,2014,0,0.44348936148862045
BOL,2014-11-30,2014,0,0.44348936148862045
BOL,2014-12-31,2014,0,0.44348936148862045
BOL,2015-01-31,2015,0,0.5232717357871407
BOL,2015-02-28,2015,0,0.5232717357871407
BOL,2015-03-31,2015,0,0.5232717357871407
BOL,2015-04-30,2015,0,0.5232717357871407
BOL,2015-05-31,2015,0,0.5232717357871407
BOL,2015-06-30,2015,0,0.5232717357871407
BOL,2015-07-31,2015,0,0.5232717357871407
BOL,2015-08-31,2015,0,0.5232717357871407
BOL,2015-09-30,2015,0,0.5232717357871407
BOL,2015-10-31,2015,0,0.5232717357871407
BOL,2015-11-30,2015,0,0.5232717357871407
BOL,2015-12-31,2015,0,0.5232717357871407
BOL,2016-01-31,2016,0,0.4217605784304911
BOL,2016-02-29,2016,0,0.4217605784304911
BOL,2016-03-31,2016,0,0.4217605784304911
BOL,2016-04-30,2016,0,0.4217605784304911
BOL,2016-05-31,2016,0,0.4217605784304911
BOL,2016-06-30,2016,0,0.4217605784304911
BOL,2016-07-31,2016,0,0.4217605784304911
BOL,2016-08-31,2016,0,0.4217605784304911
BOL,2016-09-30,2016,0,0.4217605784304911
BOL,2016-10-31,2016,0,0.4217605784304911
BOL,2016-11-30,2016,0,0.4217605784304911
BOL,2016-12-31,2016,0,0.4217605784304911
BRA,2003-01-31,2003,0,5.076308842581131e-05
BRA,2003-02-28,2003,0,7.201782010655783e-05
BRA,2003-03-31,2003,0,8.618575661814406e-07
BRA,2003-04-30,2003,0,3.5070928886491747e-07
BRA,2003-05-31,2003,0,4.425416562728987e-07
BRA,2003-06-30,2003,0,5.716912218277807e-05
BRA,2003-07-31,2003,0,0.012609296138342116
BRA,2003-08-31,2003,0,0.013514385178783514
BRA,2003-09-30,2003,0,0.3298961390651058
BRA,2003-10-31,2003,0,0.44779796120176907
BRA,2003-11-30,2003,0,0.48526331143334667
BRA,2003-12-31,2003,0,0.4815777458879636
BRA,2004-01-31,2004,0,0.40621410047208667
BRA,2004-02-29,2004,0,0.3886494456734235
BRA,2004-03-31,2004,0,0.3700924721940899
BRA,2004-04-30,2004,0,0.5723313808066874
BRA,2004-05-31,2004,0,0.6900659392580627
BRA,2004-06-30,2004,0,0.7063044242593256
BRA,2004-07-31,2004,0,0.6774449834491587
BRA,2004-08-31,2004,0,0.6189843302038381
BRA,2004-09-30,2004,0,0.6044821047412772
BRA,2004-10-31,2004,0,0.6205760265955051
BRA,2004-11-30,2004,0,0.5294379551238666
BRA,2004-12-31,2004,0,0.5483815820189023
BRA,2005-01-31,2005,0,0.5978930718655366
BRA,2005-02-28,2005,0,0.606117752009617
BRA,2005-03-31,2005,0,0.6320300553176286
BRA,2005-04-30,2005,0,0.5676205019445042
BRA,2005-05-31,2005,0,0.46896823927552267
BRA,2005-06-30,2005,0,0.4864331700142284
BRA,2005-07-31,2005,0,0.49276847927009726
BRA,2005-08-31,2005,0,0.4919285979892477
BRA,2005-09-30,2005,0,0.4110981013395799
BRA,2005-10-31,2005,0,0.4388737824686601
BRA,2005-11-30,2005,0,0.4264837847360453
BRA,2005-12-31,2005,0,0.5726128675560646
BRA,2006-01-31,2006,0,0.30722901305682876
BRA,2006-02-28,2006,0,0.30045184485720045
BRA,2006-03-31,2006,0,0.34446946301949377
BRA,2006-04-30,2006,0,0.3233794958564832
BRA,2006-05-31,2006,0,0.5833370970628363
BRA,2006-06-30,2006,0,0.41261442692648176
BRA,2006-07-31,2006,0,0.49291355282677524
BRA,2006-08-31,2006,0,0.3356982220170008
BRA,2006-09-30,2006,0,0.39428901729255705
BRA,2006-10-31,2006,0,0.4006473635829604
BRA,2006-11-30,2006,0,0.0033468206533548636
BRA,2006-12-31,2006,0,0.00431913817228293
BRA,2007-01-31,2007,0,0.006308877604993138
BRA,2007-02-28,2007,0,0.006596318621218937
BRA,2007-03-31,2007,0,0.004959235773714134
BRA,2007-04-30,2007,0,0.005181233535859513
BRA,2007-05-31,2007,0,0.3129402807990917
BRA,2007-06-30,2007,0,0.34350021747382375
BRA,2007-07-31,2007,0,0.3608020332844738
BRA,2007-08-31,2007,0,0.5592968700230563
BRA,2007-09-30,2007,0,0.42538898769846867
BRA,2007-10-31,2007,0,0.40416276505976423
BRA,2007-11-30,2007,0,0.42922533306115357
BRA,2007-12-31,2007,0,0.4448728307708039
BRA,2008-01-31,2008,0,0.41399655178605255
BRA,2008-02-29,2008,0,0.34483515363235223
BRA,2008-03-31,2008,0,0.43426447155074066
BRA,2008-04-30,2008,0,0.4268295547008897
BRA,2008-05-31,2008,0,0.42983147794491144
BRA,2008-06-30,2008,0,0.42570624334752416
BRA,2008-07-31,2008,0,0.43569961854278366
BRA,2008-08-31,2008,0,0.5064719563731894
BRA,2008-09-30,2008,0,0.8455827218334286
BRA,2008-10-31,2008,0,0.9324035933279009
BRA,2008-11-30,2008,0,0.9699792594984654
BRA,2008-12-31,2008,0,0.9183535207067871
BRA,2009-01-31,2009,0,0.6295401341444147
BRA,2009-02-28,2009,0,0.49922768196589995
BRA,2009-03-31,2009,0,0.001552268552385758
BRA,2009-04-30,2009,0,5.546767727211366e-06
BRA,2009-05-31,2009,0,1.1005786146448727e-08
BRA,2009-06-30,2009,0,1.1680006398513202e-08
BRA,2009-07-31,2009,0,1.1251057203694322e-08
BRA,2009-08-31,2009,0,1.09963900808406e-08
BRA,2009-09-30,2009,0,2.222647131998151e-06
BRA,2009-10-31,2009,0,0.0005378663966502533
BRA,2009-11-30,2009,0,0.14312106455029974
BRA,2009-12-31,2009,0,0.14613567872284902
BRA,2010-01-31,2010,0,0.39039044172606047
BRA,2010-02-28,2010,0,0.3559445365177617
BRA,2010-03-31,2010,0,0.3767569036702552
BRA,2010-04-30,2010,0,0.3598574043279193
BRA,2010-05-31,2010,0,0.44903683420856155
BRA,2010-06-30,2010,0,0.4356136481987784
BRA,2010-07-31,2010,0,0.4288498643261658
BRA,2010-08-31,2010,0,0.42120608721811326
BRA,2010-09-30,2010,0,0.40602667774383183
BRA,2010-10-31,2010,0,0.47176607087148414
BRA,2010-11-30,2010,0,0.42589477163438466
BRA,2010-12-31,2010,0,0.4170296146859994
BRA,2011-01-31,2011,0,0.38841381706020195
BRA,2011-02-28,2011,0,0.3834543835625722
BRA,2011-03-31,2011,0,0.41923282320537164
BRA,2011-04-30,2011,0,0.3847341075503014
BRA,2011-05-31,2011,0,0.31656654556028785
BRA,2011-06-30,2011,0,0.3118419533109301
BRA,2011-07-31,2011,0,0.3278187447631183
BRA,2011-08-31,2011,0,0.360625749105418
BRA,2011-09-30,2011,0,0.7545241290970125
BRA,2011-10-31,2011,0,0.5349147528009007
BRA,2011-11-30,2011,0,0.6350702641810829
BRA,2011-12-31,2011,0,0.3567494805799037
BRA,2012-01-31,2012,0,0.10402625703523091
BRA,2012-02-29,2012,0,0.07800341457587417
BRA,2012-03-31,2012,0,0.0004763535950067134
BRA,2012-04-30,2012,0,0.0009029149514404453
BRA,2012-05-31,2012,0,0.0011523192013363848
BRA,2012-06-30,2012,0,0.001213209273997285
BRA,2012-07-31,2012,0,0.0011195256992042797
BRA,2012-08-31,2012,0,0.0011764172343710962
BRA,2012-09-30,2012,0,0.17411971875306848
BRA,2012-10-31,2012,0,0.21236417806492855
BRA,2012-11-30,2012,0,0.18905405061561767
BRA,2012-12-31,2012,0,0.15789965611674917
BRA,2013-01-31,2013,0,0.46092407664516083
BRA,2013-02-28,2013,0,0.4631355824279345
BRA,2013-03-31,2013,0,0.46945446314866424
BRA,2013-04-30,2013,0,0.48779401212542406
BRA,2013-05-31,2013,0,0.4957143351004759
BRA,2013-06-30,2013,0,0.5685887810077006
BRA,2013-07-31,2013,0,0.6438510743396159
BRA,2013-08-31,2013,0,0.6610460071344257
BRA,2013-09-30,2013,0,0.5001487936340856
BRA,2013-10-31,2013,0,0.43812053259539874
BRA,2013-11-30,2013,0,0.45337599227340303
BRA,2013-12-31,2013,0,0.48083110101070786
BRA,2014-01-31,2014,1,0.9222276475703284
BRA,2014-02-28,2014,1,0.8811728270575735
BRA,2014-03-31,2014,1,0.8664165666162739
BRA,2014-04-30,2014,1,0.8673928425062024
BRA,2014-05-31,2014,1,0.865060252260389
BRA,2014-06-30,2014,1,0.8646533092108596
BRA,2014-07-31,2014,1,0.871285382988957
BRA,2014-08-31,2014,1,0.8791552372595316
BRA,2014-09-30,2014,1,0.9351440294992678
BRA,2014-10-31,2014,1,0.9316846940650161
BRA,2014-11-30,2014,1,0.9429886483210425
BRA,2014-12-31,2014,1,0.9485667283858874
BRA,2015-01-31,2015,0,0.8925814216626281
BRA,2015-02-28,2015,0,0.9317322820858653
BRA,2015-03-31,2015,0,0.9537096490076971
BRA,2015-04-30,2015,0,0.9059995588511107
BRA,2015-05-31,2015,0,0.806869223437548
BRA,2015-06-30,2015,0,0.559655791890959
BRA,2015-07-31,2015,0,0.6833751851373421
BRA,2015-08-31,2015,0,0.7038350108819685
BRA,2015-09-30,2015,0,0.846315591743377
BRA,2015-10-31,2015,0,0.8244964527995685
BRA,2015-11-30,2015,0,0.6873961620255741
BRA,2015-12-31,2015,0,0.4895035524130202
BRA,2016-01-31,2016,0,0.476589287355689
BRA,2016-02-29,2016,0,0.5514182085136243
BRA,2016-03-31,2016,0,0.48722043111434377
BRA,2016-04-30,2016,0,0.5010317500364551
BRA,2016-05-31,2016,0,0.5537853513913844
BRA,2016-06-30,2016,0,0.4134165877629496
BRA,2016-07-31,2016,0,0.40947395698227856
BRA,2016-08-31,2016,0,0.4120637424376245
BRA,2016-09-30,2016,0,0.5646559432592276
BRA,2016-10-31,2016,0,0.550857338658812
BRA,2016-11-30,2016,0,0.6210808343142861
BRA,2016-12-31,2016,0,0.6904887334671216
BWA,2002-01-31,2002,0,0.5207297023476123
BWA,2002-02-28,2002,0,0.5144917112199151
BWA,2002-03-31,2002,0,0.5411069123589621
BWA,2002-04-30,2002,0,0.45224954172157095
BWA,2002-05-31,2002,0,0.4146979949545635
BWA,2002-06-30,2002,0,0.3666458610966695
BWA,2002-07-31,2002,0,0.3705185197459852
BWA,2002-08-31,2002,0,0.3863246915960008
BWA,2002-09-30,2002,0,0.3922012160361146
BWA,2002-10-31,2002,0,0.4016453748853129
BWA,2002-11-30,2002,0,0.3988727422320706
BWA,2002-12-31,2002,0,0.35497383634169666
BWA,2003-01-31,2003,0,0.319341789383667
BWA,2003-02-28,2003,0,0.32836114698038704
BWA,2003-03-31,2003,0,0.3515888938940171
BWA,2003-04-30,2003,0,0.2714078604743735
BWA,2003-05-31,2003,0,0.40002127338328736
BWA,2003-06-30,2003,0,0.39731244062449667
BWA,2003-07-31,2003,0,0.4312373710311923
BWA,2003-08-31,2003,0,0.42574090912730306
BWA,2003-09-30,2003,0,0.44915268945302805
BWA,2003-10-31,2003,0,0.5171212611534803
BWA,2003-11-30,2003,0,0.3846462026021532
BWA,2003-12-31,2003,0,0.3770400897241073
BWA,2004-01-31,2004,0,0.2974274866756714
BWA,2004-02-29,2004,0,0.3316513566576761
BWA,2004-03-31,2004,0,0.29179791193337157
BWA,2004-04-30,2004,0,0.3596609798726036
BWA,2004-05-31,2004,0,0.3163022076851753
BWA,2004-06-30,2004,0,0.3267713961634104
BWA,2004-07-31,2004,0,0.3134847376309451
BWA,2004-08-31,2004,0,0.3418883698237799
BWA,2004-09-30,2004,0,0.3251491150600716
BWA,2004-10-31,2004,0,0.28892236565145707
BWA,2004-11-30,2004,0,0.2800507933700539
BWA,2004-12-31,2004,0,0.29601313785604705
BWA,2005-01-31,2005,0,0.35041120522577873
BWA,2005-02-28,2005,0,0.3743411012101467
BWA,2005-03-31,2005,0,0.4032639719517796
BWA,2005-04-30,2005,0,0.3947173998519279
BWA,2005-05-31,2005,0,0.7828189119529716
BWA,2005-06-30,2005,0,0.7436497294543085
BWA,2005-07-31,2005,0,0.7386333406090583
BWA,2005-08-31,2005,0,0.5816547357359118
BWA,2005-09-30,2005,0,0.5521347097098624
BWA,2005-10-31,2005,0,0.6124336107836895
BWA,2005-11-30,2005,0,0.009793208955851857
BWA,2005-12-31,2005,0,0.009647782510085605
BWA,2006-01-31,2006,0,0.010620028356803935
BWA,2006-02-28,2006,0,0.011930601338272472
BWA,2006-03-31,2006,0,0.01347277410303446
BWA,2006-04-30,2006,0,0.013544569926976535
BWA,2006-05-31,2006,0,0.6723751923523795
BWA,2006-06-30,2006,0,0.6727116705715614
BWA,2006-07-31,2006,0,0.627710938172224
BWA,2006-08-31,2006,0,0.6112573272921773
BWA,2006-09-30,2006,0,0.6277529600225492
BWA,2006-10-31,2006,0,0.6439467194342046
BWA,2006-11-30,2006,0,0.5114602733630857
BWA,2006-12-31,2006,0,0.47741452874082374
BWA,2007-01-31,2007,0,0.39626952547759525
BWA,2007-02-28,2007,0,0.4146816337226135
BWA,2007-03-31,2007,0,0.400374124737131
BWA,2007-04-30,2007,0,0.3835174638605431
BWA,2007-05-31,2007,0,0.45222427697871187
BWA,2007-06-30,2007,0,0.47259873299481714
BWA,2007-07-31,2007,0,0.41630239478973496
BWA,2007-08-31,2007,0,0.42014073422379966
BWA,2007-09-30,2007,0,0.3143467921742843
BWA,2007-10-31,2007,0,0.2876973096989801
BWA,2007-11-30,2007,0,0.3426063430873864
BWA,2007-12-31,2007,0,0.33598072776257987
BWA,2008-01-31,2008,0,0.27324925163498515
BWA,2008-02-29,2008,0,0.2561511919606644
BWA,2008-03-31,2008,0,0.2823021439073187
BWA,2008-04-30,2008,0,0.21693437584197198
BWA,2008-05-31,2008,0,0.22035094014806964
BWA,2008-06-30,2008,0,0.21400682716862593
BWA,2008-07-31,2008,0,0.17450492974967452
BWA,2008-08-31,2008,0,0.20585743689393907
BWA,2008-09-30,2008,0,0.20352946011153764
BWA,2008-10-31,2008,0,0.7424698275172531
BWA,2008-11-30,2008,0,0.6648405894196593
BWA,2008-12-31,2008,0,0.47140190906973095
BWA,2009-01-31,2009,0,0.6202478497185484
BWA,2009-02-28,2009,0,0.5785280052628935
BWA,2009-03-31,2009,0,0.5413325117102049
BWA,2009-04-30,2009,0,0.00200409755128803
BWA,2009-05-31,2009,0,0.0017445957712494834
BWA,2009-06-30,2009,0,0.0018331490843897158
BWA,2009-07-31,2009,0,0.0017733799699145803
BWA,2009-08-31,2009,0,0.001992010148200829
BWA,2009-09-30,2009,0,0.0017594604190726134
BWA,2009-10-31,2009,0,0.338142079085776
BWA,2009-11-30,2009,0,0.3269676834510079
BWA,2009-12-31,2009,0,0.362215585237767
BWA,2010-01-31,2010,0,0.3631566031299751
BWA,2010-02-28,2010,0,0.40019429395299416
BWA,2010-03-31,2010,0,0.37310598450297977
BWA,2010-04-30,2010,0,0.4072847397414191
BWA,2010-05-31,2010,0,0.48569103232497857
BWA,2010-06-30,2010,0,0.4984799793050512
BWA,2010-07-31,2010,0,0.43252498144209844
BWA,2010-08-31,2010,0,0.4344013080927851
BWA,2010-09-30,2010,0,0.35925638593035253
BWA,2010-10-31,2010,0,0.3806260211068567
BWA,2010-11-30,2010,0,0.37984113768843875
BWA,2010-12-31,2010,0,0.3298053255462985
BWA,2011-01-31,2011,0,0.5169838947350062
BWA,2011-02-28,2011,0,0.4758948685529842
BWA,2011-03-31,2011,0,0.5228099291011897
BWA,2011-04-30,2011,0,0.4916077172959103
BWA,2011-05-31,2011,0,0.5166760539248593
BWA,2011-06-30,2011,0,0.5605956123527036
BWA,2011-07-31,2011,0,0.5850731825432928
BWA,2011-08-31,2011,0,0.586880852260735
BWA,2011-09-30,2011,0,0.7236661013348669
BWA,2011-10-31,2011,0,0.7358120262486534
BWA,2011-11-30,2011,0,0.7589251208608868
BWA,2011-12-31,2011,0,0.7398105821665266
BWA,2012-01-31,2012,0,0.5181887871484404
BWA,2012-02-29,2012,0,0.4475978327343086
BWA,2012-03-31,2012,0,0.43642944324760763
BWA,2012-04-30,2012,0,0.4695194220395897
BWA,2012-05-31,2012,0,0.4989717258623369
BWA,2012-06-30,2012,0,0.5027023808656589
BWA,2012-07-31,2012,0,0.5141633284385501
BWA,2012-08-31,2012,0,0.5633261972653375
BWA,2012-09-30,2012,0,0.44954736048600547
BWA,2012-10-31,2012,0,0.467476477381292
BWA,2012-11-30,2012,0,0.423437459853341
BWA,2012-12-31,2012,0,0.4132648989173688
BWA,2013-01-31,2013,0,0.4440813957242558
BWA,2013-02-28,2013,0,0.4458143698129889
BWA,2013-03-31,2013,0,0.508122450794625
BWA,2013-04-30,2013,0,0.446992798577618
BWA,2013-05-31,2013,0,0.536142453592887
BWA,2013-06-30,2013,0,0.523207543578432
BWA,2013-07-31,2013,0,0.5169407103194327
BWA,2013-08-31,2013,0,0.5157833442301406
BWA,2013-09-30,2013,0,0.4746873634182009
BWA,2013-10-31,2013,0,0.49431026658235283
BWA,2013-11-30,2013,0,0.4662401494985999
BWA,2013-12-31,2013,0,0.5029261257284467
BWA,2014-01-31,2014,0,0.5668926554311878
BWA,2014-02-28,2014,0,0.4799635578955857
BWA,2014-03-31,2014,0,0.4938807189121396
BWA,2014-04-30,2014,0,0.4899381770955575
BWA,2014-05-31,2014,0,0.4819047856880785
BWA,2014-06-30,2014,0,0.4800932109707491
BWA,2014-07-31,2014,0,0.4398372112213788
BWA,2014-08-31,2014,0,0.5029170429018753
BWA,2014-09-30,2014,0,0.571986981886454
BWA,2014-10-31,2014,0,0.521250768553706
BWA,2014-11-30,2014,0,0.53584390426966
BWA,2014-12-31,2014,0,0.5342822876119562
BWA,2015-01-31,2015,0,0.5539251813627437
BWA,2015-02-28,2015,0,0.6022969207856619
BWA,2015-03-31,2015,0,0.5837873122720627
BWA,2015-04-30,2015,0,0.5186220739580935
BWA,2015-05-31,2015,0,0.512100495174869
BWA,2015-06-30,2015,0,0.49945091027434096
BWA,2015-07-31,2015,0,0.511400924486001
BWA,2015-08-31,2015,0,0.4981094479753201
BWA,2015-09-30,2015,0,0.4888202349734168
BWA,2015-10-31,2015,0,0.5091034481466054
BWA,2015-11-30,2015,0,0.5080582399686412
BWA,2015-12-31,2015,0,0.5068110545438063
BWA,2016-01-31,2016,0,0.5169303030394469
BWA,2016-02-29,2016,0,0.5104897195716476
BWA,2016-03-31,2016,0,0.33349748161152987
BWA,2016-04-30,2016,0,0.3162237159386986
BWA,2016-05-31,2016,0,0.3917630684290401
BWA,2016-06-30,2016,0,0.3876234729002188
BWA,2016-07-31,2016,0,0.39587073252997707
BWA,2016-08-31,2016,0,0.39022023888822793
BWA,2016-09-30,2016,0,0.40014670641403627
BWA,2016-10-31,2016,0,0.41475302746035575
BWA,2016-11-30,2016,0,0.384238387151316
BWA,2016-12-31,2016,0,0.4209983519608957
CAF,2002-01-31,2002,0,0.22303262290102893
CAF,2002-02-28,2002,0,0.29483481932927563
CAF,2002-03-31,2002,0,0.27149448560532746
CAF,2002-04-30,2002,0,0.24236324157286468
CAF,2002-05-31,2002,0,0.22610877871374288
CAF,2002-06-30,2002,0,0.21796209366302113
CAF,2002-07-31,2002,0,0.2135184398438888
CAF,2002-08-31,2002,0,0.2056719342505233
CAF,2002-09-30,2002,0,0.21754935847356133
CAF,2002-10-31,2002,0,0.20413084531175846
CAF,2002-11-30,2002,0,0.186232986649224
CAF,2002-12-31,2002,0,0.1896365171333531
CAF,2003-01-31,2003,0,0.11658721044964832
CAF,2003-02-28,2003,0,0.12296303945041154
CAF,2003-03-31,2003,0,0.13237047981687758
CAF,2003-04-30,2003,0,0.13391928341536255
CAF,2003-05-31,2003,0,0.12197702300749796
CAF,2003-06-30,2003,0,0.16970713863831424
CAF,2003-07-31,2003,0,0.15680575113176626
CAF,2003-08-31,2003,0,0.2075408594876732
CAF,2003-09-30,2003,0,0.16131835915759568
CAF,2003-10-31,2003,0,0.16132356612837193
CAF,2003-11-30,2003,0,0.15921621221132984
CAF,2003-12-31,2003,0,0.16621914948236977
CAF,2004-01-31,2004,0,0.2399620719175776
CAF,2004-02-29,2004,0,0.2360144332418865
CAF,2004-03-31,2004,0,0.27373391042212647
CAF,2004-04-30,2004,0,0.2704558268195883
CAF,2004-05-31,2004,0,0.2512108414203673
CAF,2004-06-30,2004,0,0.27611859790193194
CAF,2004-07-31,2004,0,0.272949803028528
CAF,2004-08-31,2004,0,0.26737484263650535
CAF,2004-09-30,2004,0,0.2741425808057116
CAF,2004-10-31,2004,0,0.27189037270968025
CAF,2004-11-30,2004,0,0.23100452363238771
CAF,2004-12-31,2004,0,0.2630722495116485
CAF,2005-01-31,2005,0,0.42303558528081786
CAF,2005-02-28,2005,0,0.4334465141873903
CAF,2005-03-31,2005,0,0.45782962432009167
CAF,2005-04-30,2005,0,0.46138057452409
CAF,2005-05-31,2005,0,0.532666628124911
CAF,2005-06-30,2005,0,0.5321087119380045
CAF,2005-07-31,2005,0,0.5311009488918079
CAF,2005-08-31,2005,0,0.525741438094736
CAF,2005-09-30,2005,0,0.5161887711197921
CAF,2005-10-31,2005,0,0.50939797036809
CAF,2005-11-30,2005,0,0.5280987366578173
CAF,2005-12-31,2005,0,0.5585681980924785
CAF,2006-01-31,2006,0,0.4322960861026933
CAF,2006-02-28,2006,0,0.43939696736981654
CAF,2006-03-31,2006,0,0.4228733408496641
CAF,2006-04-30,2006,0,0.3536952935746744
CAF,2006-05-31,2006,0,0.2790302415422321
CAF,2006-06-30,2006,0,0.2908837353793411
CAF,2006-07-31,2006,0,0.31199637852729656
CAF,2006-08-31,2006,0,0.31271638445043776
CAF,2006-09-30,2006,0,0.3284126258024212
CAF,2006-10-31,2006,0,0.3468793516216855
CAF,2006-11-30,2006,0,0.2974946174903887
CAF,2006-12-31,2006,0,0.2954678587232514
CAF,2007-01-31,2007,0,0.2925701623482969
CAF,2007-02-28,2007,0,0.3111346203760374
CAF,2007-03-31,2007,0,0.2973461890423988
CAF,2007-04-30,2007,0,0.30354100728736716
CAF,2007-05-31,2007,0,0.3229920882381861
CAF,2007-06-30,2007,0,0.3307899611960534
CAF,2007-07-31,2007,0,0.354142019014717
CAF,2007-08-31,2007,0,0.33493845733622374
CAF,2007-09-30,2007,0,0.2880553113760083
CAF,2007-10-31,2007,0,0.30373341741300147
CAF,2007-11-30,2007,0,0.31866939627845814
CAF,2007-12-31,2007,0,0.3419339722522853
CAF,2008-01-31,2008,0,0.2604086312904554
CAF,2008-02-29,2008,0,0.2656782142180984
CAF,2008-03-31,2008,0,0.19433464579159376
CAF,2008-04-30,2008,0,0.23913379007477426
CAF,2008-05-31,2008,0,0.23402506855838479
CAF,2008-06-30,2008,0,0.2599937579151863
CAF,2008-07-31,2008,0,0.2543967508794792
CAF,2008-08-31,2008,0,0.4669140253034046
CAF,2008-09-30,2008,0,0.5488803574292748
CAF,2008-10-31,2008,0,0.8057977783661736
CAF,2008-11-30,2008,0,0.7660694793535697
CAF,2008-12-31,2008,0,0.4250490515328404
CAF,2009-01-31,2009,0,0.37085149171535836
CAF,2009-02-28,2009,0,0.3448844258667966
CAF,2009-03-31,2009,0,0.3031223159308199
CAF,2009-04-30,2009,0,0.001501184283480395
CAF,2009-05-31,2009,0,0.0010051711450587717
CAF,2009-06-30,2009,0,0.001548040284214278
CAF,2009-07-31,2009,0,0.0011909982619698848
CAF,2009-08-31,2009,0,0.0012373569221390856
CAF,2009-09-30,2009,0,0.001108376460409723
CAF,2009-10-31,2009,0,0.19220169474477125
CAF,2009-11-30,2009,0,0.23997721042114376
CAF,2009-12-31,2009,0,0.39907933055397654
CAF,2010-01-31,2010,0,0.43381370295326005
CAF,2010-02-28,2010,0,0.4710721659653695
CAF,2010-03-31,2010,0,0.484794794910094
CAF,2010-04-30,2010,0,0.48457029533038215
CAF,2010-05-31,2010,0,0.7224281463746125
CAF,2010-06-30,2010,0,0.6873295938402919
CAF,2010-07-31,2010,0,0.42607909800744553
CAF,2010-08-31,2010,0,0.43427710989016544
CAF,2010-09-30,2010,0,0.2761591949156721
CAF,2010-10-31,2010,0,0.29721749767168504
CAF,2010-11-30,2010,0,0.32471561704655266
CAF,2010-12-31,2010,0,0.3139803955480009
CAF,2011-01-31,2011,0,0.27811132278629147
CAF,2011-02-28,2011,0,0.25867331949634237
CAF,2011-03-31,2011,0,0.31400345889317594
CAF,2011-04-30,2011,0,0.2600305652439211
CAF,2011-05-31,2011,0,0.25655516760866465
CAF,2011-06-30,2011,0,0.26179496043301376
CAF,2011-07-31,2011,0,0.3240203714619541
CAF,2011-08-31,2011,0,0.2968523688427272
CAF,2011-09-30,2011,0,0.45075760157540523
CAF,2011-10-31,2011,0,0.3944259406781229
CAF,2011-11-30,2011,0,0.44247363491455965
CAF,2011-12-31,2011,0,0.4478974895561359
CAF,2012-01-31,2012,0,0.42143623996514523
CAF,2012-02-29,2012,0,0.38000196021113125
CAF,2012-03-31,2012,0,0.35204584104987097
CAF,2012-04-30,2012,0,0.43402152286780066
CAF,2012-05-31,2012,0,0.5016491558931748
CAF,2012-06-30,2012,0,0.45861606750003703
CAF,2012-07-31,2012,0,0.4896166948056419
CAF,2012-08-31,2012,0,0.4249995634376318
CAF,2012-09-30,2012,0,0.3778536395870519
CAF,2012-10-31,2012,0,0.3862950560466586
CAF,2012-11-30,2012,0,0.37702878868236817
CAF,2012-12-31,2012,0,0.39449622609238716
CAF,2013-01-31,2013,0,0.38297343474663786
CAF,2013-02-28,2013,0,0.4075245882161111
CAF,2013-03-31,2013,0,0.4415734585516251
CAF,2013-04-30,2013,0,0.43625768239394397
CAF,2013-05-31,2013,0,0.39823819845673986
CAF,2013-06-30,2013,0,0.3906311719679141
CAF,2013-07-31,2013,0,0.41786432315434713
CAF,2013-08-31,2013,0,0.4104816014420217
CAF,2013-09-30,2013,0,0.3824921929466502
CAF,2013-10-31,2013,0,0.3915972208821806
CAF,2013-11-30,2013,0,0.387486817531253
CAF,2013-12-31,2013,0,0.3971560438221916
CAF,2014-01-31,2014,0,0.4239599353023642
CAF,2014-02-28,2014,0,0.3918796047127976
CAF,2014-03-31,2014,0,0.40038719383564547
CAF,2014-04-30,2014,0,0.3934787782998674
CAF,2014-05-31,2014,0,0.4256544575731334
CAF,2014-06-30,2014,0,0.42438065988776974
CAF,2014-07-31,2014,0,0.4302649739616898
CAF,2014-08-31,2014,0,0.45552393763583165
CAF,2014-09-30,2014,0,0.5662960901396341
CAF,2014-10-31,2014,0,0.5655605296526597
CAF,2014-11-30,2014,0,0.5491220687493376
CAF,2014-12-31,2014,0,0.5565996802483709
CAF,2015-01-31,2015,0,0.6452003171036715
CAF,2015-02-28,2015,0,0.6836923766996174
CAF,2015-03-31,2015,0,0.6738864729182601
CAF,2015-04-30,2015,0,0.45636627199768226
CAF,2015-05-31,2015,0,0.46503713354182474
CAF,2015-06-30,2015,0,0.41683669415948216
CAF,2015-07-31,2015,0,0.4086915237514749
CAF,2015-08-31,2015,0,0.3793355024432663
CAF,2015-09-30,2015,0,0.374729056991997
CAF,2015-10-31,2015,0,0.4008804983926374
CAF,2015-11-30,2015,0,0.43928511872236403
CAF,2015-12-31,2015,0,0.4057607530967586
CAF,2016-01-31,2016,0,0.5046561597372259
CAF,2016-02-29,2016,0,0.5092449921463723
CAF,2016-03-31,2016,0,0.43602393135732526
CAF,2016-04-30,2016,0,0.44102637907590536
CAF,2016-05-31,2016,0,0.41808039416102577
CAF,2016-06-30,2016,0,0.4325339564856859
CAF,2016-07-31,2016,0,0.4418786671804893
CAF,2016-08-31,2016,0,0.4266425980277575
CAF,2016-09-30,2016,0,0.5545362910645881
CAF,2016-10-31,2016,0,0.5386039514024793
CAF,2016-11-30,2016,0,0.5214962482581817
CAF,2016-12-31,2016,0,0.5011491672798345
CHL,2002-01-31,2002,0,0.31513985139767514
CHL,2002-02-28,2002,0,0.3261775342640674
CHL,2002-03-31,2002,0,0.3500590437934051
CHL,2002-04-30,2002,0,0.3734397887812264
CHL,2002-05-31,2002,0,0.3801590459933637
CHL,2002-06-30,2002,0,0.43087133533268934
CHL,2002-07-31,2002,0,0.46647653671446526
CHL,2002-08-31,2002,0,0.444596936051401
CHL,2002-09-30,2002,0,0.4218347038974543
CHL,2002-10-31,2002,0,0.4326592165582102
CHL,2002-11-30,2002,0,0.3986663246341419
CHL,2002-12-31,2002,0,0.38407676399795077
CHL,2003-01-31,2003,0,0.5084824913776115
CHL,2003-02-28,2003,0,0.5205283255894579
CHL,2003-03-31,2003,0,0.4707421438239145
CHL,2003-04-30,2003,0,0.4476737048612486
CHL,2003-05-31,2003,0,0.4406188092463797
CHL,2003-06-30,2003,0,0.4477652674017441
CHL,2003-07-31,2003,0,0.45836117843654683
CHL,2003-08-31,2003,0,0.4634110892818082
CHL,2003-09-30,2003,0,0.3812424457473573
CHL,2003-10-31,2003,0,0.3340503648631199
CHL,2003-11-30,2003,0,0.3258099562684889
CHL,2003-12-31,2003,0,0.36216276566047617
CHL,2004-01-31,2004,0,0.3694839614182884
CHL,2004-02-29,2004,0,0.3464748391652205
CHL,2004-03-31,2004,0,0.49863160835209736
CHL,2004-04-30,2004,0,0.5103541596601368
CHL,2004-05-31,2004,0,0.5131078860612103
CHL,2004-06-30,2004,0,0.5629606753492395
CHL,2004-07-31,2004,0,0.572892308870468
CHL,2004-08-31,2004,0,0.5319944191392908
CHL,2004-09-30,2004,0,0.40227632080434866
CHL,2004-10-31,2004,0,0.4533791605162834
CHL,2004-11-30,2004,0,0.4048622520838753
CHL,2004-12-31,2004,0,0.38512781126421075
CHL,2005-01-31,2005,0,0.3676187113820753
CHL,2005-02-28,2005,0,0.37324591269563684
CHL,2005-03-31,2005,0,0.39650937171759715
CHL,2005-04-30,2005,0,0.38313590768929195
CHL,2005-05-31,2005,0,0.416626864093708
CHL,2005-06-30,2005,0,0.48443974037338844
CHL,2005-07-31,2005,0,0.42785682264052943
CHL,2005-08-31,2005,0,0.40075112521940814
CHL,2005-09-30,2005,0,0.38563441139492477
CHL,2005-10-31,2005,0,0.4247528460381059
CHL,2005-11-30,2005,0,0.38007021600167207
CHL,2005-12-31,2005,0,0.4143380756180109
CHL,2006-01-31,2006,0,0.27223287427220805
CHL,2006-02-28,2006,0,0.287836770058752
CHL,2006-03-31,2006,0,0.32364457346196335
CHL,2006-04-30,2006,0,0.2984942435565696
CHL,2006-05-31,2006,0,0.36476192276430514
CHL,2006-06-30,2006,0,0.38306338737791473
CHL,2006-07-31,2006,0,0.35834964592875485
CHL,2006-08-31,2006,0,0.3459837987468793
CHL,2006-09-30,2006,0,0.320949420397964
CHL,2006-10-31,2006,0,0.32833785692306694
CHL,2006-11-30,2006,0,0.3973835106341455
CHL,2006-12-31,2006,0,0.3649511407000505
CHL,2007-01-31,2007,0,0.3442270946237566
CHL,2007-02-28,2007,0,0.33480866537262205
CHL,2007-03-31,2007,0,0.34715093185813506
CHL,2007-04-30,2007,0,0.3192185406036789
CHL,2007-05-31,2007,0,0.3407724924048287
CHL,2007-06-30,2007,0,0.3067384395722232
CHL,2007-07-31,2007,0,0.27154438976456086
CHL,2007-08-31,2007,0,0.2519197528533072
CHL,2007-09-30,2007,0,0.2597782359338861
CHL,2007-10-31,2007,0,0.21533658572786507
CHL,2007-11-30,2007,0,0.2932063205043152
CHL,2007-12-31,2007,0,0.3046610416211277
CHL,2008-01-31,2008,0,0.12777714535540122
CHL,2008-02-29,2008,0,0.12869191080535805
CHL,2008-03-31,2008,0,0.128684314005309
CHL,2008-04-30,2008,0,0.21057738899520795
CHL,2008-05-31,2008,0,0.2491475463430966
CHL,2008-06-30,2008,0,0.4075519430012135
CHL,2008-07-31,2008,0,0.35178567200337096
CHL,2008-08-31,2008,0,0.3692562100575434
CHL,2008-09-30,2008,0,0.4460750859863783
CHL,2008-10-31,2008,0,0.8515362975996025
CHL,2008-11-30,2008,0,0.7651696142118364
CHL,2008-12-31,2008,0,0.5822410831204304
CHL,2009-01-31,2009,0,0.5065807537165532
CHL,2009-02-28,2009,0,0.45686953536510605
CHL,2009-03-31,2009,0,0.4388882798487101
CHL,2009-04-30,2009,0,0.0030190748441609903
CHL,2009-05-31,2009,0,0.0024974750746281794
CHL,2009-06-30,2009,0,0.0015853094864776726
CHL,2009-07-31,2009,0,0.002016005037628172
CHL,2009-08-31,2009,0,0.0022285611367671974
CHL,2009-09-30,2009,0,0.002498573331351665
CHL,2009-10-31,2009,0,0.25134206926848573
CHL,2009-11-30,2009,0,0.1852551308693154
CHL,2009-12-31,2009,0,0.2310269678764671
CHL,2010-01-31,2010,0,0.3289639427719172
CHL,2010-02-28,2010,0,0.3562583562034513
CHL,2010-03-31,2010,0,0.3416248386866077
CHL,2010-04-30,2010,0,0.3303895196768797
CHL,2010-05-31,2010,0,0.4736651919135039
CHL,2010-06-30,2010,0,0.5109604560648363
CHL,2010-07-31,2010,0,0.3694288442945481
CHL,2010-08-31,2010,0,0.3110460330807927
CHL,2010-09-30,2010,0,0.30336240491396205
CHL,2010-10-31,2010,0,0.3254623665126194
CHL,2010-11-30,2010,0,0.37560789780764847
CHL,2010-12-31,2010,0,0.34640426154822723
CHL,2011-01-31,2011,0,0.4318249529301166
CHL,2011-02-28,2011,0,0.4454294320152473
CHL,2011-03-31,2011,0,0.4964369946435721
CHL,2011-04-30,2011,0,0.3895431554860651
CHL,2011-05-31,2011,0,0.4198766893700951
CHL,2011-06-30,2011,0,0.4237398881693621
CHL,2011-07-31,2011,0,0.4080344799404049
CHL,2011-08-31,2011,0,0.4428581980526225
CHL,2011-09-30,2011,0,0.7472162198748084
CHL,2011-10-31,2011,0,0.6911430614228362
CHL,2011-11-30,2011,0,0.7455949273009997
CHL,2011-12-31,2011,0,0.4826449897895303
CHL,2012-01-31,2012,0,0.26588711246422403
CHL,2012-02-29,2012,0,0.22286813546920703
CHL,2012-03-31,2012,0,0.001446836792881267
CHL,2012-04-30,2012,0,0.0019633719007608654
CHL,2012-05-31,2012,0,0.0024505245229522747
CHL,2012-06-30,2012,0,0.00207485019777659
CHL,2012-07-31,2012,0,0.0018477019340410565
CHL,2012-08-31,2012,0,0.0017973626255734184
CHL,2012-09-30,2012,0,0.30268710591875364
CHL,2012-10-31,2012,0,0.3613064586939625
CHL,2012-11-30,2012,0,0.29937589184208563
CHL,2012-12-31,2012,0,0.3140540524949601
CHL,2013-01-31,2013,0,0.4274752499388695
CHL,2013-02-28,2013,0,0.4305277285002558
CHL,2013-03-31,2013,0,0.4621736681595378
CHL,2013-04-30,2013,0,0.4315686321684957
CHL,2013-05-31,2013,0,0.44594833474470685
CHL,2013-06-30,2013,0,0.4597477861237339
CHL,2013-07-31,2013,0,0.592751912310711
CHL,2013-08-31,2013,0,0.57177045301328
CHL,2013-09-30,2013,0,0.5372464749676867
CHL,2013-10-31,2013,0,0.5487079569175285
CHL,2013-11-30,2013,0,0.540614759475257
CHL,2013-12-31,2013,0,0.5373001035710006
CHL,2014-01-31,2014,0,0.6131244249210436
CHL,2014-02-28,2014,0,0.6072830916590273
CHL,2014-03-31,2014,0,0.5658209471031137
CHL,2014-04-30,2014,0,0.5499334270036639
CHL,2014-05-31,2014,0,0.5040537657018878
CHL,2014-06-30,2014,0,0.5299119657665387
CHL,2014-07-31,2014,0,0.5234137929106099
CHL,2014-08-31,2014,0,0.5544988978807741
CHL,2014-09-30,2014,0,0.603737393941866
CHL,2014-10-31,2014,0,0.4467769895962071
CHL,2014-11-30,2014,0,0.47210759757239434
CHL,2014-12-31,2014,0,0.4747526727387651
CHL,2015-01-31,2015,0,0.4806365098832286
CHL,2015-02-28,2015,0,0.45055174170880524
CHL,2015-03-31,2015,0,0.44257660466759113
CHL,2015-04-30,2015,0,0.4337067606639563
CHL,2015-05-31,2015,0,0.4179896234526782
CHL,2015-06-30,2015,0,0.4188579361239717
CHL,2015-07-31,2015,0,0.5198962926666982
CHL,2015-08-31,2015,0,0.532091097581068
CHL,2015-09-30,2015,0,0.5267385885121846
CHL,2015-10-31,2015,0,0.5473737705765658
CHL,2015-11-30,2015,0,0.5466013032699615
CHL,2015-12-31,2015,0,0.5341523284905675
CHL,2016-01-31,2016,0,0.4814099153269913
CHL,2016-02-29,2016,0,0.4078328764149493
CHL,2016-03-31,2016,0,0.40812107429608213
CHL,2016-04-30,2016,0,0.41884375663265755
CHL,2016-05-31,2016,0,0.4404194228406786
CHL,2016-06-30,2016,0,0.38810893571512856
CHL,2016-07-31,2016,0,0.3809963650214635
CHL,2016-08-31,2016,0,0.385581196906019
CHL,2016-09-30,2016,0,0.41796409884507446
CHL,2016-10-31,2016,0,0.41081409758099546
CHL,2016-11-30,2016,0,0.4134294837836242
CHL,2016-12-31,2016,0,0.4669461213887024
CIV,2002-01-31,2002,0,0.184476761781076
CIV,2002-02-28,2002,0,0.24782560514772953
CIV,2002-03-31,2002,0,0.22700869682764824
CIV,2002-04-30,2002,0,0.20133159637161235
CIV,2002-05-31,2002,0,0.18714922973177125
CIV,2002-06-30,2002,0,0.18007962026482988
CIV,2002-07-31,2002,0,0.17623424256127318
CIV,2002-08-31,2002,0,0.16946265568277802
CIV,2002-09-30,2002,0,0.17972213418523797
CIV,2002-10-31,2002,0,0.1681354518661016
CIV,2002-11-30,2002,0,0.1527877310490878
CIV,2002-12-31,2002,0,0.15569697407264518
CIV,2003-01-31,2003,0,0.14997266634736192
CIV,2003-02-28,2003,0,0.15784802673792023
CIV,2003-03-31,2003,0,0.16940885679799247
CIV,2003-04-30,2003,0,0.17130546412441314
CIV,2003-05-31,2003,0,0.15663223316813063
CIV,2003-06-30,2003,0,0.21460853012527403
CIV,2003-07-31,2003,0,0.19911225561661527
CIV,2003-08-31,2003,0,0.25932589529915867
CIV,2003-09-30,2003,0,0.20454702339202527
CIV,2003-10-31,2003,0,0.20455328536459408
CIV,2003-11-30,2003,0,0.20201725003969845
CIV,2003-12-31,2003,0,0.21043157459794418
CIV,2004-01-31,2004,0,0.26028276320782723
CIV,2004-02-29,2004,0,0.2561134767262839
CIV,2004-03-31,2004,0,0.29580144754672727
CIV,2004-04-30,2004,0,0.2923654793395807
CIV,2004-05-31,2004,0,0.2721430262985795
CIV,2004-06-30,2004,0,0.29829941963722967
CIV,2004-07-31,2004,0,0.2949798021905866
CIV,2004-08-31,2004,0,0.28913382246703156
CIV,2004-09-30,2004,0,0.2962296257146183
CIV,2004-10-31,2004,0,0.293869426015436
CIV,2004-11-30,2004,0,0.2508169899277115
CIV,2004-12-31,2004,0,0.2846171117986637
CIV,2005-01-31,2005,0,0.46126074514843524
CIV,2005-02-28,2005,0,0.4718430712713805
CIV,2005-03-31,2005,0,0.496493282914845
CIV,2005-04-30,2005,0,0.5000675204330874
CIV,2005-05-31,2005,0,0.5709942918468273
CIV,2005-06-30,2005,0,0.5704452330883519
CIV,2005-07-31,2005,0,0.5694532300633639
CIV,2005-08-31,2005,0,0.5641723570300393
CIV,2005-09-30,2005,0,0.5547381861280845
CIV,2005-10-31,2005,0,0.5480146850085394
CIV,2005-11-30,2005,0,0.5664961423949861
CIV,2005-12-31,2005,0,0.5963812178162592
CIV,2006-01-31,2006,0,0.39116404988261194
CIV,2006-02-28,2006,0,0.39806303884186617
CIV,2006-03-31,2006,0,0.38203452542978605
CIV,2006-04-30,2006,0,0.31588067196728603
CIV,2006-05-31,2006,0,0.24615792849372048
CIV,2006-06-30,2006,0,0.2571129758118651
CIV,2006-07-31,2006,0,0.2767310450708636
CIV,2006-08-31,2006,0,0.27740248145991303
CIV,2006-09-30,2006,0,0.29207948333200917
CIV,2006-10-31,2006,0,0.3094445420291704
CIV,2006-11-30,2006,0,0.2632412699731206
CIV,2006-12-31,2006,0,0.26136105148531386
CIV,2007-01-31,2007,0,0.24829260305005565
CIV,2007-02-28,2007,0,0.26510035773796736
CIV,2007-03-31,2007,0,0.25260391953059397
CIV,2007-04-30,2007,0,0.25820913366189846
CIV,2007-05-31,2007,0,0.2759061115699491
CIV,2007-06-30,2007,0,0.28304246870093025
CIV,2007-07-31,2007,0,0.3045578197832461
CIV,2007-08-31,2007,0,0.28684882762302427
CIV,2007-09-30,2007,0,0.244225142456018
CIV,2007-10-31,2007,0,0.25838346923061345
CIV,2007-11-30,2007,0,0.27196044115409435
CIV,2007-12-31,2007,0,0.29328286971367834
CIV,2008-01-31,2008,0,0.18318633451976143
CIV,2008-02-29,2008,0,0.1872889770552907
CIV,2008-03-31,2008,0,0.13317787200169162
CIV,2008-04-30,2008,0,0.16679756844407675
CIV,2008-05-31,2008,0,0.16290333436479928
CIV,2008-06-30,2008,0,0.1828640702281402
CIV,2008-07-31,2008,0,0.17852689597974256
CIV,2008-08-31,2008,0,0.35810489835284826
CIV,2008-09-30,2008,0,0.4366144995918188
CIV,2008-10-31,2008,0,0.7254923607048763
CIV,2008-11-30,2008,0,0.6759425672231254
CIV,2008-12-31,2008,0,0.3201371649291088
CIV,2009-01-31,2009,0,0.2971359826565557
CIV,2009-02-28,2009,0,0.2740819026588477
CIV,2009-03-31,2009,0,0.2377814389870613
CIV,2009-04-30,2009,0,0.0010770987019958027
CIV,2009-05-31,2009,0,0.0007211084161184081
CIV,2009-06-30,2009,0,0.0011107325753489867
CIV,2009-07-31,2009,0,0.0008544654551460165
CIV,2009-08-31,2009,0,0.0008877364860155125
CIV,2009-09-30,2009,0,0.0007951709846325213
CIV,2009-10-31,2009,0,0.14576943188640304
CIV,2009-11-30,2009,0,0.18464141224785266
CIV,2009-12-31,2009,0,0.3226301915153144
CIV,2010-01-31,2010,0,0.3379208296238364
CIV,2010-02-28,2010,0,0.3723598604144596
CIV,2010-03-31,2010,0,0.3853016560095528
CIV,2010-04-30,2010,0,0.38508879239884886
CIV,2010-05-31,2010,0,0.6341988366179281
CIV,2010-06-30,2010,0,0.5942104307874849
CIV,2010-07-31,2010,0,0.33089672540602233
CIV,2010-08-31,2010,0,0.3383430151861522
CIV,2010-09-30,2010,0,0.20264254504527035
CIV,2010-10-31,2010,0,0.21979716389896303
CIV,2010-11-30,2010,0,0.2426051197106005
CIV,2010-12-31,2010,0,0.23364526195635346
CIV,2011-01-31,2011,0,0.16657605286960284
CIV,2011-02-28,2011,0,0.15327835134875875
CIV,2011-03-31,2011,0,0.19190028184148136
CIV,2011-04-30,2011,0,0.15419762073048562
CIV,2011-05-31,2011,0,0.1518464535593172
CIV,2011-06-30,2011,0,0.15539470832405322
CIV,2011-07-31,2011,0,0.1991528379342031
CIV,2011-08-31,2011,0,0.17967175746729935
CIV,2011-09-30,2011,0,0.29862561468781734
CIV,2011-10-31,2011,0,0.2525635316231006
CIV,2011-11-30,2011,0,0.2916528812677081
CIV,2011-12-31,2011,0,0.29621020790286634
CIV,2012-01-31,2012,0,0.37732332226799453
CIV,2012-02-29,2012,0,0.33769465096360723
CIV,2012-03-31,2012,0,0.3112882990119089
CIV,2012-04-30,2012,0,0.38947807428400383
CIV,2012-05-31,2012,0,0.4557540244927259
CIV,2012-06-30,2012,0,0.41339212046035567
CIV,2012-07-31,2012,0,0.4438419707570815
CIV,2012-08-31,2012,0,0.3807591268907301
CIV,2012-09-30,2012,0,0.33565602345924994
CIV,2012-10-31,2012,0,0.3436754842260582
CIV,2012-11-30,2012,0,0.33487370706937336
CIV,2012-12-31,2012,0,0.35149005282164136
CIV,2013-01-31,2013,0,0.3379153717078549
CIV,2013-02-28,2013,0,0.36126923340049866
CIV,2013-03-31,2013,0,0.3940236229952456
CIV,2013-04-30,2013,0,0.38888163949600674
CIV,2013-05-31,2013,0,0.35240992881607525
CIV,2013-06-30,2013,0,0.34517616383034394
CIV,2013-07-31,2013,0,0.3711706010611137
CIV,2013-08-31,2013,0,0.3640968727993844
CIV,2013-09-30,2013,0,0.33745978354311973
CIV,2013-10-31,2013,0,0.3460936454795213
CIV,2013-11-30,2013,0,0.3421922316116321
CIV,2013-12-31,2013,0,0.3513795895659297
CIV,2014-01-31,2014,0,0.38088728852554304
CIV,2014-02-28,2014,0,0.3500854092114099
CIV,2014-03-31,2014,0,0.35822013734182945
CIV,2014-04-30,2014,0,0.35161264289632393
CIV,2014-05-31,2014,0,0.3825239761065463
CIV,2014-06-30,2014,0,0.38129356232029316
CIV,2014-07-31,2014,0,0.38698209132096884
CIV,2014-08-31,2014,0,0.41153550473345635
CIV,2014-09-30,2014,0,0.5218634038845439
CIV,2014-10-31,2014,0,0.5211162113380394
CIV,2014-11-30,2014,0,0.5044695155718638
CIV,2014-12-31,2014,0,0.5120295958567238
CIV,2015-01-31,2015,0,0.6205588937429732
CIV,2015-02-28,2015,0,0.6603168397811984
CIV,2015-03-31,2015,0,0.6501570776101109
CIV,2015-04-30,2015,0,0.4301923593308731
CIV,2015-05-31,2015,0,0.4387672924147779
CIV,2015-06-30,2015,0,0.3912980721352682
CIV,2015-07-31,2015,0,0.3833239121602097
CIV,2015-08-31,2015,0,0.3546970172333308
CIV,2015-09-30,2015,0,0.3502209413359808
CIV,2015-10-31,2015,0,0.37568967957534016
CIV,2015-11-30,2015,0,0.4133459905692143
CIV,2015-12-31,2015,0,0.38045800886902204
CIV,2016-01-31,2016,0,0.20367342709168804
CIV,2016-02-29,2016,0,0.2066672879453604
CIV,2016-03-31,2016,0,0.1625424507604592
CIV,2016-04-30,2016,0,0.16532705870067024
CIV,2016-05-31,2016,0,0.1528041004710046
CIV,2016-06-30,2016,0,0.16061803665680843
CIV,2016-07-31,2016,0,0.16580459344039988
CIV,2016-08-31,2016,0,0.15740301405151058
CIV,2016-09-30,2016,0,0.2381044169114296
CIV,2016-10-31,2016,0,0.22663804651327174
CIV,2016-11-30,2016,0,0.21482571273124298
CIV,2016-12-31,2016,0,0.2014075930388668
CMR,2002-01-31,2002,0,0.16958436029335694
CMR,2002-02-28,2002,0,0.2292568233302575
CMR,2002-03-31,2002,0,0.20956509539876214
CMR,2002-04-30,2002,0,0.1853878502718768
CMR,2002-05-31,2002,0,0.17208661042808573
CMR,2002-06-30,2002,0,0.16547016635883727
CMR,2002-07-31,2002,0,0.16187516452709283
CMR,2002-08-31,2002,0,0.1555511249683353
CMR,2002-09-30,2002,0,0.16513584117149713
CMR,2002-10-31,2002,0,0.15431263070787088
CMR,2002-11-30,2002,0,0.1400143091743302
CMR,2002-12-31,2002,0,0.1427213052545612
CMR,2003-01-31,2003,0,0.1299643426705208
CMR,2003-02-28,2003,0,0.1369583138993719
CMR,2003-03-31,2003,0,0.1472567025964057
CMR,2003-04-30,2003,0,0.14894978110142068
CMR,2003-05-31,2003,0,0.1358774589356136
CMR,2003-06-30,2003,0,0.18788294955987847
CMR,2003-07-31,2003,0,0.17388919196098357
CMR,2003-08-31,2003,0,0.22865281993614098
CMR,2003-09-30,2003,0,0.17878918808006175
CMR,2003-10-31,2003,0,0.17879483874852176
CMR,2003-11-30,2003,0,0.17650729150443473
CMR,2003-12-31,2003,0,0.18410422573469734
CMR,2004-01-31,2004,0,0.19221212472813126
CMR,2004-02-29,2004,0,0.18885483360523292
CMR,2004-03-31,2004,0,0.2212197413786155
CMR,2004-04-30,2004,0,0.21838143956549264
CMR,2004-05-31,2004,0,0.20181687741777418
CMR,2004-06-30,2004,0,0.2232875939552904
CMR,2004-07-31,2004,0,0.2205403812546238
CMR,2004-08-31,2004,0,0.21571826814104547
CMR,2004-09-30,2004,0,0.22157392991156755
CMR,2004-10-31,2004,0,0.21962292479548684
CMR,2004-11-30,2004,0,0.18460409722329746
CMR,2004-12-31,2004,0,0.21200638367572494
CMR,2005-01-31,2005,0,0.34493140487443114
CMR,2005-02-28,2005,0,0.35460153523691124
CMR,2005-03-31,2005,0,0.3775046487572062
CMR,2005-04-30,2005,0,0.3808702499748117
CMR,2005-05-31,2005,0,0.45011224499407787
CMR,2005-06-30,2005,0,0.4495576177388727
CMR,2005-07-31,2005,0,0.4485563153915479
CMR,2005-08-31,2005,0,0.4432423828628662
CMR,2005-09-30,2005,0,0.433817538697496
CMR,2005-10-31,2005,0,0.42715364043493076
CMR,2005-11-30,2005,0,0.4455773110001354
CMR,2005-12-31,2005,0,0.4760890244211784
CMR,2006-01-31,2006,0,0.37337287477164827
CMR,2006-02-28,2006,0,0.38015400473414185
CMR,2006-03-31,2006,0,0.36441005230989715
CMR,2006-04-30,2006,0,0.2998273579663075
CMR,2006-05-31,2006,0,0.23244404730843335
CMR,2006-06-30,2006,0,0.2429854956758803
CMR,2006-07-31,2006,0,0.2619056500515816
CMR,2006-08-31,2006,0,0.2625541732490629
CMR,2006-09-30,2006,0,0.27674644798891773
CMR,2006-10-31,2006,0,0.29357795267308684
CMR,2006-11-30,2006,0,0.24888987545810412
CMR,2006-12-31,2006,0,0.24707778665157662
CMR,2007-01-31,2007,0,0.3150454187882512
CMR,2007-02-28,2007,0,0.3343619522276562
CMR,2007-03-31,2007,0,0.3200223667857498
CMR,2007-04-30,2007,0,0.3264701116920671
CMR,2007-05-31,2007,0,0.34665916060611834
CMR,2007-06-30,2007,0,0.3547290323156474
CMR,2007-07-31,2007,0,0.3788144341006454
CMR,2007-08-31,2007,0,0.3590166888668315
CMR,2007-09-30,2007,0,0.3103358848554441
CMR,2007-10-31,2007,0,0.3266702389475356
CMR,2007-11-30,2007,0,0.3421798169550043
CMR,2007-12-31,2007,0,0.3662381640049136
CMR,2008-01-31,2008,0,0.25888325160712766
CMR,2008-02-29,2008,0,0.2641329909792925
CMR,2008-03-31,2008,0,0.19309525445051456
CMR,2008-04-30,2008,0,0.23769297971838257
CMR,2008-05-31,2008,0,0.23260562886575917
CMR,2008-06-30,2008,0,0.25846995911878873
CMR,2008-07-31,2008,0,0.2528945451201975
CMR,2008-08-31,2008,0,0.4649394403916089
CMR,2008-09-30,2008,0,0.5469147646214955
CMR,2008-10-31,2008,0,0.8045530028913446
CMR,2008-11-30,2008,0,0.7646444343222578
CMR,2008-12-31,2008,0,0.423110991296478
CMR,2009-01-31,2009,0,0.37789917997437866
CMR,2009-02-28,2009,0,0.35171450552765215
CMR,2009-03-31,2009,0,0.30951609100520755
CMR,2009-04-30,2009,0,0.0015469718464561888
CMR,2009-05-31,2009,0,0.0010358455254865296
CMR,2009-06-30,2009,0,0.001595254716940699
CMR,2009-07-31,2009,0,0.0012273364825182707
CMR,2009-08-31,2009,0,0.0012751077733140505
CMR,2009-09-30,2009,0,0.001142196712626233
CMR,2009-10-31,2009,0,0.19691693215000788
CMR,2009-11-30,2009,0,0.245508295660831
CMR,2009-12-31,2009,0,0.4063170162235519
CMR,2010-01-31,2010,0,0.44139345279498
CMR,2010-02-28,2010,0,0.4787524460645431
CMR,2010-03-31,2010,0,0.49249048765715814
CMR,2010-04-30,2010,0,0.49226582940320807
CMR,2010-05-31,2010,0,0.7285616889946989
CMR,2010-06-30,2010,0,0.693910104864098
CMR,2010-07-31,2010,0,0.4336272075994621
CMR,2010-08-31,2010,0,0.4418586376940659
CMR,2010-09-30,2010,0,0.28235807019283027
CMR,2010-10-31,2010,0,0.3036907438974744
CMR,2010-11-30,2010,0,0.3315052571996322
CMR,2010-12-31,2010,0,0.3206521540835734
CMR,2011-01-31,2011,0,0.3685322043803949
CMR,2011-02-28,2011,0,0.345801746994049
CMR,2011-03-31,2011,0,0.4094745547026792
CMR,2011-04-30,2011,0,0.34740191671820436
CMR,2011-05-31,2011,0,0.34330053466109883
CMR,2011-06-30,2011,0,0.34947916248177424
CMR,2011-07-31,2011,0,0.420669428681235
CMR,2011-08-31,2011,0,0.3900739678956714
CMR,2011-09-30,2011,0,0.5542161246485047
CMR,2011-10-31,2011,0,0.49664633748759945
CMR,2011-11-30,2011,0,0.5459206589081922
CMR,2011-12-31,2011,0,0.55135854185329
CMR,2012-01-31,2012,0,0.563558337643194
CMR,2012-02-29,2012,0,0.5207272378148389
CMR,2012-03-31,2012,0,0.490610564873853
CMR,2012-04-30,2012,0,0.5761612446747578
CMR,2012-05-31,2012,0,0.6408586893828
CMR,2012-06-30,2012,0,0.6002678092310418
CMR,2012-07-31,2012,0,0.6297063371671427
CMR,2012-08-31,2012,0,0.567145376947514
CMR,2012-09-30,2012,0,0.5184486087485791
CMR,2012-10-31,2012,0,0.527368518384924
CMR,2012-11-30,2012,0,0.5175721692639447
CMR,2012-12-31,2012,0,0.5359491563754184
CMR,2013-01-31,2013,0,0.36698786009918355
CMR,2013-02-28,2013,0,0.3911638919389839
CMR,2013-03-31,2013,0,0.42482596583851945
CMR,2013-04-30,2013,0,0.41956032503322
CMR,2013-05-31,2013,0,0.38200993798059857
CMR,2013-06-30,2013,0,0.37451997125629105
CMR,2013-07-31,2013,0,0.4013697330265913
CMR,2013-08-31,2013,0,0.3940811530720092
CMR,2013-09-30,2013,0,0.36651477373667535
CMR,2013-10-31,2013,0,0.37547072668200765
CMR,2013-11-30,2013,0,0.3714262557395905
CMR,2013-12-31,2013,0,0.38094396518760126
CMR,2014-01-31,2014,0,0.47009870922371744
CMR,2014-02-28,2014,0,0.43717676091480423
CMR,2014-03-31,2014,0,0.4459466002776929
CMR,2014-04-30,2014,0,0.43882739373652174
CMR,2014-05-31,2014,0,0.471826594078703
CMR,2014-06-30,2014,0,0.47052782047418146
CMR,2014-07-31,2014,0,0.47652229116502215
CMR,2014-08-31,2014,0,0.5021036106722239
CMR,2014-09-30,2014,0,0.6114818071465192
CMR,2014-10-31,2014,0,0.6107702084120873
CMR,2014-11-30,2014,0,0.5948168430700524
CMR,2014-12-31,2014,0,0.6020857769450306
CMR,2015-01-31,2015,0,0.6829135571036774
CMR,2015-02-28,2015,0,0.7190954605455531
CMR,2015-03-31,2015,0,0.7099214280880873
CMR,2015-04-30,2015,0,0.4985515962839354
CMR,2015-05-31,2015,0,0.5072760621373328
CMR,2015-06-30,2015,0,0.4584494557456249
CMR,2015-07-31,2015,0,0.45011877521758303
CMR,2015-08-31,2015,0,0.41990016183411266
CMR,2015-09-30,2015,0,0.4151305927651451
CMR,2015-10-31,2015,0,0.44210796860527607
CMR,2015-11-30,2015,0,0.48128936912709835
CMR,2015-12-31,2015,0,0.44711556060935675
CMR,2016-01-31,2016,0,0.37912446174394804
CMR,2016-02-29,2016,0,0.38345546131054714
CMR,2016-03-31,2016,0,0.3166508980281481
CMR,2016-04-30,2016,0,0.3210634600799714
CMR,2016-05-31,2016,0,0.30099803208306763
CMR,2016-06-30,2016,0,0.31358512850348447
CMR,2016-07-31,2016,0,0.32181738963592715
CMR,2016-08-31,2016,0,0.30843332449241256
CMR,2016-09-30,2016,0,0.4273002143881991
CMR,2016-10-31,2016,0,0.41164539801598043
CMR,2016-11-30,2016,0,0.3951169724391958
CMR,2016-12-31,2016,0,0.37582794962988575
COD,2002-01-31,2002,0,2.345051557792849e-05
COD,2002-02-28,2002,0,2.678562870637339e-07
COD,2002-03-31,2002,0,2.710266525394448e-07
COD,2002-04-30,2002,0,2.0498272868993295e-07
COD,2002-05-31,2002,0,2.8046996588629545e-05
COD,2002-06-30,2002,0,0.002239943642269603
COD,2002-07-31,2002,0,0.004226447647848786
COD,2002-08-31,2002,0,0.30277328622267746
COD,2002-09-30,2002,0,0.28630347521274346
COD,2002-10-31,2002,0,0.39646023090402366
COD,2002-11-30,2002,0,0.41055651539957594
COD,2002-12-31,2002,0,0.29574173110431795
COD,2003-01-31,2003,0,0.03111232522472848
COD,2003-02-28,2003,0,0.027658622706709015
COD,2003-03-31,2003,0,0.03088174432964554
COD,2003-04-30,2003,0,0.04145102852988567
COD,2003-05-31,2003,0,0.04950354665105609
COD,2003-06-30,2003,0,0.06005364614648927
COD,2003-07-31,2003,0,0.036322803931180474
COD,2003-08-31,2003,0,0.02492361498081628
COD,2003-09-30,2003,0,0.004779020586772099
COD,2003-10-31,2003,0,0.006432906416575821
COD,2003-11-30,2003,0,0.006417684607325303
COD,2003-12-31,2003,0,0.008491387973604823
COD,2004-01-31,2004,0,0.11458137037953747
COD,2004-02-29,2004,0,0.11737815868538731
COD,2004-03-31,2004,0,0.21981001461543087
COD,2004-04-30,2004,0,0.16556613395359399
COD,2004-05-31,2004,0,0.21182293589757584
COD,2004-06-30,2004,0,0.2123548046856032
COD,2004-07-31,2004,0,0.2186015055727595
COD,2004-08-31,2004,0,0.20425408834022674
COD,2004-09-30,2004,0,0.6287964466157548
COD,2004-10-31,2004,0,0.6183673928420812
COD,2004-11-30,2004,0,0.6149537145779056
COD,2004-12-31,2004,0,0.5810385983948296
COD,2005-01-31,2005,0,0.2497325246172128
COD,2005-02-28,2005,0,0.2291123887146406
COD,2005-03-31,2005,0,0.19823118924198757
COD,2005-04-30,2005,0,0.2144685894733989
COD,2005-05-31,2005,0,0.1271634276632473
COD,2005-06-30,2005,0,0.01714406087074392
COD,2005-07-31,2005,0,0.07266906318946516
COD,2005-08-31,2005,0,0.05390510450768867
COD,2005-09-30,2005,0,0.06906890639139428
COD,2005-10-31,2005,0,0.033098675763626524
COD,2005-11-30,2005,0,0.0357224855390156
COD,2005-12-31,2005,0,0.0566189976854521
COD,2006-01-31,2006,0,0.0004309320955807402
COD,2006-02-28,2006,0,0.0005144147515191751
COD,2006-03-31,2006,0,0.0006002031580539105
COD,2006-04-30,2006,0,0.0006213914915107525
COD,2006-05-31,2006,0,0.0006554426387972429
COD,2006-06-30,2006,0,0.0027549624361185862
COD,2006-07-31,2006,0,0.16956401549060168
COD,2006-08-31,2006,0,0.17996742021191223
COD,2006-09-30,2006,0,0.3439862277592412
COD,2006-10-31,2006,0,0.3494138610320456
COD,2006-11-30,2006,0,0.3132022944476991
COD,2006-12-31,2006,0,0.17178232841214575
COD,2007-01-31,2007,0,0.12456582632976765
COD,2007-02-28,2007,0,0.1264987940009495
COD,2007-03-31,2007,0,0.1182540207720246
COD,2007-04-30,2007,0,0.10143458202162141
COD,2007-05-31,2007,0,0.03917208404880372
COD,2007-06-30,2007,0,0.04558048099964677
COD,2007-07-31,2007,0,0.03884773813153756
COD,2007-08-31,2007,0,0.041617854658457805
COD,2007-09-30,2007,0,0.04085306487324788
COD,2007-10-31,2007,0,0.0385294648543123
COD,2007-11-30,2007,0,0.08142256450621017
COD,2007-12-31,2007,0,0.07837727974613719
COD,2008-01-31,2008,1,0.3461069102712591
COD,2008-02-29,2008,1,0.3372726630414721
COD,2008-03-31,2008,1,0.3218730380308082
COD,2008-04-30,2008,1,0.30532585712508187
COD,2008-05-31,2008,1,0.7116688765966597
COD,2008-06-30,2008,1,0.6754022556503532
COD,2008-07-31,2008,1,0.6637942735180898
COD,2008-08-31,2008,1,0.5864860531547033
COD,2008-09-30,2008,1,0.6033268140079026
COD,2008-10-31,2008,1,0.6262592110183404
COD,2008-11-30,2008,1,0.643029485675311
COD,2008-12-31,2008,1,0.7545132138608072
COD,2009-01-31,2009,0,0.5721553466657162
COD,2009-02-28,2009,0,0.6017149751022892
COD,2009-03-31,2009,0,0.7615498065332817
COD,2009-04-30,2009,0,0.49766334927192196
COD,2009-05-31,2009,0,0.30900677249867875
COD,2009-06-30,2009,0,0.14672381791652753
COD,2009-07-31,2009,0,0.0007641374538054895
COD,2009-08-31,2009,0,0.0009300405857983468
COD,2009-09-30,2009,0,4.390909431045601e-06
COD,2009-10-31,2009,0,4.24091803993836e-06
COD,2009-11-30,2009,0,4.865471840795172e-06
COD,2009-12-31,2009,0,4.37565479540196e-06
COD,2010-01-31,2010,0,0.003430692655499912
COD,2010-02-28,2010,0,0.0030722646913532575
COD,2010-03-31,2010,0,0.3057121340221318
COD,2010-04-30,2010,0,0.3079231699815189
COD,2010-05-31,2010,0,0.32795792683828234
COD,2010-06-30,2010,0,0.3501203386522876
COD,2010-07-31,2010,0,0.29240248510303485
COD,2010-08-31,2010,0,0.2934310378833974
COD,2010-09-30,2010,0,0.3498803782944513
COD,2010-10-31,2010,0,0.3825529491696128
COD,2010-11-30,2010,0,0.3551354071817243
COD,2010-12-31,2010,0,0.3413447246654631
COD,2011-01-31,2011,0,0.4198460026175363
COD,2011-02-28,2011,0,0.3824740450498536
COD,2011-03-31,2011,0,0.4543700309946173
COD,2011-04-30,2011,0,0.45214107910561696
COD,2011-05-31,2011,0,0.4606581321628082
COD,2011-06-30,2011,0,0.4792321509466826
COD,2011-07-31,2011,0,0.4413426974285306
COD,2011-08-31,2011,0,0.4901670183438054
COD,2011-09-30,2011,0,0.4939690229096754
COD,2011-10-31,2011,0,0.48946111566897316
COD,2011-11-30,2011,0,0.15410804269934414
COD,2011-12-31,2011,0,0.2633418862419328
COD,2012-01-31,2012,0,0.14366548362773968
COD,2012-02-29,2012,0,0.1625617773370978
COD,2012-03-31,2012,0,0.15571459758397005
COD,2012-04-30,2012,0,0.15498762756079112
COD,2012-05-31,2012,0,0.24039135012333804
COD,2012-06-30,2012,0,0.20761585936914553
COD,2012-07-31,2012,0,0.18537557311505118
COD,2012-08-31,2012,0,0.17968654751465948
COD,2012-09-30,2012,0,0.1905592751481881
COD,2012-10-31,2012,0,0.1992056826390658
COD,2012-11-30,2012,0,0.3866635038693572
COD,2012-12-31,2012,0,0.29979156160295817
COD,2013-01-31,2013,0,0.4585980911707624
COD,2013-02-28,2013,0,0.4321449102234416
COD,2013-03-31,2013,0,0.44343326875611366
COD,2013-04-30,2013,0,0.4431507642895401
COD,2013-05-31,2013,0,0.4552263754153973
COD,2013-06-30,2013,0,0.4676318534807861
COD,2013-07-31,2013,0,0.4851310063267003
COD,2013-08-31,2013,0,0.48539429920852306
COD,2013-09-30,2013,0,0.5358760107070052
COD,2013-10-31,2013,0,0.5145491733998314
COD,2013-11-30,2013,0,0.5327900179657763
COD,2013-12-31,2013,0,0.5375788802105131
COD,2014-01-31,2014,0,0.5377914388304101
COD,2014-02-28,2014,0,0.5232317199708474
COD,2014-03-31,2014,0,0.41262208251506777
COD,2014-04-30,2014,0,0.41500456403031133
COD,2014-05-31,2014,0,0.42295399728748484
COD,2014-06-30,2014,0,0.41459414507634984
COD,2014-07-31,2014,0,0.42126627663614713
COD,2014-08-31,2014,0,0.4142620743051623
COD,2014-09-30,2014,0,0.4255568570369564
COD,2014-10-31,2014,0,0.43239837412593074
COD,2014-11-30,2014,0,0.4469131238925781
COD,2014-12-31,2014,0,0.43130304063244684
COD,2015-01-31,2015,1,0.511874114128822
COD,2015-02-28,2015,1,0.4905120625221107
COD,2015-03-31,2015,1,0.5205778292207576
COD,2015-04-30,2015,1,0.5592384782552836
COD,2015-05-31,2015,1,0.5546405885573764
COD,2015-06-30,2015,1,0.5094924888302412
COD,2015-07-31,2015,1,0.5016285639203416
COD,2015-08-31,2015,1,0.5092405659799437
COD,2015-09-30,2015,1,0.529655611604983
COD,2015-10-31,2015,1,0.5242015051428219
COD,2015-11-30,2015,1,0.5610681402889981
COD,2015-12-31,2015,1,0.5402349581468395
COD,2016-01-31,2016,0,0.5447491122518516
COD,2016-02-29,2016,0,0.6601678159529845
COD,2016-03-31,2016,0,0.7119393390599276
COD,2016-04-30,2016,0,0.6751226892708442
COD,2016-05-31,2016,0,0.6507697134212583
COD,2016-06-30,2016,0,0.8133844574903771
COD,2016-07-31,2016,0,0.7815785958706168
COD,2016-08-31,2016,0,0.7510218692248499
COD,2016-09-30,2016,0,0.7405487006696249
COD,2016-10-31,2016,0,0.8249636826565454
COD,2016-11-30,2016,0,0.8309761028791247
COD,2016-12-31,2016,0,0.8233709446044193
COG,2002-01-31,2002,0,0.1426260876811114
COG,2002-02-28,2002,0,0.19504058575680852
COG,2002-03-31,2002,0,0.17761056265607209
COG,2002-04-30,2002,0,0.1563904713791337
COG,2002-05-31,2002,0,0.14479992338740622
COG,2002-06-30,2002,0,0.13905639549316623
COG,2002-07-31,2002,0,0.13594177829555062
COG,2002-08-31,2002,0,0.13047316859954358
COG,2002-09-30,2002,0,0.13876656409884588
COG,2002-10-31,2002,0,0.1294037468782036
COG,2002-11-30,2002,0,0.11709386904629497
COG,2002-12-31,2002,0,0.11941926285340197
COG,2003-01-31,2003,0,0.21981353070712029
COG,2003-02-28,2003,0,0.23036246328520077
COG,2003-03-31,2003,0,0.24568487383898385
COG,2003-04-30,2003,0,0.24818026697554124
COG,2003-05-31,2003,0,0.2287398452621285
COG,2003-06-30,2003,0,0.3037921278979946
COG,2003-07-31,2003,0,0.28418629957678826
COG,2003-08-31,2003,0,0.35860751065155094
COG,2003-09-30,2003,0,0.29109914940593645
COG,2003-10-31,2003,0,0.2911070913801525
COG,2003-11-30,2003,0,0.2878863382401496
COG,2003-12-31,2003,0,0.29853918073366087
COG,2004-01-31,2004,0,0.2070690852098589
COG,2004-02-29,2004,0,0.20351767330175857
COG,2004-03-31,2004,0,0.23765917668096054
COG,2004-04-30,2004,0,0.23467351108297246
COG,2004-05-31,2004,0,0.2172166010616707
COG,2004-06-30,2004,0,0.239833373411378
COG,2004-07-31,2004,0,0.23694469161245424
COG,2004-08-31,2004,0,0.23187059717025882
COG,2004-09-30,2004,0,0.23803164108095443
COG,2004-10-31,2004,0,0.23597965287443962
COG,2004-11-30,2004,0,0.19901788074800622
COG,2004-12-31,2004,0,0.22796156333957265
COG,2005-01-31,2005,0,0.22404104852420131
COG,2005-02-28,2005,0,0.23151984844965112
COG,2005-03-31,2005,0,0.24954709807377476
COG,2005-04-30,2005,0,0.25223415475464506
COG,2005-05-31,2005,0,0.30979173426768575
COG,2005-06-30,2005,0,0.30931275162247795
COG,2005-07-31,2005,0,0.3084487772035926
COG,2005-08-31,2005,0,0.30387999918493963
COG,2005-09-30,2005,0,0.2958438577139603
COG,2005-10-31,2005,0,0.29021301125217636
COG,2005-11-30,2005,0,0.3058841266300698
COG,2005-12-31,2005,0,0.3325680665388146
COG,2006-01-31,2006,0,0.3549217729056827
COG,2006-02-28,2006,0,0.3615611517801501
COG,2006-03-31,2006,0,0.3461571950833411
COG,2006-04-30,2006,0,0.2833671573263412
COG,2006-05-31,2006,0,0.21852855089327874
COG,2006-06-30,2006,0,0.22862689888947713
COG,2006-07-31,2006,0,0.2467935060786452
COG,2006-08-31,2006,0,0.24741715269310974
COG,2006-09-30,2006,0,0.26108088098556503
COG,2006-10-31,2006,0,0.2773249480423651
COG,2006-11-30,2006,0,0.2342903578722795
COG,2006-12-31,2006,0,0.23255165365534242
COG,2007-01-31,2007,0,0.16307715987070032
COG,2007-02-28,2007,0,0.17546287921844012
COG,2007-03-31,2007,0,0.1662360285404276
COG,2007-04-30,2007,0,0.17036160498877653
COG,2007-05-31,2007,0,0.1835273664396859
COG,2007-06-30,2007,0,0.18889766349371007
COG,2007-07-31,2007,0,0.2053059175125104
COG,2007-08-31,2007,0,0.1917766162051621
COG,2007-09-30,2007,0,0.16010834211036346
COG,2007-10-31,2007,0,0.17049026044614957
COG,2007-11-30,2007,0,0.18057333282338817
COG,2007-12-31,2007,0,0.1966662559356713
COG,2008-01-31,2008,0,0.1564457252067775
COG,2008-02-29,2008,0,0.16006684490583475
COG,2008-03-31,2008,0,0.11272976161063425
COG,2008-04-30,2008,0,0.14203330940705725
COG,2008-05-31,2008,0,0.1386210567299545
COG,2008-06-30,2008,0,0.15616150965467948
COG,2008-07-31,2008,0,0.1523395945494015
COG,2008-08-31,2008,0,0.3156993785021255
COG,2008-09-30,2008,0,0.3905689194749627
COG,2008-10-31,2008,0,0.6860816006379512
COG,2008-11-30,2008,0,0.6330164519351207
COG,2008-12-31,2008,0,0.2802646019293876
COG,2009-01-31,2009,0,0.6871362066452308
COG,2009-02-28,2009,0,0.6623374039625819
COG,2009-03-31,2009,0,0.6184222264192687
COG,2009-04-30,2009,0,0.0055705885581213525
COG,2009-05-31,2009,0,0.0037350146285396804
COG,2009-06-30,2009,0,0.0057437309671979
COG,2009-07-31,2009,0,0.004423276434239515
COG,2009-08-31,2009,0,0.0045948701640215585
COG,2009-09-30,2009,0,0.004117349714878594
COG,2009-10-31,2009,0,0.46992713040241796
COG,2009-11-30,2009,0,0.5405422439590631
COG,2009-12-31,2009,0,0.7121865867223475
COG,2010-01-31,2010,0,0.5739507913111578
COG,2010-02-28,2010,0,0.6102720935614938
COG,2010-03-31,2010,0,0.6232714450003304
COG,2010-04-30,2010,0,0.6230603698191725
COG,2010-05-31,2010,0,0.8206613949301157
COG,2010-06-30,2010,0,0.7944500607508594
COG,2010-07-31,2010,0,0.5662163188499374
COG,2010-08-31,2010,0,0.5744120234083323
COG,2010-09-30,2010,0,0.4014812072885902
COG,2010-10-31,2010,0,0.4264655345452562
COG,2010-11-30,2010,0,0.4581264732025527
COG,2010-12-31,2010,0,0.4458929839643524
COG,2011-01-31,2011,0,0.27493508791600413
COG,2011-02-28,2011,0,0.25564046593428374
COG,2011-03-31,2011,0,0.31059367586508396
COG,2011-04-30,2011,0,0.25698731491195753
COG,2011-05-31,2011,0,0.253538655038261
COG,2011-06-30,2011,0,0.2587382809333664
COG,2011-07-31,2011,0,0.3205526422305879
COG,2011-08-31,2011,0,0.2935491333918334
COG,2011-09-30,2011,0,0.446830079217897
COG,2011-10-31,2011,0,0.3906401521241353
COG,2011-11-30,2011,0,0.43856065796391286
COG,2011-12-31,2011,0,0.44397474347603644
COG,2012-01-31,2012,0,0.5549419056422916
COG,2012-02-29,2012,0,0.5119974381285345
COG,2012-03-31,2012,0,0.48187802065080826
COG,2012-04-30,2012,0,0.5676027206022041
COG,2012-05-31,2012,0,0.632773919250506
COG,2012-06-30,2012,0,0.5918512337312882
COG,2012-07-31,2012,0,0.6215187812505564
COG,2012-08-31,2012,0,0.5585442884143089
COG,2012-09-30,2012,0,0.5097163825573897
COG,2012-10-31,2012,0,0.5186478658269498
COG,2012-11-30,2012,0,0.5088391065729387
COG,2012-12-31,2012,0,0.527244899559162
COG,2013-01-31,2013,0,0.4924756684548416
COG,2013-02-28,2013,0,0.5181517072208369
COG,2013-03-31,2013,0,0.5528192360667892
COG,2013-04-30,2013,0,0.5474772014553505
COG,2013-05-31,2013,0,0.5085080488391259
COG,2013-06-30,2013,0,0.5005467401560544
COG,2013-07-31,2013,0,0.5287931353019739
COG,2013-08-31,2013,0,0.521205280673841
COG,2013-09-30,2013,0,0.4919665376942599
COG,2013-10-31,2013,0,0.5015608798674256
COG,2013-11-30,2013,0,0.49723958269367197
COG,2013-12-31,2013,0,0.5073788970119338
COG,2014-01-31,2014,0,0.48566979297864
COG,2014-02-28,2014,0,0.45258874462216286
COG,2014-03-31,2014,0,0.46141428939485635
COG,2014-04-30,2014,0,0.45425060280445756
COG,2014-05-31,2014,0,0.4874022680012033
COG,2014-06-30,2014,0,0.4861000791017488
COG,2014-07-31,2014,0,0.49210854963221123
COG,2014-08-31,2014,0,0.5176991056144146
COG,2014-09-30,2014,0,0.6262018292660557
COG,2014-10-31,2014,0,0.6255006792970432
COG,2014-11-30,2014,0,0.6097653175129905
COG,2014-12-31,2014,0,0.6169387811721863
COG,2015-01-31,2015,0,0.7563146592713819
COG,2015-02-28,2015,0,0.7867365294713098
COG,2015-03-31,2015,0,0.7790929466662034
COG,2015-04-30,2015,0,0.5889417154848293
COG,2015-05-31,2015,0,0.5973636217222416
COG,2015-06-30,2015,0,0.5495368317003495
COG,2015-07-31,2015,0,0.5412050953470401
COG,2015-08-31,2015,0,0.5105490814560621
COG,2015-09-30,2015,0,0.5056473608735887
COG,2015-10-31,2015,0,0.5331449495241884
COG,2015-11-30,2015,0,0.5721205810517199
COG,2015-12-31,2015,0,0.5381889583677292
COG,2016-01-31,2016,0,0.5386125003991372
COG,2016-02-29,2016,0,0.5431715201949239
COG,2016-03-31,2016,0,0.4697415871863734
COG,2016-04-30,2016,0,0.4748051983493941
COG,2016-05-31,2016,0,0.4515213736498196
COG,2016-06-30,2016,0,0.46620482589566187
COG,2016-07-31,2016,0,0.4756672151225759
COG,2016-08-31,2016,0,0.4602267985068316
COG,2016-09-30,2016,0,0.5878657426838112
COG,2016-10-31,2016,0,0.5722058528080567
COG,2016-11-30,2016,0,0.5553154033995926
COG,2016-12-31,2016,0,0.5351244586261041
COL,2002-01-31,2002,0,0.395696984212565
COL,2002-02-28,2002,0,0.38439206755372346
COL,2002-03-31,2002,0,0.38145543293229134
COL,2002-04-30,2002,0,0.36211363464363333
COL,2002-05-31,2002,0,0.33933624236523224
COL,2002-06-30,2002,0,0.3516736135912161
COL,2002-07-31,2002,0,0.5295694750808844
COL,2002-08-31,2002,0,0.5071008172041364
COL,2002-09-30,2002,0,0.5296832995095507
COL,2002-10-31,2002,0,0.4428391030168015
COL,2002-11-30,2002,0,0.43951338767287645
COL,2002-12-31,2002,0,0.43284175427986143
COL,2003-01-31,2003,0,0.5575205023367459
COL,2003-02-28,2003,0,0.5826655029784942
COL,2003-03-31,2003,0,0.5819877010311627
COL,2003-04-30,2003,0,0.500406667813808
COL,2003-05-31,2003,0,0.5157020153317706
COL,2003-06-30,2003,0,0.5424049702431383
COL,2003-07-31,2003,0,0.4587537215819867
COL,2003-08-31,2003,0,0.5130892707866143
COL,2003-09-30,2003,0,0.47092634712274495
COL,2003-10-31,2003,0,0.4590102010298639
COL,2003-11-30,2003,0,0.46575239309646016
COL,2003-12-31,2003,0,0.46220123965249293
COL,2004-01-31,2004,0,0.4743513978035092
COL,2004-02-29,2004,0,0.48934522545250864
COL,2004-03-31,2004,0,0.47182976124907405
COL,2004-04-30,2004,0,0.49046443420382685
COL,2004-05-31,2004,0,0.5271427687592619
COL,2004-06-30,2004,0,0.5178496195114394
COL,2004-07-31,2004,0,0.47284825011644505
COL,2004-08-31,2004,0,0.453624808140193
COL,2004-09-30,2004,0,0.4616819637341609
COL,2004-10-31,2004,0,0.47474726080753277
COL,2004-11-30,2004,0,0.4155647222882722
COL,2004-12-31,2004,0,0.38963880354517466
COL,2005-01-31,2005,0,0.344038995105624
COL,2005-02-28,2005,0,0.347491178095407
COL,2005-03-31,2005,0,0.3724359044248115
COL,2005-04-30,2005,0,0.36554162980412674
COL,2005-05-31,2005,0,0.3798346518638665
COL,2005-06-30,2005,0,0.4076830838482147
COL,2005-07-31,2005,0,0.39951898532943275
COL,2005-08-31,2005,0,0.3966583082790127
COL,2005-09-30,2005,0,0.3497668937536097
COL,2005-10-31,2005,0,0.34223465417001026
COL,2005-11-30,2005,0,0.36100350247219226
COL,2005-12-31,2005,0,0.5228524987241437
COL,2006-01-31,2006,0,0.4871588245997085
COL,2006-02-28,2006,0,0.5571541038269116
COL,2006-03-31,2006,0,0.5482957662479802
COL,2006-04-30,2006,0,0.604935785206045
COL,2006-05-31,2006,0,0.6088054789703378
COL,2006-06-30,2006,0,0.6343698591390969
COL,2006-07-31,2006,0,0.23342444666896597
COL,2006-08-31,2006,0,0.23319468228788418
COL,2006-09-30,2006,0,0.2160177856403011
COL,2006-10-31,2006,0,0.22011531403231344
COL,2006-11-30,2006,0,0.21204421412629912
COL,2006-12-31,2006,0,0.18817322892583327
COL,2007-01-31,2007,0,0.2823886059042895
COL,2007-02-28,2007,0,0.2801030078085323
COL,2007-03-31,2007,0,0.3046970710617088
COL,2007-04-30,2007,0,0.2862429839694273
COL,2007-05-31,2007,0,0.14401468238908724
COL,2007-06-30,2007,0,0.12007982239412743
COL,2007-07-31,2007,0,0.11907850909747406
COL,2007-08-31,2007,0,0.5141015603182659
COL,2007-09-30,2007,0,0.37326060364840685
COL,2007-10-31,2007,0,0.3840296862506237
COL,2007-11-30,2007,0,0.2823081042440758
COL,2007-12-31,2007,0,0.2860381932194833
COL,2008-01-31,2008,0,0.1726974708495727
COL,2008-02-29,2008,0,0.0004839283732477357
COL,2008-03-31,2008,0,0.0006404153795494593
COL,2008-04-30,2008,0,0.000657208168963108
COL,2008-05-31,2008,0,0.0007201831930022165
COL,2008-06-30,2008,0,0.0019165287739560792
COL,2008-07-31,2008,0,0.00104943406407285
COL,2008-08-31,2008,0,0.41660423567235005
COL,2008-09-30,2008,0,0.4699194401080795
COL,2008-10-31,2008,0,0.6392036379464137
COL,2008-11-30,2008,0,0.5399792849465104
COL,2008-12-31,2008,0,0.0010932344310127847
COL,2009-01-31,2009,0,0.004392666366960943
COL,2009-02-28,2009,0,0.005329555361667109
COL,2009-03-31,2009,0,1.9820945880735197e-05
COL,2009-04-30,2009,0,4.8711656298637786e-06
COL,2009-05-31,2009,0,3.686262422018738e-06
COL,2009-06-30,2009,0,0.0010279863844217026
COL,2009-07-31,2009,0,0.0008835007574401839
COL,2009-08-31,2009,0,0.0008713207025241884
COL,2009-09-30,2009,0,0.13133612524662086
COL,2009-10-31,2009,0,0.20574362997728157
COL,2009-11-30,2009,0,0.22161817979606666
COL,2009-12-31,2009,0,0.2691996453256851
COL,2010-01-31,2010,0,0.26607828622948587
COL,2010-02-28,2010,0,0.2377621451217578
COL,2010-03-31,2010,0,0.28096828483764386
COL,2010-04-30,2010,0,0.3440323089395646
COL,2010-05-31,2010,0,0.37510105097006347
COL,2010-06-30,2010,0,0.34209434328540544
COL,2010-07-31,2010,0,0.31347256962268627
COL,2010-08-31,2010,0,0.31731818003192824
COL,2010-09-30,2010,0,0.3567083888157663
COL,2010-10-31,2010,0,0.36897227970892954
COL,2010-11-30,2010,0,0.4515387908019449
COL,2010-12-31,2010,0,0.46415889784487907
COL,2011-01-31,2011,0,0.48211522994954176
COL,2011-02-28,2011,0,0.48892599259431196
COL,2011-03-31,2011,0,0.481796093713868
COL,2011-04-30,2011,0,0.3266327152691918
COL,2011-05-31,2011,0,0.3310621590763576
COL,2011-06-30,2011,0,0.31582623923159925
COL,2011-07-31,2011,0,0.3733682595850737
COL,2011-08-31,2011,0,0.35752381632365143
COL,2011-09-30,2011,0,0.5082828793939345
COL,2011-10-31,2011,0,0.5136713808680968
COL,2011-11-30,2011,0,0.5697916599319993
COL,2011-12-31,2011,0,0.5159478277307521
COL,2012-01-31,2012,0,0.2981481619710369
COL,2012-02-29,2012,0,0.26285174598345845
COL,2012-03-31,2012,0,0.24611480025776805
COL,2012-04-30,2012,0,0.30044957382024406
COL,2012-05-31,2012,0,0.31503807531734096
COL,2012-06-30,2012,0,0.28828707596412595
COL,2012-07-31,2012,0,0.3767517501193127
COL,2012-08-31,2012,0,0.3937070837966413
COL,2012-09-30,2012,0,0.3691391967963232
COL,2012-10-31,2012,0,0.3863873014740434
COL,2012-11-30,2012,0,0.326465259492824
COL,2012-12-31,2012,0,0.31155208644092036
COL,2013-01-31,2013,0,0.38515931825560956
COL,2013-02-28,2013,0,0.39789368133903635
COL,2013-03-31,2013,0,0.43334823370711495
COL,2013-04-30,2013,0,0.4267083497358475
COL,2013-05-31,2013,0,0.4418531358774889
COL,2013-06-30,2013,0,0.5001966463822328
COL,2013-07-31,2013,0,0.44786956316134724
COL,2013-08-31,2013,0,0.4436364907428351
COL,2013-09-30,2013,0,0.42290638455582913
COL,2013-10-31,2013,0,0.4240335910827315
COL,2013-11-30,2013,0,0.41405387738666577
COL,2013-12-31,2013,0,0.4358355759268528
COL,2014-01-31,2014,0,0.5896984470677133
COL,2014-02-28,2014,0,0.5887111660767724
COL,2014-03-31,2014,0,0.4629009521615223
COL,2014-04-30,2014,0,0.43847064154005366
COL,2014-05-31,2014,0,0.4120407017857328
COL,2014-06-30,2014,0,0.4456897483730774
COL,2014-07-31,2014,0,0.4251595300366091
COL,2014-08-31,2014,0,0.4440751052567045
COL,2014-09-30,2014,0,0.5618445099835208
COL,2014-10-31,2014,0,0.5900096829396034
COL,2014-11-30,2014,0,0.686330342703424
COL,2014-12-31,2014,0,0.7537770023081295
COL,2015-01-31,2015,0,0.7597316485594257
COL,2015-02-28,2015,0,0.7411715753439202
COL,2015-03-31,2015,0,0.7666637399396299
COL,2015-04-30,2015,0,0.4938690770055117
COL,2015-05-31,2015,0,0.4949985018006328
COL,2015-06-30,2015,0,0.44277071042181976
COL,2015-07-31,2015,0,0.6669927102125659
COL,2015-08-31,2015,0,0.7085744876918565
COL,2015-09-30,2015,0,0.6931378567970987
COL,2015-10-31,2015,0,0.35292056878160866
COL,2015-11-30,2015,0,0.351406317103622
COL,2015-12-31,2015,0,0.3414601853867265
COL,2016-01-31,2016,0,0.3854772759846278
COL,2016-02-29,2016,0,0.32449729305310376
COL,2016-03-31,2016,0,0.2042666843890617
COL,2016-04-30,2016,0,0.19659445774916454
COL,2016-05-31,2016,0,0.20873410224838573
COL,2016-06-30,2016,0,0.20019431874726684
COL,2016-07-31,2016,0,0.3259929570106916
COL,2016-08-31,2016,0,0.2591754701396017
COL,2016-09-30,2016,0,0.3175327760162838
COL,2016-10-31,2016,0,0.3623785609089435
COL,2016-11-30,2016,0,0.39983049437000195
COL,2016-12-31,2016,0,0.37810943214345494
COM,2002-01-31,2002,0,0.24354818303235232
COM,2002-02-28,2002,0,0.3192413286526818
COM,2002-03-31,2002,0,0.2947765494044394
COM,2002-04-30,2002,0,0.2640526261389427
COM,2002-05-31,2002,0,0.24681741083400194
COM,2002-06-30,2002,0,0.23815420637000673
COM,2002-07-31,2002,0,0.2334217627924382
COM,2002-08-31,2002,0,0.22505313477717348
COM,2002-09-30,2002,0,0.23771485772863563
COM,2002-10-31,2002,0,0.22340766783193117
COM,2002-11-30,2002,0,0.20425341493242663
COM,2002-12-31,2002,0,0.20790214167349919
COM,2003-01-31,2003,0,0.14287621017393667
COM,2003-02-28,2003,0,0.15044487614861843
COM,2003-03-31,2003,0,0.16156752071410804
COM,2003-04-30,2003,0,0.16339361027920338
COM,2003-05-31,2003,0,0.14927599656136972
COM,2003-06-30,2003,0,0.2051919084441996
COM,2003-07-31,2003,0,0.19021090766720938
COM,2003-08-31,2003,0,0.2485681477352673
COM,2003-09-30,2003,0,0.19546200976448058
COM,2003-10-31,2003,0,0.19546806195447933
COM,2003-11-30,2003,0,0.19301733261489887
COM,2003-12-31,2003,0,0.20115128976051314
COM,2004-01-31,2004,0,0.24191910786302775
COM,2004-02-29,2004,0,0.23794935339420686
COM,2004-03-31,2004,0,0.2758664050566287
COM,2004-04-30,2004,0,0.2725723683068794
COM,2004-05-31,2004,0,0.2532290518285902
COM,2004-06-30,2004,0,0.27826255232179153
COM,2004-07-31,2004,0,0.2750785027982005
COM,2004-08-31,2004,0,0.26947617898638165
COM,2004-09-30,2004,0,0.27627704803854564
COM,2004-10-31,2004,0,0.27401392407554853
COM,2004-11-30,2004,0,0.23291089255526046
COM,2004-12-31,2004,0,0.2651520094037415
COM,2005-01-31,2005,0,0.3535013643436971
COM,2005-02-28,2005,0,0.3632785140059368
COM,2005-03-31,2005,0,0.3864065230299002
COM,2005-04-30,2005,0,0.3898017910035392
COM,2005-05-31,2005,0,0.4594625342662186
COM,2005-06-30,2005,0,0.4589060007353528
COM,2005-07-31,2005,0,0.45790119781159694
COM,2005-08-31,2005,0,0.45256741513222415
COM,2005-09-30,2005,0,0.4431020940319471
COM,2005-10-31,2005,0,0.4364055051211238
COM,2005-11-30,2005,0,0.4549113291688416
COM,2005-12-31,2005,0,0.48550249693485287
COM,2006-01-31,2006,0,0.5033847654938469
COM,2006-02-28,2006,0,0.5106030964392394
COM,2006-03-31,2006,0,0.49376019476047434
COM,2006-04-30,2006,0,0.42145416405291025
COM,2006-05-31,2006,0,0.3400102616059693
COM,2006-06-30,2006,0,0.35318523081207887
COM,2006-07-31,2006,0,0.37641942201068057
COM,2006-08-31,2006,0,0.3772065884296038
COM,2006-09-30,2006,0,0.39428280603104326
COM,2006-10-31,2006,0,0.41416922845088494
COM,2006-11-30,2006,0,0.36049222365798894
COM,2006-12-31,2006,0,0.35825514924497176
COM,2007-01-31,2007,0,0.25900794845541947
COM,2007-02-28,2007,0,0.2762744705189328
COM,2007-03-31,2007,0,0.26344011895406616
COM,2007-04-30,2007,0,0.2691991786763772
COM,2007-05-31,2007,0,0.28735759698593916
COM,2007-06-30,2007,0,0.2946696124631535
COM,2007-07-31,2007,0,0.3166784092614502
COM,2007-08-31,2007,0,0.29856721854656937
COM,2007-09-30,2007,0,0.254824457669874
COM,2007-10-31,2007,0,0.269378239811525
COM,2007-11-30,2007,0,0.2833122369509749
COM,2007-12-31,2007,0,0.3051516360633598
COM,2008-01-31,2008,0,0.328639455823962
COM,2008-02-29,2008,0,0.3346649759875119
COM,2008-03-31,2008,0,0.2511316147941608
COM,2008-04-30,2008,0,0.30408217255582354
COM,2008-05-31,2008,0,0.2981296011774687
COM,2008-06-30,2008,0,0.3281641121607529
COM,2008-07-31,2008,0,0.3217376204160634
COM,2008-08-31,2008,0,0.5490822143874087
COM,2008-09-30,2008,0,0.6284676534933776
COM,2008-10-31,2008,0,0.8522594806367316
COM,2008-11-30,2008,0,0.8199117119834213
COM,2008-12-31,2008,0,0.5068547143144422
COM,2009-01-31,2009,0,0.4547342078415632
COM,2009-02-28,2009,0,0.4268788335351379
COM,2009-03-31,2009,0,0.380961738367084
COM,2009-04-30,2009,0,0.002122590225338847
COM,2009-05-31,2009,0,0.0014215478318212506
COM,2009-06-30,2009,0,0.0021887994603026176
COM,2009-07-31,2009,0,0.0016842211986909902
COM,2009-08-31,2009,0,0.0017497445372262708
COM,2009-09-30,2009,0,0.0015674372844298177
COM,2009-10-31,2009,0,0.2518515246521799
COM,2009-11-30,2009,0,0.308786404890898
COM,2009-12-31,2009,0,0.484430698652613
COM,2010-01-31,2010,0,0.4160432392091906
COM,2010-02-28,2010,0,0.4529965840764523
COM,2010-03-31,2010,0,0.46665722198777315
COM,2010-04-30,2010,0,0.4664335175126515
COM,2010-05-31,2010,0,0.707610787188993
COM,2010-06-30,2010,0,0.6714905977370397
COM,2010-07-31,2010,0,0.4083969324948179
COM,2010-08-31,2010,0,0.416501627622265
COM,2010-09-30,2010,0,0.2618599507508839
COM,2010-10-31,2010,0,0.28225305556927627
COM,2010-11-30,2010,0,0.30897537135260494
COM,2010-12-31,2010,0,0.2985304788389972
COM,2011-01-31,2011,0,0.2964140281800223
COM,2011-02-28,2011,0,0.27618621407925464
COM,2011-03-31,2011,0,0.3335767571653536
COM,2011-04-30,2011,0,0.2776009397739107
COM,2011-05-31,2011,0,0.2739776566388565
COM,2011-06-30,2011,0,0.27943953370389846
COM,2011-07-31,2011,0,0.34390504478965045
COM,2011-08-31,2011,0,0.31584880172321095
COM,2011-09-30,2011,0,0.47297797098496774
COM,2011-10-31,2011,0,0.4159725136058332
COM,2011-11-30,2011,0,0.4646310955988618
COM,2011-12-31,2011,0,0.4700975424187216
COM,2012-01-31,2012,0,0.4598086835816415
COM,2012-02-29,2012,0,0.41732299652016436
COM,2012-03-31,2012,0,0.38834098936672384
COM,2012-04-30,2012,0,0.47260383195435074
COM,2012-05-31,2012,0,0.5405020721898239
COM,2012-06-30,2012,0,0.4974630462787776
COM,2012-07-31,2012,0,0.528526038872118
COM,2012-08-31,2012,0,0.46343656794464694
COM,2012-09-30,2012,0,0.41510494841863144
COM,2012-10-31,2012,0,0.4238116661791586
COM,2012-11-30,2012,0,0.4142529242631789
COM,2012-12-31,2012,0,0.43224833758474246
COM,2013-01-31,2013,0,0.42082512547034817
COM,2013-02-28,2013,0,0.44604867417630384
COM,2013-03-31,2013,0,0.4807047542221262
COM,2013-04-30,2013,0,0.4753188708019105
COM,2013-05-31,2013,0,0.4365312246703472
COM,2013-06-30,2013,0,0.4287138525276834
COM,2013-07-31,2013,0,0.4566125485961317
COM,2013-08-31,2013,0,0.4490733450464969
COM,2013-09-30,2013,0,0.4203287209994295
COM,2013-10-31,2013,0,0.42970766874383
COM,2013-11-30,2013,0,0.4254769911481489
COM,2013-12-31,2013,0,0.4354203065116357
COM,2014-01-31,2014,0,0.4671321074934415
COM,2014-02-28,2014,0,0.43424766185480396
COM,2014-03-31,2014,0,0.44300499230485885
COM,2014-04-30,2014,0,0.4358958005933189
COM,2014-05-31,2014,0,0.4688587362531867
COM,2014-06-30,2014,0,0.4675609001670695
COM,2014-07-31,2014,0,0.4735513787556308
COM,2014-08-31,2014,0,0.4991252787784645
COM,2014-09-30,2014,0,0.6086477933425362
COM,2014-10-31,2014,0,0.6079343320458044
COM,2014-11-30,2014,0,0.5919423889956195
COM,2014-12-31,2014,0,0.5992281455000861
COM,2015-01-31,2015,0,0.6594222811970546
COM,2015-02-28,2015,0,0.6970957725910583
COM,2015-03-31,2015,0,0.6875154740739007
COM,2015-04-30,2015,0,0.47196276176086993
COM,2015-05-31,2015,0,0.48066794539993607
COM,2015-06-30,2015,0,0.4321561604359333
COM,2015-07-31,2015,0,0.4239292520990526
COM,2015-08-31,2015,0,0.39420839748044395
COM,2015-09-30,2015,0,0.389534695105448
COM,2015-10-31,2015,0,0.41603190058075495
COM,2015-11-30,2015,0,0.4547862038555991
COM,2015-12-31,2015,0,0.42096700303882695
COM,2016-01-31,2016,0,0.35422431304496943
COM,2016-02-29,2016,0,0.35843507661207763
COM,2016-03-31,2016,0,0.2939115355718654
COM,2016-04-30,2016,0,0.2981454751393537
COM,2016-05-31,2016,0,0.2789239228454622
COM,2016-06-30,2016,0,0.29097218083777954
COM,2016-07-31,2016,0,0.2988692782703335
COM,2016-08-31,2016,0,0.2860370695656154
COM,2016-09-30,2016,0,0.4012809739768337
COM,2016-10-31,2016,0,0.38593702326525325
COM,2016-11-30,2016,0,0.3697920571243264
COM,2016-12-31,2016,0,0.3510219028605877
CRI,2002-01-31,2002,0,0.37075267112204696
CRI,2002-02-28,2002,0,0.32679826079022894
CRI,2002-03-31,2002,0,0.28419030375235704
CRI,2002-04-30,2002,0,0.3024582272890804
CRI,2002-05-31,2002,0,0.29635959766576636
CRI,2002-06-30,2002,0,0.3388139753693236
CRI,2002-07-31,2002,0,0.30214645897170844
CRI,2002-08-31,2002,0,0.2912278221340139
CRI,2002-09-30,2002,0,0.2881259447381232
CRI,2002-10-31,2002,0,0.26958265347861177
CRI,2002-11-30,2002,0,0.2826213422687656
CRI,2002-12-31,2002,0,0.3570888247180126
CRI,2003-01-31,2003,0,0.4524162530720686
CRI,2003-02-28,2003,0,0.4785317148981919
CRI,2003-03-31,2003,0,0.5099782853961661
CRI,2003-04-30,2003,0,0.3280513848643005
CRI,2003-05-31,2003,0,0.3170091334029266
CRI,2003-06-30,2003,0,0.3052218551990991
CRI,2003-07-31,2003,0,0.27832305436928123
CRI,2003-08-31,2003,0,0.31925032294900224
CRI,2003-09-30,2003,0,0.32429061482467453
CRI,2003-10-31,2003,0,0.24685952799844443
CRI,2003-11-30,2003,0,0.327264865424096
CRI,2003-12-31,2003,0,0.37597403985222766
CRI,2004-01-31,2004,0,0.4742580146193699
CRI,2004-02-29,2004,0,0.4568911007934671
CRI,2004-03-31,2004,0,0.47163539097384133
CRI,2004-04-30,2004,0,0.44807863155295213
CRI,2004-05-31,2004,0,0.4836178793898822
CRI,2004-06-30,2004,0,0.5119724009502599
CRI,2004-07-31,2004,0,0.5438046663161812
CRI,2004-08-31,2004,0,0.5011312840435881
CRI,2004-09-30,2004,0,0.5028510310675246
CRI,2004-10-31,2004,0,0.4688658915888552
CRI,2004-11-30,2004,0,0.4680910542628714
CRI,2004-12-31,2004,0,0.4444561418836063
CRI,2005-01-31,2005,0,0.4295347407238955
CRI,2005-02-28,2005,0,0.32764443569751145
CRI,2005-03-31,2005,0,0.386567717355458
CRI,2005-04-30,2005,0,0.4052339056738084
CRI,2005-05-31,2005,0,0.4407390009135615
CRI,2005-06-30,2005,0,0.47420292404873293
CRI,2005-07-31,2005,0,0.4538649628450481
CRI,2005-08-31,2005,0,0.46855849302416325
CRI,2005-09-30,2005,0,0.5043864644217316
CRI,2005-10-31,2005,0,0.5440232593535119
CRI,2005-11-30,2005,0,0.5574263680551128
CRI,2005-12-31,2005,0,0.5949270925619446
CRI,2006-01-31,2006,0,0.4792464159124016
CRI,2006-02-28,2006,0,0.3247489182611897
CRI,2006-03-31,2006,0,0.34855548736959924
CRI,2006-04-30,2006,0,0.27214575412176056
CRI,2006-05-31,2006,0,0.31910846397302717
CRI,2006-06-30,2006,0,0.3269314723371993
CRI,2006-07-31,2006,0,0.3534480388088035
CRI,2006-08-31,2006,0,0.38522522851430296
CRI,2006-09-30,2006,0,0.4155283331695748
CRI,2006-10-31,2006,0,0.14901038446137338
CRI,2006-11-30,2006,0,0.20400815503394606
CRI,2006-12-31,2006,0,0.21372124865813233
CRI,2007-01-31,2007,0,0.22123047538502605
CRI,2007-02-28,2007,0,0.2494456775663068
CRI,2007-03-31,2007,0,0.255289203686463
CRI,2007-04-30,2007,0,0.3430985653831698
CRI,2007-05-31,2007,0,0.3711382686133812
CRI,2007-06-30,2007,0,0.42854710009897556
CRI,2007-07-31,2007,0,0.2980814078914925
CRI,2007-08-31,2007,0,0.2641693871022879
CRI,2007-09-30,2007,0,0.2215779497606476
CRI,2007-10-31,2007,0,0.6020318989978961
CRI,2007-11-30,2007,0,0.09171094877505329
CRI,2007-12-31,2007,0,0.093600542638556
CRI,2008-01-31,2008,0,0.06103324706705871
CRI,2008-02-29,2008,0,0.06739985551363611
CRI,2008-03-31,2008,0,0.06704333432593314
CRI,2008-04-30,2008,0,0.06699572628418617
CRI,2008-05-31,2008,0,0.5356351418035987
CRI,2008-06-30,2008,0,0.5249881862097772
CRI,2008-07-31,2008,0,0.5825213461613455
CRI,2008-08-31,2008,0,0.5410967303271857
CRI,2008-09-30,2008,0,0.5479470108262061
CRI,2008-10-31,2008,0,0.5319405844017678
CRI,2008-11-30,2008,0,0.3574917823894991
CRI,2008-12-31,2008,0,0.3877983636820818
CRI,2009-01-31,2009,0,0.4088572740590173
CRI,2009-02-28,2009,0,0.43928479442869506
CRI,2009-03-31,2009,0,0.42182137677133325
CRI,2009-04-30,2009,0,0.4276131523183132
CRI,2009-05-31,2009,0,0.5422483007749738
CRI,2009-06-30,2009,0,0.4734138504591684
CRI,2009-07-31,2009,0,0.4282422864032137
CRI,2009-08-31,2009,0,0.4296666297528125
CRI,2009-09-30,2009,0,0.4299154512550225
CRI,2009-10-31,2009,0,0.4176834997798997
CRI,2009-11-30,2009,0,0.2679837643714249
CRI,2009-12-31,2009,0,0.2452151856212616
CRI,2010-01-31,2010,0,0.27819163901250216
CRI,2010-02-28,2010,0,0.3040370752771695
CRI,2010-03-31,2010,0,0.2317049696937318
CRI,2010-04-30,2010,0,0.2334204144532598
CRI,2010-05-31,2010,0,0.35739159107324125
CRI,2010-06-30,2010,0,0.3675039744176051
CRI,2010-07-31,2010,0,0.34484571251979335
CRI,2010-08-31,2010,0,0.33454388205970287
CRI,2010-09-30,2010,0,0.3913425306131542
CRI,2010-10-31,2010,0,0.42298158497033767
CRI,2010-11-30,2010,0,0.37149766211164853
CRI,2010-12-31,2010,0,0.38640937222324667
CRI,2011-01-31,2011,0,0.49166010618401074
CRI,2011-02-28,2011,0,0.5031110271610444
CRI,2011-03-31,2011,0,0.5639422740115094
CRI,2011-04-30,2011,0,0.5859319862152768
CRI,2011-05-31,2011,0,0.48855506669633164
CRI,2011-06-30,2011,0,0.48290551655105274
CRI,2011-07-31,2011,0,0.5765238777415552
CRI,2011-08-31,2011,0,0.5882646053301065
CRI,2011-09-30,2011,0,0.5787656628674583
CRI,2011-10-31,2011,0,0.572869163114225
CRI,2011-11-30,2011,0,0.4744052623245529
CRI,2011-12-31,2011,0,0.4769856127737819
CRI,2012-01-31,2012,0,0.3651525910093495
CRI,2012-02-29,2012,0,0.3570817168782777
CRI,2012-03-31,2012,0,0.3623230995424849
CRI,2012-04-30,2012,0,0.37929885396050744
CRI,2012-05-31,2012,0,0.4238381770835636
CRI,2012-06-30,2012,0,0.4392557397404026
CRI,2012-07-31,2012,0,0.4183649036252167
CRI,2012-08-31,2012,0,0.44240721297295144
CRI,2012-09-30,2012,0,0.4294403137220412
CRI,2012-10-31,2012,0,0.42287955285406875
CRI,2012-11-30,2012,0,0.46560209141439307
CRI,2012-12-31,2012,0,0.5886005743490343
CRI,2013-01-31,2013,0,0.522450338158431
CRI,2013-02-28,2013,0,0.5329792962081105
CRI,2013-03-31,2013,0,0.524672346462983
CRI,2013-04-30,2013,0,0.5315764082249057
CRI,2013-05-31,2013,0,0.52855503971099
CRI,2013-06-30,2013,0,0.48384753689854343
CRI,2013-07-31,2013,0,0.4993725818542504
CRI,2013-08-31,2013,0,0.5344862386596765
CRI,2013-09-30,2013,0,0.5076726845206286
CRI,2013-10-31,2013,0,0.5068275247925618
CRI,2013-11-30,2013,0,0.5066635182274729
CRI,2013-12-31,2013,0,0.43000529736505644
CRI,2014-01-31,2014,0,0.5889695361288336
CRI,2014-02-28,2014,0,0.6844934647260196
CRI,2014-03-31,2014,0,0.6930762556662052
CRI,2014-04-30,2014,0,0.6852282093847589
CRI,2014-05-31,2014,0,0.6810718620446038
CRI,2014-06-30,2014,0,0.6043805955945237
CRI,2014-07-31,2014,0,0.5744758910563128
CRI,2014-08-31,2014,0,0.5246935403081233
CRI,2014-09-30,2014,0,0.5434937810674951
CRI,2014-10-31,2014,0,0.5487771108921388
CRI,2014-11-30,2014,0,0.528236165684087
CRI,2014-12-31,2014,0,0.563809927315443
CRI,2015-01-31,2015,0,0.6185862261649634
CRI,2015-02-28,2015,0,0.4026617803428254
CRI,2015-03-31,2015,0,0.41582872245533514
CRI,2015-04-30,2015,0,0.42435930634294255
CRI,2015-05-31,2015,0,0.40478328165643146
CRI,2015-06-30,2015,0,0.5367721916043515
CRI,2015-07-31,2015,0,0.5558017625539527
CRI,2015-08-31,2015,0,0.5589721726526802
CRI,2015-09-30,2015,0,0.5660898864210696
CRI,2015-10-31,2015,0,0.5654224623969881
CRI,2015-11-30,2015,0,0.5340415589665348
CRI,2015-12-31,2015,0,0.6115530183967556
CRI,2016-01-31,2016,0,0.6190537104072588
CRI,2016-02-29,2016,0,0.6165022915377254
CRI,2016-03-31,2016,0,0.6098809278209414
CRI,2016-04-30,2016,0,0.5742633055577198
CRI,2016-05-31,2016,0,0.6244649631734845
CRI,2016-06-30,2016,0,0.6372952212940853
CRI,2016-07-31,2016,0,0.6258437426930995
CRI,2016-08-31,2016,0,0.6308401018588066
CRI,2016-09-30,2016,0,0.6276059012092163
CRI,2016-10-31,2016,0,0.6244981622271167
CRI,2016-11-30,2016,0,0.608678215931785
CRI,2016-12-31,2016,0,0.5726642381356942
DOM,2002-01-31,2002,1,0.5751226452748366
DOM,2002-02-28,2002,1,0.5712181160946532
DOM,2002-03-31,2002,1,0.5713803420180896
DOM,2002-04-30,2002,1,0.5520384499350297
DOM,2002-05-31,2002,1,0.5814442392025172
DOM,2002-06-30,2002,1,0.5819419851126358
DOM,2002-07-31,2002,1,0.5933125912199306
DOM,2002-08-31,2002,1,0.5932351752771459
DOM,2002-09-30,2002,1,0.5932351752771459
DOM,2002-10-31,2002,1,0.5925452312564714
DOM,2002-11-30,2002,1,0.5415470593351964
DOM,2002-12-31,2002,1,0.5418724276360853
DOM,2003-01-31,2003,0,0.7953871145792556
DOM,2003-02-28,2003,0,0.9315156603487135
DOM,2003-03-31,2003,0,0.9242012837497661
DOM,2003-04-30,2003,0,0.924523698413758
DOM,2003-05-31,2003,0,0.7687510652369394
DOM,2003-06-30,2003,0,0.862789926748625
DOM,2003-07-31,2003,0,0.9424225833270561
DOM,2003-08-31,2003,0,0.022972021429828918
DOM,2003-09-30,2003,0,0.002909308507958781
DOM,2003-10-31,2003,0,0.0010978158093356294
DOM,2003-11-30,2003,0,6.12084714588217e-05
DOM,2003-12-31,2003,0,2.3067938746258952e-07
DOM,2004-01-31,2004,0,5.500087511489918e-09
DOM,2004-02-29,2004,0,5.471267283658809e-08
DOM,2004-03-31,2004,0,4.970788274149665e-08
DOM,2004-04-30,2004,0,1.6960285432770057e-10
DOM,2004-05-31,2004,0,6.456818251972961e-10
DOM,2004-06-30,2004,0,1.3639314280823623e-07
DOM,2004-07-31,2004,0,2.6708943423952017e-07
DOM,2004-08-31,2004,0,1.0838087265738617e-07
DOM,2004-09-30,2004,0,1.0129124799792448e-07
DOM,2004-10-31,2004,0,1.2436768416297109e-05
DOM,2004-11-30,2004,0,0.001353614858505467
DOM,2004-12-31,2004,0,0.0029439672913919228
DOM,2005-01-31,2005,0,0.16102179595930094
DOM,2005-02-28,2005,0,0.2423132774694189
DOM,2005-03-31,2005,0,0.25201766900100925
DOM,2005-04-30,2005,0,0.29550684083626827
DOM,2005-05-31,2005,0,0.3501233551384877
DOM,2005-06-30,2005,0,0.3031241088641795
DOM,2005-07-31,2005,0,0.3706060699905031
DOM,2005-08-31,2005,0,0.40533887742657837
DOM,2005-09-30,2005,0,0.5534761214922037
DOM,2005-10-31,2005,0,0.602298294202024
DOM,2005-11-30,2005,0,0.653061439774731
DOM,2005-12-31,2005,0,0.6594400635937769
DOM,2006-01-31,2006,0,0.6035618177591341
DOM,2006-02-28,2006,0,0.35787272949450877
DOM,2006-03-31,2006,0,0.33114525065961165
DOM,2006-04-30,2006,0,0.301524455287437
DOM,2006-05-31,2006,0,0.3539646767401947
DOM,2006-06-30,2006,0,0.3389319159177737
DOM,2006-07-31,2006,0,0.33975171740445365
DOM,2006-08-31,2006,0,0.42025735550083343
DOM,2006-09-30,2006,0,0.42548957013331057
DOM,2006-10-31,2006,0,0.23882594151540548
DOM,2006-11-30,2006,0,0.2281600396510398
DOM,2006-12-31,2006,0,0.19073489513253286
DOM,2007-01-31,2007,0,0.18725539524379925
DOM,2007-02-28,2007,0,0.44385598500653667
DOM,2007-03-31,2007,0,0.2088790083534618
DOM,2007-04-30,2007,0,0.20452967763093682
DOM,2007-05-31,2007,0,0.2077192068524947
DOM,2007-06-30,2007,0,0.3250506219950713
DOM,2007-07-31,2007,0,0.30679298529838056
DOM,2007-08-31,2007,0,0.2939828439622524
DOM,2007-09-30,2007,0,0.30180762675526124
DOM,2007-10-31,2007,0,0.3123225833092859
DOM,2007-11-30,2007,0,0.29839126434851815
DOM,2007-12-31,2007,0,0.2660705504467169
DOM,2008-01-31,2008,0,0.32871907905163106
DOM,2008-02-29,2008,0,0.3290104371594386
DOM,2008-03-31,2008,0,0.4079146951274253
DOM,2008-04-30,2008,0,0.4179870025783096
DOM,2008-05-31,2008,0,0.414049495011339
DOM,2008-06-30,2008,0,0.24634023492394502
DOM,2008-07-31,2008,0,0.371844441464974
DOM,2008-08-31,2008,0,0.4875937295782213
DOM,2008-09-30,2008,0,0.5116472335767384
DOM,2008-10-31,2008,0,0.5149750654421871
DOM,2008-11-30,2008,0,0.4650212368697023
DOM,2008-12-31,2008,0,0.37256847570686724
DOM,2009-01-31,2009,0,0.5041140731984005
DOM,2009-02-28,2009,0,0.5116758505346026
DOM,2009-03-31,2009,0,0.5020779098283418
DOM,2009-04-30,2009,0,0.49999010660560017
DOM,2009-05-31,2009,0,0.4526620992069586
DOM,2009-06-30,2009,0,0.5253987954494863
DOM,2009-07-31,2009,0,0.5586546575479436
DOM,2009-08-31,2009,0,0.5813466019037175
DOM,2009-09-30,2009,0,0.5494683218954592
DOM,2009-10-31,2009,0,0.5483606935733952
DOM,2009-11-30,2009,0,0.4319798928211173
DOM,2009-12-31,2009,0,0.5405480031176502
DOM,2010-01-31,2010,0,0.6601214248288688
DOM,2010-02-28,2010,0,0.6469477004643951
DOM,2010-03-31,2010,0,0.5932932635565854
DOM,2010-04-30,2010,0,0.6992063205815997
DOM,2010-05-31,2010,0,0.684750245314819
DOM,2010-06-30,2010,0,0.7060176697634495
DOM,2010-07-31,2010,0,0.7070247409960609
DOM,2010-08-31,2010,0,0.7113911113288566
DOM,2010-09-30,2010,0,0.6746442641465973
DOM,2010-10-31,2010,0,0.6538080387923715
DOM,2010-11-30,2010,0,0.6600092290023266
DOM,2010-12-31,2010,0,0.649312989586236
DOM,2011-01-31,2011,0,0.6668992971562062
DOM,2011-02-28,2011,0,0.644112638946957
DOM,2011-03-31,2011,0,0.6594370478793141
DOM,2011-04-30,2011,0,0.6636450227319823
DOM,2011-05-31,2011,0,0.6603585602914638
DOM,2011-06-30,2011,0,0.6885703971232323
DOM,2011-07-31,2011,0,0.6907079744192309
DOM,2011-08-31,2011,0,0.6478207608566867
DOM,2011-09-30,2011,0,0.6577028937817931
DOM,2011-10-31,2011,0,0.6765083387207574
DOM,2011-11-30,2011,0,0.6771422384534099
DOM,2011-12-31,2011,0,0.6930074882944505
DOM,2012-01-31,2012,0,0.4511250973285373
DOM,2012-02-29,2012,0,0.4684710425400929
DOM,2012-03-31,2012,0,0.4415131910097755
DOM,2012-04-30,2012,0,0.43136757182587454
DOM,2012-05-31,2012,0,0.4530898490390693
DOM,2012-06-30,2012,0,0.4525096785636577
DOM,2012-07-31,2012,0,0.4571856398589945
DOM,2012-08-31,2012,0,0.4022738658674732
DOM,2012-09-30,2012,0,0.4615723056335585
DOM,2012-10-31,2012,0,0.5108395555334347
DOM,2012-11-30,2012,0,0.4726602829281336
DOM,2012-12-31,2012,0,0.4790804315590869
DOM,2013-01-31,2013,0,0.5647363408882975
DOM,2013-02-28,2013,0,0.5602567062131525
DOM,2013-03-31,2013,0,0.5564886193222508
DOM,2013-04-30,2013,0,0.5530512542102706
DOM,2013-05-31,2013,0,0.556188239353318
DOM,2013-06-30,2013,0,0.5667371807987587
DOM,2013-07-31,2013,0,0.579078555835857
DOM,2013-08-31,2013,0,0.5893450494829371
DOM,2013-09-30,2013,0,0.45638397848389806
DOM,2013-10-31,2013,0,0.4681942377970264
DOM,2013-11-30,2013,0,0.47856522712175903
DOM,2013-12-31,2013,0,0.4872039160212868
DOM,2014-01-31,2014,0,0.476612465722368
DOM,2014-02-28,2014,0,0.45555628054431535
DOM,2014-03-31,2014,0,0.4843814470473164
DOM,2014-04-30,2014,0,0.47402166349479974
DOM,2014-05-31,2014,0,0.4768720866026069
DOM,2014-06-30,2014,0,0.48869570318010086
DOM,2014-07-31,2014,0,0.4770865460496592
DOM,2014-08-31,2014,0,0.3502391437704273
DOM,2014-09-30,2014,0,0.4834633743477746
DOM,2014-10-31,2014,0,0.4631625347797855
DOM,2014-11-30,2014,0,0.454574862470582
DOM,2014-12-31,2014,0,0.4493835726898522
DOM,2015-01-31,2015,0,0.5388510690962856
DOM,2015-02-28,2015,0,0.5345694051209589
DOM,2015-03-31,2015,0,0.5292656539434362
DOM,2015-04-30,2015,0,0.5453381906854755
DOM,2015-05-31,2015,0,0.5471512460916613
DOM,2015-06-30,2015,0,0.5761365839717554
DOM,2015-07-31,2015,0,0.5260505235605851
DOM,2015-08-31,2015,0,0.5239759066763726
DOM,2015-09-30,2015,0,0.5167244341792002
DOM,2015-10-31,2015,0,0.5353863391308636
DOM,2015-11-30,2015,0,0.5329882076049868
DOM,2015-12-31,2015,0,0.5432518249388041
DOM,2016-01-31,2016,0,0.40828021011669424
DOM,2016-02-29,2016,0,0.37519666307865607
DOM,2016-03-31,2016,0,0.4221328585951506
DOM,2016-04-30,2016,0,0.46156116470094743
DOM,2016-05-31,2016,0,0.4789935887304963
DOM,2016-06-30,2016,0,0.5247183901673895
DOM,2016-07-31,2016,0,0.515947696891865
DOM,2016-08-31,2016,0,0.4648204765585247
DOM,2016-09-30,2016,0,0.7165425428736373
DOM,2016-10-31,2016,0,0.7249325743071784
DOM,2016-11-30,2016,0,0.7292710015281316
DOM,2016-12-31,2016,0,0.7378280751886676
DZA,2002-01-31,2002,0,0.29887075564010607
DZA,2002-02-28,2002,0,0.3939392569400102
DZA,2002-03-31,2002,0,0.37855788931183976
DZA,2002-04-30,2002,0,0.3602955099230012
DZA,2002-05-31,2002,0,0.35484707591382986
DZA,2002-06-30,2002,0,0.35669229395845303
DZA,2002-07-31,2002,0,0.318233441665888
DZA,2002-08-31,2002,0,0.5331883151332966
DZA,2002-09-30,2002,0,0.44747523364594244
DZA,2002-10-31,2002,0,0.42954880449710153
DZA,2002-11-30,2002,0,0.3375951680112372
DZA,2002-12-31,2002,0,0.3920382027561184
DZA,2003-01-31,2003,0,0.3882153069396674
DZA,2003-02-28,2003,0,0.4017841437211278
DZA,2003-03-31,2003,0,0.38377130818366595
DZA,2003-04-30,2003,0,0.38465990938374184
DZA,2003-05-31,2003,0,0.511039878349813
DZA,2003-06-30,2003,0,0.2559607285234049
DZA,2003-07-31,2003,0,0.3260617636320405
DZA,2003-08-31,2003,0,0.3311679826592907
DZA,2003-09-30,2003,0,0.39680453143197586
DZA,2003-10-31,2003,0,0.3967796792913596
DZA,2003-11-30,2003,0,0.07864846444717727
DZA,2003-12-31,2003,0,0.19696704409466273
DZA,2004-01-31,2004,0,0.1730748255432761
DZA,2004-02-29,2004,0,0.20417309300064343
DZA,2004-03-31,2004,0,0.19518665559274767
DZA,2004-04-30,2004,0,0.19968161448561045
DZA,2004-05-31,2004,0,0.31059119902977594
DZA,2004-06-30,2004,0,0.20161888289922641
DZA,2004-07-31,2004,0,0.3232870298488581
DZA,2004-08-31,2004,0,0.32355750671308386
DZA,2004-09-30,2004,0,0.31758360051811085
DZA,2004-10-31,2004,0,0.2894845187289846
DZA,2004-11-30,2004,0,0.6097528164965818
DZA,2004-12-31,2004,0,0.4376353934767541
DZA,2005-01-31,2005,0,0.5561388771614291
DZA,2005-02-28,2005,0,0.5129258847735718
DZA,2005-03-31,2005,0,0.4771291825214802
DZA,2005-04-30,2005,0,0.49083384439128264
DZA,2005-05-31,2005,0,0.48639851561632946
DZA,2005-06-30,2005,0,0.4805141528810801
DZA,2005-07-31,2005,0,0.5016728988585456
DZA,2005-08-31,2005,0,0.4610766343726433
DZA,2005-09-30,2005,0,0.3366232747784466
DZA,2005-10-31,2005,0,0.3646688572585575
DZA,2005-11-30,2005,0,0.37103871090547863
DZA,2005-12-31,2005,0,0.3456716544646136
DZA,2006-01-31,2006,0,0.3621730672277763
DZA,2006-02-28,2006,0,0.3490427100103701
DZA,2006-03-31,2006,0,0.37820194743071706
DZA,2006-04-30,2006,0,0.3410497875964905
DZA,2006-05-31,2006,0,0.33869841970691955
DZA,2006-06-30,2006,0,0.32817806895372037
DZA,2006-07-31,2006,0,0.34766288185434713
DZA,2006-08-31,2006,0,0.3495772412264498
DZA,2006-09-30,2006,0,0.3370222207591456
DZA,2006-10-31,2006,0,0.3347988238539888
DZA,2006-11-30,2006,0,0.3408750967146647
DZA,2006-12-31,2006,0,0.3202094345339619
DZA,2007-01-31,2007,0,0.29898404292766223
DZA,2007-02-28,2007,0,0.2695592125790824
DZA,2007-03-31,2007,0,0.278329013417986
DZA,2007-04-30,2007,0,0.31381100714659255
DZA,2007-05-31,2007,0,0.314896410891319
DZA,2007-06-30,2007,0,0.3418819190178086
DZA,2007-07-31,2007,0,0.2905196166434124
DZA,2007-08-31,2007,0,0.26175726827575735
DZA,2007-09-30,2007,0,0.3020484636176558
DZA,2007-10-31,2007,0,0.3222038722555817
DZA,2007-11-30,2007,0,0.289772496591135
DZA,2007-12-31,2007,0,0.3011545745650615
DZA,2008-01-31,2008,0,0.24723254385834426
DZA,2008-02-29,2008,0,0.2631922745200572
DZA,2008-03-31,2008,0,0.29698638473474626
DZA,2008-04-30,2008,0,0.209885807884353
DZA,2008-05-31,2008,0,0.21868057061284613
DZA,2008-06-30,2008,0,0.23121977939446842
DZA,2008-07-31,2008,0,0.2076732002764875
DZA,2008-08-31,2008,0,0.21190610278865524
DZA,2008-09-30,2008,0,0.21178627533255862
DZA,2008-10-31,2008,0,0.7658990036604953
DZA,2008-11-30,2008,0,0.7455690615069439
DZA,2008-12-31,2008,0,0.7616635114592367
DZA,2009-01-31,2009,0,0.7107620451462522
DZA,2009-02-28,2009,0,0.7228340835647559
DZA,2009-03-31,2009,0,0.7341083922001378
DZA,2009-04-30,2009,0,0.010169923163638265
DZA,2009-05-31,2009,0,0.007113558835073366
DZA,2009-06-30,2009,0,0.0075891738528688045
DZA,2009-07-31,2009,0,0.00844434086453704
DZA,2009-08-31,2009,0,0.009013306466840973
DZA,2009-09-30,2009,0,0.009455592751632463
DZA,2009-10-31,2009,0,0.70765857855171
DZA,2009-11-30,2009,0,0.6085772089324266
DZA,2009-12-31,2009,0,0.6080735138823119
DZA,2010-01-31,2010,0,0.6592231355978776
DZA,2010-02-28,2010,0,0.6614123502171442
DZA,2010-03-31,2010,0,0.6719659680056076
DZA,2010-04-30,2010,0,0.6781125810837667
DZA,2010-05-31,2010,0,0.750100936180291
DZA,2010-06-30,2010,0,0.7534720348628877
DZA,2010-07-31,2010,0,0.7424408317548868
DZA,2010-08-31,2010,0,0.7109167517180801
DZA,2010-09-30,2010,0,0.6392534755287685
DZA,2010-10-31,2010,0,0.6394947030178638
DZA,2010-11-30,2010,0,0.6254166249525324
DZA,2010-12-31,2010,0,0.6276511372220173
DZA,2011-01-31,2011,0,0.5823368141332044
DZA,2011-02-28,2011,0,0.5756766483149975
DZA,2011-03-31,2011,0,0.5653338953418843
DZA,2011-04-30,2011,0,0.5884577576709384
DZA,2011-05-31,2011,0,0.5746263650462841
DZA,2011-06-30,2011,0,0.5665213396529191
DZA,2011-07-31,2011,0,0.6355948231587667
DZA,2011-08-31,2011,0,0.6181219073553603
DZA,2011-09-30,2011,0,0.7074490727835107
DZA,2011-10-31,2011,0,0.6855016466567567
DZA,2011-11-30,2011,0,0.7439861514040133
DZA,2011-12-31,2011,0,0.7287849598573377
DZA,2012-01-31,2012,0,0.6920965987584602
DZA,2012-02-29,2012,0,0.6609745540789341
DZA,2012-03-31,2012,0,0.666535477984684
DZA,2012-04-30,2012,0,0.6843853332696606
DZA,2012-05-31,2012,0,0.6876776206618106
DZA,2012-06-30,2012,0,0.68713868844388
DZA,2012-07-31,2012,0,0.718582957991247
DZA,2012-08-31,2012,0,0.6427913793564006
DZA,2012-09-30,2012,0,0.6278446943053312
DZA,2012-10-31,2012,0,0.6203361716244843
DZA,2012-11-30,2012,0,0.6248367553391136
DZA,2012-12-31,2012,0,0.6313021900030931
DZA,2013-01-31,2013,0,0.5317192353091124
DZA,2013-02-28,2013,0,0.6053572021291239
DZA,2013-03-31,2013,0,0.6023177680366965
DZA,2013-04-30,2013,0,0.6048689087416789
DZA,2013-05-31,2013,0,0.6047624588317876
DZA,2013-06-30,2013,0,0.6101235993446931
DZA,2013-07-31,2013,0,0.5407597825241539
DZA,2013-08-31,2013,0,0.6294552473889986
DZA,2013-09-30,2013,0,0.6269946165003102
DZA,2013-10-31,2013,0,0.630581886154695
DZA,2013-11-30,2013,0,0.563087120316181
DZA,2013-12-31,2013,0,0.5140375503845107
DZA,2014-01-31,2014,0,0.4716002586923087
DZA,2014-02-28,2014,0,0.46689005427045405
DZA,2014-03-31,2014,0,0.499447562518097
DZA,2014-04-30,2014,0,0.49218026507781326
DZA,2014-05-31,2014,0,0.5052321229348035
DZA,2014-06-30,2014,0,0.5481203215599093
DZA,2014-07-31,2014,0,0.5253459317962204
DZA,2014-08-31,2014,0,0.5356043471928471
DZA,2014-09-30,2014,0,0.6140954288361349
DZA,2014-10-31,2014,0,0.6201938692983383
DZA,2014-11-30,2014,0,0.6503365751843302
DZA,2014-12-31,2014,0,0.66881991495871
DZA,2015-01-31,2015,0,0.7196799029231038
DZA,2015-02-28,2015,0,0.8064658110697743
DZA,2015-03-31,2015,0,0.802708366211677
DZA,2015-04-30,2015,0,0.7932675851042514
DZA,2015-05-31,2015,0,0.7816565727993986
DZA,2015-06-30,2015,0,0.7513610288991265
DZA,2015-07-31,2015,0,0.7705030069036368
DZA,2015-08-31,2015,0,0.7572719274327903
DZA,2015-09-30,2015,0,0.7577871230914681
DZA,2015-10-31,2015,0,0.7673080151235241
DZA,2015-11-30,2015,0,0.7711380152509484
DZA,2015-12-31,2015,0,0.746121072392839
DZA,2016-01-31,2016,0,0.7260883384723331
DZA,2016-02-29,2016,0,0.679040879932999
DZA,2016-03-31,2016,0,0.7080253691591732
DZA,2016-04-30,2016,0,0.7154906468122173
DZA,2016-05-31,2016,0,0.727981802480264
DZA,2016-06-30,2016,0,0.7673483374594688
DZA,2016-07-31,2016,0,0.7655541235796802
DZA,2016-08-31,2016,0,0.5618014104432241
DZA,2016-09-30,2016,0,0.565334218037859
DZA,2016-10-31,2016,0,0.5816551304424348
DZA,2016-11-30,2016,0,0.5249003383573524
DZA,2016-12-31,2016,0,0.5881575290854151
ECU,2003-01-31,2003,0,0.340902928012667
ECU,2003-02-28,2003,0,0.340902928012667
ECU,2003-03-31,2003,0,0.340902928012667
ECU,2003-04-30,2003,0,0.340902928012667
ECU,2003-05-31,2003,0,0.340902928012667
ECU,2003-06-30,2003,0,0.340902928012667
ECU,2003-07-31,2003,0,0.340902928012667
ECU,2003-08-31,2003,0,0.340902928012667
ECU,2003-09-30,2003,0,0.340902928012667
ECU,2003-10-31,2003,0,0.340902928012667
ECU,2003-11-30,2003,0,0.340902928012667
ECU,2003-12-31,2003,0,0.340902928012667
ECU,2004-01-31,2004,0,0.3200130372581717
ECU,2004-02-29,2004,0,0.3200130372581717
ECU,2004-03-31,2004,0,0.3200130372581717
ECU,2004-04-30,2004,0,0.3200130372581717
ECU,2004-05-31,2004,0,0.3200130372581717
ECU,2004-06-30,2004,0,0.3200130372581717
ECU,2004-07-31,2004,0,0.3200130372581717
ECU,2004-08-31,2004,0,0.3200130372581717
ECU,2004-09-30,2004,0,0.3200130372581717
ECU,2004-10-31,2004,0,0.3200130372581717
ECU,2004-11-30,2004,0,0.3200130372581717
ECU,2004-12-31,2004,0,0.3200130372581717
ECU,2005-01-31,2005,0,0.46137637297279566
ECU,2005-02-28,2005,0,0.46137637297279566
ECU,2005-03-31,2005,0,0.46137637297279566
ECU,2005-04-30,2005,0,0.46137637297279566
ECU,2005-05-31,2005,0,0.46137637297279566
ECU,2005-06-30,2005,0,0.46137637297279566
ECU,2005-07-31,2005,0,0.46137637297279566
ECU,2005-08-31,2005,0,0.46137637297279566
ECU,2005-09-30,2005,0,0.46137637297279566
ECU,2005-10-31,2005,0,0.46137637297279566
ECU,2005-11-30,2005,0,0.46137637297279566
ECU,2005-12-31,2005,0,0.46137637297279566
ECU,2006-01-31,2006,0,0.36084660336800467
ECU,2006-02-28,2006,0,0.36084660336800467
ECU,2006-03-31,2006,0,0.36084660336800467
ECU,2006-04-30,2006,0,0.36084660336800467
ECU,2006-05-31,2006,0,0.36084660336800467
ECU,2006-06-30,2006,0,0.36084660336800467
ECU,2006-07-31,2006,0,0.36084660336800467
ECU,2006-08-31,2006,0,0.36084660336800467
ECU,2006-09-30,2006,0,0.36084660336800467
ECU,2006-10-31,2006,0,0.36084660336800467
ECU,2006-11-30,2006,0,0.36084660336800467
ECU,2006-12-31,2006,0,0.36084660336800467
ECU,2007-01-31,2007,0,0.3810311515248722
ECU,2007-02-28,2007,0,0.3810311515248722
ECU,2007-03-31,2007,0,0.3810311515248722
ECU,2007-04-30,2007,0,0.3810311515248722
ECU,2007-05-31,2007,0,0.3810311515248722
ECU,2007-06-30,2007,0,0.3810311515248722
ECU,2007-07-31,2007,0,0.3810311515248722
ECU,2007-08-31,2007,0,0.3810311515248722
ECU,2007-09-30,2007,0,0.3810311515248722
ECU,2007-10-31,2007,0,0.3810311515248722
ECU,2007-11-30,2007,0,0.3810311515248722
ECU,2007-12-31,2007,0,0.3810311515248722
ECU,2008-01-31,2008,0,0.38374420793336583
ECU,2008-02-29,2008,0,0.38374420793336583
ECU,2008-03-31,2008,0,0.38374420793336583
ECU,2008-04-30,2008,0,0.38374420793336583
ECU,2008-05-31,2008,0,0.38374420793336583
ECU,2008-06-30,2008,0,0.38374420793336583
ECU,2008-07-31,2008,0,0.38374420793336583
ECU,2008-08-31,2008,0,0.38374420793336583
ECU,2008-09-30,2008,0,0.38374420793336583
ECU,2008-10-31,2008,0,0.38374420793336583
ECU,2008-11-30,2008,0,0.38374420793336583
ECU,2008-12-31,2008,0,0.38374420793336583
ECU,2009-01-31,2009,0,0.5037521978103308
ECU,2009-02-28,2009,0,0.5037521978103308
ECU,2009-03-31,2009,0,0.5037521978103308
ECU,2009-04-30,2009,0,0.5037521978103308
ECU,2009-05-31,2009,0,0.5037521978103308
ECU,2009-06-30,2009,0,0.5037521978103308
ECU,2009-07-31,2009,0,0.5037521978103308
ECU,2009-08-31,2009,0,0.5037521978103308
ECU,2009-09-30,2009,0,0.5037521978103308
ECU,2009-10-31,2009,0,0.5037521978103308
ECU,2009-11-30,2009,0,0.5037521978103308
ECU,2009-12-31,2009,0,0.5037521978103308
ECU,2010-01-31,2010,0,0.48618215424862726
ECU,2010-02-28,2010,0,0.48618215424862726
ECU,2010-03-31,2010,0,0.48618215424862726
ECU,2010-04-30,2010,0,0.48618215424862726
ECU,2010-05-31,2010,0,0.48618215424862726
ECU,2010-06-30,2010,0,0.48618215424862726
ECU,2010-07-31,2010,0,0.48618215424862726
ECU,2010-08-31,2010,0,0.48618215424862726
ECU,2010-09-30,2010,0,0.48618215424862726
ECU,2010-10-31,2010,0,0.48618215424862726
ECU,2010-11-30,2010,0,0.48618215424862726
ECU,2010-12-31,2010,0,0.48618215424862726
ECU,2011-01-31,2011,0,0.5618822556342179
ECU,2011-02-28,2011,0,0.5618822556342179
ECU,2011-03-31,2011,0,0.5618822556342179
ECU,2011-04-30,2011,0,0.5618822556342179
ECU,2011-05-31,2011,0,0.5618822556342179
ECU,2011-06-30,2011,0,0.5618822556342179
ECU,2011-07-31,2011,0,0.5618822556342179
ECU,2011-08-31,2011,0,0.5618822556342179
ECU,2011-09-30,2011,0,0.5618822556342179
ECU,2011-10-31,2011,0,0.5618822556342179
ECU,2011-11-30,2011,0,0.5618822556342179
ECU,2011-12-31,2011,0,0.5618822556342179
ECU,2012-01-31,2012,0,0.5085708910463581
ECU,2012-02-29,2012,0,0.5085708910463581
ECU,2012-03-31,2012,0,0.5085708910463581
ECU,2012-04-30,2012,0,0.5085708910463581
ECU,2012-05-31,2012,0,0.5085708910463581
ECU,2012-06-30,2012,0,0.5085708910463581
ECU,2012-07-31,2012,0,0.5085708910463581
ECU,2012-08-31,2012,0,0.5085708910463581
ECU,2012-09-30,2012,0,0.5085708910463581
ECU,2012-10-31,2012,0,0.5085708910463581
ECU,2012-11-30,2012,0,0.5085708910463581
ECU,2012-12-31,2012,0,0.5085708910463581
ECU,2013-01-31,2013,0,0.4909805219909946
ECU,2013-02-28,2013,0,0.4909805219909946
ECU,2013-03-31,2013,0,0.4909805219909946
ECU,2013-04-30,2013,0,0.4909805219909946
ECU,2013-05-31,2013,0,0.4909805219909946
ECU,2013-06-30,2013,0,0.4909805219909946
ECU,2013-07-31,2013,0,0.4909805219909946
ECU,2013-08-31,2013,0,0.4909805219909946
ECU,2013-09-30,2013,0,0.4909805219909946
ECU,2013-10-31,2013,0,0.4909805219909946
ECU,2013-11-30,2013,0,0.4909805219909946
ECU,2013-12-31,2013,0,0.4909805219909946
ECU,2014-01-31,2014,0,0.47801203209762144
ECU,2014-02-28,2014,0,0.47801203209762144
ECU,2014-03-31,2014,0,0.47801203209762144
ECU,2014-04-30,2014,0,0.47801203209762144
ECU,2014-05-31,2014,0,0.47801203209762144
ECU,2014-06-30,2014,0,0.47801203209762144
ECU,2014-07-31,2014,0,0.47801203209762144
ECU,2014-08-31,2014,0,0.47801203209762144
ECU,2014-09-30,2014,0,0.47801203209762144
ECU,2014-10-31,2014,0,0.47801203209762144
ECU,2014-11-30,2014,0,0.47801203209762144
ECU,2014-12-31,2014,0,0.47801203209762144
ECU,2015-01-31,2015,0,0.4963125418998571
ECU,2015-02-28,2015,0,0.4963125418998571
ECU,2015-03-31,2015,0,0.4963125418998571
ECU,2015-04-30,2015,0,0.4963125418998571
ECU,2015-05-31,2015,0,0.4963125418998571
ECU,2015-06-30,2015,0,0.4963125418998571
ECU,2015-07-31,2015,0,0.4963125418998571
ECU,2015-08-31,2015,0,0.4963125418998571
ECU,2015-09-30,2015,0,0.4963125418998571
ECU,2015-10-31,2015,0,0.4963125418998571
ECU,2015-11-30,2015,0,0.4963125418998571
ECU,2015-12-31,2015,0,0.4963125418998571
ECU,2016-01-31,2016,0,0.48046380198117594
ECU,2016-02-29,2016,0,0.48046380198117594
ECU,2016-03-31,2016,0,0.48046380198117594
ECU,2016-04-30,2016,0,0.48046380198117594
ECU,2016-05-31,2016,0,0.48046380198117594
ECU,2016-06-30,2016,0,0.48046380198117594
ECU,2016-07-31,2016,0,0.48046380198117594
ECU,2016-08-31,2016,0,0.48046380198117594
ECU,2016-09-30,2016,0,0.48046380198117594
ECU,2016-10-31,2016,0,0.48046380198117594
ECU,2016-11-30,2016,0,0.48046380198117594
ECU,2016-12-31,2016,0,0.48046380198117594
EGY,2002-01-31,2002,0,0.44435478744084
EGY,2002-02-28,2002,0,0.4425101885818163
EGY,2002-03-31,2002,0,0.47560716256992425
EGY,2002-04-30,2002,0,0.4754490928059022
EGY,2002-05-31,2002,0,0.4752645829335544
EGY,2002-06-30,2002,0,0.47322449556150503
EGY,2002-07-31,2002,0,0.3761160775467719
EGY,2002-08-31,2002,0,0.3777342773432279
EGY,2002-09-30,2002,0,0.44820157494174606
EGY,2002-10-31,2002,0,0.44820157494174606
EGY,2002-11-30,2002,0,0.44820157494174606
EGY,2002-12-31,2002,0,0.4548399142143438
EGY,2003-01-31,2003,0,0.8570265789593008
EGY,2003-02-28,2003,0,0.8437772609541986
EGY,2003-03-31,2003,0,0.855657241017896
EGY,2003-04-30,2003,0,0.5135838702478078
EGY,2003-05-31,2003,0,0.517776419085384
EGY,2003-06-30,2003,0,0.5185331468166471
EGY,2003-07-31,2003,0,0.019509654235397262
EGY,2003-08-31,2003,0,0.017962440825888507
EGY,2003-09-30,2003,0,0.014804126417909446
EGY,2003-10-31,2003,0,0.014133376597999093
EGY,2003-11-30,2003,0,0.01661164005426433
EGY,2003-12-31,2003,0,0.019460591580392005
EGY,2004-01-31,2004,0,0.44445850209071497
EGY,2004-02-29,2004,0,0.4828036062569411
EGY,2004-03-31,2004,0,0.5363622222270791
EGY,2004-04-30,2004,0,0.5073811901684965
EGY,2004-05-31,2004,0,0.5608951269181965
EGY,2004-06-30,2004,0,0.639829059178049
EGY,2004-07-31,2004,0,0.41346104502410863
EGY,2004-08-31,2004,0,0.39660882514979134
EGY,2004-09-30,2004,0,0.4424564661764222
EGY,2004-10-31,2004,0,0.45709956043027394
EGY,2004-11-30,2004,0,0.4281897533393728
EGY,2004-12-31,2004,0,0.15549701124665297
EGY,2005-01-31,2005,0,0.10149829108061342
EGY,2005-02-28,2005,0,0.10500132315957952
EGY,2005-03-31,2005,0,0.10650210169797192
EGY,2005-04-30,2005,0,0.1168711131748169
EGY,2005-05-31,2005,0,0.11870569908350928
EGY,2005-06-30,2005,0,0.11755100304620728
EGY,2005-07-31,2005,0,0.15301675707060922
EGY,2005-08-31,2005,0,0.15203086383246245
EGY,2005-09-30,2005,0,0.1583424908950933
EGY,2005-10-31,2005,0,0.15799755692517634
EGY,2005-11-30,2005,0,0.15696301902499227
EGY,2005-12-31,2005,0,0.1375792801997586
EGY,2006-01-31,2006,0,0.2809901035681099
EGY,2006-02-28,2006,0,0.2806347491707695
EGY,2006-03-31,2006,0,0.31737890535530566
EGY,2006-04-30,2006,0,0.3204323926182267
EGY,2006-05-31,2006,0,0.3498997648810851
EGY,2006-06-30,2006,0,0.3470123516190247
EGY,2006-07-31,2006,0,0.3378411945378862
EGY,2006-08-31,2006,0,0.3457682171899565
EGY,2006-09-30,2006,0,0.33202692194763644
EGY,2006-10-31,2006,0,0.3583404963157965
EGY,2006-11-30,2006,0,0.3648476339366957
EGY,2006-12-31,2006,0,0.40638614838489634
EGY,2007-01-31,2007,0,0.38885354066254807
EGY,2007-02-28,2007,0,0.40648042714308164
EGY,2007-03-31,2007,0,0.43046955176484913
EGY,2007-04-30,2007,0,0.4192117105997362
EGY,2007-05-31,2007,0,0.44596601372688005
EGY,2007-06-30,2007,0,0.40838501289320006
EGY,2007-07-31,2007,0,0.20093553452437643
EGY,2007-08-31,2007,0,0.20331075414196864
EGY,2007-09-30,2007,0,0.20263525731014362
EGY,2007-10-31,2007,0,0.2330803169842571
EGY,2007-11-30,2007,0,0.24056400164233277
EGY,2007-12-31,2007,0,0.25049831272315926
EGY,2008-01-31,2008,0,0.24114289956229285
EGY,2008-02-29,2008,0,0.26879524599640553
EGY,2008-03-31,2008,0,0.28857243714264846
EGY,2008-04-30,2008,0,0.2848851440113705
EGY,2008-05-31,2008,0,0.6699990359668031
EGY,2008-06-30,2008,0,0.20159770959793236
EGY,2008-07-31,2008,0,0.21441073220992868
EGY,2008-08-31,2008,0,0.20452889670513216
EGY,2008-09-30,2008,0,0.24554554780162635
EGY,2008-10-31,2008,0,0.2561858944635008
EGY,2008-11-30,2008,0,0.19929128837848434
EGY,2008-12-31,2008,0,0.2973575191165027
EGY,2009-01-31,2009,0,0.37170225006281743
EGY,2009-02-28,2009,0,0.38224567264495063
EGY,2009-03-31,2009,0,0.3871395406589554
EGY,2009-04-30,2009,0,0.3532915030343903
EGY,2009-05-31,2009,0,0.273449100747805
EGY,2009-06-30,2009,0,0.4494183428791381
EGY,2009-07-31,2009,0,0.43967127597096084
EGY,2009-08-31,2009,0,0.4683702611971719
EGY,2009-09-30,2009,0,0.4163018563605235
EGY,2009-10-31,2009,0,0.38444604431301954
EGY,2009-11-30,2009,0,0.4362331451549704
EGY,2009-12-31,2009,0,0.44074855383186795
EGY,2010-01-31,2010,0,0.4914761506338844
EGY,2010-02-28,2010,0,0.4558467005046655
EGY,2010-03-31,2010,0,0.41621991713449963
EGY,2010-04-30,2010,0,0.4957898644372782
EGY,2010-05-31,2010,0,0.5579811663132865
EGY,2010-06-30,2010,0,0.541054072455941
EGY,2010-07-31,2010,0,0.5788530654581141
EGY,2010-08-31,2010,0,0.5671800758886527
EGY,2010-09-30,2010,0,0.558170893284333
EGY,2010-10-31,2010,0,0.5526916252901394
EGY,2010-11-30,2010,0,0.5668880581566064
EGY,2010-12-31,2010,0,0.5838939685462616
EGY,2011-01-31,2011,0,0.6252974466489375
EGY,2011-02-28,2011,0,0.6120423159624475
EGY,2011-03-31,2011,0,0.6072722650587651
EGY,2011-04-30,2011,0,0.5711374297184922
EGY,2011-05-31,2011,0,0.56308071111552
EGY,2011-06-30,2011,0,0.5623153272280731
EGY,2011-07-31,2011,0,0.5764696032623173
EGY,2011-08-31,2011,0,0.596055858350992
EGY,2011-09-30,2011,0,0.5700249967126758
EGY,2011-10-31,2011,0,0.5824660142922962
EGY,2011-11-30,2011,0,0.5659096788061352
EGY,2011-12-31,2011,0,0.5633784408683764
EGY,2012-01-31,2012,0,0.5728293100759974
EGY,2012-02-29,2012,0,0.5974823237568232
EGY,2012-03-31,2012,0,0.5520399858223365
EGY,2012-04-30,2012,0,0.5676926884564742
EGY,2012-05-31,2012,0,0.5814187642134785
EGY,2012-06-30,2012,0,0.5626817179445037
EGY,2012-07-31,2012,0,0.5576188406703565
EGY,2012-08-31,2012,0,0.5680659762914781
EGY,2012-09-30,2012,0,0.5629102104969467
EGY,2012-10-31,2012,0,0.5426094847828299
EGY,2012-11-30,2012,0,0.5447993954217778
EGY,2012-12-31,2012,0,0.7267264107039234
EGY,2013-01-31,2013,0,0.7289465389928333
EGY,2013-02-28,2013,0,0.7322733911725684
EGY,2013-03-31,2013,0,0.7262825531492803
EGY,2013-04-30,2013,0,0.7204877222872201
EGY,2013-05-31,2013,0,0.7312824363751775
EGY,2013-06-30,2013,0,0.7223805625263855
EGY,2013-07-31,2013,0,0.6826090366060038
EGY,2013-08-31,2013,0,0.6797459906166698
EGY,2013-09-30,2013,0,0.5824258643792679
EGY,2013-10-31,2013,0,0.5539839971423324
EGY,2013-11-30,2013,0,0.5477912462829524
EGY,2013-12-31,2013,0,0.5977203124598842
EGY,2014-01-31,2014,0,0.4929929318132094
EGY,2014-02-28,2014,0,0.4991161007355213
EGY,2014-03-31,2014,0,0.5784842766296695
EGY,2014-04-30,2014,0,0.45513647963618314
EGY,2014-05-31,2014,0,0.579817794956131
EGY,2014-06-30,2014,0,0.588558109416542
EGY,2014-07-31,2014,0,0.5790937814275858
EGY,2014-08-31,2014,0,0.5781072506637647
EGY,2014-09-30,2014,0,0.7365046067321925
EGY,2014-10-31,2014,0,0.7366057204817118
EGY,2014-11-30,2014,0,0.7205730027710399
EGY,2014-12-31,2014,0,0.7351500712119272
EGY,2015-01-31,2015,1,0.7214160831818901
EGY,2015-02-28,2015,1,0.7278659515620984
EGY,2015-03-31,2015,1,0.7267785071591171
EGY,2015-04-30,2015,1,0.7163595747913633
EGY,2015-05-31,2015,1,0.7393653027562358
EGY,2015-06-30,2015,1,0.7392469726463335
EGY,2015-07-31,2015,1,0.6954434373520328
EGY,2015-08-31,2015,1,0.6977863634141775
EGY,2015-09-30,2015,1,0.6970492812216915
EGY,2015-10-31,2015,1,0.6497530567466643
EGY,2015-11-30,2015,1,0.5172248170474232
EGY,2015-12-31,2015,1,0.5170725901832898
EGY,2016-01-31,2016,0,0.45212182465738043
EGY,2016-02-29,2016,0,0.47789146392400716
EGY,2016-03-31,2016,0,0.7550134459680116
EGY,2016-04-30,2016,0,0.7468139126800936
EGY,2016-05-31,2016,0,0.765127058019553
EGY,2016-06-30,2016,0,0.572043874131406
EGY,2016-07-31,2016,0,0.58038060429602
EGY,2016-08-31,2016,0,0.5804787232255295
EGY,2016-09-30,2016,0,0.5392911130115191
EGY,2016-10-31,2016,0,0.5557678491886816
EGY,2016-11-30,2016,0,0.7158847184066132
EGY,2016-12-31,2016,0,0.7591319007169867
EST,2002-01-31,2002,0,0.2519781244879747
EST,2002-02-28,2002,0,0.32474446491127684
EST,2002-03-31,2002,0,0.31787615716459783
EST,2002-04-30,2002,0,0.27233807639411856
EST,2002-05-31,2002,0,0.26350547143871206
EST,2002-06-30,2002,0,0.2583656852978933
EST,2002-07-31,2002,0,0.23760206670970246
EST,2002-08-31,2002,0,0.2314500616540391
EST,2002-09-30,2002,0,0.2422906710970371
EST,2002-10-31,2002,0,0.22615529113799182
EST,2002-11-30,2002,0,0.20196036313244675
EST,2002-12-31,2002,0,0.20090319279446944
EST,2003-01-31,2003,0,0.2155737820940546
EST,2003-02-28,2003,0,0.23071762430358295
EST,2003-03-31,2003,0,0.2448401891886534
EST,2003-04-30,2003,0,0.2529347293369383
EST,2003-05-31,2003,0,0.226710991339783
EST,2003-06-30,2003,0,0.29548801559379956
EST,2003-07-31,2003,0,0.28052780157357216
EST,2003-08-31,2003,0,0.3604532694137665
EST,2003-09-30,2003,0,0.28534644942002524
EST,2003-10-31,2003,0,0.2842642738479513
EST,2003-11-30,2003,0,0.2794218625899996
EST,2003-12-31,2003,0,0.29198776028395185
EST,2004-01-31,2004,0,0.2946157912272421
EST,2004-02-29,2004,0,0.2881800154040357
EST,2004-03-31,2004,0,0.3298589364258218
EST,2004-04-30,2004,0,0.32629797499702257
EST,2004-05-31,2004,0,0.30364408005562366
EST,2004-06-30,2004,0,0.3246797097190461
EST,2004-07-31,2004,0,0.3198140348042144
EST,2004-08-31,2004,0,0.3089737278869676
EST,2004-09-30,2004,0,0.3265323227691097
EST,2004-10-31,2004,0,0.3043509979295877
EST,2004-11-30,2004,0,0.28265216620422784
EST,2004-12-31,2004,0,0.3102797787053954
EST,2005-01-31,2005,0,0.4033955847150113
EST,2005-02-28,2005,0,0.40901384899390225
EST,2005-03-31,2005,0,0.4318987362146907
EST,2005-04-30,2005,0,0.4419736802577646
EST,2005-05-31,2005,0,0.49001689226139494
EST,2005-06-30,2005,0,0.4956173659372684
EST,2005-07-31,2005,0,0.48444264389423913
EST,2005-08-31,2005,0,0.48386252353833153
EST,2005-09-30,2005,0,0.47110757173245404
EST,2005-10-31,2005,0,0.4692360092039964
EST,2005-11-30,2005,0,0.47994928619598776
EST,2005-12-31,2005,0,0.5010018584246333
EST,2006-01-31,2006,0,0.4811214003137455
EST,2006-02-28,2006,0,0.4921214483147648
EST,2006-03-31,2006,0,0.4710064781797163
EST,2006-04-30,2006,0,0.39052579674413174
EST,2006-05-31,2006,0,0.3425366201711709
EST,2006-06-30,2006,0,0.3511797968190627
EST,2006-07-31,2006,0,0.3709611311296217
EST,2006-08-31,2006,0,0.36994245759726263
EST,2006-09-30,2006,0,0.3840211873797269
EST,2006-10-31,2006,0,0.39837151255929415
EST,2006-11-30,2006,0,0.33025149898450756
EST,2006-12-31,2006,0,0.32598128356335926
EST,2007-01-31,2007,0,0.2080875143818363
EST,2007-02-28,2007,0,0.2240384650215011
EST,2007-03-31,2007,0,0.21604566361369432
EST,2007-04-30,2007,0,0.2225784210680462
EST,2007-05-31,2007,0,0.23909910035658538
EST,2007-06-30,2007,0,0.2428722656754015
EST,2007-07-31,2007,0,0.26064412358533623
EST,2007-08-31,2007,0,0.24056927888710344
EST,2007-09-30,2007,0,0.19998182062951644
EST,2007-10-31,2007,0,0.21273757387478914
EST,2007-11-30,2007,0,0.22426296796527465
EST,2007-12-31,2007,0,0.24210654333676845
EST,2008-01-31,2008,0,0.18967367490067136
EST,2008-02-29,2008,0,0.1893859645918042
EST,2008-03-31,2008,0,0.15858078900503214
EST,2008-04-30,2008,0,0.19005731634935766
EST,2008-05-31,2008,0,0.18994789725696995
EST,2008-06-30,2008,0,0.21222756540010973
EST,2008-07-31,2008,0,0.20959451601537726
EST,2008-08-31,2008,0,0.38090000155486436
EST,2008-09-30,2008,0,0.4573399069637249
EST,2008-10-31,2008,0,0.7521833749251126
EST,2008-11-30,2008,0,0.6818368946828433
EST,2008-12-31,2008,0,0.34727818838384367
EST,2009-01-31,2009,0,0.49072066384277524
EST,2009-02-28,2009,0,0.4656054364234062
EST,2009-03-31,2009,0,0.43007055827011254
EST,2009-04-30,2009,0,0.002480805489047197
EST,2009-05-31,2009,0,0.001834864605207946
EST,2009-06-30,2009,0,0.002889441824712769
EST,2009-07-31,2009,0,0.0021809382336974684
EST,2009-08-31,2009,0,0.0021266939613639874
EST,2009-09-30,2009,0,0.0019455444908424188
EST,2009-10-31,2009,0,0.30803877299263455
EST,2009-11-30,2009,0,0.3828373523198904
EST,2009-12-31,2009,0,0.5498995971109663
EST,2010-01-31,2010,0,0.5843219638257897
EST,2010-02-28,2010,0,0.6172249773193742
EST,2010-03-31,2010,0,0.6330275635972575
EST,2010-04-30,2010,0,0.6354279273992648
EST,2010-05-31,2010,0,0.8144897101996837
EST,2010-06-30,2010,0,0.7938956527407117
EST,2010-07-31,2010,0,0.5301270429079017
EST,2010-08-31,2010,0,0.5421091428727116
EST,2010-09-30,2010,0,0.3811873032664783
EST,2010-10-31,2010,0,0.4106237188131465
EST,2010-11-30,2010,0,0.43624694240820694
EST,2010-12-31,2010,0,0.42421269154036456
ETH,2002-01-31,2002,0,0.06744965281752724
ETH,2002-02-28,2002,0,0.08172462694837865
ETH,2002-03-31,2002,0,0.0994306955681176
ETH,2002-04-30,2002,0,0.11918145066976932
ETH,2002-05-31,2002,0,0.09256672040273402
ETH,2002-06-30,2002,0,0.10376098808594669
ETH,2002-07-31,2002,0,0.12633151156430228
ETH,2002-08-31,2002,0,0.12776310400389698
ETH,2002-09-30,2002,0,0.144893498220665
ETH,2002-10-31,2002,0,0.18799284716597253
ETH,2002-11-30,2002,0,0.11071891527967252
ETH,2002-12-31,2002,0,0.09950951598707444
ETH,2003-01-31,2003,0,0.24346212480668133
ETH,2003-02-28,2003,0,0.23989742201738967
ETH,2003-03-31,2003,0,0.24671958179065026
ETH,2003-04-30,2003,0,0.19662448949583017
ETH,2003-05-31,2003,0,0.3023320811946538
ETH,2003-06-30,2003,0,0.48890914832039717
ETH,2003-07-31,2003,0,0.41551622709123637
ETH,2003-08-31,2003,0,0.41665353242899833
ETH,2003-09-30,2003,0,0.45533232433791765
ETH,2003-10-31,2003,0,0.3674879437057502
ETH,2003-11-30,2003,0,0.362505115400304
ETH,2003-12-31,2003,0,0.36335684194395396
ETH,2004-01-31,2004,0,0.4012177835089985
ETH,2004-02-29,2004,0,0.413649995709557
ETH,2004-03-31,2004,0,0.4243867460003933
ETH,2004-04-30,2004,0,0.38220915719876375
ETH,2004-05-31,2004,0,0.3744601292234047
ETH,2004-06-30,2004,0,0.42240835344844885
ETH,2004-07-31,2004,0,0.44830242088798344
ETH,2004-08-31,2004,0,0.4737348886360487
ETH,2004-09-30,2004,0,0.4833966495354004
ETH,2004-10-31,2004,0,0.42763916506455696
ETH,2004-11-30,2004,0,0.45254043813276373
ETH,2004-12-31,2004,0,0.4640001340885048
ETH,2005-01-31,2005,0,0.5324424106363201
ETH,2005-02-28,2005,0,0.5259153478790515
ETH,2005-03-31,2005,0,0.5264366764454876
ETH,2005-04-30,2005,0,0.5413376488005898
ETH,2005-05-31,2005,0,0.561808190321446
ETH,2005-06-30,2005,0,0.39928335829760475
ETH,2005-07-31,2005,0,0.2708215729066831
ETH,2005-08-31,2005,0,0.3040539263001316
ETH,2005-09-30,2005,0,0.30503651935796916
ETH,2005-10-31,2005,0,0.3342444107122959
ETH,2005-11-30,2005,0,0.3453168614577208
ETH,2005-12-31,2005,0,0.3471267913988683
ETH,2006-01-31,2006,0,0.35293469326323124
ETH,2006-02-28,2006,0,0.38108872961897267
ETH,2006-03-31,2006,0,0.3822823966122599
ETH,2006-04-30,2006,0,0.32703402802527365
ETH,2006-05-31,2006,0,0.34635042141501626
ETH,2006-06-30,2006,0,0.35311654546171245
ETH,2006-07-31,2006,0,0.3578089638238516
ETH,2006-08-31,2006,0,0.3007821327210534
ETH,2006-09-30,2006,0,0.34901245658408664
ETH,2006-10-31,2006,0,0.34218700592432794
ETH,2006-11-30,2006,0,0.33753392261803133
ETH,2006-12-31,2006,0,0.7663304023880353
ETH,2007-01-31,2007,0,0.4463450318459765
ETH,2007-02-28,2007,0,0.4448364228713775
ETH,2007-03-31,2007,0,0.44187110174141536
ETH,2007-04-30,2007,0,0.4286485219326573
ETH,2007-05-31,2007,0,0.37067115715649873
ETH,2007-06-30,2007,0,0.33180389677464917
ETH,2007-07-31,2007,0,0.35214547936646495
ETH,2007-08-31,2007,0,0.3487972524547295
ETH,2007-09-30,2007,0,0.3474503280063127
ETH,2007-10-31,2007,0,0.3487793872996681
ETH,2007-11-30,2007,0,0.391343063673507
ETH,2007-12-31,2007,0,0.4486473402433328
ETH,2008-01-31,2008,0,0.5464983510893718
ETH,2008-02-29,2008,0,0.4816038327643258
ETH,2008-03-31,2008,0,0.42833298499635714
ETH,2008-04-30,2008,0,0.4251758832242959
ETH,2008-05-31,2008,0,0.46226340966865775
ETH,2008-06-30,2008,0,0.5043065618052414
ETH,2008-07-31,2008,0,0.5031641699403504
ETH,2008-08-31,2008,0,0.5241023833607631
ETH,2008-09-30,2008,0,0.42830199375479006
ETH,2008-10-31,2008,0,0.5192266730194894
ETH,2008-11-30,2008,0,0.5190707513928485
ETH,2008-12-31,2008,0,0.5770750497011773
ETH,2009-01-31,2009,0,0.8311600099890197
ETH,2009-02-28,2009,0,0.813331586059247
ETH,2009-03-31,2009,0,0.8157534151268642
ETH,2009-04-30,2009,0,0.6862654551764786
ETH,2009-05-31,2009,0,0.6895927835321429
ETH,2009-06-30,2009,0,0.693038293710575
ETH,2009-07-31,2009,0,0.015829055403038736
ETH,2009-08-31,2009,0,0.01406311946711016
ETH,2009-09-30,2009,0,0.013830805173835144
ETH,2009-10-31,2009,0,0.006860181824546609
ETH,2009-11-30,2009,0,0.00682085795656665
ETH,2009-12-31,2009,0,0.006780165062250214
ETH,2010-01-31,2010,0,0.010937378313878155
ETH,2010-02-28,2010,0,0.010442822447949696
ETH,2010-03-31,2010,0,0.01049247055023654
ETH,2010-04-30,2010,0,0.010071084988840595
ETH,2010-05-31,2010,0,0.010017555035361943
ETH,2010-06-30,2010,0,0.009977457933812068
ETH,2010-07-31,2010,0,0.6436676884748247
ETH,2010-08-31,2010,0,0.8420384454063058
ETH,2010-09-30,2010,0,0.8124612886020942
ETH,2010-10-31,2010,0,0.8121489148128382
ETH,2010-11-30,2010,0,0.5983375246579803
ETH,2010-12-31,2010,0,0.599323748689714
ETH,2011-01-31,2011,0,0.47085208783129323
ETH,2011-02-28,2011,0,0.004122813917858162
ETH,2011-03-31,2011,0,0.004937376408950563
ETH,2011-04-30,2011,0,0.005103855936209721
ETH,2011-05-31,2011,0,0.0035685653173226192
ETH,2011-06-30,2011,0,0.004918409577070615
ETH,2011-07-31,2011,0,0.004921509110255719
ETH,2011-08-31,2011,0,0.43306518861874826
ETH,2011-09-30,2011,0,0.4367700387823447
ETH,2011-10-31,2011,0,0.4448770242717077
ETH,2011-11-30,2011,0,0.483890340858049
ETH,2011-12-31,2011,0,0.44018028085498306
ETH,2012-01-31,2012,0,0.5832653579560668
ETH,2012-02-29,2012,0,0.5913206759952621
ETH,2012-03-31,2012,0,0.601492817754875
ETH,2012-04-30,2012,0,0.5802553746670861
ETH,2012-05-31,2012,0,0.6399226408584894
ETH,2012-06-30,2012,0,0.6327280589954799
ETH,2012-07-31,2012,0,0.6000969116712768
ETH,2012-08-31,2012,0,0.5994024918087795
ETH,2012-09-30,2012,0,0.59506120625476
ETH,2012-10-31,2012,0,0.5951965917637206
ETH,2012-11-30,2012,0,0.611835057209232
ETH,2012-12-31,2012,0,0.6342261892512254
ETH,2013-01-31,2013,0,0.5312369266798087
ETH,2013-02-28,2013,0,0.5318888634567622
ETH,2013-03-31,2013,0,0.5752736708297151
ETH,2013-04-30,2013,0,0.5978630496769382
ETH,2013-05-31,2013,0,0.607719417416461
ETH,2013-06-30,2013,0,0.5686536239356653
ETH,2013-07-31,2013,0,0.4372436517781869
ETH,2013-08-31,2013,0,0.456658826300083
ETH,2013-09-30,2013,0,0.4629756757410166
ETH,2013-10-31,2013,0,0.4749488333901086
ETH,2013-11-30,2013,0,0.46488723731786746
ETH,2013-12-31,2013,0,0.4687028742335755
ETH,2014-01-31,2014,0,0.4708377338179682
ETH,2014-02-28,2014,0,0.44934520546672546
ETH,2014-03-31,2014,0,0.457567894384879
ETH,2014-04-30,2014,0,0.48964171505068266
ETH,2014-05-31,2014,0,0.4875574539957103
ETH,2014-06-30,2014,0,0.5126425859480509
ETH,2014-07-31,2014,0,0.4997955744524289
ETH,2014-08-31,2014,0,0.47064210717742083
ETH,2014-09-30,2014,0,0.5212158692156925
ETH,2014-10-31,2014,0,0.5454668446845284
ETH,2014-11-30,2014,0,0.4714277359557644
ETH,2014-12-31,2014,0,0.49559799098427926
ETH,2015-01-31,2015,0,0.4534925122931048
ETH,2015-02-28,2015,0,0.48515533403557354
ETH,2015-03-31,2015,0,0.4534875729225829
ETH,2015-04-30,2015,0,0.46899092153606486
ETH,2015-05-31,2015,0,0.47973127455163433
ETH,2015-06-30,2015,0,0.5171121268741742
ETH,2015-07-31,2015,0,0.4943272382462986
ETH,2015-08-31,2015,0,0.48504701698909436
ETH,2015-09-30,2015,0,0.4094838905804281
ETH,2015-10-31,2015,0,0.400559316425781
ETH,2015-11-30,2015,0,0.3955135267054127
ETH,2015-12-31,2015,0,0.3883876954601338
ETH,2016-01-31,2016,0,0.42704933425511776
ETH,2016-02-29,2016,0,0.42277348283998745
ETH,2016-03-31,2016,0,0.743697721735272
ETH,2016-04-30,2016,0,0.6625899212814387
ETH,2016-05-31,2016,0,0.6388486439771568
ETH,2016-06-30,2016,0,0.6193953264220768
ETH,2016-07-31,2016,0,0.6100094071767325
ETH,2016-08-31,2016,0,0.6085939894522613
ETH,2016-09-30,2016,0,0.6229482466772668
ETH,2016-10-31,2016,0,0.6308010869123764
ETH,2016-11-30,2016,0,0.6321710443267343
ETH,2016-12-31,2016,0,0.5796618470645302
GAB,2002-01-31,2002,0,0.46782792645150817
GAB,2002-02-28,2002,0,0.5614865088659449
GAB,2002-03-31,2002,0,0.5329921455788779
GAB,2002-04-30,2002,0,0.4948620600933736
GAB,2002-05-31,2002,0,0.47222832727094943
GAB,2002-06-30,2002,0,0.4604905244329687
GAB,2002-07-31,2002,0,0.45397265291983163
GAB,2002-08-31,2002,0,0.4422586995595937
GAB,2002-09-30,2002,0,0.4598886060414526
GAB,2002-10-31,2002,0,0.43992667957737086
GAB,2002-11-30,2002,0,0.4120586229203454
GAB,2002-12-31,2002,0,0.4174720087243919
GAB,2003-01-31,2003,0,0.19519158271961864
GAB,2003-02-28,2003,0,0.20486917958226045
GAB,2003-03-31,2003,0,0.21897837508828805
GAB,2003-04-30,2003,0,0.22128208733159635
GAB,2003-05-31,2003,0,0.20337867868850373
GAB,2003-06-30,2003,0,0.2730557195507451
GAB,2003-07-31,2003,0,0.25470781299984774
GAB,2003-08-31,2003,0,0.32491337153349414
GAB,2003-09-30,2003,0,0.26116521891064703
GAB,2003-10-31,2003,0,0.2611726450861677
GAB,2003-11-30,2003,0,0.2581624695305464
GAB,2003-12-31,2003,0,0.2681295587542319
GAB,2004-01-31,2004,0,0.2820123716989932
GAB,2004-02-29,2004,0,0.27762564966628894
GAB,2004-03-31,2004,0,0.31921669354423254
GAB,2004-04-30,2004,0,0.3156306465312697
GAB,2004-05-31,2004,0,0.29446862297875204
GAB,2004-06-30,2004,0,0.32182203542297905
GAB,2004-07-31,2004,0,0.3183594117746764
GAB,2004-08-31,2004,0,0.31225530508223776
GAB,2004-09-30,2004,0,0.3196633798996546
GAB,2004-10-31,2004,0,0.31720062468641796
GAB,2004-11-30,2004,0,0.27204698211663664
GAB,2004-12-31,2004,0,0.30753366021513723
GAB,2005-01-31,2005,0,0.4093814866578498
GAB,2005-02-28,2005,0,0.4197008241482871
GAB,2005-03-31,2005,0,0.4439165554664911
GAB,2005-04-30,2005,0,0.4474486528023231
GAB,2005-05-31,2005,0,0.5186549192712794
GAB,2005-06-30,2005,0,0.5180954089797358
GAB,2005-07-31,2005,0,0.5170848555626619
GAB,2005-08-31,2005,0,0.5117124303366387
GAB,2005-09-30,2005,0,0.5021447750144482
GAB,2005-10-31,2005,0,0.49534956799898455
GAB,2005-11-30,2005,0,0.514075009905859
GAB,2005-12-31,2005,0,0.5446692390620378
GAB,2006-01-31,2006,0,0.46249918202375634
GAB,2006-02-28,2006,0,0.46968572114920376
GAB,2006-03-31,2006,0,0.4529433550601785
GAB,2006-04-30,2006,0,0.38210301408681646
GAB,2006-05-31,2006,0,0.304264271279555
GAB,2006-06-30,2006,0,0.31671882217265185
GAB,2006-07-31,2006,0,0.33881067548727983
GAB,2006-08-31,2006,0,0.33956202092076354
GAB,2006-09-30,2006,0,0.35590794805310294
GAB,2006-10-31,2006,0,0.37505731911103946
GAB,2006-11-30,2006,0,0.3236488728388222
GAB,2006-12-31,2006,0,0.3215254827956896
GAB,2007-01-31,2007,0,0.30910829171557713
GAB,2007-02-28,2007,0,0.3282352430921399
GAB,2007-03-31,2007,0,0.3140344489297968
GAB,2007-04-30,2007,0,0.3204183999341769
GAB,2007-05-31,2007,0,0.34042236085710403
GAB,2007-06-30,2007,0,0.348424473614912
GAB,2007-07-31,2007,0,0.3723288079631045
GAB,2007-08-31,2007,0,0.3526775760054788
GAB,2007-09-30,2007,0,0.304448061700573
GAB,2007-10-31,2007,0,0.32061658338658455
GAB,2007-11-30,2007,0,0.33598216290598887
GAB,2007-12-31,2007,0,0.35984312485890035
GAB,2008-01-31,2008,0,0.2342606187154552
GAB,2008-02-29,2008,0,0.23917218627577208
GAB,2008-03-31,2008,0,0.17326690912136647
GAB,2008-04-30,2008,0,0.21450244597578436
GAB,2008-05-31,2008,0,0.20977485582732566
GAB,2008-06-30,2008,0,0.23387423024106918
GAB,2008-07-31,2008,0,0.22866576079671105
GAB,2008-08-31,2008,0,0.43214634869101615
GAB,2008-09-30,2008,0,0.513892934928439
GAB,2008-10-31,2008,0,0.7828530969046433
GAB,2008-11-30,2008,0,0.7399457989925058
GAB,2008-12-31,2008,0,0.3911116122261011
GAB,2009-01-31,2009,0,0.5481401171196875
GAB,2009-02-28,2009,0,0.5200198260330223
GAB,2009-03-31,2009,0,0.4723410012134234
GAB,2009-04-30,2009,0,0.0030845068858147344
GAB,2009-05-31,2009,0,0.002066423593484634
GAB,2009-06-30,2009,0,0.0031806252231735745
GAB,2009-07-31,2009,0,0.0024479648792102536
GAB,2009-08-31,2009,0,0.002543125390910217
GAB,2009-09-30,2009,0,0.0022783438308057176
GAB,2009-10-31,2009,0,0.3287061792804682
GAB,2009-11-30,2009,0,0.39386846415409743
GAB,2009-12-31,2009,0,0.5774762693485739
GAB,2010-01-31,2010,0,0.5283264593189747
GAB,2010-02-28,2010,0,0.5655934222683326
GAB,2010-03-31,2010,0,0.5790551014119721
GAB,2010-04-30,2010,0,0.5788359928838733
GAB,2010-05-31,2010,0,0.7918764367977787
GAB,2010-06-30,2010,0,0.7626746580487013
GAB,2010-07-31,2010,0,0.5204557499175904
GAB,2010-08-31,2010,0,0.528796533449364
GAB,2010-09-30,2010,0,0.35804518713093747
GAB,2010-10-31,2010,0,0.38205190322956256
GAB,2010-11-30,2010,0,0.4127887053602209
GAB,2010-12-31,2010,0,0.4008702493500706
GAB,2011-01-31,2011,0,0.34013895475974004
GAB,2011-02-28,2011,0,0.3182770687602272
GAB,2011-03-31,2011,0,0.37982427121677675
GAB,2011-04-30,2011,0,0.3198121356382125
GAB,2011-05-31,2011,0,0.315878815162597
GAB,2011-06-30,2011,0,0.32180576074893424
GAB,2011-07-31,2011,0,0.39074490209264645
GAB,2011-08-31,2011,0,0.36096977689757187
GAB,2011-09-30,2011,0,0.5233740179432214
GAB,2011-10-31,2011,0,0.46566137530135837
GAB,2011-11-30,2011,0,0.5150068666467209
GAB,2011-12-31,2011,0,0.5204897853264486
GAB,2012-01-31,2012,0,0.5636822971000076
GAB,2012-02-29,2012,0,0.5208530193820776
GAB,2012-03-31,2012,0,0.4907365204445544
GAB,2012-04-30,2012,0,0.5762843159024462
GAB,2012-05-31,2012,0,0.6409746806532586
GAB,2012-06-30,2012,0,0.6003887355203911
GAB,2012-07-31,2012,0,0.6298238497709351
GAB,2012-08-31,2012,0,0.5672690998942749
GAB,2012-09-30,2012,0,0.5185744354502957
GAB,2012-10-31,2012,0,0.5274941385477289
GAB,2012-11-30,2012,0,0.5176980119320946
GAB,2012-12-31,2012,0,0.536074502174749
GAB,2013-01-31,2013,0,0.5478754035274603
GAB,2013-02-28,2013,0,0.5731778036700421
GAB,2013-03-31,2013,0,0.6068899461481281
GAB,2013-04-30,2013,0,0.6017284896574039
GAB,2013-05-31,2013,0,0.5637081312258718
GAB,2013-06-30,2013,0,0.5558600053152941
GAB,2013-07-31,2013,0,0.5835806372587404
GAB,2013-08-31,2013,0,0.5761679007935906
GAB,2013-09-30,2013,0,0.547370769373351
GAB,2013-10-31,2013,0,0.556861263716378
GAB,2013-11-30,2013,0,0.5525917303124959
GAB,2013-12-31,2013,0,0.5625967121656532
GAB,2014-01-31,2014,0,0.4972742248641539
GAB,2014-02-28,2014,0,0.464116006850108
GAB,2014-03-31,2014,0,0.47297211853376214
GAB,2014-04-30,2014,0,0.46578417659530724
GAB,2014-05-31,2014,0,0.4990079330794713
GAB,2014-06-30,2014,0,0.4977048433170386
GAB,2014-07-31,2014,0,0.5037161563729563
GAB,2014-08-31,2014,0,0.5292812910324068
GAB,2014-09-30,2014,0,0.6370053713799906
GAB,2014-10-31,2014,0,0.6363127167156234
GAB,2014-11-30,2014,0,0.6207562069461837
GAB,2014-12-31,2014,0,0.6278509389637298
GAB,2015-01-31,2015,0,0.7476209189655103
GAB,2015-02-28,2015,0,0.7788107095386545
GAB,2015-03-31,2015,0,0.7709657553231819
GAB,2015-04-30,2015,0,0.5776115798022868
GAB,2015-05-31,2015,0,0.5861024810218811
GAB,2015-06-30,2015,0,0.5379726397976726
GAB,2015-07-31,2015,0,0.5296100979070726
GAB,2015-08-31,2015,0,0.4988966764097034
GAB,2015-09-30,2015,0,0.49399391743816073
GAB,2015-10-31,2015,0,0.5215263408698602
GAB,2015-11-30,2015,0,0.5606726609087785
GAB,2015-12-31,2015,0,0.5265844131183653
GAB,2016-01-31,2016,0,0.4545556015714324
GAB,2016-02-29,2016,0,0.45911111102881513
GAB,2016-03-31,2016,0,0.3874080563058187
GAB,2016-04-30,2016,0,0.3922406602977147
GAB,2016-05-31,2016,0,0.3701520981824046
GAB,2016-06-30,2016,0,0.38404223015516853
GAB,2016-07-31,2016,0,0.39306496552946835
GAB,2016-08-31,2016,0,0.3783709631802339
GAB,2016-09-30,2016,0,0.5045275419662671
GAB,2016-10-31,2016,0,0.4884565333554648
GAB,2016-11-30,2016,0,0.4713145893515593
GAB,2016-12-31,2016,0,0.4510797210386534
GEO,2002-01-31,2002,0,2.8641597900506154e-06
GEO,2002-02-28,2002,0,2.752364464096377e-06
GEO,2002-03-31,2002,0,2.9324700585728186e-06
GEO,2002-04-30,2002,0,2.8482676527551166e-06
GEO,2002-05-31,2002,0,2.92643745960797e-06
GEO,2002-06-30,2002,0,3.2937297863679797e-06
GEO,2002-07-31,2002,0,2.302123883964118e-06
GEO,2002-08-31,2002,0,2.6576804958343872e-06
GEO,2002-09-30,2002,0,2.609782775442551e-06
GEO,2002-10-31,2002,0,2.849391718975422e-06
GEO,2002-11-30,2002,0,2.7127554634813565e-06
GEO,2002-12-31,2002,0,1.7149418276352212e-06
GEO,2003-01-31,2003,0,0.00038312663304316603
GEO,2003-02-28,2003,0,0.00038161170405305535
GEO,2003-03-31,2003,0,0.00040397816473169713
GEO,2003-04-30,2003,0,0.0003816361773571448
GEO,2003-05-31,2003,0,0.000363265677897415
GEO,2003-06-30,2003,0,0.00041466663593564394
GEO,2003-07-31,2003,0,0.0002801828268402457
GEO,2003-08-31,2003,0,0.00027014500240478667
GEO,2003-09-30,2003,0,0.0002659813394031134
GEO,2003-10-31,2003,0,0.0002427694897718225
GEO,2003-11-30,2003,0,0.0004534143972689516
GEO,2003-12-31,2003,0,0.0001709342490594758
GEO,2004-01-31,2004,0,0.0280584221663746
GEO,2004-02-29,2004,0,0.02429361308375184
GEO,2004-03-31,2004,0,0.026578003249083937
GEO,2004-04-30,2004,0,0.027096813649070427
GEO,2004-05-31,2004,0,0.02670791722577108
GEO,2004-06-30,2004,0,0.027970266083538448
GEO,2004-07-31,2004,0,0.02635313476418504
GEO,2004-08-31,2004,0,0.021109907432848837
GEO,2004-09-30,2004,0,0.028799932008753706
GEO,2004-10-31,2004,0,0.028376915692697798
GEO,2004-11-30,2004,0,0.029453002498110187
GEO,2004-12-31,2004,0,0.03117911387066371
GEO,2005-01-31,2005,0,0.17626132490109594
GEO,2005-02-28,2005,0,0.20508599685293774
GEO,2005-03-31,2005,0,0.18803625002985816
GEO,2005-04-30,2005,0,0.18490982845121495
GEO,2005-05-31,2005,0,0.2030627266148863
GEO,2005-06-30,2005,0,0.1727330739286269
GEO,2005-07-31,2005,0,0.1665700899168094
GEO,2005-08-31,2005,0,0.2790817766204104
GEO,2005-09-30,2005,0,0.260364997013346
GEO,2005-10-31,2005,0,0.2356262097573085
GEO,2005-11-30,2005,0,0.37428001046431786
GEO,2005-12-31,2005,0,0.1974950474924447
GEO,2006-01-31,2006,0,0.3693015345703667
GEO,2006-02-28,2006,0,0.38950347812448227
GEO,2006-03-31,2006,0,0.3971273165805031
GEO,2006-04-30,2006,0,0.3871200072114414
GEO,2006-05-31,2006,0,0.39194712545392757
GEO,2006-06-30,2006,0,0.32693076764472867
GEO,2006-07-31,2006,0,0.3325182248455187
GEO,2006-08-31,2006,0,0.31639346528605405
GEO,2006-09-30,2006,0,0.33433412063219153
GEO,2006-10-31,2006,0,0.35036529853808807
GEO,2006-11-30,2006,0,0.3504583140973811
GEO,2006-12-31,2006,0,0.381139339292878
GEO,2007-01-31,2007,0,0.3040617734307575
GEO,2007-02-28,2007,0,0.2830492027820686
GEO,2007-03-31,2007,0,0.3088081147011091
GEO,2007-04-30,2007,0,0.33257980720823827
GEO,2007-05-31,2007,0,0.3346762074623776
GEO,2007-06-30,2007,0,0.39414640595098255
GEO,2007-07-31,2007,0,0.3495445933421098
GEO,2007-08-31,2007,0,0.3632712636975632
GEO,2007-09-30,2007,0,0.333937043472611
GEO,2007-10-31,2007,0,0.13838646038642588
GEO,2007-11-30,2007,0,0.1389016124700003
GEO,2007-12-31,2007,0,0.16088176337393767
GEO,2008-01-31,2008,0,0.14791326633380097
GEO,2008-02-29,2008,0,0.17611772518338573
GEO,2008-03-31,2008,0,0.07820695388656826
GEO,2008-04-30,2008,0,0.08025879321469762
GEO,2008-05-31,2008,0,0.07888184374438367
GEO,2008-06-30,2008,0,0.0909413065357068
GEO,2008-07-31,2008,0,0.0860107947439979
GEO,2008-08-31,2008,0,0.09905196544132261
GEO,2008-09-30,2008,0,0.14535636854013803
GEO,2008-10-31,2008,0,0.18508756375987023
GEO,2008-11-30,2008,0,0.7735741483599298
GEO,2008-12-31,2008,0,0.7728342162401157
GEO,2009-01-31,2009,0,0.7418262522466211
GEO,2009-02-28,2009,0,0.6022145067825505
GEO,2009-03-31,2009,0,0.6256253641475348
GEO,2009-04-30,2009,0,0.598277656886221
GEO,2009-05-31,2009,0,0.004928599751621222
GEO,2009-06-30,2009,0,0.0053028705668348285
GEO,2009-07-31,2009,0,0.00554322848234005
GEO,2009-08-31,2009,0,0.005652772723465741
GEO,2009-09-30,2009,0,0.005356934853643758
GEO,2009-10-31,2009,0,0.005626159307394271
GEO,2009-11-30,2009,0,0.41898189759052107
GEO,2009-12-31,2009,0,0.4230246824810266
GEO,2010-01-31,2010,0,0.6639428896731615
GEO,2010-02-28,2010,0,0.6626687150171467
GEO,2010-03-31,2010,0,0.6709747179378447
GEO,2010-04-30,2010,0,0.672287279694901
GEO,2010-05-31,2010,0,0.6903858185209447
GEO,2010-06-30,2010,0,0.6815776378359325
GEO,2010-07-31,2010,0,0.6658569592978522
GEO,2010-08-31,2010,0,0.658605966055222
GEO,2010-09-30,2010,0,0.5890665338377096
GEO,2010-10-31,2010,0,0.5618888237869029
GEO,2010-11-30,2010,0,0.5633318703295261
GEO,2010-12-31,2010,0,0.5287379201713261
GEO,2011-01-31,2011,0,0.5400570861202131
GEO,2011-02-28,2011,0,0.4435744345007945
GEO,2011-03-31,2011,0,0.3948378814395071
GEO,2011-04-30,2011,0,0.3369555668920094
GEO,2011-05-31,2011,0,0.3576480340597082
GEO,2011-06-30,2011,0,0.35283823424743876
GEO,2011-07-31,2011,0,0.3723513242462783
GEO,2011-08-31,2011,0,0.3646416574039391
GEO,2011-09-30,2011,0,0.3660799332243918
GEO,2011-10-31,2011,0,0.45875614674593485
GEO,2011-11-30,2011,0,0.4614422630876228
GEO,2011-12-31,2011,0,0.44888135037795296
GEO,2012-01-31,2012,0,0.3909706429848534
GEO,2012-02-29,2012,0,0.3901313640878002
GEO,2012-03-31,2012,0,0.39131427252087186
GEO,2012-04-30,2012,0,0.36025495072366764
GEO,2012-05-31,2012,0,0.32678631812958236
GEO,2012-06-30,2012,0,0.3726892003305797
GEO,2012-07-31,2012,0,0.3846554865843901
GEO,2012-08-31,2012,0,0.37173767310633177
GEO,2012-09-30,2012,0,0.36279156105785504
GEO,2012-10-31,2012,0,0.4381068619814971
GEO,2012-11-30,2012,0,0.4333142309243882
GEO,2012-12-31,2012,0,0.4503120631016713
GEO,2013-01-31,2013,0,0.3086553835817385
GEO,2013-02-28,2013,0,0.3188822302722126
GEO,2013-03-31,2013,0,0.31815003536031156
GEO,2013-04-30,2013,0,0.47572551936245006
GEO,2013-05-31,2013,0,0.44353385705826126
GEO,2013-06-30,2013,0,0.4281389290059837
GEO,2013-07-31,2013,0,0.3971412072957967
GEO,2013-08-31,2013,0,0.3960533971117664
GEO,2013-09-30,2013,0,0.38500920643440206
GEO,2013-10-31,2013,0,0.36959781187139235
GEO,2013-11-30,2013,0,0.48574689740972504
GEO,2013-12-31,2013,0,0.5628998566021196
GEO,2014-01-31,2014,0,0.5765218329136255
GEO,2014-02-28,2014,0,0.44849521699500144
GEO,2014-03-31,2014,0,0.43576743687688163
GEO,2014-04-30,2014,0,0.418854492104619
GEO,2014-05-31,2014,0,0.43170339433061955
GEO,2014-06-30,2014,0,0.42759206094639984
GEO,2014-07-31,2014,0,0.37353300188187016
GEO,2014-08-31,2014,0,0.39041303308427217
GEO,2014-09-30,2014,0,0.38720764821960324
GEO,2014-10-31,2014,0,0.3919619113019986
GEO,2014-11-30,2014,0,0.4948885156800143
GEO,2014-12-31,2014,0,0.5131757401638458
GEO,2015-01-31,2015,0,0.7341849002621741
GEO,2015-02-28,2015,0,0.755240654027697
GEO,2015-03-31,2015,0,0.7724416727128273
GEO,2015-04-30,2015,0,0.5962382440885281
GEO,2015-05-31,2015,0,0.5287207542248825
GEO,2015-06-30,2015,0,0.4057049585987172
GEO,2015-07-31,2015,0,0.40639676091406873
GEO,2015-08-31,2015,0,0.3953647162185275
GEO,2015-09-30,2015,0,0.41805456931741086
GEO,2015-10-31,2015,0,0.39763712929389716
GEO,2015-11-30,2015,0,0.39451074681020015
GEO,2015-12-31,2015,0,0.44554933372938055
GEO,2016-01-31,2016,0,0.5102618831277632
GEO,2016-02-29,2016,0,0.49131155372841273
GEO,2016-03-31,2016,0,0.31464100540198425
GEO,2016-04-30,2016,0,0.22528810962034101
GEO,2016-05-31,2016,0,0.22481022906966555
GEO,2016-06-30,2016,0,0.3575866095533735
GEO,2016-07-31,2016,0,0.3860918441212435
GEO,2016-08-31,2016,0,0.40475730620639583
GEO,2016-09-30,2016,0,0.41703023818915175
GEO,2016-10-31,2016,0,0.47714956693418065
GEO,2016-11-30,2016,0,0.5551358672372756
GEO,2016-12-31,2016,0,0.5215963134549602
GHA,2002-01-31,2002,0,0.5643957880668229
GHA,2002-02-28,2002,0,0.6705432357574335
GHA,2002-03-31,2002,0,0.6520343060996866
GHA,2002-04-30,2002,0,0.6210678919414977
GHA,2002-05-31,2002,0,0.594608903490682
GHA,2002-06-30,2002,0,0.5539264390523303
GHA,2002-07-31,2002,0,0.6179971037692165
GHA,2002-08-31,2002,0,0.5345802026598091
GHA,2002-09-30,2002,0,0.5649189805288103
GHA,2002-10-31,2002,0,0.5711759856921822
GHA,2002-11-30,2002,0,0.6033320670556956
GHA,2002-12-31,2002,0,0.5644022055769488
GHA,2003-01-31,2003,0,0.45838790762680776
GHA,2003-02-28,2003,0,0.39691846142419496
GHA,2003-03-31,2003,0,0.3959591135257077
GHA,2003-04-30,2003,0,0.404040058853942
GHA,2003-05-31,2003,0,0.4063303366461323
GHA,2003-06-30,2003,0,0.4341464770800709
GHA,2003-07-31,2003,0,0.5049304862905509
GHA,2003-08-31,2003,0,0.5130152542775385
GHA,2003-09-30,2003,0,0.5304322584117026
GHA,2003-10-31,2003,0,0.43179951963549484
GHA,2003-11-30,2003,0,0.5277092324583585
GHA,2003-12-31,2003,0,0.5066240158479925
GHA,2004-01-31,2004,0,0.4739563422843892
GHA,2004-02-29,2004,0,0.44275608951809364
GHA,2004-03-31,2004,0,0.5330874532311954
GHA,2004-04-30,2004,0,0.5698982548544101
GHA,2004-05-31,2004,0,0.4876969323725886
GHA,2004-06-30,2004,0,0.5004830218597638
GHA,2004-07-31,2004,0,0.5010432911889986
GHA,2004-08-31,2004,0,0.5161314902760126
GHA,2004-09-30,2004,0,0.46536365428643034
GHA,2004-10-31,2004,0,0.45358583314159967
GHA,2004-11-30,2004,0,0.5258098940379263
GHA,2004-12-31,2004,0,0.5265148856957577
GHA,2005-01-31,2005,0,0.45454027841105593
GHA,2005-02-28,2005,0,0.4903777407994026
GHA,2005-03-31,2005,0,0.2934260434614057
GHA,2005-04-30,2005,0,0.23904212204998793
GHA,2005-05-31,2005,0,0.22401341777655528
GHA,2005-06-30,2005,0,0.19587965115635264
GHA,2005-07-31,2005,0,0.2344612095430468
GHA,2005-08-31,2005,0,0.24635789140477946
GHA,2005-09-30,2005,0,0.19181777149697743
GHA,2005-10-31,2005,0,0.19573379544091665
GHA,2005-11-30,2005,0,0.19023713059543162
GHA,2005-12-31,2005,0,0.3681440864825066
GHA,2006-01-31,2006,0,0.6446958936745542
GHA,2006-02-28,2006,0,0.6158009769010998
GHA,2006-03-31,2006,0,0.626280035896805
GHA,2006-04-30,2006,0,0.6218181735824944
GHA,2006-05-31,2006,0,0.5490042671275349
GHA,2006-06-30,2006,0,0.5264526698274923
GHA,2006-07-31,2006,0,0.5328539687302122
GHA,2006-08-31,2006,0,0.49113918167124776
GHA,2006-09-30,2006,0,0.4942342375221798
GHA,2006-10-31,2006,0,0.49079412126387745
GHA,2006-11-30,2006,0,0.4898469903077233
GHA,2006-12-31,2006,0,0.5443196891768937
GHA,2007-01-31,2007,0,0.5060206313611154
GHA,2007-02-28,2007,0,0.4323028575956682
GHA,2007-03-31,2007,0,0.43324414125030536
GHA,2007-04-30,2007,0,0.4426330199527038
GHA,2007-05-31,2007,0,0.46949562080764384
GHA,2007-06-30,2007,0,0.5219703933254536
GHA,2007-07-31,2007,0,0.45639018161447387
GHA,2007-08-31,2007,0,0.4015234014733184
GHA,2007-09-30,2007,0,0.6457641760388293
GHA,2007-10-31,2007,0,0.5405121536246912
GHA,2007-11-30,2007,0,0.4878015851170455
GHA,2007-12-31,2007,0,0.49081104817073984
GHA,2008-01-31,2008,1,0.4121004120129852
GHA,2008-02-29,2008,1,0.4033259875431248
GHA,2008-03-31,2008,1,0.42075431268340585
GHA,2008-04-30,2008,1,0.3895385259111716
GHA,2008-05-31,2008,1,0.3902782756341428
GHA,2008-06-30,2008,1,0.565725545247138
GHA,2008-07-31,2008,1,0.679623652377395
GHA,2008-08-31,2008,1,0.6360895166294448
GHA,2008-09-30,2008,1,0.636569066709918
GHA,2008-10-31,2008,1,0.6111995184831293
GHA,2008-11-30,2008,1,0.6194922376221691
GHA,2008-12-31,2008,1,0.6069190063405331
GHA,2009-01-31,2009,0,0.7867447978411488
GHA,2009-02-28,2009,0,0.7938678791379935
GHA,2009-03-31,2009,0,0.8184566535529679
GHA,2009-04-30,2009,0,0.8102184179041729
GHA,2009-05-31,2009,0,0.7992122446759901
GHA,2009-06-30,2009,0,0.8010894801892816
GHA,2009-07-31,2009,0,0.7803066829520536
GHA,2009-08-31,2009,0,0.6472021403999593
GHA,2009-09-30,2009,0,0.6042701982826287
GHA,2009-10-31,2009,0,0.6178541911611565
GHA,2009-11-30,2009,0,0.6108039277892412
GHA,2009-12-31,2009,0,0.6117358972899269
GHA,2010-01-31,2010,0,0.48753727445232686
GHA,2010-02-28,2010,0,0.5087664364998666
GHA,2010-03-31,2010,0,0.5035080098793411
GHA,2010-04-30,2010,0,0.5208294592437079
GHA,2010-05-31,2010,0,0.574183320616525
GHA,2010-06-30,2010,0,0.5403836831345203
GHA,2010-07-31,2010,0,0.5272342233431483
GHA,2010-08-31,2010,0,0.5324982644822703
GHA,2010-09-30,2010,0,0.5512787194571255
GHA,2010-10-31,2010,0,0.5465743658950438
GHA,2010-11-30,2010,0,0.5585599631267518
GHA,2010-12-31,2010,0,0.5900076587753911
GHA,2011-01-31,2011,0,0.7311377493661003
GHA,2011-02-28,2011,0,0.729694774092185
GHA,2011-03-31,2011,0,0.7314112499529472
GHA,2011-04-30,2011,0,0.7089853112851843
GHA,2011-05-31,2011,0,0.6738152680363789
GHA,2011-06-30,2011,0,0.684844974028936
GHA,2011-07-31,2011,0,0.7068512278945447
GHA,2011-08-31,2011,0,0.661961023695082
GHA,2011-09-30,2011,0,0.6948888160621438
GHA,2011-10-31,2011,0,0.6846950795154749
GHA,2011-11-30,2011,0,0.6995999627844387
GHA,2011-12-31,2011,0,0.690034355653231
GHA,2012-01-31,2012,0,0.7445739595863106
GHA,2012-02-29,2012,0,0.7598393435502508
GHA,2012-03-31,2012,0,0.7435591960522747
GHA,2012-04-30,2012,0,0.7260869650172413
GHA,2012-05-31,2012,0,0.7538304259084652
GHA,2012-06-30,2012,0,0.7527467713374866
GHA,2012-07-31,2012,0,0.7384431280400405
GHA,2012-08-31,2012,0,0.6982192948383267
GHA,2012-09-30,2012,0,0.6224042346648976
GHA,2012-10-31,2012,0,0.5801746125251385
GHA,2012-11-30,2012,0,0.5465615776344592
GHA,2012-12-31,2012,0,0.5500960886076093
GHA,2013-01-31,2013,1,0.4055616599420689
GHA,2013-02-28,2013,1,0.4067639743739217
GHA,2013-03-31,2013,1,0.43358160152120023
GHA,2013-04-30,2013,1,0.47225811064818035
GHA,2013-05-31,2013,1,0.3904245025907202
GHA,2013-06-30,2013,1,0.38939933964932444
GHA,2013-07-31,2013,1,0.3860799622844999
GHA,2013-08-31,2013,1,0.3805067215493513
GHA,2013-09-30,2013,1,0.3975421156600766
GHA,2013-10-31,2013,1,0.4640744945352208
GHA,2013-11-30,2013,1,0.5236607457674098
GHA,2013-12-31,2013,1,0.5665984774149493
GHA,2014-01-31,2014,0,0.8518826312227139
GHA,2014-02-28,2014,0,0.8688434322571594
GHA,2014-03-31,2014,0,0.8897897502003773
GHA,2014-04-30,2014,0,0.7587000420615657
GHA,2014-05-31,2014,0,0.7618508414189777
GHA,2014-06-30,2014,0,0.758427951663816
GHA,2014-07-31,2014,0,0.25177252295553165
GHA,2014-08-31,2014,0,0.26181820830598507
GHA,2014-09-30,2014,0,0.25264209696595874
GHA,2014-10-31,2014,0,0.20203533019835607
GHA,2014-11-30,2014,0,0.16628686978888876
GHA,2014-12-31,2014,0,0.1495638882413531
GHA,2015-01-31,2015,0,0.5497569930191961
GHA,2015-02-28,2015,0,0.624390338140087
GHA,2015-03-31,2015,0,0.6741657989738965
GHA,2015-04-30,2015,0,0.7039269124002596
GHA,2015-05-31,2015,0,0.7086800815363057
GHA,2015-06-30,2015,0,0.7451707769124215
GHA,2015-07-31,2015,0,0.10773501740026208
GHA,2015-08-31,2015,0,0.2137430064779614
GHA,2015-09-30,2015,0,0.12347186519740432
GHA,2015-10-31,2015,0,0.17771860220806826
GHA,2015-11-30,2015,0,0.06510905302698623
GHA,2015-12-31,2015,0,0.0667103240797474
GHA,2016-01-31,2016,0,0.12547513413540134
GHA,2016-02-29,2016,0,0.09283240097869142
GHA,2016-03-31,2016,0,0.11895708382137707
GHA,2016-04-30,2016,0,0.12070750380599808
GHA,2016-05-31,2016,0,0.11764857664683795
GHA,2016-06-30,2016,0,0.12914656545241632
GHA,2016-07-31,2016,0,0.358424846303044
GHA,2016-08-31,2016,0,0.18763501817914133
GHA,2016-09-30,2016,0,0.38729377495651796
GHA,2016-10-31,2016,0,0.4307376911251905
GHA,2016-11-30,2016,0,0.4336106686383832
GHA,2016-12-31,2016,0,0.5997017207711646
GIN,2002-01-31,2002,0,0.27427754939253135
GIN,2002-02-28,2002,0,0.28669652000847246
GIN,2002-03-31,2002,0,0.3091029646451764
GIN,2002-04-30,2002,0,0.332453654954586
GIN,2002-05-31,2002,0,0.3199555453917996
GIN,2002-06-30,2002,0,0.2570041235352488
GIN,2002-07-31,2002,0,0.2519782573257364
GIN,2002-08-31,2002,0,0.28321710724057647
GIN,2002-09-30,2002,0,0.31565292084444685
GIN,2002-10-31,2002,0,0.3517492983413559
GIN,2002-11-30,2002,0,0.40876627092398754
GIN,2002-12-31,2002,0,0.1784129276438676
GIN,2003-01-31,2003,0,0.09022726603218632
GIN,2003-02-28,2003,0,0.17523886448460543
GIN,2003-03-31,2003,0,0.32428153191299
GIN,2003-04-30,2003,0,0.3732435176732653
GIN,2003-05-31,2003,0,0.41945106446268693
GIN,2003-06-30,2003,0,0.4458021629444959
GIN,2003-07-31,2003,0,0.4418783310197836
GIN,2003-08-31,2003,0,0.4413432825380646
GIN,2003-09-30,2003,0,0.49214093081225746
GIN,2003-10-31,2003,0,0.426788432026287
GIN,2003-11-30,2003,0,0.4262616902955169
GIN,2003-12-31,2003,0,0.42483517545510424
GIN,2004-01-31,2004,1,0.3506984507312974
GIN,2004-02-29,2004,1,0.35129579539289796
GIN,2004-03-31,2004,1,0.30894165191853734
GIN,2004-04-30,2004,1,0.33166411992835054
GIN,2004-05-31,2004,1,0.33166411992835054
GIN,2004-06-30,2004,1,0.33100340187934973
GIN,2004-07-31,2004,1,0.7657623161591329
GIN,2004-08-31,2004,1,0.814616979643528
GIN,2004-09-30,2004,1,0.7335231059231286
GIN,2004-10-31,2004,1,0.2870254304273384
GIN,2004-11-30,2004,1,0.06300104675145839
GIN,2004-12-31,2004,1,0.06867171197817211
GIN,2005-01-31,2005,0,0.008081721725153968
GIN,2005-02-28,2005,0,5.576631938306512e-05
GIN,2005-03-31,2005,0,0.0001395800556221983
GIN,2005-04-30,2005,0,0.00015698031675468932
GIN,2005-05-31,2005,0,0.00017170311738547124
GIN,2005-06-30,2005,0,0.00010999354543266174
GIN,2005-07-31,2005,0,0.009773425635599265
GIN,2005-08-31,2005,0,0.6327146304721045
GIN,2005-09-30,2005,0,0.010992115968282479
GIN,2005-10-31,2005,0,0.01157900769159534
GIN,2005-11-30,2005,0,0.01122367702595958
GIN,2005-12-31,2005,0,0.012475451306716626
GIN,2006-01-31,2006,0,0.008826073729891802
GIN,2006-02-28,2006,0,0.007623166072519666
GIN,2006-03-31,2006,0,0.47442793959709534
GIN,2006-04-30,2006,0,0.44495672527795266
GIN,2006-05-31,2006,0,0.4419883957677675
GIN,2006-06-30,2006,0,0.42008108823269885
GIN,2006-07-31,2006,0,0.673284322061319
GIN,2006-08-31,2006,0,0.6787724350872156
GIN,2006-09-30,2006,0,0.6393568173896358
GIN,2006-10-31,2006,0,0.5942553414296773
GIN,2006-11-30,2006,0,0.5942597423582203
GIN,2006-12-31,2006,0,0.5614596289597115
GIN,2007-01-31,2007,0,0.5797001887030699
GIN,2007-02-28,2007,0,0.1538466229702482
GIN,2007-03-31,2007,0,0.07784864870645307
GIN,2007-04-30,2007,0,0.014711041225724465
GIN,2007-05-31,2007,0,0.013735372494998219
GIN,2007-06-30,2007,0,0.0191055100447512
GIN,2007-07-31,2007,0,0.07697073666014519
GIN,2007-08-31,2007,0,0.0981237340970387
GIN,2007-09-30,2007,0,0.11877841922232163
GIN,2007-10-31,2007,0,0.15815650314668728
GIN,2007-11-30,2007,0,0.2711812976242044
GIN,2007-12-31,2007,0,0.23172048216343621
GIN,2008-01-31,2008,0,0.00046450812289199273
GIN,2008-02-29,2008,0,0.0004802223192955132
GIN,2008-03-31,2008,0,0.0005152593970229154
GIN,2008-04-30,2008,0,0.0015320773033459202
GIN,2008-05-31,2008,0,0.004364022637596516
GIN,2008-06-30,2008,0,0.004393400518946775
GIN,2008-07-31,2008,0,0.4521259717916406
GIN,2008-08-31,2008,0,0.44459580719962155
GIN,2008-09-30,2008,0,0.6851369549009851
GIN,2008-10-31,2008,0,0.48978485948636175
GIN,2008-11-30,2008,0,0.49374158700713494
GIN,2008-12-31,2008,0,0.48498636699228675
GIN,2009-01-31,2009,0,0.18110151166398317
GIN,2009-02-28,2009,0,0.18719063477147976
GIN,2009-03-31,2009,0,0.19127931586786348
GIN,2009-04-30,2009,0,0.23127110077847368
GIN,2009-05-31,2009,0,0.22791682467149257
GIN,2009-06-30,2009,0,0.16207557428190808
GIN,2009-07-31,2009,0,0.24613610365100988
GIN,2009-08-31,2009,0,0.24867398622578324
GIN,2009-09-30,2009,0,0.18673600327782883
GIN,2009-10-31,2009,0,0.19260757000929773
GIN,2009-11-30,2009,0,0.18916402405461918
GIN,2009-12-31,2009,0,0.2747395676038653
GIN,2010-01-31,2010,0,0.4536893729349823
GIN,2010-02-28,2010,0,0.4467669607257364
GIN,2010-03-31,2010,0,0.7479762451716376
GIN,2010-04-30,2010,0,0.711057067234859
GIN,2010-05-31,2010,0,0.7531658029680282
GIN,2010-06-30,2010,0,0.564148472019838
GIN,2010-07-31,2010,0,0.5671314907014647
GIN,2010-08-31,2010,0,0.5523376653622938
GIN,2010-09-30,2010,0,0.006962994678937864
GIN,2010-10-31,2010,0,0.006919977953176438
GIN,2010-11-30,2010,0,0.006752330992089742
GIN,2010-12-31,2010,0,0.004847423020747581
GIN,2011-01-31,2011,0,0.007534743219825043
GIN,2011-02-28,2011,0,0.011066482349310108
GIN,2011-03-31,2011,0,0.6554322008034142
GIN,2011-04-30,2011,0,0.6582169455448907
GIN,2011-05-31,2011,0,0.4805261872037603
GIN,2011-06-30,2011,0,0.5344161171180379
GIN,2011-07-31,2011,0,0.5177441060109806
GIN,2011-08-31,2011,0,0.5537301913771447
GIN,2011-09-30,2011,0,0.5038992485888067
GIN,2011-10-31,2011,0,0.5157427765950475
GIN,2011-11-30,2011,0,0.5603291255677741
GIN,2011-12-31,2011,0,0.5182682701726122
GIN,2012-01-31,2012,0,0.4761372435142599
GIN,2012-02-29,2012,0,0.47847572302090935
GIN,2012-03-31,2012,0,0.4793779947403075
GIN,2012-04-30,2012,0,0.4636592653105851
GIN,2012-05-31,2012,0,0.5259702303771956
GIN,2012-06-30,2012,0,0.4892324012087965
GIN,2012-07-31,2012,0,0.48086030398210944
GIN,2012-08-31,2012,0,0.46898459209350163
GIN,2012-09-30,2012,0,0.4782881037837617
GIN,2012-10-31,2012,0,0.4570626556489035
GIN,2012-11-30,2012,0,0.46372025466169503
GIN,2012-12-31,2012,0,0.48193003809152835
GIN,2013-01-31,2013,0,0.4743879980053976
GIN,2013-02-28,2013,0,0.4823200826613462
GIN,2013-03-31,2013,0,0.33728375217558104
GIN,2013-04-30,2013,0,0.3393158532524956
GIN,2013-05-31,2013,0,0.3463823527962223
GIN,2013-06-30,2013,0,0.35095344086738045
GIN,2013-07-31,2013,0,0.37095912973884904
GIN,2013-08-31,2013,0,0.3797787478693865
GIN,2013-09-30,2013,0,0.4083862242932271
GIN,2013-10-31,2013,0,0.4057883918875517
GIN,2013-11-30,2013,0,0.41846635425612766
GIN,2013-12-31,2013,0,0.428084301841735
GIN,2014-01-31,2014,0,0.3763354325242771
GIN,2014-02-28,2014,0,0.3982354674852363
GIN,2014-03-31,2014,0,0.40055697426901155
GIN,2014-04-30,2014,0,0.41006169325904135
GIN,2014-05-31,2014,0,0.42087716467033476
GIN,2014-06-30,2014,0,0.40440030580718855
GIN,2014-07-31,2014,0,0.33002253744162574
GIN,2014-08-31,2014,0,0.35163803315865827
GIN,2014-09-30,2014,0,0.3503290009798534
GIN,2014-10-31,2014,0,0.37279198723062584
GIN,2014-11-30,2014,0,0.35633520029939203
GIN,2014-12-31,2014,0,0.37180945031920165
GIN,2015-01-31,2015,0,0.36991715849324175
GIN,2015-02-28,2015,0,0.37772988597843504
GIN,2015-03-31,2015,0,0.3652262323624575
GIN,2015-04-30,2015,0,0.32025782799474584
GIN,2015-05-31,2015,0,0.3372146062662744
GIN,2015-06-30,2015,0,0.32881745469716167
GIN,2015-07-31,2015,0,0.3894712821006443
GIN,2015-08-31,2015,0,0.38406718741610996
GIN,2015-09-30,2015,0,0.39015484072461526
GIN,2015-10-31,2015,0,0.28516690107720016
GIN,2015-11-30,2015,0,0.3179744090657603
GIN,2015-12-31,2015,0,0.3406593301810216
GIN,2016-01-31,2016,0,0.6648596499231846
GIN,2016-02-29,2016,0,0.6486647150856594
GIN,2016-03-31,2016,0,0.6392899654336476
GIN,2016-04-30,2016,0,0.4590880138290086
GIN,2016-05-31,2016,0,0.4501511322863508
GIN,2016-06-30,2016,0,0.43979039810393694
GIN,2016-07-31,2016,0,0.389922998209825
GIN,2016-08-31,2016,0,0.4036945294284586
GIN,2016-09-30,2016,0,0.41406987608015267
GIN,2016-10-31,2016,0,0.4874306999315468
GIN,2016-11-30,2016,0,0.5238050451360965
GIN,2016-12-31,2016,0,0.5479027742298564
GMB,2002-01-31,2002,1,0.08157165329814323
GMB,2002-02-28,2002,1,0.07599076051833577
GMB,2002-03-31,2002,1,0.08163747459521961
GMB,2002-04-30,2002,1,0.12157933756909776
GMB,2002-05-31,2002,1,0.12758763382015137
GMB,2002-06-30,2002,1,0.13099272752071345
GMB,2002-07-31,2002,1,0.14252515854459913
GMB,2002-08-31,2002,1,0.17474635570120992
GMB,2002-09-30,2002,1,0.17073109443981502
GMB,2002-10-31,2002,1,0.17230061370496272
GMB,2002-11-30,2002,1,0.1728711488515765
GMB,2002-12-31,2002,1,0.16442737206548957
GMB,2003-01-31,2003,0,0.728108380026341
GMB,2003-02-28,2003,0,0.6483811990480152
GMB,2003-03-31,2003,0,0.6540958988977099
GMB,2003-04-30,2003,0,0.6868766597664369
GMB,2003-05-31,2003,0,0.6950171095259357
GMB,2003-06-30,2003,0,0.7067071820672282
GMB,2003-07-31,2003,0,0.6918547813446079
GMB,2003-08-31,2003,0,0.6210639615160722
GMB,2003-09-30,2003,0,0.6196875101343123
GMB,2003-10-31,2003,0,0.2703302719503594
GMB,2003-11-30,2003,0,0.2836870241985717
GMB,2003-12-31,2003,0,0.2911531662837117
GMB,2004-01-31,2004,0,0.4271641042330181
GMB,2004-02-29,2004,0,0.43936417818076445
GMB,2004-03-31,2004,0,0.3895229238904083
GMB,2004-04-30,2004,0,0.46391153863849094
GMB,2004-05-31,2004,0,0.4569991855248864
GMB,2004-06-30,2004,0,0.46355887008216234
GMB,2004-07-31,2004,0,0.5472768505849791
GMB,2004-08-31,2004,0,0.566272092332999
GMB,2004-09-30,2004,0,0.3257541745249254
GMB,2004-10-31,2004,0,0.36599476987784746
GMB,2004-11-30,2004,0,0.3326955517644662
GMB,2004-12-31,2004,0,0.3157274999649719
GMB,2005-01-31,2005,0,0.15275662858639183
GMB,2005-02-28,2005,0,0.17235012977762637
GMB,2005-03-31,2005,0,0.12110202471528768
GMB,2005-04-30,2005,0,0.08479662318298423
GMB,2005-05-31,2005,0,0.09532136782308998
GMB,2005-06-30,2005,0,0.10692972996496222
GMB,2005-07-31,2005,0,0.10749760197405671
GMB,2005-08-31,2005,0,0.10401237085890107
GMB,2005-09-30,2005,0,0.1298002536669937
GMB,2005-10-31,2005,0,0.13828703521315933
GMB,2005-11-30,2005,0,0.1349739394796465
GMB,2005-12-31,2005,0,0.1421103393798385
GMB,2006-01-31,2006,0,0.1856821081934377
GMB,2006-02-28,2006,0,0.1769406729719602
GMB,2006-03-31,2006,0,0.15419329451862207
GMB,2006-04-30,2006,0,0.17427562774150523
GMB,2006-05-31,2006,0,0.15636241963829142
GMB,2006-06-30,2006,0,0.26727955602527503
GMB,2006-07-31,2006,0,0.25728514784362416
GMB,2006-08-31,2006,0,0.25102403374140153
GMB,2006-09-30,2006,0,0.19818242443372638
GMB,2006-10-31,2006,0,0.19342091386709007
GMB,2006-11-30,2006,0,0.17763255276066187
GMB,2006-12-31,2006,0,0.16363698688157402
GMB,2007-01-31,2007,0,0.39412689750533314
GMB,2007-02-28,2007,0,0.41463412516776493
GMB,2007-03-31,2007,0,0.342889895220564
GMB,2007-04-30,2007,0,0.4102602641126184
GMB,2007-05-31,2007,0,0.4144436291954235
GMB,2007-06-30,2007,0,0.19759411610907524
GMB,2007-07-31,2007,0,0.18199672826946284
GMB,2007-08-31,2007,0,0.11793209356164128
GMB,2007-09-30,2007,0,0.03352902112525435
GMB,2007-10-31,2007,0,0.045363318376730466
GMB,2007-11-30,2007,0,0.10982735593013652
GMB,2007-12-31,2007,0,0.20367044000268925
GMB,2008-01-31,2008,0,0.15644010428956168
GMB,2008-02-29,2008,0,0.1435153904380988
GMB,2008-03-31,2008,0,0.13153857956238482
GMB,2008-04-30,2008,0,0.1657659685157092
GMB,2008-05-31,2008,0,0.15444063892999263
GMB,2008-06-30,2008,0,0.17921704362254248
GMB,2008-07-31,2008,0,0.18405992746788313
GMB,2008-08-31,2008,0,0.19618059648924147
GMB,2008-09-30,2008,0,0.6445412453918811
GMB,2008-10-31,2008,0,0.6944195284638001
GMB,2008-11-30,2008,0,0.6813936706266869
GMB,2008-12-31,2008,0,0.6356636606133478
GMB,2009-01-31,2009,0,0.5025583766760371
GMB,2009-02-28,2009,0,0.48586562627999835
GMB,2009-03-31,2009,0,0.6399450912685716
GMB,2009-04-30,2009,0,0.6442912831693898
GMB,2009-05-31,2009,0,0.5522125798371851
GMB,2009-06-30,2009,0,0.5553865186307338
GMB,2009-07-31,2009,0,0.6054084974521148
GMB,2009-08-31,2009,0,0.5874919221955307
GMB,2009-09-30,2009,0,0.5959770729476781
GMB,2009-10-31,2009,0,0.601572911257324
GMB,2009-11-30,2009,0,0.4745096528809865
GMB,2009-12-31,2009,0,0.49475239896732076
GMB,2010-01-31,2010,0,0.521527813320138
GMB,2010-02-28,2010,0,0.5548934126527189
GMB,2010-03-31,2010,0,0.5143601526974915
GMB,2010-04-30,2010,0,0.550512563023201
GMB,2010-05-31,2010,0,0.6712314655648567
GMB,2010-06-30,2010,0,0.4803632686331954
GMB,2010-07-31,2010,0,0.486119004932422
GMB,2010-08-31,2010,0,0.47091291309179373
GMB,2010-09-30,2010,0,0.49981035001938456
GMB,2010-10-31,2010,0,0.47576942582587045
GMB,2010-11-30,2010,0,0.31879938045527834
GMB,2010-12-31,2010,0,0.33127666007562817
GMB,2011-01-31,2011,0,0.29903286962636544
GMB,2011-02-28,2011,0,0.3288735940905272
GMB,2011-03-31,2011,0,0.2977277512019182
GMB,2011-04-30,2011,0,0.29156219649336035
GMB,2011-05-31,2011,0,0.31748569802017024
GMB,2011-06-30,2011,0,0.35509866142945956
GMB,2011-07-31,2011,0,0.3682676012670728
GMB,2011-08-31,2011,0,0.3606693309278636
GMB,2011-09-30,2011,0,0.3604452719893798
GMB,2011-10-31,2011,0,0.3843020800814089
GMB,2011-11-30,2011,0,0.4054962917504667
GMB,2011-12-31,2011,0,0.38222393644164426
GMB,2012-01-31,2012,0,0.4380311085855181
GMB,2012-02-29,2012,0,0.4586990832027557
GMB,2012-03-31,2012,0,0.467269958064154
GMB,2012-04-30,2012,0,0.46482487616685547
GMB,2012-05-31,2012,0,0.5284544434799521
GMB,2012-06-30,2012,0,0.5498971854869733
GMB,2012-07-31,2012,0,0.5571550398209216
GMB,2012-08-31,2012,0,0.5412619229712349
GMB,2012-09-30,2012,0,0.5577445909135438
GMB,2012-10-31,2012,0,0.17496674333811568
GMB,2012-11-30,2012,0,0.43429961504152553
GMB,2012-12-31,2012,0,0.37923664879895447
GMB,2013-01-31,2013,0,0.49039142670059865
GMB,2013-02-28,2013,0,0.24902118023988604
GMB,2013-03-31,2013,0,0.2716829644984157
GMB,2013-04-30,2013,0,0.3670441676242472
GMB,2013-05-31,2013,0,0.004232532874589919
GMB,2013-06-30,2013,0,0.004615903661173337
GMB,2013-07-31,2013,0,0.001791738916812945
GMB,2013-08-31,2013,0,0.0013851822111847904
GMB,2013-09-30,2013,0,0.0012293977634240862
GMB,2013-10-31,2013,0,0.0028807116201864306
GMB,2013-11-30,2013,0,0.3929045844321402
GMB,2013-12-31,2013,0,0.3381038370606533
GMB,2014-01-31,2014,0,0.38789662684464693
GMB,2014-02-28,2014,0,0.4136836933412121
GMB,2014-03-31,2014,0,0.4292105472805909
GMB,2014-04-30,2014,0,0.3698196170066112
GMB,2014-05-31,2014,0,0.36578194955307636
GMB,2014-06-30,2014,0,0.4263987462616252
GMB,2014-07-31,2014,0,0.5414303666097975
GMB,2014-08-31,2014,0,0.5695436400678348
GMB,2014-09-30,2014,0,0.6020139123401681
GMB,2014-10-31,2014,0,0.47329705548162154
GMB,2014-11-30,2014,0,0.48131798405816806
GMB,2014-12-31,2014,0,0.5812184547169952
GMB,2015-01-31,2015,0,0.5140273360176595
GMB,2015-02-28,2015,0,0.4901090387066244
GMB,2015-03-31,2015,0,0.7432336686160954
GMB,2015-04-30,2015,0,0.7444169863241673
GMB,2015-05-31,2015,0,0.04296343599167746
GMB,2015-06-30,2015,0,0.038163557041575445
GMB,2015-07-31,2015,0,0.03445046174033972
GMB,2015-08-31,2015,0,0.059594138685158754
GMB,2015-09-30,2015,0,0.052328190817303305
GMB,2015-10-31,2015,0,0.048210558526053535
GMB,2015-11-30,2015,0,0.1550569655536523
GMB,2015-12-31,2015,0,0.15179048810149004
GMB,2016-01-31,2016,0,0.18167680330813368
GMB,2016-02-29,2016,0,0.18086490413494866
GMB,2016-03-31,2016,0,0.16991351302152477
GMB,2016-04-30,2016,0,0.16226588696854408
GMB,2016-05-31,2016,0,0.6749143780388942
GMB,2016-06-30,2016,0,0.6923231577626211
GMB,2016-07-31,2016,0,0.6115306256784669
GMB,2016-08-31,2016,0,0.6397702806474057
GMB,2016-09-30,2016,0,0.6483803815017216
GMB,2016-10-31,2016,0,0.629457840704182
GMB,2016-11-30,2016,0,0.1578147828993019
GMB,2016-12-31,2016,0,0.15323501333631326
GNB,2002-01-31,2002,0,0.1119877043733899
GNB,2002-02-28,2002,0,0.15518063580565025
GNB,2002-03-31,2002,0,0.14069015619376327
GNB,2002-04-30,2002,0,0.12322022411397814
GNB,2002-05-31,2002,0,0.11375652344041208
GNB,2002-06-30,2002,0,0.10908727295844212
GNB,2002-07-31,2002,0,0.10656082837137372
GNB,2002-08-31,2002,0,0.10213443612190963
GNB,2002-09-30,2002,0,0.10885200786555209
GNB,2002-10-31,2002,0,0.10127023999397979
GNB,2002-11-30,2002,0,0.09135580304386265
GNB,2002-12-31,2002,0,0.09322402863607016
GNB,2003-01-31,2003,0,0.04379316875050464
GNB,2003-02-28,2003,0,0.04639717339178925
GNB,2003-03-31,2003,0,0.05028268707462261
GNB,2003-04-30,2003,0,0.05092739758649334
GNB,2003-05-31,2003,0,0.04599292639267406
GNB,2003-06-30,2003,0,0.06623302874433024
GNB,2003-07-31,2003,0,0.06062354415390129
GNB,2003-08-31,2003,0,0.08331340991966286
GNB,2003-09-30,2003,0,0.06257359973811617
GNB,2003-10-31,2003,0,0.06257585727148555
GNB,2003-11-30,2003,0,0.06166359290523939
GNB,2003-12-31,2003,0,0.06470600475492697
GNB,2004-01-31,2004,0,0.10941711139458968
GNB,2004-02-29,2004,0,0.10731384791414766
GNB,2004-03-31,2004,0,0.12790825430439792
GNB,2004-04-30,2004,0,0.12607335014344437
GNB,2004-05-31,2004,0,0.11547606603057649
GNB,2004-06-30,2004,0,0.12924863506853762
GNB,2004-07-31,2004,0,0.12746854848487763
GNB,2004-08-31,2004,0,0.12435677910117074
GNB,2004-09-30,2004,0,0.1281376259608183
GNB,2004-10-31,2004,0,0.12687525145042228
GNB,2004-11-30,2004,0,0.10466162202132147
GNB,2004-12-31,2004,0,0.12197247072902231
GNB,2005-01-31,2005,0,0.3324635380026257
GNB,2005-02-28,2005,0,0.34196660131596884
GNB,2005-03-31,2005,0,0.36451455338228916
GNB,2005-04-30,2005,0,0.3678327760563772
GNB,2005-05-31,2005,0,0.43637513425799285
GNB,2005-06-30,2005,0,0.4358240181522345
GNB,2005-07-31,2005,0,0.4348291406100881
GNB,2005-08-31,2005,0,0.42955115454301107
GNB,2005-09-30,2005,0,0.42019771598809097
GNB,2005-10-31,2005,0,0.41359020340180735
GNB,2005-11-30,2005,0,0.4318699045533533
GNB,2005-12-31,2005,0,0.4622255278687622
GNB,2006-01-31,2006,0,0.2116977451557966
GNB,2006-02-28,2006,0,0.2165573276592246
GNB,2006-03-31,2006,0,0.20534413836600107
GNB,2006-04-30,2006,0,0.16177662730997064
GNB,2006-05-31,2006,0,0.12009722250440037
GNB,2006-06-30,2006,0,0.1263826076045272
GNB,2006-07-31,2006,0,0.13787707753676606
GNB,2006-08-31,2006,0,0.13827602046701223
GNB,2006-09-30,2006,0,0.14709041280022175
GNB,2006-10-31,2006,0,0.1577563434918592
GNB,2006-11-30,2006,0,0.12993995970300215
GNB,2006-12-31,2006,0,0.1288453479044905
GNB,2007-01-31,2007,0,0.26759629134365953
GNB,2007-02-28,2007,0,0.285214973452942
GNB,2007-03-31,2007,0,0.2721214552560072
GNB,2007-04-30,2007,0,0.27799866818316615
GNB,2007-05-31,2007,0,0.296509817444498
GNB,2007-06-30,2007,0,0.3039553878969446
GNB,2007-07-31,2007,0,0.326336849462749
GNB,2007-08-31,2007,0,0.3079221969907944
GNB,2007-09-30,2007,0,0.2633233777483432
GNB,2007-10-31,2007,0,0.27818135441235503
GNB,2007-11-30,2007,0,0.2923884770945533
GNB,2007-12-31,2007,0,0.3146203857117459
GNB,2008-01-31,2008,0,0.26496869832297204
GNB,2008-02-29,2008,0,0.2702968337928028
GNB,2008-03-31,2008,0,0.19804750851150274
GNB,2008-04-30,2008,0,0.24344393706111736
GNB,2008-05-31,2008,0,0.23827197149335677
GNB,2008-06-30,2008,0,0.2645491586572676
GNB,2008-07-31,2008,0,0.2588883934865073
GNB,2008-08-31,2008,0,0.47277864601095676
GNB,2008-09-30,2008,0,0.5547032295482038
GNB,2008-10-31,2008,0,0.8094556805638605
GNB,2008-11-30,2008,0,0.7702623394566681
GNB,2008-12-31,2008,0,0.4308127891540687
GNB,2009-01-31,2009,0,0.3603296138318256
GNB,2009-02-28,2009,0,0.33470734338243646
GNB,2009-03-31,2009,0,0.29362523657820083
GNB,2009-04-30,2009,0,0.0014346956414970874
GNB,2009-05-31,2009,0,0.0009606301825565769
GNB,2009-06-30,2009,0,0.0014794794277773029
GNB,2009-07-31,2009,0,0.001138232343795824
GNB,2009-08-31,2009,0,0.0011825395642440107
GNB,2009-09-30,2009,0,0.0010592671317164206
GNB,2009-10-31,2009,0,0.1852560052828066
GNB,2009-11-30,2009,0,0.2318004546137986
GNB,2009-12-31,2009,0,0.3882507974530657
GNB,2010-01-31,2010,0,0.3339945856417785
GNB,2010-02-28,2010,0,0.3682560383750371
GNB,2010-03-31,2010,0,0.3811418165045287
GNB,2010-04-30,2010,0,0.38092982687296406
GNB,2010-05-31,2010,0,0.6301063537161207
GNB,2010-06-30,2010,0,0.5899598209123896
GNB,2010-07-31,2010,0,0.32701178384425283
GNB,2010-08-31,2010,0,0.3344143435568102
GNB,2010-09-30,2010,0,0.19981371866206357
GNB,2010-10-31,2010,0,0.2167939748941752
GNB,2010-11-30,2010,0,0.2393859128294491
GNB,2010-12-31,2010,0,0.23050876248723023
GNB,2011-01-31,2011,0,0.26131290185726647
GNB,2011-02-28,2011,0,0.2426543322056532
GNB,2011-03-31,2011,0,0.29592580213590736
GNB,2011-04-30,2011,0,0.2439551865151209
GNB,2011-05-31,2011,0,0.2406247755056205
GNB,2011-06-30,2011,0,0.24564671494250184
GNB,2011-07-31,2011,0,0.3056229503736016
GNB,2011-08-31,2011,0,0.2793600193133621
GNB,2011-09-30,2011,0,0.429738890061333
GNB,2011-10-31,2011,0,0.3742441516360057
GNB,2011-11-30,2011,0,0.4215447324865386
GNB,2011-12-31,2011,0,0.42690848299674705
GNB,2012-01-31,2012,0,0.49854576662262434
GNB,2012-02-29,2012,0,0.4554989162956903
GNB,2012-03-31,2012,0,0.42580312250330465
GNB,2012-04-30,2012,0,0.5113983707549955
GNB,2012-05-31,2012,0,0.5787538602763965
GNB,2012-06-30,2012,0,0.5362234304310118
GNB,2012-07-31,2012,0,0.5669760727509091
GNB,2012-08-31,2012,0,0.5021951488528992
GNB,2012-09-30,2012,0,0.45323579349483595
GNB,2012-10-31,2012,0,0.46211040677133386
GNB,2012-11-30,2012,0,0.4523660354720601
GNB,2012-12-31,2012,0,0.47068667564603306
GNB,2013-01-31,2013,0,0.2887732393945039
GNB,2013-02-28,2013,0,0.31032267076292896
GNB,2013-03-31,2013,0,0.3409234309360301
GNB,2013-04-30,2013,0,0.33609007141476643
GNB,2013-05-31,2013,0,0.3021217686132383
GNB,2013-06-30,2013,0,0.29544930761387944
GNB,2013-07-31,2013,0,0.31952623948690956
GNB,2013-08-31,2013,0,0.3129469248250941
GNB,2013-09-30,2013,0,0.28835505044143284
GNB,2013-10-31,2013,0,0.29629442103987075
GNB,2013-11-30,2013,0,0.29270309668419775
GNB,2013-12-31,2013,0,0.3011700797051767
GNB,2014-01-31,2014,0,0.45615096562130514
GNB,2014-02-28,2014,0,0.4234252887862867
GNB,2014-03-31,2014,0,0.4321310719298605
GNB,2014-04-30,2014,0,0.42506321312241074
GNB,2014-05-31,2014,0,0.45787188189203887
GNB,2014-06-30,2014,0,0.45657831518021635
GNB,2014-07-31,2014,0,0.46255032383242506
GNB,2014-08-31,2014,0,0.48808092524885943
GNB,2014-09-30,2014,0,0.5980737310294697
GNB,2014-10-31,2014,0,0.5973537452075728
GNB,2014-11-30,2014,0,0.5812275166773198
GNB,2014-12-31,2014,0,0.5885716138804873
GNB,2015-01-31,2015,0,0.6278456465626422
GNB,2015-02-28,2015,0,0.6672494859937915
GNB,2015-03-31,2015,0,0.657189426883416
GNB,2015-04-30,2015,0,0.4378230466844585
GNB,2015-05-31,2015,0,0.4464309131771614
GNB,2015-06-30,2015,0,0.39872161515757076
GNB,2015-07-31,2015,0,0.3906932728715779
GNB,2015-08-31,2015,0,0.3618389500365407
GNB,2015-09-30,2015,0,0.35732265295823484
GNB,2015-10-31,2015,0,0.3830034268048077
GNB,2015-11-30,2015,0,0.4208985870807609
GNB,2015-12-31,2015,0,0.38780692135543854
GNB,2016-01-31,2016,0,0.41027599514650503
GNB,2016-02-29,2016,0,0.41472515332030363
GNB,2016-03-31,2016,0,0.34552589887488794
GNB,2016-04-30,2016,0,0.3501346673792583
GNB,2016-05-31,2016,0,0.32913315405041715
GNB,2016-06-30,2016,0,0.3423206118072823
GNB,2016-07-31,2016,0,0.35092157820893255
GNB,2016-08-31,2016,0,0.33692844568581265
GNB,2016-09-30,2016,0,0.4594807377081388
GNB,2016-10-31,2016,0,0.44356006881895177
GNB,2016-11-30,2016,0,0.42667951363504564
GNB,2016-12-31,2016,0,0.4068861275048974
GNQ,2002-01-31,2002,0,6.0152619513903674e-05
GNQ,2002-02-28,2002,0,8.761226786942334e-05
GNQ,2002-03-31,2002,0,7.809249794696166e-05
GNQ,2002-04-30,2002,0,6.703346421592456e-05
GNQ,2002-05-31,2002,0,6.122460269561303e-05
GNQ,2002-06-30,2002,0,5.840403642235554e-05
GNQ,2002-07-31,2002,0,5.689016546334074e-05
GNQ,2002-08-31,2002,0,5.425835489975944e-05
GNQ,2002-09-30,2002,0,5.8262700962793715e-05
GNQ,2002-10-31,2002,0,5.374755091477185e-05
GNQ,2002-11-30,2002,0,4.795686231888287e-05
GNQ,2002-12-31,2002,0,4.9038352640796e-05
GNQ,2003-01-31,2003,0,5.2418460590827744e-05
GNQ,2003-02-28,2003,0,5.568680587294569e-05
GNQ,2003-03-31,2003,0,6.059688572016342e-05
GNQ,2003-04-30,2003,0,6.141548332289896e-05
GNQ,2003-05-31,2003,0,5.517825777974193e-05
GNQ,2003-06-30,2003,0,8.11808041054081e-05
GNQ,2003-07-31,2003,0,7.386217155733798e-05
GNQ,2003-08-31,2003,0,0.00010401628898551042
GNQ,2003-09-30,2003,0,7.639646780225172e-05
GNQ,2003-10-31,2003,0,7.639940780003315e-05
GNQ,2003-11-30,2003,0,7.521251180943209e-05
GNQ,2003-12-31,2003,0,7.917982728119343e-05
GNQ,2004-01-31,2004,0,0.014649679380663597
GNQ,2004-02-29,2004,0,0.014338747364921557
GNQ,2004-03-31,2004,0,0.017439035472148076
GNQ,2004-04-30,2004,0,0.017157685978728222
GNQ,2004-05-31,2004,0,0.015552545855187137
GNQ,2004-06-30,2004,0,0.017645205856756177
GNQ,2004-07-31,2004,0,0.017371521391405784
GNQ,2004-08-31,2004,0,0.016895403221543794
GNQ,2004-09-30,2004,0,0.017474277398054013
GNQ,2004-10-31,2004,0,0.017280517437814107
GNQ,2004-11-30,2004,0,0.013948465502500906
GNQ,2004-12-31,2004,0,0.01653256471478376
GNQ,2005-01-31,2005,0,0.04182553043318382
GNQ,2005-02-28,2005,0,0.04356320880125843
GNQ,2005-03-31,2005,0,0.04786684302659794
GNQ,2005-04-30,2005,0,0.048522673976153036
GNQ,2005-05-31,2005,0,0.06354544013417081
GNQ,2005-06-30,2005,0,0.06341221032747021
GNQ,2005-07-31,2005,0,0.06317226553072401
GNQ,2005-08-31,2005,0,0.061911299899733124
GNQ,2005-09-30,2005,0,0.059725042576080106
GNQ,2005-10-31,2005,0,0.05821673284635216
GNQ,2005-11-30,2005,0,0.06246280517611417
GNQ,2005-12-31,2005,0,0.07005495553404135
GNQ,2006-01-31,2006,0,0.009958659163492884
GNQ,2006-02-28,2006,0,0.010247463025860604
GNQ,2006-03-31,2006,0,0.009586145174690416
GNQ,2006-04-30,2006,0,0.007177147169170187
GNQ,2006-05-31,2006,0,0.005086367462421516
GNQ,2006-06-30,2006,0,0.005389434327960505
GNQ,2006-07-31,2006,0,0.005954607899248987
GNQ,2006-08-31,2006,0,0.0059744826288115754
GNQ,2006-09-30,2006,0,0.006418138737918406
GNQ,2006-10-31,2006,0,0.006966857090638908
GNQ,2006-11-30,2006,0,0.005562819061754325
GNQ,2006-12-31,2006,0,0.005509323495722622
GNQ,2007-01-31,2007,0,0.0026081860649769775
GNQ,2007-02-28,2007,0,0.002847748063739219
GNQ,2007-03-31,2007,0,0.002668618954679417
GNQ,2007-04-30,2007,0,0.0027482279283148506
GNQ,2007-05-31,2007,0,0.0030075725432568653
GNQ,2007-06-30,2007,0,0.003115736527380109
GNQ,2007-07-31,2007,0,0.0034551221126702643
GNQ,2007-08-31,2007,0,0.0031743040001440217
GNQ,2007-09-30,2007,0,0.002551796849165633
GNQ,2007-10-31,2007,0,0.0027507230485561344
GNQ,2007-11-30,2007,0,0.0029486694454082508
GNQ,2007-12-31,2007,0,0.0032747214502658285
GNQ,2008-01-31,2008,0,0.0162887723773462
GNQ,2008-02-29,2008,0,0.016730134987342986
GNQ,2008-03-31,2008,0,0.011216412670257735
GNQ,2008-04-30,2008,0,0.014565242223888414
GNQ,2008-05-31,2008,0,0.01416476412193216
GNQ,2008-06-30,2008,0,0.01625427421040314
GNQ,2008-07-31,2008,0,0.015792383270650485
GNQ,2008-08-31,2008,0,0.03956094527166829
GNQ,2008-09-30,2008,0,0.05412252154730057
GNQ,2008-10-31,2008,0,0.163272518059854
GNQ,2008-11-30,2008,0,0.1334535964967836
GNQ,2008-12-31,2008,0,0.0335987354064922
GNQ,2009-01-31,2009,0,0.4037093540098683
GNQ,2009-02-28,2009,0,0.3768195551269532
GNQ,2009-03-31,2009,0,0.3331569812928953
GNQ,2009-04-30,2009,0,0.0017238564731701675
GNQ,2009-05-31,2009,0,0.001154354260372024
GNQ,2009-06-30,2009,0,0.00177765029849287
GNQ,2009-07-31,2009,0,0.0013677232678402738
GNQ,2009-08-31,2009,0,0.0014209510221096266
GNQ,2009-09-30,2009,0,0.001272857341961003
GNQ,2009-10-31,2009,0,0.21463082046079124
GNQ,2009-11-30,2009,0,0.26614467987943674
GNQ,2009-12-31,2009,0,0.43271805173833955
GNQ,2010-01-31,2010,0,0.48064825621376384
GNQ,2010-02-28,2010,0,0.5182472980630423
GNQ,2010-03-31,2010,0,0.5319620436332816
GNQ,2010-04-30,2010,0,0.531738244977036
GNQ,2010-05-31,2010,0,0.7586697889258656
GNQ,2010-06-30,2010,0,0.7264184822036475
GNQ,2010-07-31,2010,0,0.47277588681323546
GNQ,2010-08-31,2010,0,0.4811191798643467
GNQ,2010-09-30,2010,0,0.3154564411475756
GNQ,2010-10-31,2010,0,0.3381115987369828
GNQ,2010-11-30,2010,0,0.367415183157377
GNQ,2010-12-31,2010,0,0.3560125324349004
GNQ,2011-01-31,2011,0,0.4471146630442103
GNQ,2011-02-28,2011,0,0.4227824395111125
GNQ,2011-03-31,2011,0,0.49001266029220975
GNQ,2011-04-30,2011,0,0.424507679615929
GNQ,2011-05-31,2011,0,0.4200819638205126
GNQ,2011-06-30,2011,0,0.4267444852700173
GNQ,2011-07-31,2011,0,0.5015393349781373
GNQ,2011-08-31,2011,0,0.4698321827370791
GNQ,2011-09-30,2011,0,0.632720064989247
GNQ,2011-10-31,2011,0,0.5775608610883796
GNQ,2011-11-30,2011,0,0.6248967225715492
GNQ,2011-12-31,2011,0,0.6300297778267657
GNQ,2012-01-31,2012,0,0.5205214251710674
GNQ,2012-02-29,2012,0,0.4773834920363556
GNQ,2012-03-31,2012,0,0.4474333540396567
GNQ,2012-04-30,2012,0,0.5333380074199737
GNQ,2012-05-31,2012,0,0.6000344727002656
GNQ,2012-06-30,2012,0,0.5580117707597753
GNQ,2012-07-31,2012,0,0.5884285585505338
GNQ,2012-08-31,2012,0,0.524163522419842
GNQ,2012-09-30,2012,0,0.47510651171095475
GNQ,2012-10-31,2012,0,0.4840302599710516
GNQ,2012-11-30,2012,0,0.4742311860249214
GNQ,2012-12-31,2012,0,0.4926407507848819
GNQ,2013-01-31,2013,0,0.4299025200559796
GNQ,2013-02-28,2013,0,0.45524249230796743
GNQ,2013-03-31,2013,0,0.489981062035732
GNQ,2013-04-30,2013,0,0.4845882322668038
GNQ,2013-05-31,2013,0,0.4456867030588626
GNQ,2013-06-30,2013,0,0.4378327738979045
GNQ,2013-07-31,2013,0,0.46584099988509964
GNQ,2013-08-31,2013,0,0.4582779305908175
GNQ,2013-09-30,2013,0,0.4294033466370341
GNQ,2013-10-31,2013,0,0.43883149123742843
GNQ,2013-11-30,2013,0,0.4345794371107025
GNQ,2013-12-31,2013,0,0.4445708684451249
GNQ,2014-01-31,2014,0,0.4286129482884329
GNQ,2014-02-28,2014,0,0.39642283255085853
GNQ,2014-03-31,2014,0,0.4049633720694007
GNQ,2014-04-30,2014,0,0.3980284112594939
GNQ,2014-05-31,2014,0,0.43031217541928557
GNQ,2014-06-30,2014,0,0.4290348512593253
GNQ,2014-07-31,2014,0,0.4349349376347699
GNQ,2014-08-31,2014,0,0.4602465864786547
GNQ,2014-09-30,2014,0,0.5709628719114035
GNQ,2014-10-31,2014,0,0.5702292195728594
GNQ,2014-11-30,2014,0,0.5538280502338632
GNQ,2014-12-31,2014,0,0.5612899688888173
GNQ,2015-01-31,2015,0,0.7102505675322222
GNQ,2015-02-28,2015,0,0.7444802577371258
GNQ,2015-03-31,2015,0,0.7358307060661056
GNQ,2015-04-30,2015,0,0.5308641597853918
GNQ,2015-05-31,2015,0,0.5395456653040351
GNQ,2015-06-30,2015,0,0.4907063403899281
GNQ,2015-07-31,2015,0,0.48231154183049596
GNQ,2015-08-31,2015,0,0.4517070646725925
GNQ,2015-09-30,2015,0,0.4468545098141634
GNQ,2015-10-31,2015,0,0.47422190350391313
GNQ,2015-11-30,2015,0,0.5136291098053598
GNQ,2015-12-31,2015,0,0.47928074963463196
GNQ,2016-01-31,2016,0,0.4201868715277581
GNQ,2016-02-29,2016,0,0.4246661113263521
GNQ,2016-03-31,2016,0,0.3548137156395685
GNQ,2016-04-30,2016,0,0.35947832361065035
GNQ,2016-05-31,2016,0,0.33820803689939766
GNQ,2016-06-30,2016,0,0.35156855228362155
GNQ,2016-07-31,2016,0,0.3602745921284272
GNQ,2016-08-31,2016,0,0.3461073749828413
GNQ,2016-09-30,2016,0,0.4696336624776745
GNQ,2016-10-31,2016,0,0.45365645983319064
GNQ,2016-11-30,2016,0,0.4366932160246171
GNQ,2016-12-31,2016,0,0.4167729883107063
GTM,2002-01-31,2002,0,0.3056012091220809
GTM,2002-02-28,2002,0,0.3392179772649746
GTM,2002-03-31,2002,0,0.36732932371940896
GTM,2002-04-30,2002,0,0.3234425829599352
GTM,2002-05-31,2002,0,0.32440878738335815
GTM,2002-06-30,2002,0,0.3085129322305389
GTM,2002-07-31,2002,0,0.32074370360799853
GTM,2002-08-31,2002,0,0.3159467450328664
GTM,2002-09-30,2002,0,0.32953814920802704
GTM,2002-10-31,2002,0,0.31788923245354433
GTM,2002-11-30,2002,0,0.3478006096877995
GTM,2002-12-31,2002,0,0.4510724579997526
GTM,2003-01-31,2003,0,0.7153903353031197
GTM,2003-02-28,2003,0,0.7134377820702076
GTM,2003-03-31,2003,0,0.6869779223170064
GTM,2003-04-30,2003,0,0.688685227052109
GTM,2003-05-31,2003,0,0.7165225486052298
GTM,2003-06-30,2003,0,0.643516971158533
GTM,2003-07-31,2003,0,0.6666289957317738
GTM,2003-08-31,2003,0,0.6379770583473368
GTM,2003-09-30,2003,0,0.7143238384946632
GTM,2003-10-31,2003,0,0.742690057951963
GTM,2003-11-30,2003,0,0.6967982538804584
GTM,2003-12-31,2003,0,0.6792135131888152
GTM,2004-01-31,2004,0,0.6529911236820195
GTM,2004-02-29,2004,0,0.6586664816783425
GTM,2004-03-31,2004,0,0.655265482344583
GTM,2004-04-30,2004,0,0.6121730062864285
GTM,2004-05-31,2004,0,0.6237870328981981
GTM,2004-06-30,2004,0,0.6362478561417113
GTM,2004-07-31,2004,0,0.6076032076886848
GTM,2004-08-31,2004,0,0.6302058683154389
GTM,2004-09-30,2004,0,0.577423331999313
GTM,2004-10-31,2004,0,0.5747858089126792
GTM,2004-11-30,2004,0,0.5726279804195336
GTM,2004-12-31,2004,0,0.5478340117990981
GTM,2005-01-31,2005,0,0.5027175245322651
GTM,2005-02-28,2005,0,0.5419635232612582
GTM,2005-03-31,2005,0,0.5829341424814127
GTM,2005-04-30,2005,0,0.5490975528898783
GTM,2005-05-31,2005,0,0.5386365424211256
GTM,2005-06-30,2005,0,0.5116557437828155
GTM,2005-07-31,2005,0,0.48252492066446384
GTM,2005-08-31,2005,0,0.4396362075310265
GTM,2005-09-30,2005,0,0.7026223915641694
GTM,2005-10-31,2005,0,0.6643463001402969
GTM,2005-11-30,2005,0,0.6492394778432885
GTM,2005-12-31,2005,0,0.6498952966481646
GTM,2006-01-31,2006,0,0.5337329703869793
GTM,2006-02-28,2006,0,0.5131571952281433
GTM,2006-03-31,2006,0,0.5327500066874291
GTM,2006-04-30,2006,0,0.5815416056027102
GTM,2006-05-31,2006,0,0.5852456264063584
GTM,2006-06-30,2006,0,0.5703161271145881
GTM,2006-07-31,2006,0,0.5680085972355783
GTM,2006-08-31,2006,0,0.5599950812155173
GTM,2006-09-30,2006,0,0.3040945342545405
GTM,2006-10-31,2006,0,0.42611034761194955
GTM,2006-11-30,2006,0,0.5510356208300426
GTM,2006-12-31,2006,0,0.5496947829429814
GTM,2007-01-31,2007,0,0.6182909999622838
GTM,2007-02-28,2007,0,0.6279671894677186
GTM,2007-03-31,2007,0,0.6281218414551333
GTM,2007-04-30,2007,0,0.6204302889245927
GTM,2007-05-31,2007,0,0.6410554984815687
GTM,2007-06-30,2007,0,0.5997361118397287
GTM,2007-07-31,2007,0,0.5807525660516496
GTM,2007-08-31,2007,0,0.5778674508749125
GTM,2007-09-30,2007,0,0.5439940918499345
GTM,2007-10-31,2007,0,0.5124019727791266
GTM,2007-11-30,2007,0,0.5584452745492618
GTM,2007-12-31,2007,0,0.581356910342565
GTM,2008-01-31,2008,0,0.5758801299757702
GTM,2008-02-29,2008,0,0.5151497535799962
GTM,2008-03-31,2008,0,0.4983024803639138
GTM,2008-04-30,2008,0,0.4328126108232039
GTM,2008-05-31,2008,0,0.462228724208802
GTM,2008-06-30,2008,0,0.4480053802846549
GTM,2008-07-31,2008,0,0.4541774958844899
GTM,2008-08-31,2008,0,0.4428831980079168
GTM,2008-09-30,2008,0,0.4287167853606155
GTM,2008-10-31,2008,0,0.40804117538110346
GTM,2008-11-30,2008,0,0.38793965990119483
GTM,2008-12-31,2008,0,0.3698799233933952
GTM,2009-01-31,2009,0,0.49149361043175777
GTM,2009-02-28,2009,0,0.5111372269063806
GTM,2009-03-31,2009,0,0.49319951209051527
GTM,2009-04-30,2009,0,0.44589317788673694
GTM,2009-05-31,2009,0,0.45250955744234445
GTM,2009-06-30,2009,0,0.47973925604278994
GTM,2009-07-31,2009,0,0.5232847707880817
GTM,2009-08-31,2009,0,0.5394936376353212
GTM,2009-09-30,2009,0,0.5432474703730065
GTM,2009-10-31,2009,0,0.472767641078744
GTM,2009-11-30,2009,0,0.482288475968089
GTM,2009-12-31,2009,0,0.499241986120129
GTM,2010-01-31,2010,0,0.501039135711783
GTM,2010-02-28,2010,0,0.3491630448920167
GTM,2010-03-31,2010,0,0.33751633838924433
GTM,2010-04-30,2010,0,0.3436100183717706
GTM,2010-05-31,2010,0,0.35186118210765893
GTM,2010-06-30,2010,0,0.3679480116303327
GTM,2010-07-31,2010,0,0.3529663078589628
GTM,2010-08-31,2010,0,0.3408415784341824
GTM,2010-09-30,2010,0,0.4509613525140615
GTM,2010-10-31,2010,0,0.3906135913863563
GTM,2010-11-30,2010,0,0.4023741715807057
GTM,2010-12-31,2010,0,0.40310610293800786
GTM,2011-01-31,2011,0,0.39771118462271854
GTM,2011-02-28,2011,0,0.41141283634604847
GTM,2011-03-31,2011,0,0.41656250713492604
GTM,2011-04-30,2011,0,0.43185731149861845
GTM,2011-05-31,2011,0,0.5137122664440312
GTM,2011-06-30,2011,0,0.5262197825989895
GTM,2011-07-31,2011,0,0.5492656180505189
GTM,2011-08-31,2011,0,0.5401052300805973
GTM,2011-09-30,2011,0,0.5636434288881647
GTM,2011-10-31,2011,0,0.5752421687415202
GTM,2011-11-30,2011,0,0.5022031018988156
GTM,2011-12-31,2011,0,0.5068341378003196
GTM,2012-01-31,2012,0,0.49758218904296064
GTM,2012-02-29,2012,0,0.49578833660345756
GTM,2012-03-31,2012,0,0.49287821396886083
GTM,2012-04-30,2012,0,0.5054365463921799
GTM,2012-05-31,2012,0,0.4455277647263496
GTM,2012-06-30,2012,0,0.44599957276000435
GTM,2012-07-31,2012,0,0.43551193646210334
GTM,2012-08-31,2012,0,0.47208793498405566
GTM,2012-09-30,2012,0,0.5202504710751515
GTM,2012-10-31,2012,0,0.4253590812600693
GTM,2012-11-30,2012,0,0.42083505577986435
GTM,2012-12-31,2012,0,0.41519516428115993
GTM,2013-01-31,2013,0,0.430759517126964
GTM,2013-02-28,2013,0,0.4130855938477909
GTM,2013-03-31,2013,0,0.41491426862516045
GTM,2013-04-30,2013,0,0.43026039699023644
GTM,2013-05-31,2013,0,0.42411371900099076
GTM,2013-06-30,2013,0,0.4344069892916352
GTM,2013-07-31,2013,0,0.42754919321057133
GTM,2013-08-31,2013,0,0.4530466793987697
GTM,2013-09-30,2013,0,0.47622481791496574
GTM,2013-10-31,2013,0,0.5055806439297382
GTM,2013-11-30,2013,0,0.5153363532169555
GTM,2013-12-31,2013,0,0.5212453406659789
GTM,2014-01-31,2014,0,0.5296849899053638
GTM,2014-02-28,2014,0,0.4867476885684287
GTM,2014-03-31,2014,0,0.49575741122919126
GTM,2014-04-30,2014,0,0.5056163593039826
GTM,2014-05-31,2014,0,0.5168873920511048
GTM,2014-06-30,2014,0,0.5349321240114093
GTM,2014-07-31,2014,0,0.5237322880917938
GTM,2014-08-31,2014,0,0.5076923501986332
GTM,2014-09-30,2014,0,0.43021778851890724
GTM,2014-10-31,2014,0,0.43740300039293545
GTM,2014-11-30,2014,0,0.4295557833629043
GTM,2014-12-31,2014,0,0.4396568092656603
GTM,2015-01-31,2015,0,0.4258138729209432
GTM,2015-02-28,2015,0,0.41473327522393527
GTM,2015-03-31,2015,0,0.4192278810181534
GTM,2015-04-30,2015,0,0.4457073249940102
GTM,2015-05-31,2015,0,0.4612563929069847
GTM,2015-06-30,2015,0,0.46596629235541814
GTM,2015-07-31,2015,0,0.47332935127863585
GTM,2015-08-31,2015,0,0.4439119833802664
GTM,2015-09-30,2015,0,0.45960095767799736
GTM,2015-10-31,2015,0,0.443388187538928
GTM,2015-11-30,2015,0,0.46986983247838726
GTM,2015-12-31,2015,0,0.4351968339098841
GTM,2016-01-31,2016,0,0.44090952410929163
GTM,2016-02-29,2016,0,0.4284739726861973
GTM,2016-03-31,2016,0,0.4233210697494405
GTM,2016-04-30,2016,0,0.348805396643381
GTM,2016-05-31,2016,0,0.2987176726607551
GTM,2016-06-30,2016,0,0.2653118089335916
GTM,2016-07-31,2016,0,0.3140652453611915
GTM,2016-08-31,2016,0,0.3243023317104138
GTM,2016-09-30,2016,0,0.33935530882133735
GTM,2016-10-31,2016,0,0.32567689961605784
GTM,2016-11-30,2016,0,0.2955142863267604
GTM,2016-12-31,2016,0,0.3046664300564371
GUY,2002-01-31,2002,0,0.5410525711304254
GUY,2002-02-28,2002,0,0.5288935281690103
GUY,2002-03-31,2002,0,0.4214005729077214
GUY,2002-04-30,2002,0,0.4472326102220807
GUY,2002-05-31,2002,0,0.48287072043578494
GUY,2002-06-30,2002,0,0.4605263656530852
GUY,2002-07-31,2002,0,0.4423983261570012
GUY,2002-08-31,2002,0,0.4338573711436826
GUY,2002-09-30,2002,0,0.3181375858437821
GUY,2002-10-31,2002,0,0.19902014618633934
GUY,2002-11-30,2002,0,0.3653781672753188
GUY,2002-12-31,2002,0,0.3716753213086221
GUY,2003-01-31,2003,0,0.42020750977299726
GUY,2003-02-28,2003,0,0.39429101415185214
GUY,2003-03-31,2003,0,0.3409595013500127
GUY,2003-04-30,2003,0,0.37868321126182786
GUY,2003-05-31,2003,0,0.29848383098511716
GUY,2003-06-30,2003,0,0.26611251383174384
GUY,2003-07-31,2003,0,0.264057916391371
GUY,2003-08-31,2003,0,0.2533986342413758
GUY,2003-09-30,2003,0,0.22394565980237155
GUY,2003-10-31,2003,0,0.22594889054749118
GUY,2003-11-30,2003,0,0.25525295885399146
GUY,2003-12-31,2003,0,0.1526122023632995
GUY,2004-01-31,2004,0,0.2628784497104938
GUY,2004-02-29,2004,0,0.27596076821047805
GUY,2004-03-31,2004,0,0.27859017428071875
GUY,2004-04-30,2004,0,0.27417445207163815
GUY,2004-05-31,2004,0,0.24913571832077902
GUY,2004-06-30,2004,0,0.28486659074770676
GUY,2004-07-31,2004,0,0.21506083491918682
GUY,2004-08-31,2004,0,0.2989891328367938
GUY,2004-09-30,2004,0,0.3006836966908547
GUY,2004-10-31,2004,0,0.3061117399322996
GUY,2004-11-30,2004,0,0.32026722423154214
GUY,2004-12-31,2004,0,0.32527182124799253
GUY,2005-01-31,2005,0,0.49163135491101806
GUY,2005-02-28,2005,0,0.486090834814643
GUY,2005-03-31,2005,0,0.40507813756858857
GUY,2005-04-30,2005,0,0.4581324766199676
GUY,2005-05-31,2005,0,0.47821069466088706
GUY,2005-06-30,2005,0,0.5093697876943106
GUY,2005-07-31,2005,0,0.6442841455633035
GUY,2005-08-31,2005,0,0.3870441207245882
GUY,2005-09-30,2005,0,0.31627061238311094
GUY,2005-10-31,2005,0,0.35450771088055383
GUY,2005-11-30,2005,0,0.35476830992727987
GUY,2005-12-31,2005,0,0.35424969943551043
GUY,2006-01-31,2006,0,0.30246281426758587
GUY,2006-02-28,2006,0,0.30246281426758587
GUY,2006-03-31,2006,0,0.32266023126543675
GUY,2006-04-30,2006,0,0.316522233180279
GUY,2006-05-31,2006,0,0.3162089099995296
GUY,2006-06-30,2006,0,0.31864852755837697
GUY,2006-07-31,2006,0,0.37374125753369125
GUY,2006-08-31,2006,0,0.37374125753369125
GUY,2006-09-30,2006,0,0.4084299815993958
GUY,2006-10-31,2006,0,0.4766058724211927
GUY,2006-11-30,2006,0,0.4755231904297369
GUY,2006-12-31,2006,0,0.4833429540675986
GUY,2007-01-31,2007,0,0.6457836402744654
GUY,2007-02-28,2007,0,0.6460239493015572
GUY,2007-03-31,2007,0,0.691291393787962
GUY,2007-04-30,2007,0,0.7343411002060765
GUY,2007-05-31,2007,0,0.7343411002060765
GUY,2007-06-30,2007,0,0.7435738566203988
GUY,2007-07-31,2007,0,0.7293344960882729
GUY,2007-08-31,2007,0,0.7175476197904017
GUY,2007-09-30,2007,0,0.7225356637514811
GUY,2007-10-31,2007,0,0.7186604011803136
GUY,2007-11-30,2007,0,0.7050697699080675
GUY,2007-12-31,2007,0,0.6656248115331561
GUY,2008-01-31,2008,0,0.5605583484944808
GUY,2008-02-29,2008,0,0.5662373718754585
GUY,2008-03-31,2008,0,0.593754513885063
GUY,2008-04-30,2008,0,0.595985353984756
GUY,2008-05-31,2008,0,0.5662992320217152
GUY,2008-06-30,2008,0,0.5320420194974512
GUY,2008-07-31,2008,0,0.5388068501622885
GUY,2008-08-31,2008,0,0.5324598258822008
GUY,2008-09-30,2008,0,0.5481348208874335
GUY,2008-10-31,2008,0,0.5012554879222486
GUY,2008-11-30,2008,0,0.5077168921576893
GUY,2008-12-31,2008,0,0.5382251829943977
GUY,2009-01-31,2009,0,0.4675028549414269
GUY,2009-02-28,2009,0,0.4498976129209238
GUY,2009-03-31,2009,0,0.45133853808441804
GUY,2009-04-30,2009,0,0.47117764083925257
GUY,2009-05-31,2009,0,0.4629759573187025
GUY,2009-06-30,2009,0,0.47684233444501933
GUY,2009-07-31,2009,0,0.4776683406701297
GUY,2009-08-31,2009,0,0.5063382422750572
GUY,2009-09-30,2009,0,0.48269221785058536
GUY,2009-10-31,2009,0,0.46985269422885434
GUY,2009-11-30,2009,0,0.4356159734194262
GUY,2009-12-31,2009,0,0.4562061859268954
GUY,2010-01-31,2010,0,0.47113493993546685
GUY,2010-02-28,2010,0,0.45056972305153586
GUY,2010-03-31,2010,0,0.46619235798725356
GUY,2010-04-30,2010,0,0.44876825557943995
GUY,2010-05-31,2010,0,0.4191889071796985
GUY,2010-06-30,2010,0,0.4066168072716954
GUY,2010-07-31,2010,0,0.42609433799113927
GUY,2010-08-31,2010,0,0.41968796886926435
GUY,2010-09-30,2010,0,0.44070135903869334
GUY,2010-10-31,2010,0,0.43191068390126525
GUY,2010-11-30,2010,0,0.39898950446892245
GUY,2010-12-31,2010,0,0.3944190665775883
GUY,2011-01-31,2011,0,0.38097482392344933
GUY,2011-02-28,2011,0,0.39821066082442647
GUY,2011-03-31,2011,0,0.3867805903240422
GUY,2011-04-30,2011,0,0.38697678594047324
GUY,2011-05-31,2011,0,0.4234010335341541
GUY,2011-06-30,2011,0,0.43751588698859634
GUY,2011-07-31,2011,0,0.4409345056569575
GUY,2011-08-31,2011,0,0.4282769709915153
GUY,2011-09-30,2011,0,0.422835925933932
GUY,2011-10-31,2011,0,0.44263321800832367
GUY,2011-11-30,2011,0,0.47943629459191806
GUY,2011-12-31,2011,0,0.44972809527501495
GUY,2012-01-31,2012,0,0.4423618750582256
GUY,2012-02-29,2012,0,0.4482513736696334
GUY,2012-03-31,2012,0,0.45147492849653675
GUY,2012-04-30,2012,0,0.46426486691451185
GUY,2012-05-31,2012,0,0.40334059142713874
GUY,2012-06-30,2012,0,0.387248556031072
GUY,2012-07-31,2012,0,0.37823200042650307
GUY,2012-08-31,2012,0,0.39001587546317085
GUY,2012-09-30,2012,0,0.37399004145915804
GUY,2012-10-31,2012,0,0.3735000390470641
GUY,2012-11-30,2012,0,0.4555862978808163
GUY,2012-12-31,2012,0,0.4052429597323365
GUY,2013-01-31,2013,0,0.41891563441992474
GUY,2013-02-28,2013,0,0.4189493829116969
GUY,2013-03-31,2013,0,0.40945305707221924
GUY,2013-04-30,2013,0,0.3686684917319478
GUY,2013-05-31,2013,0,0.48640380179561354
GUY,2013-06-30,2013,0,0.4880047155513094
GUY,2013-07-31,2013,0,0.39255914966254096
GUY,2013-08-31,2013,0,0.381643752519155
GUY,2013-09-30,2013,0,0.37654280617789915
GUY,2013-10-31,2013,0,0.3757244389402717
GUY,2013-11-30,2013,0,0.37648128435676026
GUY,2013-12-31,2013,0,0.3798065969788019
GUY,2014-01-31,2014,0,0.42352980737451207
GUY,2014-02-28,2014,0,0.42526894949660005
GUY,2014-03-31,2014,0,0.3981001127063002
GUY,2014-04-30,2014,0,0.40871290877660627
GUY,2014-05-31,2014,0,0.40365061680619974
GUY,2014-06-30,2014,0,0.4106687317268482
GUY,2014-07-31,2014,0,0.4851920837012723
GUY,2014-08-31,2014,0,0.542159633175558
GUY,2014-09-30,2014,0,0.5081567467091787
GUY,2014-10-31,2014,0,0.5081567467091787
GUY,2014-11-30,2014,0,0.45720522078528625
GUY,2014-12-31,2014,0,0.45720522078528625
GUY,2015-01-31,2015,0,0.41990982068439986
GUY,2015-02-28,2015,0,0.6677518486688298
GUY,2015-03-31,2015,0,0.4212206116589996
GUY,2015-04-30,2015,0,0.4212206116589996
GUY,2015-05-31,2015,0,0.4212206116589996
GUY,2015-06-30,2015,0,0.4212206116589996
GUY,2015-07-31,2015,0,0.4212206116589996
GUY,2015-08-31,2015,0,0.4212206116589996
GUY,2015-09-30,2015,0,0.4212206116589996
GUY,2015-10-31,2015,0,0.4212206116589996
GUY,2015-11-30,2015,0,0.4212206116589996
GUY,2015-12-31,2015,0,0.4212206116589996
GUY,2016-01-31,2016,0,0.4011691270955553
GUY,2016-02-29,2016,0,0.4011691270955553
GUY,2016-03-31,2016,0,0.4011691270955553
GUY,2016-04-30,2016,0,0.4011691270955553
GUY,2016-05-31,2016,0,0.4011691270955553
GUY,2016-06-30,2016,0,0.4011691270955553
GUY,2016-07-31,2016,0,0.4011691270955553
GUY,2016-08-31,2016,0,0.4011691270955553
GUY,2016-09-30,2016,0,0.4011691270955553
GUY,2016-10-31,2016,0,0.4011691270955553
GUY,2016-11-30,2016,0,0.4011691270955553
GUY,2016-12-31,2016,0,0.4011691270955553
HND,2002-01-31,2002,0,0.3069190441353829
HND,2002-02-28,2002,0,0.3218952438660456
HND,2002-03-31,2002,0,0.3306899054654943
HND,2002-04-30,2002,0,0.33382023639558017
HND,2002-05-31,2002,0,0.3533441089268151
HND,2002-06-30,2002,0,0.34428382605457436
HND,2002-07-31,2002,0,0.3067064245831357
HND,2002-08-31,2002,0,0.3698291861400331
HND,2002-09-30,2002,0,0.3877830547649146
HND,2002-10-31,2002,0,0.35608994479389555
HND,2002-11-30,2002,0,0.31589648049271424
HND,2002-12-31,2002,0,0.32437511938893376
HND,2003-01-31,2003,0,0.44747287229919136
HND,2003-02-28,2003,0,0.47455580265490505
HND,2003-03-31,2003,0,0.5249960828979024
HND,2003-04-30,2003,0,0.48374706730416556
HND,2003-05-31,2003,0,0.3392492033553947
HND,2003-06-30,2003,0,0.3465768631629617
HND,2003-07-31,2003,0,0.3414066100922369
HND,2003-08-31,2003,0,0.3671471836904173
HND,2003-09-30,2003,0,0.3796115444314044
HND,2003-10-31,2003,0,0.259683091571135
HND,2003-11-30,2003,0,0.3036752319582638
HND,2003-12-31,2003,0,0.3357790212082575
HND,2004-01-31,2004,0,0.40642349312144893
HND,2004-02-29,2004,0,0.4311061051171432
HND,2004-03-31,2004,0,0.5423052893472331
HND,2004-04-30,2004,0,0.5155409435814917
HND,2004-05-31,2004,0,0.5426013217210054
HND,2004-06-30,2004,0,0.5916401981357257
HND,2004-07-31,2004,0,0.5946905164405554
HND,2004-08-31,2004,0,0.5664836080093962
HND,2004-09-30,2004,0,0.5139206688199142
HND,2004-10-31,2004,0,0.5388160085384429
HND,2004-11-30,2004,0,0.4432114993433625
HND,2004-12-31,2004,0,0.44442470804211043
HND,2005-01-31,2005,0,0.42713866285279267
HND,2005-02-28,2005,0,0.4098978404330936
HND,2005-03-31,2005,0,0.2793379625052942
HND,2005-04-30,2005,0,0.293482026799014
HND,2005-05-31,2005,0,0.2763295764407719
HND,2005-06-30,2005,0,0.3132655991581675
HND,2005-07-31,2005,0,0.3489614000137716
HND,2005-08-31,2005,0,0.39174225189237455
HND,2005-09-30,2005,0,0.43055592085737976
HND,2005-10-31,2005,0,0.4329360055434865
HND,2005-11-30,2005,0,0.4735878166372248
HND,2005-12-31,2005,0,0.5191694570088653
HND,2006-01-31,2006,0,0.5232920881263421
HND,2006-02-28,2006,0,0.598729633404182
HND,2006-03-31,2006,0,0.6689056032372107
HND,2006-04-30,2006,0,1.0
HND,2006-05-31,2006,0,1.0
HND,2006-06-30,2006,0,0.6400436942136599
HND,2006-07-31,2006,0,0.660444551006158
HND,2006-08-31,2006,0,0.6668596492275609
HND,2006-09-30,2006,0,1.0
HND,2006-10-31,2006,0,1.0
HND,2006-11-30,2006,0,1.0
HND,2006-12-31,2006,0,0.999999999611322
HND,2007-01-31,2007,0,0.24976245495905558
HND,2007-02-28,2007,0,0.2497651228749756
HND,2007-03-31,2007,0,0.22248525726366303
HND,2007-04-30,2007,0,0.18500431923867403
HND,2007-05-31,2007,0,0.10914089989387253
HND,2007-06-30,2007,0,0.00031283078423790085
HND,2007-07-31,2007,0,0.27057122005736495
HND,2007-08-31,2007,0,0.27057122005736495
HND,2007-09-30,2007,0,0.2027231770727567
HND,2007-10-31,2007,0,0.08663777548173324
HND,2007-11-30,2007,0,0.011089651235644114
HND,2007-12-31,2007,0,4.1115158605343824e-10
HND,2008-01-31,2008,0,0.3779779331351265
HND,2008-02-29,2008,0,1.9189469633844815e-23
HND,2008-03-31,2008,0,0.776024498628579
HND,2008-04-30,2008,0,0.7768973610869094
HND,2008-05-31,2008,0,0.4972048884910009
HND,2008-06-30,2008,0,0.5121228593228991
HND,2008-07-31,2008,0,0.5136653156143846
HND,2008-08-31,2008,0,0.5157124593133617
HND,2008-09-30,2008,0,0.5182136399299853
HND,2008-10-31,2008,0,0.4265532085592515
HND,2008-11-30,2008,0,0.4101758554384805
HND,2008-12-31,2008,0,0.4110618882722314
HND,2009-01-31,2009,0,9.01473882039777e-05
HND,2009-02-28,2009,0,0.5625714074104151
HND,2009-03-31,2009,0,0.5643211033916834
HND,2009-04-30,2009,0,0.3612669343704202
HND,2009-05-31,2009,0,0.3334155449353731
HND,2009-06-30,2009,0,0.3333708048855313
HND,2009-07-31,2009,0,3.186139760440448e-24
HND,2009-08-31,2009,0,0.5061590925674073
HND,2009-09-30,2009,0,0.5061590925674073
HND,2009-10-31,2009,0,0.5061590925674073
HND,2009-11-30,2009,0,0.5061590925674073
HND,2009-12-31,2009,0,0.5061590925674073
HND,2010-01-31,2010,0,0.5473341720778013
HND,2010-02-28,2010,0,0.5473341720778013
HND,2010-03-31,2010,0,0.5473341720778013
HND,2010-04-30,2010,0,0.5473341720778013
HND,2010-05-31,2010,0,0.5473341720778013
HND,2010-06-30,2010,0,0.5473341720778013
HND,2010-07-31,2010,0,0.5473341720778013
HND,2010-08-31,2010,0,0.5473341720778013
HND,2010-09-30,2010,0,0.5473341720778013
HND,2010-10-31,2010,0,0.5473341720778013
HND,2010-11-30,2010,0,0.5473341720778013
HND,2010-12-31,2010,0,0.5473341720778013
HND,2011-01-31,2011,0,0.5967488591293216
HND,2011-02-28,2011,0,0.5967488591293216
HND,2011-03-31,2011,0,0.5967488591293216
HND,2011-04-30,2011,0,0.5967488591293216
HND,2011-05-31,2011,0,0.5967488591293216
HND,2011-06-30,2011,0,0.5967488591293216
HND,2011-07-31,2011,0,0.3624333633333368
HND,2011-08-31,2011,0,0.5561836185137368
HND,2011-09-30,2011,0,0.6194031232184909
HND,2011-10-31,2011,0,0.5998123505049603
HND,2011-11-30,2011,0,0.5926782053693023
HND,2011-12-31,2011,0,0.5762239821413181
HND,2012-01-31,2012,0,0.43645067117183184
HND,2012-02-29,2012,0,0.4263003546295559
HND,2012-03-31,2012,0,0.41360006893031737
HND,2012-04-30,2012,0,0.3990391539019106
HND,2012-05-31,2012,0,0.39218865997007557
HND,2012-06-30,2012,0,0.3723982739644246
HND,2012-07-31,2012,0,0.32158976937386
HND,2012-08-31,2012,0,0.31701433461671824
HND,2012-09-30,2012,0,0.3280482973234387
HND,2012-10-31,2012,0,0.3663773821230729
HND,2012-11-30,2012,0,0.43004511695230246
HND,2012-12-31,2012,0,0.4504574803027971
HND,2013-01-31,2013,0,0.41771962742004576
HND,2013-02-28,2013,0,0.4384579996140115
HND,2013-03-31,2013,0,0.4268919993593409
HND,2013-04-30,2013,0,0.43566004034630057
HND,2013-05-31,2013,0,0.435106343868
HND,2013-06-30,2013,0,0.44568765400662996
HND,2013-07-31,2013,0,0.3724482509211754
HND,2013-08-31,2013,0,0.3446743131496808
HND,2013-09-30,2013,0,0.3444531714442164
HND,2013-10-31,2013,0,0.38412350670491874
HND,2013-11-30,2013,0,0.3995417447187973
HND,2013-12-31,2013,0,0.4346818996487578
HND,2014-01-31,2014,0,0.3878620744320505
HND,2014-02-28,2014,0,0.389465431494014
HND,2014-03-31,2014,0,0.3863157751859941
HND,2014-04-30,2014,0,0.3813567808963765
HND,2014-05-31,2014,0,0.3668662539644475
HND,2014-06-30,2014,0,0.4777714230573613
HND,2014-07-31,2014,0,0.461825409336415
HND,2014-08-31,2014,0,0.46698440408583847
HND,2014-09-30,2014,0,0.4649077218601697
HND,2014-10-31,2014,0,0.47382953774468206
HND,2014-11-30,2014,0,0.44262627767150553
HND,2014-12-31,2014,0,0.4394426762046413
HND,2015-01-31,2015,0,0.531609005908081
HND,2015-02-28,2015,0,0.5337341635657308
HND,2015-03-31,2015,0,0.5365502752273927
HND,2015-04-30,2015,0,0.5371539539837779
HND,2015-05-31,2015,0,0.2989719728461139
HND,2015-06-30,2015,0,0.3271156184321573
HND,2015-07-31,2015,0,0.2864308805272671
HND,2015-08-31,2015,0,0.3296383910326142
HND,2015-09-30,2015,0,0.34699756199456433
HND,2015-10-31,2015,0,0.34119709116754626
HND,2015-11-30,2015,0,0.40388115126374685
HND,2015-12-31,2015,0,0.39025844794564946
HND,2016-01-31,2016,0,0.3520265458472763
HND,2016-02-29,2016,0,0.35761351271209585
HND,2016-03-31,2016,0,0.37708240530742876
HND,2016-04-30,2016,0,0.39063928062299913
HND,2016-05-31,2016,0,0.4383487308934651
HND,2016-06-30,2016,0,0.41206009081181105
HND,2016-07-31,2016,0,0.39159142737388164
HND,2016-08-31,2016,0,0.4003181626200797
HND,2016-09-30,2016,0,0.36244159371640405
HND,2016-10-31,2016,0,0.39344318265895706
HND,2016-11-30,2016,0,0.5311591081916852
HND,2016-12-31,2016,0,0.5419688175696514
HTI,2002-01-31,2002,1,0.30070762836362963
HTI,2002-02-28,2002,1,0.2811616232485137
HTI,2002-03-31,2002,1,0.28819418216655246
HTI,2002-04-30,2002,1,0.2985403270484643
HTI,2002-05-31,2002,1,0.2576860509940606
HTI,2002-06-30,2002,1,0.2703821225695651
HTI,2002-07-31,2002,1,0.31967591520953326
HTI,2002-08-31,2002,1,0.3284793744355832
HTI,2002-09-30,2002,1,0.33419032817699096
HTI,2002-10-31,2002,1,0.7691085237454485
HTI,2002-11-30,2002,1,0.9071633971472284
HTI,2002-12-31,2002,1,0.9002244761176218
HTI,2003-01-31,2003,0,0.7225331453550634
HTI,2003-02-28,2003,0,0.3036052484048793
HTI,2003-03-31,2003,0,0.1697972010920294
HTI,2003-04-30,2003,0,0.0009648373368367657
HTI,2003-05-31,2003,0,1.7945303197746656e-05
HTI,2003-06-30,2003,0,2.0548263880831574e-05
HTI,2003-07-31,2003,0,5.094050968109371e-07
HTI,2003-08-31,2003,0,5.008254211977544e-07
HTI,2003-09-30,2003,0,5.230638464375716e-07
HTI,2003-10-31,2003,0,6.876552040891878e-05
HTI,2003-11-30,2003,0,0.009260599308982207
HTI,2003-12-31,2003,0,0.007163413927204194
HTI,2004-01-31,2004,0,0.5063966772534525
HTI,2004-02-29,2004,0,0.510160036220869
HTI,2004-03-31,2004,0,0.2846468631582287
HTI,2004-04-30,2004,0,0.26242680491556825
HTI,2004-05-31,2004,0,0.2605048004872852
HTI,2004-06-30,2004,0,0.2704144766279206
HTI,2004-07-31,2004,0,0.27579940956627663
HTI,2004-08-31,2004,0,0.27086987055583334
HTI,2004-09-30,2004,0,0.33591511090580933
HTI,2004-10-31,2004,0,0.3621269589433671
HTI,2004-11-30,2004,0,0.34520675278874313
HTI,2004-12-31,2004,0,0.3921920386936888
HTI,2005-01-31,2005,0,0.21947500237713766
HTI,2005-02-28,2005,0,0.21450424733981147
HTI,2005-03-31,2005,0,0.2036432129510517
HTI,2005-04-30,2005,0,0.2752191837305116
HTI,2005-05-31,2005,0,0.24945989612151284
HTI,2005-06-30,2005,0,0.43736719122364903
HTI,2005-07-31,2005,0,0.5630856156580066
HTI,2005-08-31,2005,0,0.5625164416337112
HTI,2005-09-30,2005,0,0.5649270055499602
HTI,2005-10-31,2005,0,0.5429478213713188
HTI,2005-11-30,2005,0,0.5550629800470702
HTI,2005-12-31,2005,0,0.5636991750833172
HTI,2006-01-31,2006,0,0.7200011089958108
HTI,2006-02-28,2006,0,0.6663097684465346
HTI,2006-03-31,2006,0,0.6568827163422633
HTI,2006-04-30,2006,0,0.48600756218106134
HTI,2006-05-31,2006,0,0.35489825479627185
HTI,2006-06-30,2006,0,0.3866604110279941
HTI,2006-07-31,2006,0,0.2816385781751761
HTI,2006-08-31,2006,0,0.3141989585157621
HTI,2006-09-30,2006,0,0.31365305371738456
HTI,2006-10-31,2006,0,0.32282297681594163
HTI,2006-11-30,2006,0,0.3733829188426083
HTI,2006-12-31,2006,0,0.33844628743695565
HTI,2007-01-31,2007,0,0.31336684973434675
HTI,2007-02-28,2007,0,0.3077787578571385
HTI,2007-03-31,2007,0,0.3245280728463179
HTI,2007-04-30,2007,0,0.3234999462956627
HTI,2007-05-31,2007,0,0.37753800265327103
HTI,2007-06-30,2007,0,0.42826321731423844
HTI,2007-07-31,2007,0,0.3851096577133133
HTI,2007-08-31,2007,0,0.37675035879419
HTI,2007-09-30,2007,0,0.4173875664076847
HTI,2007-10-31,2007,0,0.4049491060829762
HTI,2007-11-30,2007,0,0.40222993973619703
HTI,2007-12-31,2007,0,0.4651808837762705
HTI,2008-01-31,2008,0,0.4235418056008638
HTI,2008-02-29,2008,0,0.39133441995654783
HTI,2008-03-31,2008,0,0.4347643405659568
HTI,2008-04-30,2008,0,0.4065716743971906
HTI,2008-05-31,2008,0,0.39164240751074714
HTI,2008-06-30,2008,0,0.42317063946890143
HTI,2008-07-31,2008,0,0.4311611693896209
HTI,2008-08-31,2008,0,0.4225313803207947
HTI,2008-09-30,2008,0,0.4260981574783391
HTI,2008-10-31,2008,0,0.4558621965214897
HTI,2008-11-30,2008,0,0.47468126510842906
HTI,2008-12-31,2008,0,0.36024428771245365
HTI,2009-01-31,2009,0,0.42278563220884796
HTI,2009-02-28,2009,0,0.42719483835484984
HTI,2009-03-31,2009,0,0.398761635449831
HTI,2009-04-30,2009,0,0.3877739439257676
HTI,2009-05-31,2009,0,0.4094601142943079
HTI,2009-06-30,2009,0,0.44844388982156413
HTI,2009-07-31,2009,0,0.4130543951744806
HTI,2009-08-31,2009,0,0.41676081544131705
HTI,2009-09-30,2009,0,0.404507020051106
HTI,2009-10-31,2009,0,0.37457551738857736
HTI,2009-11-30,2009,0,0.34837759581527
HTI,2009-12-31,2009,0,0.3975416480677296
HTI,2010-01-31,2010,0,0.11981863643603856
HTI,2010-02-28,2010,0,0.12672624720565837
HTI,2010-03-31,2010,0,0.15088131416455977
HTI,2010-04-30,2010,0,0.17529125940839466
HTI,2010-05-31,2010,0,0.1806773659031475
HTI,2010-06-30,2010,0,0.17514874280968984
HTI,2010-07-31,2010,0,0.3381765673128186
HTI,2010-08-31,2010,0,0.33892773618097155
HTI,2010-09-30,2010,0,0.3080029712139871
HTI,2010-10-31,2010,0,0.3187881054702155
HTI,2010-11-30,2010,0,0.3119560998856914
HTI,2010-12-31,2010,0,0.22269587099699925
HTI,2011-01-31,2011,0,0.489087581883051
HTI,2011-02-28,2011,0,0.4862296019010174
HTI,2011-03-31,2011,0,0.4380766392046644
HTI,2011-04-30,2011,0,0.4464008043554515
HTI,2011-05-31,2011,0,0.4652184469231068
HTI,2011-06-30,2011,0,0.4904260429939525
HTI,2011-07-31,2011,0,0.39840406788320043
HTI,2011-08-31,2011,0,0.4349551496387693
HTI,2011-09-30,2011,0,0.44056488430262475
HTI,2011-10-31,2011,0,0.43454486811689547
HTI,2011-11-30,2011,0,0.44762253815341463
HTI,2011-12-31,2011,0,0.4188973751855167
HTI,2012-01-31,2012,0,0.5495886863601487
HTI,2012-02-29,2012,0,0.5464903379814237
HTI,2012-03-31,2012,0,0.5780191800939506
HTI,2012-04-30,2012,0,0.5674265575853842
HTI,2012-05-31,2012,0,0.5462438894294285
HTI,2012-06-30,2012,0,0.5870651790390193
HTI,2012-07-31,2012,0,0.5505048027011585
HTI,2012-08-31,2012,0,0.5554771226940285
HTI,2012-09-30,2012,0,0.5522209130731166
HTI,2012-10-31,2012,0,0.5734544707212508
HTI,2012-11-30,2012,0,0.5606997110122793
HTI,2012-12-31,2012,0,0.5854412405750591
HTI,2013-01-31,2013,0,0.3739986506523956
HTI,2013-02-28,2013,0,0.38540022435428367
HTI,2013-03-31,2013,0,0.36714414070682677
HTI,2013-04-30,2013,0,0.4506524984276098
HTI,2013-05-31,2013,0,0.46131409713707805
HTI,2013-06-30,2013,0,0.475243365588499
HTI,2013-07-31,2013,0,0.4296097553372701
HTI,2013-08-31,2013,0,0.442528537506585
HTI,2013-09-30,2013,0,0.4525130325115162
HTI,2013-10-31,2013,0,0.4679419219031413
HTI,2013-11-30,2013,0,0.4541223934982819
HTI,2013-12-31,2013,0,0.4447235020066618
HTI,2014-01-31,2014,0,0.536943824160061
HTI,2014-02-28,2014,0,0.5269052213216913
HTI,2014-03-31,2014,0,0.5307697822787139
HTI,2014-04-30,2014,0,0.5275464418431817
HTI,2014-05-31,2014,0,0.5215872982241913
HTI,2014-06-30,2014,0,0.5178356991696583
HTI,2014-07-31,2014,0,0.5216505978141158
HTI,2014-08-31,2014,0,0.5265038583502037
HTI,2014-09-30,2014,0,0.5212307614348894
HTI,2014-10-31,2014,0,0.5139716685644382
HTI,2014-11-30,2014,0,0.609473977244509
HTI,2014-12-31,2014,0,0.6158881949617881
HTI,2015-01-31,2015,0,0.6510629257948964
HTI,2015-02-28,2015,0,0.6628824459228164
HTI,2015-03-31,2015,0,0.6777029550708599
HTI,2015-04-30,2015,0,0.6882585496741556
HTI,2015-05-31,2015,0,0.6467126178848227
HTI,2015-06-30,2015,0,0.7532462214832872
HTI,2015-07-31,2015,0,0.7303843090919113
HTI,2015-08-31,2015,0,0.42327900432016663
HTI,2015-09-30,2015,0,0.40188488854183685
HTI,2015-10-31,2015,0,0.39763956520058213
HTI,2015-11-30,2015,0,0.4653385126336501
HTI,2015-12-31,2015,0,0.4315989580534269
HTI,2016-01-31,2016,0,0.40785123021100433
HTI,2016-02-29,2016,0,0.51210536563457
HTI,2016-03-31,2016,0,0.5037029685559338
HTI,2016-04-30,2016,0,0.48065205498855706
HTI,2016-05-31,2016,0,0.47711554876452356
HTI,2016-06-30,2016,0,0.4573195142746566
HTI,2016-07-31,2016,0,0.409778159015753
HTI,2016-08-31,2016,0,0.6237341451910167
HTI,2016-09-30,2016,0,0.6178352409431814
HTI,2016-10-31,2016,0,0.6432641707764983
HTI,2016-11-30,2016,0,0.7310741412526929
HTI,2016-12-31,2016,0,0.6847845133692546
IDN,2002-01-31,2002,0,0.00183322057033313
IDN,2002-02-28,2002,0,0.0023032483502526953
IDN,2002-03-31,2002,0,0.00206932239423342
IDN,2002-04-30,2002,0,0.15051289662292333
IDN,2002-05-31,2002,0,0.15617231608333298
IDN,2002-06-30,2002,0,0.16221681221659542
IDN,2002-07-31,2002,0,0.25637544839612164
IDN,2002-08-31,2002,0,0.2775438631758164
IDN,2002-09-30,2002,0,0.2663378182466934
IDN,2002-10-31,2002,0,0.21671536936115524
IDN,2002-11-30,2002,0,0.247850324654321
IDN,2002-12-31,2002,0,0.2457808790263987
IDN,2003-01-31,2003,0,0.3220467983945697
IDN,2003-02-28,2003,0,0.313923892624144
IDN,2003-03-31,2003,0,0.32199357002746043
IDN,2003-04-30,2003,0,0.26790132027665287
IDN,2003-05-31,2003,0,0.2458642887079507
IDN,2003-06-30,2003,0,0.24964354398864638
IDN,2003-07-31,2003,0,0.2670733860859943
IDN,2003-08-31,2003,0,0.2649404626991233
IDN,2003-09-30,2003,0,0.2860337976754737
IDN,2003-10-31,2003,0,0.25324244131653584
IDN,2003-11-30,2003,0,0.27888744054483633
IDN,2003-12-31,2003,0,0.29321163473282735
IDN,2004-01-31,2004,0,0.22742050124832666
IDN,2004-02-29,2004,0,0.23102602547059295
IDN,2004-03-31,2004,0,0.26226691592369017
IDN,2004-04-30,2004,0,0.2422974156103825
IDN,2004-05-31,2004,0,0.5598069032570255
IDN,2004-06-30,2004,0,0.5403441288433133
IDN,2004-07-31,2004,0,0.43818537780876615
IDN,2004-08-31,2004,0,0.4173404617691757
IDN,2004-09-30,2004,0,0.38727683996699563
IDN,2004-10-31,2004,0,0.40821840317220787
IDN,2004-11-30,2004,0,0.3782308865683538
IDN,2004-12-31,2004,0,0.3829248066318197
IDN,2005-01-31,2005,0,0.4066597172564842
IDN,2005-02-28,2005,0,0.41545140836031913
IDN,2005-03-31,2005,0,0.4104197831524165
IDN,2005-04-30,2005,0,0.4185295095847294
IDN,2005-05-31,2005,0,0.33962063064452214
IDN,2005-06-30,2005,0,0.33960098697181323
IDN,2005-07-31,2005,0,0.3483452212861702
IDN,2005-08-31,2005,0,0.4374323975058368
IDN,2005-09-30,2005,0,0.43460290878329066
IDN,2005-10-31,2005,0,0.35190419728643735
IDN,2005-11-30,2005,0,0.3455528824054221
IDN,2005-12-31,2005,0,0.34002345679464513
IDN,2006-01-31,2006,0,0.19426492163740836
IDN,2006-02-28,2006,0,0.19545309657575122
IDN,2006-03-31,2006,0,0.20224445008646158
IDN,2006-04-30,2006,0,0.21426494404374144
IDN,2006-05-31,2006,0,0.2667777431937318
IDN,2006-06-30,2006,0,0.28237868859291
IDN,2006-07-31,2006,0,0.31038435962427374
IDN,2006-08-31,2006,0,0.3259206712693708
IDN,2006-09-30,2006,0,0.3321285196259311
IDN,2006-10-31,2006,0,0.34678692678795064
IDN,2006-11-30,2006,0,0.31938277421757066
IDN,2006-12-31,2006,0,0.29805381114387663
IDN,2007-01-31,2007,0,0.2422780496188712
IDN,2007-02-28,2007,0,0.2304731815586581
IDN,2007-03-31,2007,0,0.23492332840805652
IDN,2007-04-30,2007,0,0.26580269788480193
IDN,2007-05-31,2007,0,0.12796270318476036
IDN,2007-06-30,2007,0,0.17853116188791326
IDN,2007-07-31,2007,0,0.17204744493893603
IDN,2007-08-31,2007,0,0.19869774543297303
IDN,2007-09-30,2007,0,0.17252364337485393
IDN,2007-10-31,2007,0,0.16695942335211686
IDN,2007-11-30,2007,0,0.18243944910496912
IDN,2007-12-31,2007,0,0.1805579431016756
IDN,2008-01-31,2008,0,0.286828751647194
IDN,2008-02-29,2008,0,0.26286301999003464
IDN,2008-03-31,2008,0,0.2753161292668498
IDN,2008-04-30,2008,0,0.2726182278603187
IDN,2008-05-31,2008,0,0.2670290903970817
IDN,2008-06-30,2008,0,0.2686544801598114
IDN,2008-07-31,2008,0,0.281273733742656
IDN,2008-08-31,2008,0,0.3126239826251349
IDN,2008-09-30,2008,0,0.36208686520849714
IDN,2008-10-31,2008,0,0.8260565807228819
IDN,2008-11-30,2008,0,0.8809910312982927
IDN,2008-12-31,2008,0,0.5642735222339216
IDN,2009-01-31,2009,0,0.4399660254111618
IDN,2009-02-28,2009,0,0.3355631084112926
IDN,2009-03-31,2009,0,0.3015476195753982
IDN,2009-04-30,2009,0,0.0007355394518095483
IDN,2009-05-31,2009,0,2.4171536827161132e-06
IDN,2009-06-30,2009,0,3.361331829469735e-06
IDN,2009-07-31,2009,0,3.3885699332037137e-06
IDN,2009-08-31,2009,0,3.2366928632687724e-06
IDN,2009-09-30,2009,0,2.7148772449246344e-06
IDN,2009-10-31,2009,0,0.0008623402505799863
IDN,2009-11-30,2009,0,0.1546525670898147
IDN,2009-12-31,2009,0,0.20112774303796951
IDN,2010-01-31,2010,0,0.3262632545699339
IDN,2010-02-28,2010,0,0.2365668692199571
IDN,2010-03-31,2010,0,0.25125095640127865
IDN,2010-04-30,2010,0,0.3086870237423857
IDN,2010-05-31,2010,0,0.42054080073666816
IDN,2010-06-30,2010,0,0.4224428370960799
IDN,2010-07-31,2010,0,0.43062379436171483
IDN,2010-08-31,2010,0,0.41855880065939083
IDN,2010-09-30,2010,0,0.49459761307276723
IDN,2010-10-31,2010,0,0.49228023066416765
IDN,2010-11-30,2010,0,0.47077024186550553
IDN,2010-12-31,2010,0,0.4645195800354479
IDN,2011-01-31,2011,0,0.5522591413885749
IDN,2011-02-28,2011,0,0.47535814323976067
IDN,2011-03-31,2011,0,0.4813756138062389
IDN,2011-04-30,2011,0,0.48382206304535813
IDN,2011-05-31,2011,0,0.4813250610016388
IDN,2011-06-30,2011,0,0.4903254299620506
IDN,2011-07-31,2011,0,0.49196365547108023
IDN,2011-08-31,2011,0,0.5303148273767287
IDN,2011-09-30,2011,0,0.6048277817000215
IDN,2011-10-31,2011,0,0.6303411337974107
IDN,2011-11-30,2011,0,0.6793641535486418
IDN,2011-12-31,2011,0,0.6305664796309377
IDN,2012-01-31,2012,0,0.44070835022683996
IDN,2012-02-29,2012,0,0.45560415854501735
IDN,2012-03-31,2012,0,0.4714023259577193
IDN,2012-04-30,2012,0,0.4948157287837758
IDN,2012-05-31,2012,0,0.5059318825546961
IDN,2012-06-30,2012,0,0.49010430431099605
IDN,2012-07-31,2012,0,0.5086032355235269
IDN,2012-08-31,2012,0,0.5010652451632287
IDN,2012-09-30,2012,0,0.5256599153359598
IDN,2012-10-31,2012,0,0.5281123955173848
IDN,2012-11-30,2012,0,0.4629743868636251
IDN,2012-12-31,2012,0,0.5255358380491464
IDN,2013-01-31,2013,0,0.6196963489176428
IDN,2013-02-28,2013,0,0.6096943967576378
IDN,2013-03-31,2013,0,0.6154298321943737
IDN,2013-04-30,2013,0,0.6192296551509509
IDN,2013-05-31,2013,0,0.44107496638824145
IDN,2013-06-30,2013,0,0.5345270115549108
IDN,2013-07-31,2013,0,0.675628890797674
IDN,2013-08-31,2013,0,0.7148254324390274
IDN,2013-09-30,2013,0,0.7386436047697902
IDN,2013-10-31,2013,0,0.5920466153760768
IDN,2013-11-30,2013,0,0.6228147373608289
IDN,2013-12-31,2013,0,0.6041724457489496
IDN,2014-01-31,2014,0,0.8112295641407924
IDN,2014-02-28,2014,0,0.6535533057108758
IDN,2014-03-31,2014,0,0.592301594309078
IDN,2014-04-30,2014,0,0.6201959026461518
IDN,2014-05-31,2014,0,0.6218271795813965
IDN,2014-06-30,2014,0,0.6593577109242698
IDN,2014-07-31,2014,0,0.6051510719512475
IDN,2014-08-31,2014,0,0.646053075486412
IDN,2014-09-30,2014,0,0.6727787493203613
IDN,2014-10-31,2014,0,0.6883021123514206
IDN,2014-11-30,2014,0,0.6534844744219134
IDN,2014-12-31,2014,0,0.6422505142326345
IDN,2015-01-31,2015,0,0.6189132990323513
IDN,2015-02-28,2015,0,0.6577754135142672
IDN,2015-03-31,2015,0,0.591241786453147
IDN,2015-04-30,2015,0,0.5868303671034101
IDN,2015-05-31,2015,0,0.5789504784523826
IDN,2015-06-30,2015,0,0.5797705593490647
IDN,2015-07-31,2015,0,0.6637143618968468
IDN,2015-08-31,2015,0,0.7162343832261152
IDN,2015-09-30,2015,0,0.7439182582820976
IDN,2015-10-31,2015,0,0.42075040629507093
IDN,2015-11-30,2015,0,0.40745695368609114
IDN,2015-12-31,2015,0,0.4004646276023873
IDN,2016-01-31,2016,0,0.4130259626067717
IDN,2016-02-29,2016,0,0.38796772140860436
IDN,2016-03-31,2016,0,0.3551747944223077
IDN,2016-04-30,2016,0,0.4096316220997262
IDN,2016-05-31,2016,0,0.4745451093301669
IDN,2016-06-30,2016,0,0.460949049022451
IDN,2016-07-31,2016,0,0.4692981655758922
IDN,2016-08-31,2016,0,0.4670050477164814
IDN,2016-09-30,2016,0,0.44078069182885476
IDN,2016-10-31,2016,0,0.5414129126173732
IDN,2016-11-30,2016,0,0.5852038639388789
IDN,2016-12-31,2016,0,0.6248162466202747
JAM,2002-01-31,2002,0,0.5123104805615273
JAM,2002-02-28,2002,0,0.5137934061685971
JAM,2002-03-31,2002,0,0.5140807853868427
JAM,2002-04-30,2002,0,0.3728500976068934
JAM,2002-05-31,2002,0,0.4248596931818962
JAM,2002-06-30,2002,0,0.40143982288888563
JAM,2002-07-31,2002,0,0.42125647880139866
JAM,2002-08-31,2002,0,0.41694754706859033
JAM,2002-09-30,2002,0,0.4116771123731856
JAM,2002-10-31,2002,0,0.23936184412396475
JAM,2002-11-30,2002,0,0.32532788221765985
JAM,2002-12-31,2002,0,0.4242657349134267
JAM,2003-01-31,2003,0,0.6897886986014934
JAM,2003-02-28,2003,0,0.6785259700468832
JAM,2003-03-31,2003,0,0.605029127363356
JAM,2003-04-30,2003,0,0.5917607289419131
JAM,2003-05-31,2003,0,0.5390809594260987
JAM,2003-06-30,2003,0,0.4178152019644765
JAM,2003-07-31,2003,0,0.44506050299014
JAM,2003-08-31,2003,0,0.4468076330273064
JAM,2003-09-30,2003,0,0.47452180259959087
JAM,2003-10-31,2003,0,0.4934790760763026
JAM,2003-11-30,2003,0,0.3541486358755358
JAM,2003-12-31,2003,0,0.445464055078665
JAM,2004-01-31,2004,0,0.5277921361757865
JAM,2004-02-29,2004,0,0.53531383380288
JAM,2004-03-31,2004,0,0.5810182411840875
JAM,2004-04-30,2004,0,0.4932726785222162
JAM,2004-05-31,2004,0,0.29940189075273504
JAM,2004-06-30,2004,0,0.2742243979603927
JAM,2004-07-31,2004,0,0.2838661074998852
JAM,2004-08-31,2004,0,0.2792892123701983
JAM,2004-09-30,2004,0,0.2971413612108396
JAM,2004-10-31,2004,0,0.30641858685327034
JAM,2004-11-30,2004,0,0.3429244909259357
JAM,2004-12-31,2004,0,0.3082276074150371
JAM,2005-01-31,2005,0,0.23671471083694645
JAM,2005-02-28,2005,0,0.2506560408006987
JAM,2005-03-31,2005,0,0.2838025788365631
JAM,2005-04-30,2005,0,0.29520974959254437
JAM,2005-05-31,2005,0,0.29616739430507244
JAM,2005-06-30,2005,0,0.2985195613013191
JAM,2005-07-31,2005,0,0.3344774778612807
JAM,2005-08-31,2005,0,0.36036575122698183
JAM,2005-09-30,2005,0,0.39839863061781183
JAM,2005-10-31,2005,0,0.42348703380781233
JAM,2005-11-30,2005,0,0.5944030970371966
JAM,2005-12-31,2005,0,0.5962436965544743
JAM,2006-01-31,2006,0,0.621960635702706
JAM,2006-02-28,2006,0,0.6079208295330277
JAM,2006-03-31,2006,0,0.6382478867450071
JAM,2006-04-30,2006,0,0.6364934167992584
JAM,2006-05-31,2006,0,0.608063354088167
JAM,2006-06-30,2006,0,0.6220809324459414
JAM,2006-07-31,2006,0,0.6225815564095802
JAM,2006-08-31,2006,0,0.6215330029532133
JAM,2006-09-30,2006,0,0.6281142939832783
JAM,2006-10-31,2006,0,0.6615998128728223
JAM,2006-11-30,2006,0,0.3658074272207008
JAM,2006-12-31,2006,0,0.39072676973159587
JAM,2007-01-31,2007,0,0.39092917007090205
JAM,2007-02-28,2007,0,0.40185494913524106
JAM,2007-03-31,2007,0,0.36775604309299104
JAM,2007-04-30,2007,0,0.34902062056979516
JAM,2007-05-31,2007,0,0.36711758151249824
JAM,2007-06-30,2007,0,0.35649874776828805
JAM,2007-07-31,2007,0,0.31820198168700714
JAM,2007-08-31,2007,0,0.6080524399567404
JAM,2007-09-30,2007,0,0.5551758588080681
JAM,2007-10-31,2007,0,0.5090320493178273
JAM,2007-11-30,2007,0,0.5143061827133468
JAM,2007-12-31,2007,0,0.26200404518734255
JAM,2008-01-31,2008,0,0.3628266018246261
JAM,2008-02-29,2008,0,0.3725661206700751
JAM,2008-03-31,2008,0,0.4105827985050302
JAM,2008-04-30,2008,0,0.4180130974493241
JAM,2008-05-31,2008,0,0.4201675677610816
JAM,2008-06-30,2008,0,0.448097543522521
JAM,2008-07-31,2008,0,0.3964118960627227
JAM,2008-08-31,2008,0,0.3965064552860403
JAM,2008-09-30,2008,0,0.48716040993957577
JAM,2008-10-31,2008,0,0.7612383218532184
JAM,2008-11-30,2008,0,0.7370331965479978
JAM,2008-12-31,2008,0,0.7266103344270097
JAM,2009-01-31,2009,0,0.7890893676683488
JAM,2009-02-28,2009,0,0.8045123077416846
JAM,2009-03-31,2009,0,0.7872580984203407
JAM,2009-04-30,2009,0,0.7680794570548063
JAM,2009-05-31,2009,0,0.7533742441163908
JAM,2009-06-30,2009,0,0.7409651916310556
JAM,2009-07-31,2009,0,0.7332609837548565
JAM,2009-08-31,2009,0,0.6747521871248668
JAM,2009-09-30,2009,0,0.6928418312710245
JAM,2009-10-31,2009,0,0.686038606473095
JAM,2009-11-30,2009,0,0.6951169296703548
JAM,2009-12-31,2009,0,0.7245556757591826
JAM,2010-01-31,2010,0,0.6150314630654495
JAM,2010-02-28,2010,0,0.4782773521124317
JAM,2010-03-31,2010,0,0.4136529760923109
JAM,2010-04-30,2010,0,0.433277168094763
JAM,2010-05-31,2010,0,0.3536848414421665
JAM,2010-06-30,2010,0,0.24440699082447626
JAM,2010-07-31,2010,0,0.25159012087794147
JAM,2010-08-31,2010,0,0.25306161412684325
JAM,2010-09-30,2010,0,0.30703720260658884
JAM,2010-10-31,2010,0,0.3100001526039262
JAM,2010-11-30,2010,0,0.3214875741475567
JAM,2010-12-31,2010,0,0.38367413276098633
JAM,2011-01-31,2011,0,0.462240113593989
JAM,2011-02-28,2011,0,0.45047727316166686
JAM,2011-03-31,2011,0,0.455971694717312
JAM,2011-04-30,2011,0,0.47989758552688966
JAM,2011-05-31,2011,0,0.43469161810726786
JAM,2011-06-30,2011,0,0.562753979202452
JAM,2011-07-31,2011,0,0.5456169336985196
JAM,2011-08-31,2011,0,0.55283599829891
JAM,2011-09-30,2011,0,0.5263452997737024
JAM,2011-10-31,2011,0,0.5581473102341218
JAM,2011-11-30,2011,0,0.4804868746137794
JAM,2011-12-31,2011,0,0.500056387863073
JAM,2012-01-31,2012,0,0.46593650333070025
JAM,2012-02-29,2012,0,0.4472088573544763
JAM,2012-03-31,2012,0,0.4395210764907452
JAM,2012-04-30,2012,0,0.44579246593706356
JAM,2012-05-31,2012,0,0.635704457986827
JAM,2012-06-30,2012,0,0.6174570764326976
JAM,2012-07-31,2012,0,0.6229537327129451
JAM,2012-08-31,2012,0,0.6181522046001312
JAM,2012-09-30,2012,0,0.6144674022257463
JAM,2012-10-31,2012,0,0.6030029217533328
JAM,2012-11-30,2012,0,0.5899793997811366
JAM,2012-12-31,2012,0,0.5872869874271096
JAM,2013-01-31,2013,0,0.5485151776569884
JAM,2013-02-28,2013,0,0.7097017494474211
JAM,2013-03-31,2013,0,0.7113231692418848
JAM,2013-04-30,2013,0,0.7151377731200682
JAM,2013-05-31,2013,0,0.6714973444173366
JAM,2013-06-30,2013,0,0.6504689391710434
JAM,2013-07-31,2013,0,0.6517629971248529
JAM,2013-08-31,2013,0,0.6401553221208728
JAM,2013-09-30,2013,0,0.6413961982691866
JAM,2013-10-31,2013,0,0.6363116199491803
JAM,2013-11-30,2013,0,0.64830403900458
JAM,2013-12-31,2013,0,0.6377022769681168
JAM,2014-01-31,2014,0,0.5808287557971946
JAM,2014-02-28,2014,0,0.5287706619671034
JAM,2014-03-31,2014,0,0.5347768636424445
JAM,2014-04-30,2014,0,0.5350210976223613
JAM,2014-05-31,2014,0,0.5430372001819419
JAM,2014-06-30,2014,0,0.5201548571430885
JAM,2014-07-31,2014,0,0.5281880921001332
JAM,2014-08-31,2014,0,0.46881950058145866
JAM,2014-09-30,2014,0,0.464194889113809
JAM,2014-10-31,2014,0,0.4678262232903099
JAM,2014-11-30,2014,0,0.4648991338475314
JAM,2014-12-31,2014,0,0.4573148090771207
JAM,2015-01-31,2015,0,0.39124352159597275
JAM,2015-02-28,2015,0,0.3888303021720192
JAM,2015-03-31,2015,0,0.3717959995488077
JAM,2015-04-30,2015,0,0.36012056297870965
JAM,2015-05-31,2015,0,0.3653876082466448
JAM,2015-06-30,2015,0,0.3717527756481982
JAM,2015-07-31,2015,0,0.36343715887437905
JAM,2015-08-31,2015,0,0.328515703564626
JAM,2015-09-30,2015,0,0.40741836723553404
JAM,2015-10-31,2015,0,0.3667048144405226
JAM,2015-11-30,2015,0,0.36401690939925285
JAM,2015-12-31,2015,0,0.3839242958062478
JAM,2016-01-31,2016,0,0.34399823897552906
JAM,2016-02-29,2016,0,0.32885043743525266
JAM,2016-03-31,2016,0,0.4496746015782766
JAM,2016-04-30,2016,0,0.43284313875687824
JAM,2016-05-31,2016,0,0.5634790828749936
JAM,2016-06-30,2016,0,0.556102102273627
JAM,2016-07-31,2016,0,0.5467600806459172
JAM,2016-08-31,2016,0,0.5237206330008427
JAM,2016-09-30,2016,0,0.5533468117968717
JAM,2016-10-31,2016,0,0.5682266471597178
JAM,2016-11-30,2016,0,0.4966787715519447
JAM,2016-12-31,2016,0,0.38703636743194036
JOR,2002-01-31,2002,0,0.16121453610769293
JOR,2002-02-28,2002,0,0.2964657509076245
JOR,2002-03-31,2002,0,0.2964657509076245
JOR,2002-04-30,2002,0,0.2964657509076245
JOR,2002-05-31,2002,0,0.2964657509076245
JOR,2002-06-30,2002,0,0.2964657509076245
JOR,2002-07-31,2002,0,0.2964657509076245
JOR,2002-08-31,2002,0,0.2964657509076245
JOR,2002-09-30,2002,0,0.2964657509076245
JOR,2002-10-31,2002,0,0.2964657509076245
JOR,2002-11-30,2002,0,0.2964657509076245
JOR,2002-12-31,2002,0,0.2964657509076245
JOR,2003-01-31,2003,0,0.279556393907256
JOR,2003-02-28,2003,0,0.279556393907256
JOR,2003-03-31,2003,0,0.279556393907256
JOR,2003-04-30,2003,0,0.279556393907256
JOR,2003-05-31,2003,0,0.279556393907256
JOR,2003-06-30,2003,0,0.279556393907256
JOR,2003-07-31,2003,0,0.279556393907256
JOR,2003-08-31,2003,0,0.279556393907256
JOR,2003-09-30,2003,0,0.279556393907256
JOR,2003-10-31,2003,0,0.279556393907256
JOR,2003-11-30,2003,0,0.279556393907256
JOR,2003-12-31,2003,0,0.279556393907256
JOR,2004-01-31,2004,0,0.3083405490490558
JOR,2004-02-29,2004,0,0.3083405490490558
JOR,2004-03-31,2004,0,0.3083405490490558
JOR,2004-04-30,2004,0,0.3083405490490558
JOR,2004-05-31,2004,0,0.3083405490490558
JOR,2004-06-30,2004,0,0.3083405490490558
JOR,2004-07-31,2004,0,0.3083405490490558
JOR,2004-08-31,2004,0,0.3083405490490558
JOR,2004-09-30,2004,0,0.3083405490490558
JOR,2004-10-31,2004,0,0.3083405490490558
JOR,2004-11-30,2004,0,0.3083405490490558
JOR,2004-12-31,2004,0,0.3083405490490558
JOR,2005-01-31,2005,0,0.35419007033467204
JOR,2005-02-28,2005,0,0.35419007033467204
JOR,2005-03-31,2005,0,0.35419007033467204
JOR,2005-04-30,2005,0,0.35419007033467204
JOR,2005-05-31,2005,0,0.35419007033467204
JOR,2005-06-30,2005,0,0.35419007033467204
JOR,2005-07-31,2005,0,0.35419007033467204
JOR,2005-08-31,2005,0,0.35419007033467204
JOR,2005-09-30,2005,0,0.35419007033467204
JOR,2005-10-31,2005,0,0.35419007033467204
JOR,2005-11-30,2005,0,0.35419007033467204
JOR,2005-12-31,2005,0,0.35419007033467204
JOR,2006-01-31,2006,0,0.2599784401568752
JOR,2006-02-28,2006,0,0.2599784401568752
JOR,2006-03-31,2006,0,0.2599784401568752
JOR,2006-04-30,2006,0,0.2599784401568752
JOR,2006-05-31,2006,0,0.2599784401568752
JOR,2006-06-30,2006,0,0.2599784401568752
JOR,2006-07-31,2006,0,0.2599784401568752
JOR,2006-08-31,2006,0,0.2599784401568752
JOR,2006-09-30,2006,0,0.2599784401568752
JOR,2006-10-31,2006,0,0.2599784401568752
JOR,2006-11-30,2006,0,0.2599784401568752
JOR,2006-12-31,2006,0,0.2599784401568752
JOR,2007-01-31,2007,0,0.3358948516189968
JOR,2007-02-28,2007,0,0.3358948516189968
JOR,2007-03-31,2007,0,0.3358948516189968
JOR,2007-04-30,2007,0,0.3358948516189968
JOR,2007-05-31,2007,0,0.3358948516189968
JOR,2007-06-30,2007,0,0.3358948516189968
JOR,2007-07-31,2007,0,0.3358948516189968
JOR,2007-08-31,2007,0,0.3358948516189968
JOR,2007-09-30,2007,0,0.3358948516189968
JOR,2007-10-31,2007,0,0.3358948516189968
JOR,2007-11-30,2007,0,0.3358948516189968
JOR,2007-12-31,2007,0,0.3358948516189968
JOR,2008-01-31,2008,0,0.4197361863575036
JOR,2008-02-29,2008,0,0.8053800131430155
JOR,2008-03-31,2008,0,0.8053751382543665
JOR,2008-04-30,2008,0,0.8053751382543665
JOR,2008-05-31,2008,0,0.8005669946254851
JOR,2008-06-30,2008,0,0.800517320435046
JOR,2008-07-31,2008,0,0.800517320435046
JOR,2008-08-31,2008,0,0.8015320308245982
JOR,2008-09-30,2008,0,0.8015320308245982
JOR,2008-10-31,2008,0,0.8015320308245982
JOR,2008-11-30,2008,0,0.7457928624942778
JOR,2008-12-31,2008,0,0.7457928624942778
JOR,2009-01-31,2009,0,0.674387792218464
JOR,2009-02-28,2009,0,0.6770632697040426
JOR,2009-03-31,2009,0,0.6770632697040426
JOR,2009-04-30,2009,0,0.7307847762884563
JOR,2009-05-31,2009,0,0.7441680943110334
JOR,2009-06-30,2009,0,0.7441680943110334
JOR,2009-07-31,2009,0,0.7440075070488712
JOR,2009-08-31,2009,0,0.7440075070488712
JOR,2009-09-30,2009,0,0.7440075070488712
JOR,2009-10-31,2009,0,0.6770057041576489
JOR,2009-11-30,2009,0,0.6770057041576489
JOR,2009-12-31,2009,0,0.6770057041576489
JOR,2010-01-31,2010,0,0.6554241361563592
JOR,2010-02-28,2010,0,0.6554241361563592
JOR,2010-03-31,2010,0,0.6554241361563592
JOR,2010-04-30,2010,0,0.5123025047301332
JOR,2010-05-31,2010,0,0.5123025047301332
JOR,2010-06-30,2010,0,0.5123025047301332
JOR,2010-07-31,2010,0,0.5123025047301332
JOR,2010-08-31,2010,0,0.5123025047301332
JOR,2010-09-30,2010,0,0.5123025047301332
JOR,2010-10-31,2010,0,0.5123025047301332
JOR,2010-11-30,2010,0,0.5123025047301332
JOR,2010-12-31,2010,0,0.5123025047301332
JOR,2011-01-31,2011,0,0.6042906351586267
JOR,2011-02-28,2011,0,0.6042906351586267
JOR,2011-03-31,2011,0,0.6042906351586267
JOR,2011-04-30,2011,0,0.6042906351586267
JOR,2011-05-31,2011,0,0.6042906351586267
JOR,2011-06-30,2011,0,0.6042906351586267
JOR,2011-07-31,2011,0,0.6042906351586267
JOR,2011-08-31,2011,0,0.6042906351586267
JOR,2011-09-30,2011,0,0.6042906351586267
JOR,2011-10-31,2011,0,0.6042906351586267
JOR,2011-11-30,2011,0,0.6042906351586267
JOR,2011-12-31,2011,0,0.6042906351586267
JOR,2012-01-31,2012,0,0.5163309835712535
JOR,2012-02-29,2012,0,0.5163309835712535
JOR,2012-03-31,2012,0,0.5163309835712535
JOR,2012-04-30,2012,0,0.5163309835712535
JOR,2012-05-31,2012,0,0.5163309835712535
JOR,2012-06-30,2012,0,0.5163309835712535
JOR,2012-07-31,2012,0,0.5163309835712535
JOR,2012-08-31,2012,0,0.5163309835712535
JOR,2012-09-30,2012,0,0.5163309835712535
JOR,2012-10-31,2012,0,0.5163309835712535
JOR,2012-11-30,2012,0,0.5163309835712535
JOR,2012-12-31,2012,0,0.5163309835712535
JOR,2013-01-31,2013,0,0.4979515115644999
JOR,2013-02-28,2013,0,0.4979515115644999
JOR,2013-03-31,2013,0,0.4979515115644999
JOR,2013-04-30,2013,0,0.4979515115644999
JOR,2013-05-31,2013,0,0.4979515115644999
JOR,2013-06-30,2013,0,0.4979515115644999
JOR,2013-07-31,2013,0,0.4979515115644999
JOR,2013-08-31,2013,0,0.4979515115644999
JOR,2013-09-30,2013,0,0.4979515115644999
JOR,2013-10-31,2013,0,0.4979515115644999
JOR,2013-11-30,2013,0,0.4979515115644999
JOR,2013-12-31,2013,0,0.4979515115644999
JOR,2014-01-31,2014,0,0.468804147589913
JOR,2014-02-28,2014,0,0.468804147589913
JOR,2014-03-31,2014,0,0.468804147589913
JOR,2014-04-30,2014,0,0.468804147589913
JOR,2014-05-31,2014,0,0.468804147589913
JOR,2014-06-30,2014,0,0.468804147589913
JOR,2014-07-31,2014,0,0.468804147589913
JOR,2014-08-31,2014,0,0.468804147589913
JOR,2014-09-30,2014,0,0.468804147589913
JOR,2014-10-31,2014,0,0.468804147589913
JOR,2014-11-30,2014,0,0.468804147589913
JOR,2014-12-31,2014,0,0.468804147589913
JOR,2015-01-31,2015,0,0.4273664751323647
JOR,2015-02-28,2015,0,0.4273664751323647
JOR,2015-03-31,2015,0,0.4273664751323647
JOR,2015-04-30,2015,0,0.4273664751323647
JOR,2015-05-31,2015,0,0.4273664751323647
JOR,2015-06-30,2015,0,0.4273664751323647
JOR,2015-07-31,2015,0,0.4273664751323647
JOR,2015-08-31,2015,0,0.4273664751323647
JOR,2015-09-30,2015,0,0.4273664751323647
JOR,2015-10-31,2015,0,0.4273664751323647
JOR,2015-11-30,2015,0,0.4273664751323647
JOR,2015-12-31,2015,0,0.4273664751323647
JOR,2016-01-31,2016,0,0.4148497987093304
JOR,2016-02-29,2016,0,0.4148497987093304
JOR,2016-03-31,2016,0,0.4148497987093304
JOR,2016-04-30,2016,0,0.4148497987093304
JOR,2016-05-31,2016,0,0.4148497987093304
JOR,2016-06-30,2016,0,0.4148497987093304
JOR,2016-07-31,2016,0,0.4148497987093304
JOR,2016-08-31,2016,0,0.4148497987093304
JOR,2016-09-30,2016,0,0.4148497987093304
JOR,2016-10-31,2016,0,0.4148497987093304
JOR,2016-11-30,2016,0,0.4148497987093304
JOR,2016-12-31,2016,0,0.4148497987093304
KAZ,2004-01-31,2004,0,0.20256032464040827
KAZ,2004-02-29,2004,0,0.19410082724807812
KAZ,2004-03-31,2004,0,0.17406207307656762
KAZ,2004-04-30,2004,0,0.1867993839477207
KAZ,2004-05-31,2004,0,0.18820191192700905
KAZ,2004-06-30,2004,0,0.16239888203289476
KAZ,2004-07-31,2004,0,0.1932832627532888
KAZ,2004-08-31,2004,0,0.21250692272143654
KAZ,2004-09-30,2004,0,0.17082989530659468
KAZ,2004-10-31,2004,0,0.1883654631041479
KAZ,2004-11-30,2004,0,0.20131916806087702
KAZ,2004-12-31,2004,0,0.18818667035992773
KAZ,2005-01-31,2005,0,0.24278953198358444
KAZ,2005-02-28,2005,0,0.2480495063394348
KAZ,2005-03-31,2005,0,0.38080060430444196
KAZ,2005-04-30,2005,0,0.39676894019803344
KAZ,2005-05-31,2005,0,0.3916387043089913
KAZ,2005-06-30,2005,0,0.3869741770126527
KAZ,2005-07-31,2005,0,0.3804230464911236
KAZ,2005-08-31,2005,0,0.38351414469164086
KAZ,2005-09-30,2005,0,0.37928527501631193
KAZ,2005-10-31,2005,0,0.40750706850387475
KAZ,2005-11-30,2005,0,0.4551063474700028
KAZ,2005-12-31,2005,0,0.3963361758320306
KAZ,2006-01-31,2006,0,0.37370825225574
KAZ,2006-02-28,2006,0,0.35324658197986036
KAZ,2006-03-31,2006,0,0.3649573981824497
KAZ,2006-04-30,2006,0,0.20972450769541717
KAZ,2006-05-31,2006,0,0.22782360202817856
KAZ,2006-06-30,2006,0,0.1676818776152737
KAZ,2006-07-31,2006,0,0.1789089991196943
KAZ,2006-08-31,2006,0,0.4827381695389312
KAZ,2006-09-30,2006,0,0.46362993865487573
KAZ,2006-10-31,2006,0,0.4847375736771756
KAZ,2006-11-30,2006,0,0.48048216517031883
KAZ,2006-12-31,2006,0,0.493067293022445
KAZ,2007-01-31,2007,0,0.4257046577259156
KAZ,2007-02-28,2007,0,0.3216716734525261
KAZ,2007-03-31,2007,0,0.2905806523085233
KAZ,2007-04-30,2007,0,0.2702590303127524
KAZ,2007-05-31,2007,0,0.3001783129805572
KAZ,2007-06-30,2007,0,0.30302724678748383
KAZ,2007-07-31,2007,0,0.3146851786391551
KAZ,2007-08-31,2007,0,0.1894498856309552
KAZ,2007-09-30,2007,0,0.15717079643651846
KAZ,2007-10-31,2007,0,0.15616211266468166
KAZ,2007-11-30,2007,0,0.1545188679714943
KAZ,2007-12-31,2007,0,0.16505851583085185
KAZ,2008-01-31,2008,0,0.16606908925029745
KAZ,2008-02-29,2008,0,0.13361856370860528
KAZ,2008-03-31,2008,0,0.2188118678769713
KAZ,2008-04-30,2008,0,0.19671986155464466
KAZ,2008-05-31,2008,0,0.19060869867245941
KAZ,2008-06-30,2008,0,0.19268291523344103
KAZ,2008-07-31,2008,0,0.1659475876731455
KAZ,2008-08-31,2008,0,0.1014238698093609
KAZ,2008-09-30,2008,0,0.3359926109044481
KAZ,2008-10-31,2008,0,0.30404553101102966
KAZ,2008-11-30,2008,0,0.31596183309038006
KAZ,2008-12-31,2008,0,0.2943577608490255
KAZ,2009-01-31,2009,0,0.43308156961450517
KAZ,2009-02-28,2009,0,0.8448308725484547
KAZ,2009-03-31,2009,0,0.8144728360091004
KAZ,2009-04-30,2009,0,0.8045374314007088
KAZ,2009-05-31,2009,0,0.6461513502963177
KAZ,2009-06-30,2009,0,0.6411443907809753
KAZ,2009-07-31,2009,0,0.6440865645309946
KAZ,2009-08-31,2009,0,0.006599977998662281
KAZ,2009-09-30,2009,0,0.004940197887878193
KAZ,2009-10-31,2009,0,0.006036687166954265
KAZ,2009-11-30,2009,0,0.003913679498178978
KAZ,2009-12-31,2009,0,0.003958501158548962
KAZ,2010-01-31,2010,0,0.004476913394626923
KAZ,2010-02-28,2010,0,0.39198783708531354
KAZ,2010-03-31,2010,0,0.33919142740259656
KAZ,2010-04-30,2010,0,0.3329049320344143
KAZ,2010-05-31,2010,0,0.41559080154030137
KAZ,2010-06-30,2010,0,0.4741160580327297
KAZ,2010-07-31,2010,0,0.4621114769283194
KAZ,2010-08-31,2010,0,0.4835739582598569
KAZ,2010-09-30,2010,0,0.4659143692259776
KAZ,2010-10-31,2010,0,0.4819247939291946
KAZ,2010-11-30,2010,0,0.5684529144407188
KAZ,2010-12-31,2010,0,0.5016630533242451
KAZ,2011-01-31,2011,0,0.5711318905067918
KAZ,2011-02-28,2011,0,0.5635337488627836
KAZ,2011-03-31,2011,0,0.5644973751649536
KAZ,2011-04-30,2011,0,0.5641170458216517
KAZ,2011-05-31,2011,0,0.5686752126460382
KAZ,2011-06-30,2011,0,0.5603579852190915
KAZ,2011-07-31,2011,0,0.5459153210440763
KAZ,2011-08-31,2011,0,0.5549128910142822
KAZ,2011-09-30,2011,0,0.6947395835292788
KAZ,2011-10-31,2011,0,0.6890069927713361
KAZ,2011-11-30,2011,0,0.6906095658870394
KAZ,2011-12-31,2011,0,0.6661319513253079
KAZ,2012-01-31,2012,0,0.6073337713529872
KAZ,2012-02-29,2012,0,0.5846105597751465
KAZ,2012-03-31,2012,0,0.5566245705957947
KAZ,2012-04-30,2012,0,0.5422032203772984
KAZ,2012-05-31,2012,0,0.5352440233541469
KAZ,2012-06-30,2012,0,0.5769339280395779
KAZ,2012-07-31,2012,0,0.5637405654295081
KAZ,2012-08-31,2012,0,0.5870682263490006
KAZ,2012-09-30,2012,0,0.5738020212753717
KAZ,2012-10-31,2012,0,0.5405097995680123
KAZ,2012-11-30,2012,0,0.5432732563286594
KAZ,2012-12-31,2012,0,0.5453379911368403
KAZ,2013-01-31,2013,0,0.5028812505349737
KAZ,2013-02-28,2013,0,0.530542923140574
KAZ,2013-03-31,2013,0,0.5159460048353508
KAZ,2013-04-30,2013,0,0.4949583559963626
KAZ,2013-05-31,2013,0,0.48914873880312454
KAZ,2013-06-30,2013,0,0.44972506303713494
KAZ,2013-07-31,2013,0,0.5761446034500274
KAZ,2013-08-31,2013,0,0.5516174017992405
KAZ,2013-09-30,2013,0,0.5321844328368995
KAZ,2013-10-31,2013,0,0.5405956445026833
KAZ,2013-11-30,2013,0,0.5301721626637546
KAZ,2013-12-31,2013,0,0.5245948921199883
KAZ,2014-01-31,2014,1,0.5782853031036799
KAZ,2014-02-28,2014,1,0.8494135215821481
KAZ,2014-03-31,2014,1,0.8318928959037482
KAZ,2014-04-30,2014,1,0.8256508088511044
KAZ,2014-05-31,2014,1,0.617687725975061
KAZ,2014-06-30,2014,1,0.6245315402676391
KAZ,2014-07-31,2014,1,0.6121179080083242
KAZ,2014-08-31,2014,1,0.16471970773968805
KAZ,2014-09-30,2014,1,0.17241850021413985
KAZ,2014-10-31,2014,1,0.169077388516579
KAZ,2014-11-30,2014,1,0.15755903739502605
KAZ,2014-12-31,2014,1,0.17510464163191294
KAZ,2015-01-31,2015,0,0.5976529385392652
KAZ,2015-02-28,2015,0,0.5419386676266197
KAZ,2015-03-31,2015,0,0.5553911700262816
KAZ,2015-04-30,2015,0,0.5828129187572373
KAZ,2015-05-31,2015,0,0.6025296345691229
KAZ,2015-06-30,2015,0,0.6215486831401335
KAZ,2015-07-31,2015,0,0.5792626388508845
KAZ,2015-08-31,2015,0,0.8354800912829871
KAZ,2015-09-30,2015,0,0.9046596142590133
KAZ,2015-10-31,2015,0,0.923016324855248
KAZ,2015-11-30,2015,0,0.8689179457904159
KAZ,2015-12-31,2015,0,0.8211912644544074
KAZ,2016-01-31,2016,0,0.8310160248551453
KAZ,2016-02-29,2016,0,0.3538632944419363
KAZ,2016-03-31,2016,0,0.150304126647606
KAZ,2016-04-30,2016,0,0.09900391282978917
KAZ,2016-05-31,2016,0,0.12067779743430912
KAZ,2016-06-30,2016,0,0.13452854980282647
KAZ,2016-07-31,2016,0,0.14732392234803554
KAZ,2016-08-31,2016,0,0.1532054152080556
KAZ,2016-09-30,2016,0,0.21021240323605814
KAZ,2016-10-31,2016,0,0.2304049497668857
KAZ,2016-11-30,2016,0,0.34873369158928114
KAZ,2016-12-31,2016,0,0.4294661747263387
KEN,2002-01-31,2002,0,0.404879579473318
KEN,2002-02-28,2002,0,0.4442835534522485
KEN,2002-03-31,2002,0,0.44132044458771624
KEN,2002-04-30,2002,0,0.4574205431370883
KEN,2002-05-31,2002,0,0.3770132845394829
KEN,2002-06-30,2002,0,0.37917368214752767
KEN,2002-07-31,2002,0,0.37838262014557483
KEN,2002-08-31,2002,0,0.4083972309351133
KEN,2002-09-30,2002,0,0.4144147127426553
KEN,2002-10-31,2002,0,0.4382934935925441
KEN,2002-11-30,2002,0,0.38816833931941214
KEN,2002-12-31,2002,0,0.17907746681238557
KEN,2003-01-31,2003,0,0.09178008357219479
KEN,2003-02-28,2003,0,0.1126453405909611
KEN,2003-03-31,2003,0,0.1209911909729984
KEN,2003-04-30,2003,0,0.16231424158946128
KEN,2003-05-31,2003,0,0.19603231815917957
KEN,2003-06-30,2003,0,0.21908542690394864
KEN,2003-07-31,2003,0,0.24509730756916132
KEN,2003-08-31,2003,0,0.243388784595648
KEN,2003-09-30,2003,0,0.24614173377477375
KEN,2003-10-31,2003,0,0.23494146461619225
KEN,2003-11-30,2003,0,0.22248330609250933
KEN,2003-12-31,2003,0,0.24472402360283232
KEN,2004-01-31,2004,0,0.47316070926992415
KEN,2004-02-29,2004,0,0.4762186923904837
KEN,2004-03-31,2004,0,0.4625582871245101
KEN,2004-04-30,2004,0,0.4422141848408517
KEN,2004-05-31,2004,0,0.48381592710628285
KEN,2004-06-30,2004,0,0.5000565948476324
KEN,2004-07-31,2004,0,0.482224417784886
KEN,2004-08-31,2004,0,0.4737594122744778
KEN,2004-09-30,2004,0,0.4354693600771785
KEN,2004-10-31,2004,0,0.4407106715383324
KEN,2004-11-30,2004,0,0.6118603769593669
KEN,2004-12-31,2004,0,0.2465761910156889
KEN,2005-01-31,2005,0,0.1630317319696198
KEN,2005-02-28,2005,0,0.17997973311896298
KEN,2005-03-31,2005,0,0.18216444275231386
KEN,2005-04-30,2005,0,0.23201490600164695
KEN,2005-05-31,2005,0,0.2335941857820172
KEN,2005-06-30,2005,0,0.304459873730028
KEN,2005-07-31,2005,0,0.2992110793917326
KEN,2005-08-31,2005,0,0.30643130967752197
KEN,2005-09-30,2005,0,0.29058539743598494
KEN,2005-10-31,2005,0,0.273377639302405
KEN,2005-11-30,2005,0,0.30314416625229584
KEN,2005-12-31,2005,0,0.3780173729388974
KEN,2006-01-31,2006,0,0.314463607100595
KEN,2006-02-28,2006,0,0.30812537345163565
KEN,2006-03-31,2006,0,0.3123782163099731
KEN,2006-04-30,2006,0,0.31008573387092353
KEN,2006-05-31,2006,0,0.3275914764600541
KEN,2006-06-30,2006,0,0.36273164278942727
KEN,2006-07-31,2006,0,0.36279825582982284
KEN,2006-08-31,2006,0,0.34760107561117143
KEN,2006-09-30,2006,0,0.3438149428225388
KEN,2006-10-31,2006,0,0.3427004407306151
KEN,2006-11-30,2006,0,0.3096627489486499
KEN,2006-12-31,2006,0,0.30576823719026075
KEN,2007-01-31,2007,0,0.31370420094953105
KEN,2007-02-28,2007,0,0.3362564649824095
KEN,2007-03-31,2007,0,0.3489139930493587
KEN,2007-04-30,2007,0,0.34126001229393316
KEN,2007-05-31,2007,0,0.3956986389497939
KEN,2007-06-30,2007,0,0.37458286703638083
KEN,2007-07-31,2007,0,0.38170479059033835
KEN,2007-08-31,2007,0,0.37369113679036736
KEN,2007-09-30,2007,0,0.36537458056611166
KEN,2007-10-31,2007,0,0.3327663312034937
KEN,2007-11-30,2007,0,0.19822765930910885
KEN,2007-12-31,2007,0,0.21310535580353843
KEN,2008-01-31,2008,0,0.6519743731530085
KEN,2008-02-29,2008,0,0.6077757297725421
KEN,2008-03-31,2008,0,0.2966182621964067
KEN,2008-04-30,2008,0,0.16624027244164352
KEN,2008-05-31,2008,0,0.18464026361673605
KEN,2008-06-30,2008,0,0.2552931519135968
KEN,2008-07-31,2008,0,0.001100602615339283
KEN,2008-08-31,2008,0,0.0012064913728835715
KEN,2008-09-30,2008,0,0.002555703659556661
KEN,2008-10-31,2008,0,0.003900557964765944
KEN,2008-11-30,2008,0,0.0026083152710601443
KEN,2008-12-31,2008,0,0.0021638455093441955
KEN,2009-01-31,2009,0,0.4254270441654548
KEN,2009-02-28,2009,0,0.42784999158308556
KEN,2009-03-31,2009,0,0.5550433935675528
KEN,2009-04-30,2009,0,0.4304606435556978
KEN,2009-05-31,2009,0,0.44322808089682264
KEN,2009-06-30,2009,0,0.4256905757375422
KEN,2009-07-31,2009,0,0.4140159578820422
KEN,2009-08-31,2009,0,0.4206437425606053
KEN,2009-09-30,2009,0,0.4044243969566148
KEN,2009-10-31,2009,0,0.34717429600281724
KEN,2009-11-30,2009,0,0.3571905169985975
KEN,2009-12-31,2009,0,0.38720146444423387
KEN,2010-01-31,2010,0,0.43137232887153526
KEN,2010-02-28,2010,0,0.44800474256069006
KEN,2010-03-31,2010,0,0.4829785226621618
KEN,2010-04-30,2010,0,0.5009044035207918
KEN,2010-05-31,2010,0,0.6071432405295623
KEN,2010-06-30,2010,0,0.6054711824864482
KEN,2010-07-31,2010,0,0.501974802864504
KEN,2010-08-31,2010,0,0.4971461091592125
KEN,2010-09-30,2010,0,0.495650972925036
KEN,2010-10-31,2010,0,0.5113522956784871
KEN,2010-11-30,2010,0,0.49966918384330467
KEN,2010-12-31,2010,0,0.45083209758505316
KEN,2011-01-31,2011,0,0.5077500370449091
KEN,2011-02-28,2011,0,0.5252850208934063
KEN,2011-03-31,2011,0,0.52361502770513
KEN,2011-04-30,2011,0,0.5111120593905571
KEN,2011-05-31,2011,0,0.5515725940216649
KEN,2011-06-30,2011,0,0.6555820020884632
KEN,2011-07-31,2011,0,0.706189789726838
KEN,2011-08-31,2011,0,0.6914047486774716
KEN,2011-09-30,2011,0,0.7394425837971108
KEN,2011-10-31,2011,0,0.7064656363523925
KEN,2011-11-30,2011,0,0.21650343607454522
KEN,2011-12-31,2011,0,0.1623158629349475
KEN,2012-01-31,2012,0,0.1448753961425947
KEN,2012-02-29,2012,0,0.1614446270441385
KEN,2012-03-31,2012,0,0.15341029152438868
KEN,2012-04-30,2012,0,0.15606674718145572
KEN,2012-05-31,2012,0,0.28154060259206787
KEN,2012-06-30,2012,0,0.29022211715406776
KEN,2012-07-31,2012,0,0.2900377189181659
KEN,2012-08-31,2012,0,0.286293263300112
KEN,2012-09-30,2012,0,0.274626793395384
KEN,2012-10-31,2012,0,0.2731749191938668
KEN,2012-11-30,2012,0,0.31622002790374
KEN,2012-12-31,2012,0,0.49236848942545725
KEN,2013-01-31,2013,0,0.5144545625487479
KEN,2013-02-28,2013,0,0.4650826066386569
KEN,2013-03-31,2013,0,0.4632258956575729
KEN,2013-04-30,2013,0,0.4226320612638055
KEN,2013-05-31,2013,0,0.3750571382646738
KEN,2013-06-30,2013,0,0.4028849553313478
KEN,2013-07-31,2013,0,0.4266383165164295
KEN,2013-08-31,2013,0,0.41870223505599763
KEN,2013-09-30,2013,0,0.41536755599616837
KEN,2013-10-31,2013,0,0.4063533735349571
KEN,2013-11-30,2013,0,0.42175442848798594
KEN,2013-12-31,2013,0,0.42821815594194335
KEN,2014-01-31,2014,0,0.4196064197374989
KEN,2014-02-28,2014,0,0.4084608696369436
KEN,2014-03-31,2014,0,0.4123097356126901
KEN,2014-04-30,2014,0,0.4540400099527024
KEN,2014-05-31,2014,0,0.4349593296437168
KEN,2014-06-30,2014,0,0.46983448482087087
KEN,2014-07-31,2014,0,0.47703918870975703
KEN,2014-08-31,2014,0,0.46423921185575034
KEN,2014-09-30,2014,0,0.45265986914777806
KEN,2014-10-31,2014,0,0.5309845171211556
KEN,2014-11-30,2014,0,0.45620864107114834
KEN,2014-12-31,2014,0,0.505776925160051
KEN,2015-01-31,2015,0,0.5054426501872886
KEN,2015-02-28,2015,0,0.4786042974694172
KEN,2015-03-31,2015,0,0.4574858337494018
KEN,2015-04-30,2015,0,0.5742851229694387
KEN,2015-05-31,2015,0,0.6306075789889903
KEN,2015-06-30,2015,0,0.639213197329737
KEN,2015-07-31,2015,0,0.6405445379231852
KEN,2015-08-31,2015,0,0.6520137711694005
KEN,2015-09-30,2015,0,0.654081386193635
KEN,2015-10-31,2015,0,0.37545037961439537
KEN,2015-11-30,2015,0,0.36821342167902776
KEN,2015-12-31,2015,0,0.36742546546645405
KEN,2016-01-31,2016,0,0.33684885594965813
KEN,2016-02-29,2016,0,0.3291901620074036
KEN,2016-03-31,2016,0,0.3180741897152509
KEN,2016-04-30,2016,0,0.4083233301755199
KEN,2016-05-31,2016,0,0.42205080709195175
KEN,2016-06-30,2016,0,0.43790900789799553
KEN,2016-07-31,2016,0,0.28568666043272334
KEN,2016-08-31,2016,0,0.2673809668943166
KEN,2016-09-30,2016,0,0.2170869126195876
KEN,2016-10-31,2016,0,0.3863335833667418
KEN,2016-11-30,2016,0,0.40667402095286576
KEN,2016-12-31,2016,0,0.4550816442733265
KGZ,2002-01-31,2002,0,0.13556281116927568
KGZ,2002-02-28,2002,0,0.1526114385315141
KGZ,2002-03-31,2002,0,0.14032528459094495
KGZ,2002-04-30,2002,0,0.14020330346192028
KGZ,2002-05-31,2002,0,0.14410555980384157
KGZ,2002-06-30,2002,0,0.07068364624804564
KGZ,2002-07-31,2002,0,0.06517624149033151
KGZ,2002-08-31,2002,0,0.0646239550489702
KGZ,2002-09-30,2002,0,0.06631120928940919
KGZ,2002-10-31,2002,0,0.06489495291124822
KGZ,2002-11-30,2002,0,0.06505307801517553
KGZ,2002-12-31,2002,0,0.09339679218163642
KGZ,2003-01-31,2003,0,0.15807289112064646
KGZ,2003-02-28,2003,0,0.12116805432986814
KGZ,2003-03-31,2003,0,0.13368645523711203
KGZ,2003-04-30,2003,0,0.12641046744919626
KGZ,2003-05-31,2003,0,0.10023859176345477
KGZ,2003-06-30,2003,0,0.1020119876137476
KGZ,2003-07-31,2003,0,0.3121732671475243
KGZ,2003-08-31,2003,0,0.30635505863011947
KGZ,2003-09-30,2003,0,0.31209823010804894
KGZ,2003-10-31,2003,0,0.3014748008386847
KGZ,2003-11-30,2003,0,0.31601338596865836
KGZ,2003-12-31,2003,0,0.3031673668004368
KGZ,2004-01-31,2004,0,0.37789798486990445
KGZ,2004-02-29,2004,0,0.3671017877380751
KGZ,2004-03-31,2004,0,0.3546355752766076
KGZ,2004-04-30,2004,0,0.3767689881894248
KGZ,2004-05-31,2004,0,0.3299902812237396
KGZ,2004-06-30,2004,0,0.31236079769682834
KGZ,2004-07-31,2004,0,0.3350689922148562
KGZ,2004-08-31,2004,0,0.318336592862909
KGZ,2004-09-30,2004,0,0.3285964543225438
KGZ,2004-10-31,2004,0,0.3310558344324435
KGZ,2004-11-30,2004,0,0.24329948220628603
KGZ,2004-12-31,2004,0,0.2691370826107722
KGZ,2005-01-31,2005,0,0.19613840280875308
KGZ,2005-02-28,2005,0,0.1774791324682782
KGZ,2005-03-31,2005,0,0.1733161624680544
KGZ,2005-04-30,2005,0,0.17816310861904436
KGZ,2005-05-31,2005,0,0.16226769830874707
KGZ,2005-06-30,2005,0,0.17302444705952055
KGZ,2005-07-31,2005,0,0.1951896679017014
KGZ,2005-08-31,2005,0,0.18686836496371437
KGZ,2005-09-30,2005,0,0.17172552651759643
KGZ,2005-10-31,2005,0,0.14750901402594524
KGZ,2005-11-30,2005,0,0.1811593617403935
KGZ,2005-12-31,2005,0,0.1645027713241198
KGZ,2006-01-31,2006,0,0.2907884360039875
KGZ,2006-02-28,2006,0,0.2906921329402119
KGZ,2006-03-31,2006,0,0.3256690144750816
KGZ,2006-04-30,2006,0,0.17515960233079156
KGZ,2006-05-31,2006,0,0.16933011253474264
KGZ,2006-06-30,2006,0,0.18887173634823773
KGZ,2006-07-31,2006,0,0.21172498649287957
KGZ,2006-08-31,2006,0,0.2293317722167532
KGZ,2006-09-30,2006,0,0.22819231997326073
KGZ,2006-10-31,2006,0,0.253122899610857
KGZ,2006-11-30,2006,0,0.24908393855084568
KGZ,2006-12-31,2006,0,0.17852944609146582
KGZ,2007-01-31,2007,0,0.4917322629063141
KGZ,2007-02-28,2007,0,0.5236321087335056
KGZ,2007-03-31,2007,0,0.5573662682180736
KGZ,2007-04-30,2007,0,0.5120922034944968
KGZ,2007-05-31,2007,0,0.47526267444139103
KGZ,2007-06-30,2007,0,0.5049589073162938
KGZ,2007-07-31,2007,0,0.4151459594160924
KGZ,2007-08-31,2007,0,0.3682092846775301
KGZ,2007-09-30,2007,0,0.24647605205033404
KGZ,2007-10-31,2007,0,0.13327396870406094
KGZ,2007-11-30,2007,0,0.13595968754592097
KGZ,2007-12-31,2007,0,0.19695167240150446
KGZ,2008-01-31,2008,0,0.11642159781771831
KGZ,2008-02-29,2008,0,0.11761109927556103
KGZ,2008-03-31,2008,0,0.10705755385680743
KGZ,2008-04-30,2008,0,0.15529651291470056
KGZ,2008-05-31,2008,0,0.16297820262475585
KGZ,2008-06-30,2008,0,0.14987936749958947
KGZ,2008-07-31,2008,0,0.11638710939594062
KGZ,2008-08-31,2008,0,0.1250078206936784
KGZ,2008-09-30,2008,0,0.28276305038193744
KGZ,2008-10-31,2008,0,0.4002594194099547
KGZ,2008-11-30,2008,0,0.41259047188223
KGZ,2008-12-31,2008,0,0.3985116127232488
KGZ,2009-01-31,2009,0,0.4447070860812012
KGZ,2009-02-28,2009,0,0.49068174211103793
KGZ,2009-03-31,2009,0,0.4626064857614548
KGZ,2009-04-30,2009,0,0.44234762807438377
KGZ,2009-05-31,2009,0,0.43713470972350604
KGZ,2009-06-30,2009,0,0.4247532674890843
KGZ,2009-07-31,2009,0,0.46923902941485707
KGZ,2009-08-31,2009,0,0.5242138133452435
KGZ,2009-09-30,2009,0,0.3694426196752067
KGZ,2009-10-31,2009,0,0.3635146025418891
KGZ,2009-11-30,2009,0,0.3701007559998301
KGZ,2009-12-31,2009,0,0.3669454813355964
KGZ,2010-01-31,2010,0,0.41973601831270496
KGZ,2010-02-28,2010,0,0.41551668464299724
KGZ,2010-03-31,2010,0,0.4253198472066703
KGZ,2010-04-30,2010,0,0.42072684363720775
KGZ,2010-05-31,2010,0,0.3962249445494782
KGZ,2010-06-30,2010,0,0.37086777210091315
KGZ,2010-07-31,2010,0,0.4122107118916771
KGZ,2010-08-31,2010,0,0.33344929219018415
KGZ,2010-09-30,2010,0,0.37437281772615577
KGZ,2010-10-31,2010,0,0.3931932814135158
KGZ,2010-11-30,2010,0,0.4177049466786483
KGZ,2010-12-31,2010,0,0.4007944485040554
KGZ,2011-01-31,2011,0,0.5998806413722835
KGZ,2011-02-28,2011,0,0.5865338588562279
KGZ,2011-03-31,2011,0,0.5177489234666224
KGZ,2011-04-30,2011,0,0.49340958530357254
KGZ,2011-05-31,2011,0,0.3505781058172137
KGZ,2011-06-30,2011,0,0.34394947059176884
KGZ,2011-07-31,2011,0,0.3523497897371318
KGZ,2011-08-31,2011,0,0.39263142020393954
KGZ,2011-09-30,2011,0,0.3972121031715865
KGZ,2011-10-31,2011,0,0.4489190681204202
KGZ,2011-11-30,2011,0,0.5815623457215171
KGZ,2011-12-31,2011,0,0.568598212648657
KGZ,2012-01-31,2012,0,0.5901450262250075
KGZ,2012-02-29,2012,0,0.5759436459808676
KGZ,2012-03-31,2012,0,0.5748313410076981
KGZ,2012-04-30,2012,0,0.57458785315149
KGZ,2012-05-31,2012,0,0.6045329969804983
KGZ,2012-06-30,2012,0,0.5889636420413924
KGZ,2012-07-31,2012,0,0.6376814758434536
KGZ,2012-08-31,2012,0,0.4790849507317038
KGZ,2012-09-30,2012,0,0.5355787047000052
KGZ,2012-10-31,2012,0,0.5444257300875267
KGZ,2012-11-30,2012,0,0.5411658676734891
KGZ,2012-12-31,2012,0,0.5284121304059513
KGZ,2013-01-31,2013,0,0.38008493917188435
KGZ,2013-02-28,2013,0,0.4217306926565332
KGZ,2013-03-31,2013,0,0.3941546500681278
KGZ,2013-04-30,2013,0,0.3809950838735458
KGZ,2013-05-31,2013,0,0.38902267306617605
KGZ,2013-06-30,2013,0,0.38611670813342597
KGZ,2013-07-31,2013,0,0.37868290634683466
KGZ,2013-08-31,2013,0,0.5197639583719346
KGZ,2013-09-30,2013,0,0.4263881909983796
KGZ,2013-10-31,2013,0,0.43283676923086034
KGZ,2013-11-30,2013,0,0.42853967553856936
KGZ,2013-12-31,2013,0,0.427023187344616
KGZ,2014-01-31,2014,0,0.5274390969330941
KGZ,2014-02-28,2014,0,0.5941084696569492
KGZ,2014-03-31,2014,0,0.6080825104867591
KGZ,2014-04-30,2014,0,0.5489326325058584
KGZ,2014-05-31,2014,0,0.36501033296833846
KGZ,2014-06-30,2014,0,0.3559554916580077
KGZ,2014-07-31,2014,0,0.3494862192935198
KGZ,2014-08-31,2014,0,0.3636006694955601
KGZ,2014-09-30,2014,0,0.36358122117354447
KGZ,2014-10-31,2014,0,0.44166157490824964
KGZ,2014-11-30,2014,0,0.47724529984749037
KGZ,2014-12-31,2014,0,0.4790084761505523
KGZ,2015-01-31,2015,0,0.538561591332983
KGZ,2015-02-28,2015,0,0.543964330400321
KGZ,2015-03-31,2015,0,0.5479844620975948
KGZ,2015-04-30,2015,0,0.292246569354228
KGZ,2015-05-31,2015,0,0.2693817895307595
KGZ,2015-06-30,2015,0,0.3236378857917945
KGZ,2015-07-31,2015,0,0.3363800369502474
KGZ,2015-08-31,2015,0,0.4146336537924765
KGZ,2015-09-30,2015,0,0.4253705049228085
KGZ,2015-10-31,2015,0,0.501741997847299
KGZ,2015-11-30,2015,0,0.6015878984029301
KGZ,2015-12-31,2015,0,0.5486367672772133
KGZ,2016-01-31,2016,0,0.538798353245512
KGZ,2016-02-29,2016,0,0.460169142175101
KGZ,2016-03-31,2016,0,0.334255556279216
KGZ,2016-04-30,2016,0,0.34043813032394715
KGZ,2016-05-31,2016,0,0.2672182533444541
KGZ,2016-06-30,2016,0,0.2918167116368989
KGZ,2016-07-31,2016,0,0.31118279130572263
KGZ,2016-08-31,2016,0,0.34104373712826225
KGZ,2016-09-30,2016,0,0.43861735297367727
KGZ,2016-10-31,2016,0,0.4531292723737393
KGZ,2016-11-30,2016,0,0.24843534278706
KGZ,2016-12-31,2016,0,0.24898718497866526
KHM,2002-01-31,2002,0,0.0582634324579494
KHM,2002-02-28,2002,0,0.05886299980201448
KHM,2002-03-31,2002,0,0.06297129411950862
KHM,2002-04-30,2002,0,0.06323521752207795
KHM,2002-05-31,2002,0,0.07201424304186665
KHM,2002-06-30,2002,0,0.06155204976946105
KHM,2002-07-31,2002,0,0.06785804654441535
KHM,2002-08-31,2002,0,0.06757444521879623
KHM,2002-09-30,2002,0,0.09644377152513067
KHM,2002-10-31,2002,0,0.09454981926698054
KHM,2002-11-30,2002,0,0.13148390552061337
KHM,2002-12-31,2002,0,0.14311450248852783
KHM,2003-01-31,2003,0,0.33709392872988686
KHM,2003-02-28,2003,0,0.3910040899355303
KHM,2003-03-31,2003,0,0.2971367392684411
KHM,2003-04-30,2003,0,0.3453081165871968
KHM,2003-05-31,2003,0,0.47367676756546123
KHM,2003-06-30,2003,0,0.4125339856640884
KHM,2003-07-31,2003,0,0.41663417879392955
KHM,2003-08-31,2003,0,0.34780650081025793
KHM,2003-09-30,2003,0,0.3588229786397764
KHM,2003-10-31,2003,0,0.3803241164002278
KHM,2003-11-30,2003,0,0.43338572395563346
KHM,2003-12-31,2003,0,0.4299872966760756
KHM,2004-01-31,2004,0,0.52661706853063
KHM,2004-02-29,2004,0,0.44289478496277623
KHM,2004-03-31,2004,0,0.48194688999367225
KHM,2004-04-30,2004,0,0.48644723883974683
KHM,2004-05-31,2004,0,0.5202894780368046
KHM,2004-06-30,2004,0,0.5195654122463853
KHM,2004-07-31,2004,0,0.5058468378894255
KHM,2004-08-31,2004,0,0.44148423766158945
KHM,2004-09-30,2004,0,0.4874338059574704
KHM,2004-10-31,2004,0,0.49928327107109843
KHM,2004-11-30,2004,0,0.31713842347324717
KHM,2004-12-31,2004,0,0.29582620917296465
KHM,2005-01-31,2005,0,0.18770944466267733
KHM,2005-02-28,2005,0,0.18573603542156278
KHM,2005-03-31,2005,0,0.17976836137344748
KHM,2005-04-30,2005,0,0.1854723755927815
KHM,2005-05-31,2005,0,0.22222867059508003
KHM,2005-06-30,2005,0,0.23986082010516366
KHM,2005-07-31,2005,0,0.4500076076664374
KHM,2005-08-31,2005,0,0.2372503020771879
KHM,2005-09-30,2005,0,0.22806937324735238
KHM,2005-10-31,2005,0,0.21658809697251125
KHM,2005-11-30,2005,0,0.2251400434889369
KHM,2005-12-31,2005,0,0.2304073772705048
KHM,2006-01-31,2006,0,0.30828779959240504
KHM,2006-02-28,2006,0,0.32239675542839996
KHM,2006-03-31,2006,0,0.31184787315361734
KHM,2006-04-30,2006,0,0.32281289359348014
KHM,2006-05-31,2006,0,0.32996156598543724
KHM,2006-06-30,2006,0,0.3417146918251467
KHM,2006-07-31,2006,0,0.2926990113152631
KHM,2006-08-31,2006,0,0.3485124126175446
KHM,2006-09-30,2006,0,0.26133121762563877
KHM,2006-10-31,2006,0,0.2671410736947844
KHM,2006-11-30,2006,0,0.23180170771632533
KHM,2006-12-31,2006,0,0.23871556551610304
KHM,2007-01-31,2007,0,0.19145792837651318
KHM,2007-02-28,2007,0,0.1922674840365249
KHM,2007-03-31,2007,0,0.19609515340307626
KHM,2007-04-30,2007,0,0.1930980895975388
KHM,2007-05-31,2007,0,0.1827878643211189
KHM,2007-06-30,2007,0,0.22473482550813687
KHM,2007-07-31,2007,0,0.24705992362338144
KHM,2007-08-31,2007,0,0.21404905247184047
KHM,2007-09-30,2007,0,0.2109357888928564
KHM,2007-10-31,2007,0,0.19626503547689522
KHM,2007-11-30,2007,0,0.18621458806740313
KHM,2007-12-31,2007,0,0.15970292942723016
KHM,2008-01-31,2008,0,0.14039078281537046
KHM,2008-02-29,2008,0,0.1399917452787372
KHM,2008-03-31,2008,0,0.14243706857664862
KHM,2008-04-30,2008,0,0.128530243611565
KHM,2008-05-31,2008,0,0.26153752901845084
KHM,2008-06-30,2008,0,0.47931567793863644
KHM,2008-07-31,2008,0,0.45762380708070227
KHM,2008-08-31,2008,0,0.46055742240578584
KHM,2008-09-30,2008,0,0.44699894932771206
KHM,2008-10-31,2008,0,0.4477137555229373
KHM,2008-11-30,2008,0,0.40277002465521305
KHM,2008-12-31,2008,0,0.31395717390103495
KHM,2009-01-31,2009,0,0.48553964146347933
KHM,2009-02-28,2009,0,0.48013970388609845
KHM,2009-03-31,2009,0,0.48272893890468427
KHM,2009-04-30,2009,0,0.4694322449802532
KHM,2009-05-31,2009,0,0.45349323873421477
KHM,2009-06-30,2009,0,0.39174623776424156
KHM,2009-07-31,2009,0,0.38560771000892063
KHM,2009-08-31,2009,0,0.4026332081635316
KHM,2009-09-30,2009,0,0.37334477575601777
KHM,2009-10-31,2009,0,0.3836306930509799
KHM,2009-11-30,2009,0,0.4047863618079761
KHM,2009-12-31,2009,0,0.411053312949473
KHM,2010-01-31,2010,0,0.3971664218613561
KHM,2010-02-28,2010,0,0.4583950657250484
KHM,2010-03-31,2010,0,0.4328679614668259
KHM,2010-04-30,2010,0,0.41569667259282683
KHM,2010-05-31,2010,0,0.41916017993628035
KHM,2010-06-30,2010,0,0.41793506230835936
KHM,2010-07-31,2010,0,0.37969825160089304
KHM,2010-08-31,2010,0,0.48991920684088114
KHM,2010-09-30,2010,0,0.45817751522447425
KHM,2010-10-31,2010,0,0.48117201188150316
KHM,2010-11-30,2010,0,0.20622293083672058
KHM,2010-12-31,2010,0,0.2137917037393296
KHM,2011-01-31,2011,0,0.22062186000798586
KHM,2011-02-28,2011,0,0.23859606438455358
KHM,2011-03-31,2011,0,0.2416717115554317
KHM,2011-04-30,2011,0,0.25135700185685733
KHM,2011-05-31,2011,0,0.4023773050239794
KHM,2011-06-30,2011,0,0.40808077192678877
KHM,2011-07-31,2011,0,0.4014775513043248
KHM,2011-08-31,2011,0,0.3944576796453505
KHM,2011-09-30,2011,0,0.4030065904190996
KHM,2011-10-31,2011,0,0.40649573684155094
KHM,2011-11-30,2011,0,0.42185705529945733
KHM,2011-12-31,2011,0,0.3959629311058729
KHM,2012-01-31,2012,0,0.31018808552222166
KHM,2012-02-29,2012,0,0.32429484217633897
KHM,2012-03-31,2012,0,0.3223344261818729
KHM,2012-04-30,2012,0,0.3261459950061238
KHM,2012-05-31,2012,0,0.33737828349036364
KHM,2012-06-30,2012,0,0.33644491971223994
KHM,2012-07-31,2012,0,0.3342382661616942
KHM,2012-08-31,2012,0,0.35447474449764266
KHM,2012-09-30,2012,0,0.350509343920481
KHM,2012-10-31,2012,0,0.3731291107685317
KHM,2012-11-30,2012,0,0.34924294169943315
KHM,2012-12-31,2012,0,0.34062146401166093
KHM,2013-01-31,2013,0,0.359970605435078
KHM,2013-02-28,2013,0,0.3750445911259328
KHM,2013-03-31,2013,0,0.36851108303329905
KHM,2013-04-30,2013,0,0.38272494443232086
KHM,2013-05-31,2013,0,0.44823600414358916
KHM,2013-06-30,2013,0,0.45502415190924284
KHM,2013-07-31,2013,0,0.4478930986727312
KHM,2013-08-31,2013,0,0.4447422761450639
KHM,2013-09-30,2013,0,0.44406831641323224
KHM,2013-10-31,2013,0,0.43051715585804445
KHM,2013-11-30,2013,0,0.3469848195671157
KHM,2013-12-31,2013,0,0.34908226457336733
KHM,2014-01-31,2014,0,0.3868968667522162
KHM,2014-02-28,2014,0,0.4044419318816898
KHM,2014-03-31,2014,0,0.4243982657049922
KHM,2014-04-30,2014,0,0.43369676231215054
KHM,2014-05-31,2014,0,0.42838427317590727
KHM,2014-06-30,2014,0,0.41577008494054407
KHM,2014-07-31,2014,0,0.4088686030005705
KHM,2014-08-31,2014,0,0.42077187228815655
KHM,2014-09-30,2014,0,0.3910404691524996
KHM,2014-10-31,2014,0,0.3660835580087739
KHM,2014-11-30,2014,0,0.4545143957329962
KHM,2014-12-31,2014,0,0.43970808085428303
KHM,2015-01-31,2015,0,0.47656071611782436
KHM,2015-02-28,2015,0,0.44710062363145625
KHM,2015-03-31,2015,0,0.4356281308356781
KHM,2015-04-30,2015,0,0.5449960494520334
KHM,2015-05-31,2015,0,0.5344668261787893
KHM,2015-06-30,2015,0,0.542475396491191
KHM,2015-07-31,2015,0,0.5211834799302913
KHM,2015-08-31,2015,0,0.5411966582706172
KHM,2015-09-30,2015,0,0.5556949080119297
KHM,2015-10-31,2015,0,0.5264866545286019
KHM,2015-11-30,2015,0,0.5332541048628718
KHM,2015-12-31,2015,0,0.5503056678274586
KHM,2016-01-31,2016,0,0.5611324092260019
KHM,2016-02-29,2016,0,0.5560178334041349
KHM,2016-03-31,2016,0,0.532643648140793
KHM,2016-04-30,2016,0,0.5875583631030241
KHM,2016-05-31,2016,0,0.5814742978145303
KHM,2016-06-30,2016,0,0.5903504730976626
KHM,2016-07-31,2016,0,0.5883658087984389
KHM,2016-08-31,2016,0,0.61559947254306
KHM,2016-09-30,2016,0,0.6122328994279125
KHM,2016-10-31,2016,0,0.5035689744170382
KHM,2016-11-30,2016,0,0.5098695450240596
KHM,2016-12-31,2016,0,0.5029476188212796
KOR,2002-01-31,2002,0,0.8270375450405374
KOR,2002-02-28,2002,0,0.820937623009451
KOR,2002-03-31,2002,0,0.8240187720373646
KOR,2002-04-30,2002,0,0.8002533847961566
KOR,2002-05-31,2002,0,0.7273100151412525
KOR,2002-06-30,2002,0,0.7144274997365981
KOR,2002-07-31,2002,0,0.7175866522949547
KOR,2002-08-31,2002,0,0.7096706664133663
KOR,2002-09-30,2002,0,0.7416616872986165
KOR,2002-10-31,2002,0,0.7144009112747335
KOR,2002-11-30,2002,0,0.7362891884212219
KOR,2002-12-31,2002,0,0.7123747498828092
KOR,2003-01-31,2003,0,0.6831170385539701
KOR,2003-02-28,2003,0,0.6948053270702854
KOR,2003-03-31,2003,0,0.8264527020223321
KOR,2003-04-30,2003,0,0.8052350058439084
KOR,2003-05-31,2003,0,0.8260167508793548
KOR,2003-06-30,2003,0,0.8240408178767498
KOR,2003-07-31,2003,0,0.837052207494604
KOR,2003-08-31,2003,0,0.8485444605702765
KOR,2003-09-30,2003,0,0.7843715609405134
KOR,2003-10-31,2003,0,0.8383717938599026
KOR,2003-11-30,2003,0,0.8080646206824156
KOR,2003-12-31,2003,0,0.8074420169021269
KOR,2004-01-31,2004,0,0.6243331165401306
KOR,2004-02-29,2004,0,0.6346445184089852
KOR,2004-03-31,2004,0,0.5874377570118529
KOR,2004-04-30,2004,0,0.6036073168630148
KOR,2004-05-31,2004,0,0.5823391973957974
KOR,2004-06-30,2004,0,0.5930181090042876
KOR,2004-07-31,2004,0,0.5728531741249581
KOR,2004-08-31,2004,0,0.5843396292811894
KOR,2004-09-30,2004,0,0.6106443358407896
KOR,2004-10-31,2004,0,0.6064258241593611
KOR,2004-11-30,2004,0,0.25889285317033356
KOR,2004-12-31,2004,0,0.2727488769330631
KOR,2005-01-31,2005,0,0.2937337930037598
KOR,2005-02-28,2005,0,0.33075048240438654
KOR,2005-03-31,2005,0,0.37369514650169
KOR,2005-04-30,2005,0,0.3685499066240251
KOR,2005-05-31,2005,0,0.4723302349144852
KOR,2005-06-30,2005,0,0.5091356755319507
KOR,2005-07-31,2005,0,0.5070355476052129
KOR,2005-08-31,2005,0,0.4981131938695703
KOR,2005-09-30,2005,0,0.49329258598315756
KOR,2005-10-31,2005,0,0.5530576226292366
KOR,2005-11-30,2005,0,0.6935969165894712
KOR,2005-12-31,2005,0,0.5960100456380203
KOR,2006-01-31,2006,0,0.43527592195411174
KOR,2006-02-28,2006,0,0.42247793724682925
KOR,2006-03-31,2006,0,0.4247166125273298
KOR,2006-04-30,2006,0,0.41387244794634276
KOR,2006-05-31,2006,0,0.4259394961145134
KOR,2006-06-30,2006,0,0.41150799645663566
KOR,2006-07-31,2006,0,0.45110211974958214
KOR,2006-08-31,2006,0,0.4615761998961331
KOR,2006-09-30,2006,0,0.45922809860389086
KOR,2006-10-31,2006,0,0.4939022439063433
KOR,2006-11-30,2006,0,0.4907498795569172
KOR,2006-12-31,2006,0,0.4620678723760643
KOR,2007-01-31,2007,0,0.5357264448492114
KOR,2007-02-28,2007,0,0.5518609161880644
KOR,2007-03-31,2007,0,0.5443086645428815
KOR,2007-04-30,2007,0,0.627670425276691
KOR,2007-05-31,2007,0,0.6426586356804106
KOR,2007-06-30,2007,0,0.6423778054899683
KOR,2007-07-31,2007,0,0.5828643702994533
KOR,2007-08-31,2007,0,0.7161272204932051
KOR,2007-09-30,2007,0,0.641522916173605
KOR,2007-10-31,2007,0,0.6473897348024313
KOR,2007-11-30,2007,0,0.6720069650052323
KOR,2007-12-31,2007,0,0.6587685707793691
KOR,2008-01-31,2008,0,0.6301179027042827
KOR,2008-02-29,2008,0,0.6219180939508705
KOR,2008-03-31,2008,0,0.7969364335864062
KOR,2008-04-30,2008,0,0.8089813440363793
KOR,2008-05-31,2008,0,0.8038578651176114
KOR,2008-06-30,2008,0,0.7821955272520372
KOR,2008-07-31,2008,0,0.6339768608422548
KOR,2008-08-31,2008,0,0.7423458522218791
KOR,2008-09-30,2008,0,0.8252899707227129
KOR,2008-10-31,2008,0,0.8906660603848734
KOR,2008-11-30,2008,0,0.957881325912426
KOR,2008-12-31,2008,0,0.5340770062489781
KOR,2009-01-31,2009,0,0.5625334464943699
KOR,2009-02-28,2009,0,0.576771852734837
KOR,2009-03-31,2009,0,0.3981105304816753
KOR,2009-04-30,2009,0,0.3166343090009167
KOR,2009-05-31,2009,0,0.0005755491620822628
KOR,2009-06-30,2009,0,0.0012640440124651526
KOR,2009-07-31,2009,0,0.0009726267650226305
KOR,2009-08-31,2009,0,3.645059107261223e-06
KOR,2009-09-30,2009,0,3.6220538067832937e-06
KOR,2009-10-31,2009,0,3.917027177652249e-06
KOR,2009-11-30,2009,0,0.000848172228674893
KOR,2009-12-31,2009,0,0.0014583227083731138
KOR,2010-01-31,2010,0,0.0024065938001072607
KOR,2010-02-28,2010,0,0.29500181223823724
KOR,2010-03-31,2010,0,0.36711614310037693
KOR,2010-04-30,2010,0,0.35962697358418166
KOR,2010-05-31,2010,0,0.6039860195322844
KOR,2010-06-30,2010,0,0.6086534967825845
KOR,2010-07-31,2010,0,0.5997147040843249
KOR,2010-08-31,2010,0,0.5861380245596666
KOR,2010-09-30,2010,0,0.5325110056599516
KOR,2010-10-31,2010,0,0.5446027092474195
KOR,2010-11-30,2010,0,0.5027430583148454
KOR,2010-12-31,2010,0,0.5115553607260998
KOR,2011-01-31,2011,0,0.4963261495130031
KOR,2011-02-28,2011,0,0.49772159890050155
KOR,2011-03-31,2011,0,0.5323110964920847
KOR,2011-04-30,2011,0,0.48568051933325235
KOR,2011-05-31,2011,0,0.42433838272490143
KOR,2011-06-30,2011,0,0.4270655396371189
KOR,2011-07-31,2011,0,0.4281271044938825
KOR,2011-08-31,2011,0,0.4478317836103001
KOR,2011-09-30,2011,0,0.7613367418507396
KOR,2011-10-31,2011,0,0.6010160854353913
KOR,2011-11-30,2011,0,0.6426011149930296
KOR,2011-12-31,2011,0,0.38188360802576304
KOR,2012-01-31,2012,0,0.2174757710247141
KOR,2012-02-29,2012,0,0.20452162676055044
KOR,2012-03-31,2012,0,0.0011413244591721437
KOR,2012-04-30,2012,0,0.0019202791442749026
KOR,2012-05-31,2012,0,0.001978060195277151
KOR,2012-06-30,2012,0,0.0016486475351356414
KOR,2012-07-31,2012,0,0.0017324688522031347
KOR,2012-08-31,2012,0,0.0016725221340650768
KOR,2012-09-30,2012,0,0.26809080405725705
KOR,2012-10-31,2012,0,0.3288292352505889
KOR,2012-11-30,2012,0,0.2969393714982019
KOR,2012-12-31,2012,0,0.30250993085285455
KOR,2013-01-31,2013,0,0.4677489252503852
KOR,2013-02-28,2013,0,0.4726492607367168
KOR,2013-03-31,2013,0,0.4995098900528541
KOR,2013-04-30,2013,0,0.5112420871244086
KOR,2013-05-31,2013,0,0.49867780164339065
KOR,2013-06-30,2013,0,0.5120626033002382
KOR,2013-07-31,2013,0,0.4091919492783004
KOR,2013-08-31,2013,0,0.39960816013087536
KOR,2013-09-30,2013,0,0.3399852713386293
KOR,2013-10-31,2013,0,0.3493216808452486
KOR,2013-11-30,2013,0,0.339184361832417
KOR,2013-12-31,2013,0,0.3390772107009336
KOR,2014-01-31,2014,0,0.6862208808544313
KOR,2014-02-28,2014,0,0.6843374253167488
KOR,2014-03-31,2014,0,0.7209214753699847
KOR,2014-04-30,2014,0,0.6453715370312942
KOR,2014-05-31,2014,0,0.648141185376667
KOR,2014-06-30,2014,0,0.6438698175186252
KOR,2014-07-31,2014,0,0.6496289055027824
KOR,2014-08-31,2014,0,0.6554402230710131
KOR,2014-09-30,2014,0,0.7399915319568674
KOR,2014-10-31,2014,0,0.7657914835427946
KOR,2014-11-30,2014,0,0.8126394572485475
KOR,2014-12-31,2014,0,0.7992699248037388
KOR,2015-01-31,2015,0,0.7783929116433672
KOR,2015-02-28,2015,0,0.7768577909785569
KOR,2015-03-31,2015,0,0.7843788917012615
KOR,2015-04-30,2015,0,0.7250689115043454
KOR,2015-05-31,2015,0,0.7122255846762473
KOR,2015-06-30,2015,0,0.7067654668014003
KOR,2015-07-31,2015,0,0.7474006075882754
KOR,2015-08-31,2015,0,0.7343408224299968
KOR,2015-09-30,2015,0,0.7339024110975861
KOR,2015-10-31,2015,0,0.6452164177881456
KOR,2015-11-30,2015,0,0.6090931736951989
KOR,2015-12-31,2015,0,0.6043126566495032
KOR,2016-01-31,2016,0,0.6293792155991552
KOR,2016-02-29,2016,0,0.6374041512045215
KOR,2016-03-31,2016,0,0.5192640711258809
KOR,2016-04-30,2016,0,0.5005831378613387
KOR,2016-05-31,2016,0,0.5295884802163279
KOR,2016-06-30,2016,0,0.5663929540904119
KOR,2016-07-31,2016,0,0.5393982023352427
KOR,2016-08-31,2016,0,0.5277433943937876
KOR,2016-09-30,2016,0,0.6125259269559878
KOR,2016-10-31,2016,0,0.6438357464316746
KOR,2016-11-30,2016,0,0.6465529474254054
KOR,2016-12-31,2016,0,0.6888899861938051
LKA,2002-01-31,2002,0,0.1928295744961848
LKA,2002-02-28,2002,0,0.2500489812261855
LKA,2002-03-31,2002,0,0.2253081574770931
LKA,2002-04-30,2002,0,0.2399245359651017
LKA,2002-05-31,2002,0,0.2743103534470491
LKA,2002-06-30,2002,0,0.26995972647215943
LKA,2002-07-31,2002,0,0.34182054629944736
LKA,2002-08-31,2002,0,0.3394030222077762
LKA,2002-09-30,2002,0,0.31418378680008313
LKA,2002-10-31,2002,0,0.30073521706139106
LKA,2002-11-30,2002,0,0.3460349320167767
LKA,2002-12-31,2002,0,0.3382707002847674
LKA,2003-01-31,2003,0,0.7271148619457329
LKA,2003-02-28,2003,0,0.7479024343006407
LKA,2003-03-31,2003,0,0.6524829126163588
LKA,2003-04-30,2003,0,0.46980105321416266
LKA,2003-05-31,2003,0,0.4359085060010614
LKA,2003-06-30,2003,0,0.342480007097705
LKA,2003-07-31,2003,0,0.4027203725746022
LKA,2003-08-31,2003,0,0.27798504330052
LKA,2003-09-30,2003,0,0.12642735003092845
LKA,2003-10-31,2003,0,0.13547263574646326
LKA,2003-11-30,2003,0,0.31767385721740743
LKA,2003-12-31,2003,0,0.31923738987484457
LKA,2004-01-31,2004,0,0.21351967527997062
LKA,2004-02-29,2004,0,0.21748279024729145
LKA,2004-03-31,2004,0,0.23489695203751965
LKA,2004-04-30,2004,0,0.2290846105973068
LKA,2004-05-31,2004,0,0.21354833592847913
LKA,2004-06-30,2004,0,0.32065484754941725
LKA,2004-07-31,2004,0,0.30180789123896223
LKA,2004-08-31,2004,0,0.30546877885349466
LKA,2004-09-30,2004,0,0.3912244565915493
LKA,2004-10-31,2004,0,0.3912501573958186
LKA,2004-11-30,2004,0,0.4103574168171935
LKA,2004-12-31,2004,0,0.3406550683692772
LKA,2005-01-31,2005,0,0.11805485841536965
LKA,2005-02-28,2005,0,0.12431647402377147
LKA,2005-03-31,2005,0,0.11184679910214716
LKA,2005-04-30,2005,0,0.12741847761271657
LKA,2005-05-31,2005,0,0.12737656308177514
LKA,2005-06-30,2005,0,0.0802871942421582
LKA,2005-07-31,2005,0,0.12287793551033054
LKA,2005-08-31,2005,0,0.11491272316169457
LKA,2005-09-30,2005,0,0.11585607358911895
LKA,2005-10-31,2005,0,0.11608503898264848
LKA,2005-11-30,2005,0,0.11311483194547717
LKA,2005-12-31,2005,0,0.11220896364556925
LKA,2006-01-31,2006,0,0.4021829746804126
LKA,2006-02-28,2006,0,0.4004034130373138
LKA,2006-03-31,2006,0,0.40691526799556305
LKA,2006-04-30,2006,0,0.41596230384915817
LKA,2006-05-31,2006,0,0.41996958929131983
LKA,2006-06-30,2006,0,0.45777933639567125
LKA,2006-07-31,2006,0,0.5063647143054196
LKA,2006-08-31,2006,0,0.14820734633717147
LKA,2006-09-30,2006,0,0.20006675064907006
LKA,2006-10-31,2006,0,0.47363160908893903
LKA,2006-11-30,2006,0,0.46804966206325
LKA,2006-12-31,2006,0,0.45151304983645096
LKA,2007-01-31,2007,0,0.5731122727191998
LKA,2007-02-28,2007,0,0.6122660430918695
LKA,2007-03-31,2007,0,0.6189361820553286
LKA,2007-04-30,2007,0,0.5103289722487369
LKA,2007-05-31,2007,0,0.5106040887226563
LKA,2007-06-30,2007,0,0.5186114553781683
LKA,2007-07-31,2007,0,0.5119854211576689
LKA,2007-08-31,2007,0,0.6942998581101847
LKA,2007-09-30,2007,0,0.7102579463119768
LKA,2007-10-31,2007,0,0.20537052704290407
LKA,2007-11-30,2007,0,0.2584699039167771
LKA,2007-12-31,2007,0,0.2829427943512964
LKA,2008-01-31,2008,0,0.23976783931393492
LKA,2008-02-29,2008,0,0.23156196911537277
LKA,2008-03-31,2008,0,0.23610282707660812
LKA,2008-04-30,2008,0,0.2364462447116063
LKA,2008-05-31,2008,0,0.2282662084227746
LKA,2008-06-30,2008,0,0.23592738749514444
LKA,2008-07-31,2008,0,0.3146277969101789
LKA,2008-08-31,2008,0,0.2655202303629596
LKA,2008-09-30,2008,0,0.24531575315612547
LKA,2008-10-31,2008,0,0.4136057093455259
LKA,2008-11-30,2008,0,0.3633294780499661
LKA,2008-12-31,2008,0,0.6585413890897783
LKA,2009-01-31,2009,0,0.6944372882156625
LKA,2009-02-28,2009,0,0.695661383459412
LKA,2009-03-31,2009,0,0.701862312585301
LKA,2009-04-30,2009,0,0.7054110115802209
LKA,2009-05-31,2009,0,0.3914465709608507
LKA,2009-06-30,2009,0,0.39578856976758836
LKA,2009-07-31,2009,0,0.3863811903090816
LKA,2009-08-31,2009,0,0.41472206166793735
LKA,2009-09-30,2009,0,0.4166287088636082
LKA,2009-10-31,2009,0,0.3406832911349983
LKA,2009-11-30,2009,0,0.40883031480289445
LKA,2009-12-31,2009,0,0.4401029289257987
LKA,2010-01-31,2010,0,0.46441068044593115
LKA,2010-02-28,2010,0,0.4675260929732274
LKA,2010-03-31,2010,0,0.45778518369300375
LKA,2010-04-30,2010,0,0.3236638462940464
LKA,2010-05-31,2010,0,0.458540295066766
LKA,2010-06-30,2010,0,0.47291896256478144
LKA,2010-07-31,2010,0,0.32419636474122226
LKA,2010-08-31,2010,0,0.34970430836626837
LKA,2010-09-30,2010,0,0.38375714433428604
LKA,2010-10-31,2010,0,0.39435043207432974
LKA,2010-11-30,2010,0,0.3950509906783163
LKA,2010-12-31,2010,0,0.4199389522501764
LKA,2011-01-31,2011,0,0.5797827482973407
LKA,2011-02-28,2011,0,0.5922039445114973
LKA,2011-03-31,2011,0,0.6196030426118148
LKA,2011-04-30,2011,0,0.6354595560041412
LKA,2011-05-31,2011,0,0.6286045560504128
LKA,2011-06-30,2011,0,0.6134902794753202
LKA,2011-07-31,2011,0,0.5977900316707938
LKA,2011-08-31,2011,0,0.6692538403553182
LKA,2011-09-30,2011,0,0.6592483680150535
LKA,2011-10-31,2011,0,0.6854726293498621
LKA,2011-11-30,2011,0,0.8154691984985777
LKA,2011-12-31,2011,0,0.8139008350384699
LKA,2012-01-31,2012,0,0.6870094877865704
LKA,2012-02-29,2012,0,0.6660757075982475
LKA,2012-03-31,2012,0,0.6870179821583141
LKA,2012-04-30,2012,0,0.716786556815359
LKA,2012-05-31,2012,0,0.6866537173392369
LKA,2012-06-30,2012,0,0.6843047528105068
LKA,2012-07-31,2012,0,0.6348255674538733
LKA,2012-08-31,2012,0,0.6156662509801505
LKA,2012-09-30,2012,0,0.4794787126348611
LKA,2012-10-31,2012,0,0.4699240126479682
LKA,2012-11-30,2012,0,0.4692328813487525
LKA,2012-12-31,2012,0,0.4295105487920344
LKA,2013-01-31,2013,0,0.5241012428658587
LKA,2013-02-28,2013,0,0.532901804769267
LKA,2013-03-31,2013,0,0.4484748775819396
LKA,2013-04-30,2013,0,0.42618359764724717
LKA,2013-05-31,2013,0,0.4160603128230832
LKA,2013-06-30,2013,0,0.5692408904567279
LKA,2013-07-31,2013,0,0.5672790496403167
LKA,2013-08-31,2013,0,0.5740910782649316
LKA,2013-09-30,2013,0,0.5599365660996884
LKA,2013-10-31,2013,0,0.5483027293118015
LKA,2013-11-30,2013,0,0.547491147645403
LKA,2013-12-31,2013,0,0.6026608268613834
LKA,2014-01-31,2014,0,0.5444647672619785
LKA,2014-02-28,2014,0,0.5359876369928259
LKA,2014-03-31,2014,0,0.5386932177729025
LKA,2014-04-30,2014,0,0.5546169496522739
LKA,2014-05-31,2014,0,0.5610078555011883
LKA,2014-06-30,2014,0,0.5368877191998482
LKA,2014-07-31,2014,0,0.5423575407006346
LKA,2014-08-31,2014,0,0.3807879374232576
LKA,2014-09-30,2014,0,0.4078535458669366
LKA,2014-10-31,2014,0,0.5129689265216284
LKA,2014-11-30,2014,0,0.5093561979026501
LKA,2014-12-31,2014,0,0.5378375339322814
LKA,2015-01-31,2015,0,0.6177194327633271
LKA,2015-02-28,2015,0,0.5778512755546776
LKA,2015-03-31,2015,0,0.5875760716871428
LKA,2015-04-30,2015,0,0.5938637895905218
LKA,2015-05-31,2015,0,0.5354944743646667
LKA,2015-06-30,2015,0,0.5283663734291145
LKA,2015-07-31,2015,0,0.5443155599038894
LKA,2015-08-31,2015,0,0.5177979806693721
LKA,2015-09-30,2015,0,0.7293535918253974
LKA,2015-10-31,2015,0,0.7215350724921742
LKA,2015-11-30,2015,0,0.7043025411457292
LKA,2015-12-31,2015,0,0.7003986744172198
LKA,2016-01-31,2016,0,0.750759112201769
LKA,2016-02-29,2016,0,0.7476803103187064
LKA,2016-03-31,2016,0,0.7129140663667677
LKA,2016-04-30,2016,0,0.7164695268376325
LKA,2016-05-31,2016,0,0.6988107985783121
LKA,2016-06-30,2016,0,0.7047169718866996
LKA,2016-07-31,2016,0,0.7002222831812003
LKA,2016-08-31,2016,0,0.7021867413074884
LKA,2016-09-30,2016,0,0.5853415235139335
LKA,2016-10-31,2016,0,0.580939426068339
LKA,2016-11-30,2016,0,0.5324293517141221
LKA,2016-12-31,2016,0,0.5672832646948539
LSO,2002-01-31,2002,0,0.9118808610390793
LSO,2002-02-28,2002,0,0.6103742266250757
LSO,2002-03-31,2002,0,0.20199316204755074
LSO,2002-04-30,2002,0,0.16950081626761576
LSO,2002-05-31,2002,0,0.002344499746198913
LSO,2002-06-30,2002,0,2.732209779918227e-05
LSO,2002-07-31,2002,0,2.7148691766954695e-05
LSO,2002-08-31,2002,0,3.090386673295865e-05
LSO,2002-09-30,2002,0,3.108337600744836e-05
LSO,2002-10-31,2002,0,3.023648111205456e-05
LSO,2002-11-30,2002,0,0.004142142234355683
LSO,2002-12-31,2002,0,0.2965859225075495
LSO,2003-01-31,2003,0,0.11301675971442743
LSO,2003-02-28,2003,0,0.11779698706722767
LSO,2003-03-31,2003,0,0.12730426570995998
LSO,2003-04-30,2003,0,0.10686073770254105
LSO,2003-05-31,2003,0,0.3113860792992604
LSO,2003-06-30,2003,0,0.28363102423611547
LSO,2003-07-31,2003,0,0.3253372769220438
LSO,2003-08-31,2003,0,0.08823766372535549
LSO,2003-09-30,2003,0,0.09309322034650613
LSO,2003-10-31,2003,0,0.10286974694501483
LSO,2003-11-30,2003,0,0.0017160671840149141
LSO,2003-12-31,2003,0,0.0021032987167396862
LSO,2004-01-31,2004,0,0.004113804418924532
LSO,2004-02-29,2004,0,0.003800828047229594
LSO,2004-03-31,2004,0,0.0034041417543741207
LSO,2004-04-30,2004,0,0.004142486751152305
LSO,2004-05-31,2004,0,0.3278493067391627
LSO,2004-06-30,2004,0,0.3332319696868669
LSO,2004-07-31,2004,0,0.32322267553578365
LSO,2004-08-31,2004,0,0.38149367642930543
LSO,2004-09-30,2004,0,0.36549955341118257
LSO,2004-10-31,2004,0,0.3409716498085094
LSO,2004-11-30,2004,0,0.2893606745020078
LSO,2004-12-31,2004,0,0.3188475540663337
LSO,2005-01-31,2005,0,0.39757298046961276
LSO,2005-02-28,2005,0,0.39441048794942635
LSO,2005-03-31,2005,0,0.4480638693916103
LSO,2005-04-30,2005,0,0.42451471405338814
LSO,2005-05-31,2005,0,0.6697535011439945
LSO,2005-06-30,2005,0,0.6295680614378728
LSO,2005-07-31,2005,0,0.6239467365329693
LSO,2005-08-31,2005,0,0.46696719225426836
LSO,2005-09-30,2005,0,0.44350077249707615
LSO,2005-10-31,2005,0,0.46855046723134075
LSO,2005-11-30,2005,0,0.005408253394971662
LSO,2005-12-31,2005,0,0.005476656174964916
LSO,2006-01-31,2006,0,0.0044394348392546145
LSO,2006-02-28,2006,0,0.004978168632821479
LSO,2006-03-31,2006,0,0.0064103473807391115
LSO,2006-04-30,2006,0,0.006369513490786306
LSO,2006-05-31,2006,0,0.643285791481949
LSO,2006-06-30,2006,0,0.6879045513901355
LSO,2006-07-31,2006,0,0.6135877529056364
LSO,2006-08-31,2006,0,0.6142296323731259
LSO,2006-09-30,2006,0,0.6620710964998407
LSO,2006-10-31,2006,0,0.6078539618277712
LSO,2006-11-30,2006,0,0.4913621137936688
LSO,2006-12-31,2006,0,0.4317578716574194
LSO,2007-01-31,2007,0,0.5163172551119677
LSO,2007-02-28,2007,0,0.5394976975101864
LSO,2007-03-31,2007,0,0.5047110453682558
LSO,2007-04-30,2007,0,0.47667929318719116
LSO,2007-05-31,2007,0,0.508580939867429
LSO,2007-06-30,2007,0,0.5091077406701996
LSO,2007-07-31,2007,0,0.5182742645794399
LSO,2007-08-31,2007,0,0.5101728777323403
LSO,2007-09-30,2007,0,0.34598282005424524
LSO,2007-10-31,2007,0,0.30053276051194133
LSO,2007-11-30,2007,0,0.35142052094826914
LSO,2007-12-31,2007,0,0.3461185210791654
LSO,2008-01-31,2008,0,0.5592384996443768
LSO,2008-02-29,2008,0,0.5487199800838396
LSO,2008-03-31,2008,0,0.6097539034744305
LSO,2008-04-30,2008,0,0.40555075696017867
LSO,2008-05-31,2008,0,0.3964931312237482
LSO,2008-06-30,2008,0,0.3950764993429435
LSO,2008-07-31,2008,0,0.2658571072000049
LSO,2008-08-31,2008,0,0.31333753854772667
LSO,2008-09-30,2008,0,0.35520856303086545
LSO,2008-10-31,2008,0,0.8858522087947674
LSO,2008-11-30,2008,0,0.836643598934553
LSO,2008-12-31,2008,0,0.5841328854022982
LSO,2009-01-31,2009,0,0.6183992073084245
LSO,2009-02-28,2009,0,0.5206458241187373
LSO,2009-03-31,2009,0,0.40321286480951235
LSO,2009-04-30,2009,0,0.0009870622071004303
LSO,2009-05-31,2009,0,0.0008307400915442432
LSO,2009-06-30,2009,0,0.0009231992371386977
LSO,2009-07-31,2009,0,0.0010966137461512818
LSO,2009-08-31,2009,0,0.001191228131101004
LSO,2009-09-30,2009,0,0.0010158807422508747
LSO,2009-10-31,2009,0,0.26781781659636766
LSO,2009-11-30,2009,0,0.26172067895524226
LSO,2009-12-31,2009,0,0.3080810051047295
LSO,2010-01-31,2010,0,0.30652370328687173
LSO,2010-02-28,2010,0,0.34539630865521204
LSO,2010-03-31,2010,0,0.2966031992731223
LSO,2010-04-30,2010,0,0.34374185994429607
LSO,2010-05-31,2010,0,0.40870028417682047
LSO,2010-06-30,2010,0,0.439056364263108
LSO,2010-07-31,2010,0,0.37910004577742623
LSO,2010-08-31,2010,0,0.37938631080256424
LSO,2010-09-30,2010,0,0.3075670351024214
LSO,2010-10-31,2010,0,0.3268125237837555
LSO,2010-11-30,2010,0,0.3273953903571042
LSO,2010-12-31,2010,0,0.25069984325693917
LSO,2011-01-31,2011,0,0.39009176571998516
LSO,2011-02-28,2011,0,0.3154295395410861
LSO,2011-03-31,2011,0,0.38786789046779674
LSO,2011-04-30,2011,0,0.3476732009591565
LSO,2011-05-31,2011,0,0.3813949709765243
LSO,2011-06-30,2011,0,0.45022782492742924
LSO,2011-07-31,2011,0,0.4521841209146833
LSO,2011-08-31,2011,0,0.48686006088504796
LSO,2011-09-30,2011,0,0.8050947986656015
LSO,2011-10-31,2011,0,0.7559088701860364
LSO,2011-11-30,2011,0,0.7878103673150404
LSO,2011-12-31,2011,0,0.5281002403394142
LSO,2012-01-31,2012,0,0.36071476879948794
LSO,2012-02-29,2012,0,0.2621918268004438
LSO,2012-03-31,2012,0,0.0018819176737049238
LSO,2012-04-30,2012,0,0.002457016204147054
LSO,2012-05-31,2012,0,0.005601760150933458
LSO,2012-06-30,2012,0,0.0038643274316348037
LSO,2012-07-31,2012,0,0.004447757442305478
LSO,2012-08-31,2012,0,0.0022270719964568183
LSO,2012-09-30,2012,0,0.35587310287618673
LSO,2012-10-31,2012,0,0.4020257272209395
LSO,2012-11-30,2012,0,0.002895247975552031
LSO,2012-12-31,2012,0,0.002612736318653323
LSO,2013-01-31,2013,0,0.0032938463716405335
LSO,2013-02-28,2013,0,0.0034370142069294137
LSO,2013-03-31,2013,0,0.004453908589422835
LSO,2013-04-30,2013,0,0.003115478839251562
LSO,2013-05-31,2013,0,0.6525610069587464
LSO,2013-06-30,2013,0,0.6847755042299538
LSO,2013-07-31,2013,0,0.6353833657178751
LSO,2013-08-31,2013,0,0.40209336584561356
LSO,2013-09-30,2013,0,0.3455141829808578
LSO,2013-10-31,2013,0,0.34425013344158883
LSO,2013-11-30,2013,0,0.0031383446330245364
LSO,2013-12-31,2013,0,0.004202982682456666
LSO,2014-01-31,2014,1,0.1306204590886755
LSO,2014-02-28,2014,1,0.06661808675169818
LSO,2014-03-31,2014,1,0.06180372909575624
LSO,2014-04-30,2014,1,0.06105821702763534
LSO,2014-05-31,2014,1,0.381255301596758
LSO,2014-06-30,2014,1,0.3814419106406548
LSO,2014-07-31,2014,1,0.346965773465868
LSO,2014-08-31,2014,1,0.42673295380969023
LSO,2014-09-30,2014,1,0.4856280859609945
LSO,2014-10-31,2014,1,0.3949712916467159
LSO,2014-11-30,2014,1,0.4167678544321468
LSO,2014-12-31,2014,1,0.43160849395254586
LSO,2015-01-31,2015,0,0.45488052178520144
LSO,2015-02-28,2015,0,0.5188725872332834
LSO,2015-03-31,2015,0,0.49208313112161384
LSO,2015-04-30,2015,0,0.47100377571212104
LSO,2015-05-31,2015,0,0.47752726782422517
LSO,2015-06-30,2015,0,0.4460888813320146
LSO,2015-07-31,2015,0,0.4772810432665732
LSO,2015-08-31,2015,0,0.5009959740869574
LSO,2015-09-30,2015,0,0.5049339633257915
LSO,2015-10-31,2015,0,0.5491231559305297
LSO,2015-11-30,2015,0,0.5425652733662553
LSO,2015-12-31,2015,0,0.6181893249115473
LSO,2016-01-31,2016,0,0.6274766582553052
LSO,2016-02-29,2016,0,0.5809990402599365
LSO,2016-03-31,2016,0,0.27709864579861493
LSO,2016-04-30,2016,0,0.2466981418048111
LSO,2016-05-31,2016,0,0.3532356234892946
LSO,2016-06-30,2016,0,0.2806107766574876
LSO,2016-07-31,2016,0,0.25381033429798844
LSO,2016-08-31,2016,0,0.13032053465465535
LSO,2016-09-30,2016,0,0.15372861040711322
LSO,2016-10-31,2016,0,0.173874578153742
LSO,2016-11-30,2016,0,0.17505238105445553
LSO,2016-12-31,2016,0,0.21594036788142926
LTU,2002-01-31,2002,0,0.3001921237746398
LTU,2002-02-28,2002,0,0.5835886268017262
LTU,2002-03-31,2002,0,0.11255381509939756
LTU,2002-04-30,2002,0,0.12101541228716896
LTU,2002-05-31,2002,0,0.16307142146214043
LTU,2002-06-30,2002,0,0.1879452099654951
LTU,2002-07-31,2002,0,0.1935120848420674
LTU,2002-08-31,2002,0,0.1972238094162757
LTU,2002-09-30,2002,0,0.21199148860723013
LTU,2002-10-31,2002,0,0.19466982970609795
LTU,2002-11-30,2002,0,0.17235647815722452
LTU,2002-12-31,2002,0,0.16979328287096376
LTU,2003-01-31,2003,0,0.154393306571288
LTU,2003-02-28,2003,0,0.15960974417336435
LTU,2003-03-31,2003,0,0.17579715799148282
LTU,2003-04-30,2003,0,0.18335993353388114
LTU,2003-05-31,2003,0,0.1383610954964534
LTU,2003-06-30,2003,0,0.1534819328872776
LTU,2003-07-31,2003,0,0.14365786355239246
LTU,2003-08-31,2003,0,0.2526982538251901
LTU,2003-09-30,2003,0,0.2232971190512092
LTU,2003-10-31,2003,0,0.2273853614669912
LTU,2003-11-30,2003,0,0.2475268120835819
LTU,2003-12-31,2003,0,0.2590533998729177
LTU,2004-01-31,2004,0,0.3192259276256799
LTU,2004-02-29,2004,0,0.2837712977260302
LTU,2004-03-31,2004,0,0.348591845141341
LTU,2004-04-30,2004,0,0.3556889948794423
LTU,2004-05-31,2004,0,0.3362421252866449
LTU,2004-06-30,2004,0,0.3538714165982202
LTU,2004-07-31,2004,0,0.3375753398390295
LTU,2004-08-31,2004,0,0.32641967014813783
LTU,2004-09-30,2004,0,0.32696843744378257
LTU,2004-10-31,2004,0,0.29954619511089736
LTU,2004-11-30,2004,0,0.2841863668506814
LTU,2004-12-31,2004,0,0.306031292691556
LTU,2005-01-31,2005,0,0.2639048298961135
LTU,2005-02-28,2005,0,0.2748605944093278
LTU,2005-03-31,2005,0,0.2975200238414326
LTU,2005-04-30,2005,0,0.29971155407221606
LTU,2005-05-31,2005,0,0.3333859766963718
LTU,2005-06-30,2005,0,0.36984738954622953
LTU,2005-07-31,2005,0,0.3597782896205903
LTU,2005-08-31,2005,0,0.34679437285835807
LTU,2005-09-30,2005,0,0.3326805961443986
LTU,2005-10-31,2005,0,0.32761427964745027
LTU,2005-11-30,2005,0,0.35980817460365455
LTU,2005-12-31,2005,0,0.3745099518770089
LTU,2006-01-31,2006,0,0.41821805825432107
LTU,2006-02-28,2006,0,0.4143880707673889
LTU,2006-03-31,2006,0,0.4033584187220169
LTU,2006-04-30,2006,0,0.343886895229581
LTU,2006-05-31,2006,0,0.31782402796068404
LTU,2006-06-30,2006,0,0.31679156405714215
LTU,2006-07-31,2006,0,0.3300750357614565
LTU,2006-08-31,2006,0,0.3343549531453832
LTU,2006-09-30,2006,0,0.34243417456827285
LTU,2006-10-31,2006,0,0.352544041074769
LTU,2006-11-30,2006,0,0.3230075459076587
LTU,2006-12-31,2006,0,0.313241547826109
LTU,2007-01-31,2007,0,0.2398831060854546
LTU,2007-02-28,2007,0,0.25676979513010667
LTU,2007-03-31,2007,0,0.2536696245270805
LTU,2007-04-30,2007,0,0.2607088027294992
LTU,2007-05-31,2007,0,0.2838267261746471
LTU,2007-06-30,2007,0,0.2680149363803457
LTU,2007-07-31,2007,0,0.28764035818530526
LTU,2007-08-31,2007,0,0.2636050651236153
LTU,2007-09-30,2007,0,0.2220612749657635
LTU,2007-10-31,2007,0,0.23640947468290746
LTU,2007-11-30,2007,0,0.22459265363819478
LTU,2007-12-31,2007,0,0.2596087255373509
LTU,2008-01-31,2008,0,0.24469333244745484
LTU,2008-02-29,2008,0,0.25668357062718883
LTU,2008-03-31,2008,0,0.19103634714621814
LTU,2008-04-30,2008,0,0.19487857657653174
LTU,2008-05-31,2008,0,0.18559370076274068
LTU,2008-06-30,2008,0,0.19721383009723756
LTU,2008-07-31,2008,0,0.20350203507250345
LTU,2008-08-31,2008,0,0.38679688775401816
LTU,2008-09-30,2008,0,0.48507483854116273
LTU,2008-10-31,2008,0,0.6464773575477691
LTU,2008-11-30,2008,0,0.6323930271923504
LTU,2008-12-31,2008,0,0.2555261030724362
LTU,2009-01-31,2009,0,0.4361793205697517
LTU,2009-02-28,2009,0,0.4198330633571255
LTU,2009-03-31,2009,0,0.40442488170551555
LTU,2009-04-30,2009,0,0.3545556926006037
LTU,2009-05-31,2009,0,0.28207341839345423
LTU,2009-06-30,2009,0,0.3672834747646646
LTU,2009-07-31,2009,0,0.32594552352867445
LTU,2009-08-31,2009,0,0.30237504309061364
LTU,2009-09-30,2009,0,0.2895034116897646
LTU,2009-10-31,2009,0,0.24975790164054099
LTU,2009-11-30,2009,0,0.31356388585153233
LTU,2009-12-31,2009,0,0.5006057626861206
LTU,2010-01-31,2010,0,0.4407834288026308
LTU,2010-02-28,2010,0,0.5018534677905684
LTU,2010-03-31,2010,0,0.5025157138778042
LTU,2010-04-30,2010,0,0.5116048857538211
LTU,2010-05-31,2010,0,0.6657103086589883
LTU,2010-06-30,2010,0,0.658896173454621
LTU,2010-07-31,2010,0,0.38750673659718526
LTU,2010-08-31,2010,0,0.3888569215414533
LTU,2010-09-30,2010,0,0.2642841942833036
LTU,2010-10-31,2010,0,0.28187973204546435
LTU,2010-11-30,2010,0,0.2821271636914033
LTU,2010-12-31,2010,0,0.3092750764114152
LTU,2011-01-31,2011,0,0.49150642702524955
LTU,2011-02-28,2011,0,0.4613927522704568
LTU,2011-03-31,2011,0,0.5259287962777394
LTU,2011-04-30,2011,0,0.43137901876587464
LTU,2011-05-31,2011,0,0.44357602772275617
LTU,2011-06-30,2011,0,0.4398448703375684
LTU,2011-07-31,2011,0,0.5183401676981001
LTU,2011-08-31,2011,0,0.4955792559160599
LTU,2011-09-30,2011,0,0.6412051255828037
LTU,2011-10-31,2011,0,0.6334189670239067
LTU,2011-11-30,2011,0,0.6855537113749789
LTU,2011-12-31,2011,0,0.6797471350671087
LTU,2012-01-31,2012,0,0.4626942668457519
LTU,2012-02-29,2012,0,0.4114309295446943
LTU,2012-03-31,2012,0,0.3844560147372428
LTU,2012-04-30,2012,0,0.4752644826969231
LTU,2012-05-31,2012,0,0.5262079368522098
LTU,2012-06-30,2012,0,0.5110237498643188
LTU,2012-07-31,2012,0,0.5350045009986986
LTU,2012-08-31,2012,0,0.48839111902040167
LTU,2012-09-30,2012,0,0.4184514280511856
LTU,2012-10-31,2012,0,0.42512110241963497
LTU,2012-11-30,2012,0,0.39297414852696116
LTU,2012-12-31,2012,0,0.4010958759841234
LTU,2013-01-31,2013,0,0.38406395507512114
LTU,2013-02-28,2013,0,0.4067447303920009
LTU,2013-03-31,2013,0,0.4468980160442065
LTU,2013-04-30,2013,0,0.4357907370201302
LTU,2013-05-31,2013,0,0.4014522742358752
LTU,2013-06-30,2013,0,0.4020422679009113
LTU,2013-07-31,2013,0,0.418628328083721
LTU,2013-08-31,2013,0,0.4050087028219482
LTU,2013-09-30,2013,0,0.39525256613015747
LTU,2013-10-31,2013,0,0.3979866033827531
LTU,2013-11-30,2013,0,0.3955824600536031
LTU,2013-12-31,2013,0,0.4062202867731744
LTU,2014-01-31,2014,0,0.41985872857768813
LTU,2014-02-28,2014,0,0.4055574079376832
LTU,2014-03-31,2014,0,0.4040198039930181
LTU,2014-04-30,2014,0,0.4170293647115753
LTU,2014-05-31,2014,0,0.4486080517804837
LTU,2014-06-30,2014,0,0.45820342272934056
LTU,2014-07-31,2014,0,0.46720663394579265
LTU,2014-08-31,2014,0,0.4559353503111341
LTU,2014-09-30,2014,0,0.547747166553771
LTU,2014-10-31,2014,0,0.5811102937814248
LTU,2014-11-30,2014,0,0.5747851939722007
LTU,2014-12-31,2014,0,0.5902774806099292
LVA,2002-01-31,2002,0,0.23434103789389513
LVA,2002-02-28,2002,0,0.23248940661997747
LVA,2002-03-31,2002,0,0.24106035260735093
LVA,2002-04-30,2002,0,0.23016560766418678
LVA,2002-05-31,2002,0,0.2635344499631912
LVA,2002-06-30,2002,0,0.273480990170391
LVA,2002-07-31,2002,0,0.2524408406199161
LVA,2002-08-31,2002,0,0.24203871884587594
LVA,2002-09-30,2002,0,0.24086984444174675
LVA,2002-10-31,2002,0,0.2166054998982
LVA,2002-11-30,2002,0,0.18793175993067934
LVA,2002-12-31,2002,0,0.1965923631384085
LVA,2003-01-31,2003,0,0.25444647327056263
LVA,2003-02-28,2003,0,0.2645235762187035
LVA,2003-03-31,2003,0,0.28108123555014897
LVA,2003-04-30,2003,0,0.294244364467174
LVA,2003-05-31,2003,0,0.28441957980685983
LVA,2003-06-30,2003,0,0.244097660437585
LVA,2003-07-31,2003,0,0.21395012931568289
LVA,2003-08-31,2003,0,0.3060414711933266
LVA,2003-09-30,2003,0,0.3032102376472335
LVA,2003-10-31,2003,0,0.3219344459028269
LVA,2003-11-30,2003,0,0.3187127654146189
LVA,2003-12-31,2003,0,0.349879321769213
LVA,2004-01-31,2004,0,0.3671249081873179
LVA,2004-02-29,2004,0,0.32647880767917
LVA,2004-03-31,2004,0,0.38035279390042354
LVA,2004-04-30,2004,0,0.39029419230114404
LVA,2004-05-31,2004,0,0.3799982507980941
LVA,2004-06-30,2004,0,0.39713807545215224
LVA,2004-07-31,2004,0,0.3780406553798382
LVA,2004-08-31,2004,0,0.3625780471514167
LVA,2004-09-30,2004,0,0.41033238789681004
LVA,2004-10-31,2004,0,0.378492021170794
LVA,2004-11-30,2004,0,0.3560348447566083
LVA,2004-12-31,2004,0,0.37801296222217634
LVA,2005-01-31,2005,0,0.45672744674501037
LVA,2005-02-28,2005,0,0.4545092519052848
LVA,2005-03-31,2005,0,0.451558995320301
LVA,2005-04-30,2005,0,0.4687098942027304
LVA,2005-05-31,2005,0,0.47093887432177567
LVA,2005-06-30,2005,0,0.4615491424083589
LVA,2005-07-31,2005,0,0.4533988085564567
LVA,2005-08-31,2005,0,0.43922710482658345
LVA,2005-09-30,2005,0,0.4254106618650527
LVA,2005-10-31,2005,0,0.42017251974017905
LVA,2005-11-30,2005,0,0.43193710183002654
LVA,2005-12-31,2005,0,0.41874907740065004
LVA,2006-01-31,2006,0,0.39465136524674754
LVA,2006-02-28,2006,0,0.39082596855647994
LVA,2006-03-31,2006,0,0.3740411153380711
LVA,2006-04-30,2006,0,0.3219524241145301
LVA,2006-05-31,2006,0,0.3047070413986156
LVA,2006-06-30,2006,0,0.3006642390004463
LVA,2006-07-31,2006,0,0.29208567136858626
LVA,2006-08-31,2006,0,0.2954509873285001
LVA,2006-09-30,2006,0,0.2997106106616745
LVA,2006-10-31,2006,0,0.3196417642999383
LVA,2006-11-30,2006,0,0.31821494261179645
LVA,2006-12-31,2006,0,0.3146813751961401
LVA,2007-01-31,2007,0,0.24936789869667728
LVA,2007-02-28,2007,0,0.26196154863713905
LVA,2007-03-31,2007,0,0.25745883445993517
LVA,2007-04-30,2007,0,0.26191996113050636
LVA,2007-05-31,2007,0,0.25276384321431716
LVA,2007-06-30,2007,0,0.24077911233435517
LVA,2007-07-31,2007,0,0.2646212630728886
LVA,2007-08-31,2007,0,0.26490358423919735
LVA,2007-09-30,2007,0,0.2130886253237347
LVA,2007-10-31,2007,0,0.23041030402851154
LVA,2007-11-30,2007,0,0.20799965759535013
LVA,2007-12-31,2007,0,0.25520534360854047
LVA,2008-01-31,2008,0,0.2361865865556226
LVA,2008-02-29,2008,0,0.26003159748967203
LVA,2008-03-31,2008,0,0.18918020645075898
LVA,2008-04-30,2008,0,0.18268572509541522
LVA,2008-05-31,2008,0,0.18407073123450357
LVA,2008-06-30,2008,0,0.1881405168222193
LVA,2008-07-31,2008,0,0.18517034694568926
LVA,2008-08-31,2008,0,0.3341338937249901
LVA,2008-09-30,2008,0,0.43300159630503726
LVA,2008-10-31,2008,0,0.6147176637159477
LVA,2008-11-30,2008,0,0.6002616376355572
LVA,2008-12-31,2008,0,0.21075513724562556
LVA,2009-01-31,2009,0,0.44330277067371004
LVA,2009-02-28,2009,0,0.4323295382742433
LVA,2009-03-31,2009,0,0.42072272618306117
LVA,2009-04-30,2009,0,0.36048817849774545
LVA,2009-05-31,2009,0,0.29191855185347465
LVA,2009-06-30,2009,0,0.3846496990605636
LVA,2009-07-31,2009,0,0.3478883907405479
LVA,2009-08-31,2009,0,0.314765349515658
LVA,2009-09-30,2009,0,0.3028357599972177
LVA,2009-10-31,2009,0,0.268822399588181
LVA,2009-11-30,2009,0,0.34026590432469683
LVA,2009-12-31,2009,0,0.5122026287275394
LVA,2010-01-31,2010,0,0.5801667359752165
LVA,2010-02-28,2010,0,0.6363542138123784
LVA,2010-03-31,2010,0,0.6329095207212648
LVA,2010-04-30,2010,0,0.633641870915867
LVA,2010-05-31,2010,0,0.77981256040567
LVA,2010-06-30,2010,0,0.7634545238600671
LVA,2010-07-31,2010,0,0.5349824360527697
LVA,2010-08-31,2010,0,0.5385537352419029
LVA,2010-09-30,2010,0,0.3959931180500324
LVA,2010-10-31,2010,0,0.417394700831837
LVA,2010-11-30,2010,0,0.41708562882961814
LVA,2010-12-31,2010,0,0.4511629533998376
LVA,2011-01-31,2011,0,0.5635296446625583
LVA,2011-02-28,2011,0,0.5395357672884616
LVA,2011-03-31,2011,0,0.5803577950818665
LVA,2011-04-30,2011,0,0.507313309041304
LVA,2011-05-31,2011,0,0.5162057486051276
LVA,2011-06-30,2011,0,0.5140356304298086
LVA,2011-07-31,2011,0,0.5983819605048587
LVA,2011-08-31,2011,0,0.5734966893091021
LVA,2011-09-30,2011,0,0.7022577768223631
LVA,2011-10-31,2011,0,0.6648893554373786
LVA,2011-11-30,2011,0,0.7304278769213761
LVA,2011-12-31,2011,0,0.7260807865551183
LVA,2012-01-31,2012,0,0.4917460745723776
LVA,2012-02-29,2012,0,0.4413887280210457
LVA,2012-03-31,2012,0,0.41316677142385677
LVA,2012-04-30,2012,0,0.5133778222308344
LVA,2012-05-31,2012,0,0.557845273871504
LVA,2012-06-30,2012,0,0.538854498082678
LVA,2012-07-31,2012,0,0.5698776820311672
LVA,2012-08-31,2012,0,0.5246969208047543
LVA,2012-09-30,2012,0,0.46198638466217384
LVA,2012-10-31,2012,0,0.4816194280565248
LVA,2012-11-30,2012,0,0.445229810813051
LVA,2012-12-31,2012,0,0.45087477785868274
LVA,2013-01-31,2013,0,0.4108746811514859
LVA,2013-02-28,2013,0,0.4301654052376825
LVA,2013-03-31,2013,0,0.4669132192754481
LVA,2013-04-30,2013,0,0.4665476291834922
LVA,2013-05-31,2013,0,0.4217952274743588
LVA,2013-06-30,2013,0,0.4258270008132826
LVA,2013-07-31,2013,0,0.4396860387586003
LVA,2013-08-31,2013,0,0.42793033286036514
LVA,2013-09-30,2013,0,0.4264734399317395
LVA,2013-10-31,2013,0,0.421781586771762
LVA,2013-11-30,2013,0,0.42082685284159044
LVA,2013-12-31,2013,0,0.434561868096425
MAR,2002-01-31,2002,0,0.3015115558234695
MAR,2002-02-28,2002,0,0.41129275554642014
MAR,2002-03-31,2002,0,0.39351777726302456
MAR,2002-04-30,2002,0,0.32372064295649405
MAR,2002-05-31,2002,0,0.31921445722601516
MAR,2002-06-30,2002,0,0.2957744176115284
MAR,2002-07-31,2002,0,0.27732169426088177
MAR,2002-08-31,2002,0,0.26490131823884405
MAR,2002-09-30,2002,0,0.27668498905179345
MAR,2002-10-31,2002,0,0.25834472578476764
MAR,2002-11-30,2002,0,0.23677062647722666
MAR,2002-12-31,2002,0,0.2481767219728446
MAR,2003-01-31,2003,0,0.12407838362896868
MAR,2003-02-28,2003,0,0.12930203082585048
MAR,2003-03-31,2003,0,0.13660162272328608
MAR,2003-04-30,2003,0,0.1396771122201945
MAR,2003-05-31,2003,0,0.13646845804455746
MAR,2003-06-30,2003,0,0.17498114601978026
MAR,2003-07-31,2003,0,0.16040149048322647
MAR,2003-08-31,2003,0,0.20988448276148863
MAR,2003-09-30,2003,0,0.1609232629645149
MAR,2003-10-31,2003,0,0.15860907295695617
MAR,2003-11-30,2003,0,0.1543232275918093
MAR,2003-12-31,2003,0,0.16753234630402725
MAR,2004-01-31,2004,0,0.3629095900405841
MAR,2004-02-29,2004,0,0.3569812349896547
MAR,2004-03-31,2004,0,0.3925307489762913
MAR,2004-04-30,2004,0,0.38589448413101296
MAR,2004-05-31,2004,0,0.3547159294904217
MAR,2004-06-30,2004,0,0.37415414630139576
MAR,2004-07-31,2004,0,0.37318881685198657
MAR,2004-08-31,2004,0,0.37166397934310796
MAR,2004-09-30,2004,0,0.39123557117210495
MAR,2004-10-31,2004,0,0.4011761987378344
MAR,2004-11-30,2004,0,0.35863958307887356
MAR,2004-12-31,2004,0,0.39700543251542303
MAR,2005-01-31,2005,0,0.31975468789231876
MAR,2005-02-28,2005,0,0.33440606722230265
MAR,2005-03-31,2005,0,0.3475111995667451
MAR,2005-04-30,2005,0,0.3497829236218428
MAR,2005-05-31,2005,0,0.3896639962288993
MAR,2005-06-30,2005,0,0.38990191204996133
MAR,2005-07-31,2005,0,0.3895459583720664
MAR,2005-08-31,2005,0,0.3882165523399935
MAR,2005-09-30,2005,0,0.37488799598757677
MAR,2005-10-31,2005,0,0.367091084463546
MAR,2005-11-30,2005,0,0.3809057718658047
MAR,2005-12-31,2005,0,0.4176304562654555
MAR,2006-01-31,2006,0,0.43427352837153377
MAR,2006-02-28,2006,0,0.43268102853881607
MAR,2006-03-31,2006,0,0.42344736246326975
MAR,2006-04-30,2006,0,0.34948466202638406
MAR,2006-05-31,2006,0,0.297847896428581
MAR,2006-06-30,2006,0,0.30274119321059484
MAR,2006-07-31,2006,0,0.31450160261605203
MAR,2006-08-31,2006,0,0.31187611630779977
MAR,2006-09-30,2006,0,0.3238664456206773
MAR,2006-10-31,2006,0,0.34112535100849894
MAR,2006-11-30,2006,0,0.28667147705329543
MAR,2006-12-31,2006,0,0.286966664653165
MAR,2007-01-31,2007,0,0.27757269746782254
MAR,2007-02-28,2007,0,0.30156289002313225
MAR,2007-03-31,2007,0,0.28882168222817106
MAR,2007-04-30,2007,0,0.29983205793604795
MAR,2007-05-31,2007,0,0.30878838481867565
MAR,2007-06-30,2007,0,0.3210447600704452
MAR,2007-07-31,2007,0,0.3514907557295363
MAR,2007-08-31,2007,0,0.3264941204928372
MAR,2007-09-30,2007,0,0.28154132652949193
MAR,2007-10-31,2007,0,0.29613110411300025
MAR,2007-11-30,2007,0,0.2993263419665203
MAR,2007-12-31,2007,0,0.31769691146677237
MAR,2008-01-31,2008,0,0.2403416279703358
MAR,2008-02-29,2008,0,0.23917897397559895
MAR,2008-03-31,2008,0,0.20445542870846392
MAR,2008-04-30,2008,0,0.23554909865666931
MAR,2008-05-31,2008,0,0.2268963153514695
MAR,2008-06-30,2008,0,0.2507047610063243
MAR,2008-07-31,2008,0,0.23794259029706374
MAR,2008-08-31,2008,0,0.4629052536484237
MAR,2008-09-30,2008,0,0.5345148610233814
MAR,2008-10-31,2008,0,0.7676043421509283
MAR,2008-11-30,2008,0,0.7200821394801884
MAR,2008-12-31,2008,0,0.4398112345254684
MAR,2009-01-31,2009,0,0.4652870606924893
MAR,2009-02-28,2009,0,0.45025490146449426
MAR,2009-03-31,2009,0,0.4082815252784564
MAR,2009-04-30,2009,0,0.0024979234532537917
MAR,2009-05-31,2009,0,0.00176822106184816
MAR,2009-06-30,2009,0,0.0024691654422133585
MAR,2009-07-31,2009,0,0.0019767945043601405
MAR,2009-08-31,2009,0,0.0020331505400513553
MAR,2009-09-30,2009,0,0.001861506287788518
MAR,2009-10-31,2009,0,0.2809100308505076
MAR,2009-11-30,2009,0,0.3690224163481996
MAR,2009-12-31,2009,0,0.5030785353289966
MAR,2010-01-31,2010,0,0.5244928562341219
MAR,2010-02-28,2010,0,0.5475118739524926
MAR,2010-03-31,2010,0,0.5495396469552206
MAR,2010-04-30,2010,0,0.5517126968454242
MAR,2010-05-31,2010,0,0.7538857155973512
MAR,2010-06-30,2010,0,0.736630152496632
MAR,2010-07-31,2010,0,0.48796117792212834
MAR,2010-08-31,2010,0,0.4969954296021678
MAR,2010-09-30,2010,0,0.36821833756569816
MAR,2010-10-31,2010,0,0.3879778785366761
MAR,2010-11-30,2010,0,0.4190428415047777
MAR,2010-12-31,2010,0,0.4107212320416461
MAR,2011-01-31,2011,0,0.42406258619826637
MAR,2011-02-28,2011,0,0.40873085135918313
MAR,2011-03-31,2011,0,0.46880271963934306
MAR,2011-04-30,2011,0,0.41317374406532453
MAR,2011-05-31,2011,0,0.4054740323340146
MAR,2011-06-30,2011,0,0.40724016190136486
MAR,2011-07-31,2011,0,0.4657931278546956
MAR,2011-08-31,2011,0,0.45113361740510044
MAR,2011-09-30,2011,0,0.5918932176910783
MAR,2011-10-31,2011,0,0.5363904264754176
MAR,2011-11-30,2011,0,0.564636831376759
MAR,2011-12-31,2011,0,0.5683444053635303
MAR,2012-01-31,2012,0,0.4880904662016622
MAR,2012-02-29,2012,0,0.45055563680180827
MAR,2012-03-31,2012,0,0.41963227353444477
MAR,2012-04-30,2012,0,0.49763853257817053
MAR,2012-05-31,2012,0,0.5574801297892052
MAR,2012-06-30,2012,0,0.5109262771826534
MAR,2012-07-31,2012,0,0.5327669647016166
MAR,2012-08-31,2012,0,0.4784160050190494
MAR,2012-09-30,2012,0,0.44516111076125847
MAR,2012-10-31,2012,0,0.45738902819349175
MAR,2012-11-30,2012,0,0.45808895315896625
MAR,2012-12-31,2012,0,0.4777736849008626
MAR,2013-01-31,2013,0,0.45249947639498855
MAR,2013-02-28,2013,0,0.47066031664386326
MAR,2013-03-31,2013,0,0.49639045159882994
MAR,2013-04-30,2013,0,0.49433865874201494
MAR,2013-05-31,2013,0,0.4639146028835694
MAR,2013-06-30,2013,0,0.4594066616798981
MAR,2013-07-31,2013,0,0.48428191315875685
MAR,2013-08-31,2013,0,0.47433441558594486
MAR,2013-09-30,2013,0,0.4424089806649699
MAR,2013-10-31,2013,0,0.44622635374940917
MAR,2013-11-30,2013,0,0.4400290630185939
MAR,2013-12-31,2013,0,0.45267491095536516
MAR,2014-01-31,2014,0,0.4357313806260638
MAR,2014-02-28,2014,0,0.4070068623493711
MAR,2014-03-31,2014,0,0.41513864756772584
MAR,2014-04-30,2014,0,0.4047503919977107
MAR,2014-05-31,2014,0,0.43593966003067813
MAR,2014-06-30,2014,0,0.4317541044881274
MAR,2014-07-31,2014,0,0.43506213864376736
MAR,2014-08-31,2014,0,0.45634465883855124
MAR,2014-09-30,2014,0,0.5612993003710272
MAR,2014-10-31,2014,0,0.5629337398467452
MAR,2014-11-30,2014,0,0.54791950094689
MAR,2014-12-31,2014,0,0.547385657639987
MAR,2015-01-31,2015,0,0.6247163587332716
MAR,2015-02-28,2015,0,0.6672092543602003
MAR,2015-03-31,2015,0,0.6534650642264815
MAR,2015-04-30,2015,0,0.5304955973454356
MAR,2015-05-31,2015,0,0.5363784527649282
MAR,2015-06-30,2015,0,0.5037825041325242
MAR,2015-07-31,2015,0,0.49511271253020966
MAR,2015-08-31,2015,0,0.4875094849861996
MAR,2015-09-30,2015,0,0.47109213394376137
MAR,2015-10-31,2015,0,0.48576212177962047
MAR,2015-11-30,2015,0,0.5232725849874607
MAR,2015-12-31,2015,0,0.4934663947785353
MAR,2016-01-31,2016,0,0.4855664577008131
MAR,2016-02-29,2016,0,0.4894005806653788
MAR,2016-03-31,2016,0,0.39589281059027365
MAR,2016-04-30,2016,0,0.39282160432167945
MAR,2016-05-31,2016,0,0.37187784825237763
MAR,2016-06-30,2016,0,0.36425198678801
MAR,2016-07-31,2016,0,0.3766077720726578
MAR,2016-08-31,2016,0,0.3627412925379953
MAR,2016-09-30,2016,0,0.4695186267038784
MAR,2016-10-31,2016,0,0.44900209456622725
MAR,2016-11-30,2016,0,0.4216691934689215
MAR,2016-12-31,2016,0,0.39259456445101276
MDA,2002-01-31,2002,0,0.37182298391196594
MDA,2002-02-28,2002,0,0.3281834755615033
MDA,2002-03-31,2002,0,0.4137813125414697
MDA,2002-04-30,2002,0,0.42842804434197485
MDA,2002-05-31,2002,0,0.3948026263908296
MDA,2002-06-30,2002,0,0.35728064177337837
MDA,2002-07-31,2002,0,0.23123651375086418
MDA,2002-08-31,2002,0,0.24430353891996376
MDA,2002-09-30,2002,0,0.24153267485124705
MDA,2002-10-31,2002,0,0.23262660923531514
MDA,2002-11-30,2002,0,0.23397062551892067
MDA,2002-12-31,2002,0,0.26691196647139387
MDA,2003-01-31,2003,0,0.1937251637454189
MDA,2003-02-28,2003,0,0.17785861429328748
MDA,2003-03-31,2003,0,0.15731527691605549
MDA,2003-04-30,2003,0,0.1764699061577991
MDA,2003-05-31,2003,0,0.18578360135360325
MDA,2003-06-30,2003,0,0.19292262174296604
MDA,2003-07-31,2003,0,0.2147658256786116
MDA,2003-08-31,2003,0,0.24971870658560325
MDA,2003-09-30,2003,0,0.0759643630236599
MDA,2003-10-31,2003,0,0.08753573006762522
MDA,2003-11-30,2003,0,0.08756085953860261
MDA,2003-12-31,2003,0,0.09392784873211164
MDA,2004-01-31,2004,0,0.1209585498393633
MDA,2004-02-29,2004,0,0.1337912739787566
MDA,2004-03-31,2004,0,0.13278638397558562
MDA,2004-04-30,2004,0,0.10904350284686412
MDA,2004-05-31,2004,0,0.14969092148834998
MDA,2004-06-30,2004,0,0.1517086934317242
MDA,2004-07-31,2004,0,0.16567727032379653
MDA,2004-08-31,2004,0,0.15896883393501282
MDA,2004-09-30,2004,0,0.14467402132752705
MDA,2004-10-31,2004,0,0.23231830561595604
MDA,2004-11-30,2004,0,0.23445196519999864
MDA,2004-12-31,2004,0,0.237923388063363
MDA,2005-01-31,2005,0,0.23823464777333897
MDA,2005-02-28,2005,0,0.2139668638363066
MDA,2005-03-31,2005,0,0.1853806475650922
MDA,2005-04-30,2005,0,0.40024745997676575
MDA,2005-05-31,2005,0,0.4631800312048753
MDA,2005-06-30,2005,0,0.49077723771572934
MDA,2005-07-31,2005,0,0.49963419926789393
MDA,2005-08-31,2005,0,0.5592594585271796
MDA,2005-09-30,2005,0,0.5494401798346616
MDA,2005-10-31,2005,0,0.34314772266574745
MDA,2005-11-30,2005,0,0.5578427601314504
MDA,2005-12-31,2005,0,0.5665423723095355
MDA,2006-01-31,2006,0,0.5523997272742989
MDA,2006-02-28,2006,0,0.5618230505723895
MDA,2006-03-31,2006,0,0.5805483678173805
MDA,2006-04-30,2006,0,0.5801098493597157
MDA,2006-05-31,2006,0,0.5052736327142843
MDA,2006-06-30,2006,0,0.49935757545579496
MDA,2006-07-31,2006,0,0.5062650431471467
MDA,2006-08-31,2006,0,0.4960305644127367
MDA,2006-09-30,2006,0,0.4705909864363457
MDA,2006-10-31,2006,0,0.4228004938712549
MDA,2006-11-30,2006,0,0.4288382341646032
MDA,2006-12-31,2006,0,0.17257776370261935
MDA,2007-01-31,2007,0,0.16303287895038854
MDA,2007-02-28,2007,0,0.19432331467349373
MDA,2007-03-31,2007,0,0.20846530300678662
MDA,2007-04-30,2007,0,0.22529286260050999
MDA,2007-05-31,2007,0,0.19095705506146135
MDA,2007-06-30,2007,0,0.2036469938483903
MDA,2007-07-31,2007,0,0.21964012888446338
MDA,2007-08-31,2007,0,0.20790497237642705
MDA,2007-09-30,2007,0,0.09125994888286876
MDA,2007-10-31,2007,0,0.09657551194780746
MDA,2007-11-30,2007,0,0.09878132873281792
MDA,2007-12-31,2007,0,0.11390081627775754
MDA,2008-01-31,2008,0,0.1261191162048517
MDA,2008-02-29,2008,0,0.12470227371605316
MDA,2008-03-31,2008,0,0.10219630998674141
MDA,2008-04-30,2008,0,0.11009809998997978
MDA,2008-05-31,2008,0,0.10796549446266791
MDA,2008-06-30,2008,0,0.11989498899751616
MDA,2008-07-31,2008,0,0.12040941261638399
MDA,2008-08-31,2008,0,0.12429083291801274
MDA,2008-09-30,2008,0,0.49358578625954025
MDA,2008-10-31,2008,0,0.49720023245860556
MDA,2008-11-30,2008,0,0.4969396338528279
MDA,2008-12-31,2008,0,0.5208367786818001
MDA,2009-01-31,2009,0,0.5667325301210274
MDA,2009-02-28,2009,0,0.5808256568408103
MDA,2009-03-31,2009,0,0.6091765403136883
MDA,2009-04-30,2009,0,0.6137730908372641
MDA,2009-05-31,2009,0,0.5674564579545079
MDA,2009-06-30,2009,0,0.6023303328489643
MDA,2009-07-31,2009,0,0.622168745629326
MDA,2009-08-31,2009,0,0.638912802537673
MDA,2009-09-30,2009,0,0.5850235508954998
MDA,2009-10-31,2009,0,0.3455610703780814
MDA,2009-11-30,2009,0,0.35254202499398357
MDA,2009-12-31,2009,0,0.7304447494315622
MDA,2010-01-31,2010,0,0.7490127529595951
MDA,2010-02-28,2010,0,0.7651883886296645
MDA,2010-03-31,2010,0,0.4321420317744332
MDA,2010-04-30,2010,0,0.5008416570729411
MDA,2010-05-31,2010,0,0.5117327310947982
MDA,2010-06-30,2010,0,0.004612152559876006
MDA,2010-07-31,2010,0,0.0030066390943724766
MDA,2010-08-31,2010,0,0.0028928330250385472
MDA,2010-09-30,2010,0,0.002789644517566771
MDA,2010-10-31,2010,0,0.003166617796017315
MDA,2010-11-30,2010,0,0.003578074859837886
MDA,2010-12-31,2010,0,0.36714607916895076
MDA,2011-01-31,2011,0,0.5555417154545953
MDA,2011-02-28,2011,0,0.5413887887705914
MDA,2011-03-31,2011,0,0.5445102725175441
MDA,2011-04-30,2011,0,0.4779310222483277
MDA,2011-05-31,2011,0,0.4521824703204811
MDA,2011-06-30,2011,0,0.45253843414152384
MDA,2011-07-31,2011,0,0.516075156820246
MDA,2011-08-31,2011,0,0.515701142964642
MDA,2011-09-30,2011,0,0.6310492987381732
MDA,2011-10-31,2011,0,0.6072899980318812
MDA,2011-11-30,2011,0,0.633124273735413
MDA,2011-12-31,2011,0,0.5934333560084195
MDA,2012-01-31,2012,0,0.43772382127845827
MDA,2012-02-29,2012,0,0.4329887245168554
MDA,2012-03-31,2012,0,0.403017980971581
MDA,2012-04-30,2012,0,0.47416365986239806
MDA,2012-05-31,2012,0,0.4616270012093436
MDA,2012-06-30,2012,0,0.501729841782752
MDA,2012-07-31,2012,0,0.5174785186091235
MDA,2012-08-31,2012,0,0.4860730220471488
MDA,2012-09-30,2012,0,0.4242630280266933
MDA,2012-10-31,2012,0,0.4452337468709859
MDA,2012-11-30,2012,0,0.4520046819199318
MDA,2012-12-31,2012,0,0.3608644936785883
MDA,2013-01-31,2013,0,0.28746741037260376
MDA,2013-02-28,2013,0,0.28968705849121734
MDA,2013-03-31,2013,0,0.3132590385717323
MDA,2013-04-30,2013,0,0.3068769157099433
MDA,2013-05-31,2013,0,0.31123602995844196
MDA,2013-06-30,2013,0,0.3340221223896094
MDA,2013-07-31,2013,0,0.33418045085562476
MDA,2013-08-31,2013,0,0.3221933800445953
MDA,2013-09-30,2013,0,0.31629704030364464
MDA,2013-10-31,2013,0,0.2959262548364849
MDA,2013-11-30,2013,0,0.32643180667522015
MDA,2013-12-31,2013,0,0.36388985740199076
MDA,2014-01-31,2014,0,0.47158863207734847
MDA,2014-02-28,2014,0,0.4709019722842352
MDA,2014-03-31,2014,0,0.43823734471363124
MDA,2014-04-30,2014,0,0.42921473962642187
MDA,2014-05-31,2014,0,0.4367497779314088
MDA,2014-06-30,2014,0,0.45449653925281813
MDA,2014-07-31,2014,0,0.4520540136274475
MDA,2014-08-31,2014,0,0.44061771721003323
MDA,2014-09-30,2014,0,0.5163045326149748
MDA,2014-10-31,2014,0,0.5340774791000049
MDA,2014-11-30,2014,0,0.5506161090008004
MDA,2014-12-31,2014,0,0.5590632269112129
MDA,2015-01-31,2015,0,0.8217564982165153
MDA,2015-02-28,2015,0,0.8501116477014233
MDA,2015-03-31,2015,0,0.7814766095120481
MDA,2015-04-30,2015,0,0.49668833429498543
MDA,2015-05-31,2015,0,0.46924823651510206
MDA,2015-06-30,2015,0,0.4818816253369236
MDA,2015-07-31,2015,0,0.47779835525344994
MDA,2015-08-31,2015,0,0.4794521544411546
MDA,2015-09-30,2015,0,0.5209263322587189
MDA,2015-10-31,2015,0,0.5296299151548808
MDA,2015-11-30,2015,0,0.5231450389433958
MDA,2015-12-31,2015,0,0.4394466902933951
MDA,2016-01-31,2016,0,0.48468116362877084
MDA,2016-02-29,2016,0,0.4462532536133625
MDA,2016-03-31,2016,0,0.42951557462200735
MDA,2016-04-30,2016,0,0.417908042681161
MDA,2016-05-31,2016,0,0.42609713346515093
MDA,2016-06-30,2016,0,0.4664961957255234
MDA,2016-07-31,2016,0,0.4150719317532341
MDA,2016-08-31,2016,0,0.4380865652864305
MDA,2016-09-30,2016,0,0.5037654914097777
MDA,2016-10-31,2016,0,0.49268582860751425
MDA,2016-11-30,2016,0,0.48884721914670387
MDA,2016-12-31,2016,0,0.46576473808449675
MDG,2002-01-31,2002,0,0.10442677976020528
MDG,2002-02-28,2002,0,0.18646679928060989
MDG,2002-03-31,2002,0,0.17658315816450812
MDG,2002-04-30,2002,0,0.1646766991743009
MDG,2002-05-31,2002,0,0.18105355605574816
MDG,2002-06-30,2002,0,0.18391012766287276
MDG,2002-07-31,2002,0,0.18160683640888114
MDG,2002-08-31,2002,0,0.10933969663459044
MDG,2002-09-30,2002,0,0.11715102792299144
MDG,2002-10-31,2002,0,0.12358727459706356
MDG,2002-11-30,2002,0,0.1397239080192529
MDG,2002-12-31,2002,0,0.13951004883845006
MDG,2003-01-31,2003,1,0.16518462910923148
MDG,2003-02-28,2003,1,0.09840101303155917
MDG,2003-03-31,2003,1,0.12258376168970027
MDG,2003-04-30,2003,1,0.13438100057398536
MDG,2003-05-31,2003,1,0.07699502777597342
MDG,2003-06-30,2003,1,0.08512950683337939
MDG,2003-07-31,2003,1,0.07493101544734596
MDG,2003-08-31,2003,1,0.08261208887071994
MDG,2003-09-30,2003,1,0.08811670592115678
MDG,2003-10-31,2003,1,0.08625890119831275
MDG,2003-11-30,2003,1,0.1288649806929482
MDG,2003-12-31,2003,1,0.1269184266144472
MDG,2004-01-31,2004,0,0.8591647325858529
MDG,2004-02-29,2004,0,0.8468642984150038
MDG,2004-03-31,2004,0,0.9742391507120651
MDG,2004-04-30,2004,0,0.8667566360920429
MDG,2004-05-31,2004,0,0.9484840069340703
MDG,2004-06-30,2004,0,0.45371145660317225
MDG,2004-07-31,2004,0,0.017636703250897702
MDG,2004-08-31,2004,0,0.0023423385930947224
MDG,2004-09-30,2004,0,6.65776335863632e-05
MDG,2004-10-31,2004,0,5.819594143914481e-05
MDG,2004-11-30,2004,0,7.622441280969118e-07
MDG,2004-12-31,2004,0,8.146295403054686e-07
MDG,2005-01-31,2005,0,5.701370246778875e-06
MDG,2005-02-28,2005,0,7.1160197069445885e-06
MDG,2005-03-31,2005,0,0.0013688516922174636
MDG,2005-04-30,2005,0,0.0014433556266739557
MDG,2005-05-31,2005,0,0.12253959260130289
MDG,2005-06-30,2005,0,0.13203084571590026
MDG,2005-07-31,2005,0,0.133294252677369
MDG,2005-08-31,2005,0,0.11944855979421058
MDG,2005-09-30,2005,0,0.13454184609886133
MDG,2005-10-31,2005,0,0.13014541738705673
MDG,2005-11-30,2005,0,0.22004585404290736
MDG,2005-12-31,2005,0,0.2164119690667688
MDG,2006-01-31,2006,0,0.3154403949692111
MDG,2006-02-28,2006,0,0.3201898879566433
MDG,2006-03-31,2006,0,0.3337769901419229
MDG,2006-04-30,2006,0,0.32463855517028944
MDG,2006-05-31,2006,0,0.32632552532030584
MDG,2006-06-30,2006,0,0.3492489672180426
MDG,2006-07-31,2006,0,0.34087907628720765
MDG,2006-08-31,2006,0,0.32653098360482885
MDG,2006-09-30,2006,0,0.3496127449522361
MDG,2006-10-31,2006,0,0.3809074921788305
MDG,2006-11-30,2006,0,0.16707031323771276
MDG,2006-12-31,2006,0,0.1751678863315925
MDG,2007-01-31,2007,0,0.23282966012613687
MDG,2007-02-28,2007,0,0.20970787342311423
MDG,2007-03-31,2007,0,0.2349960570490344
MDG,2007-04-30,2007,0,0.12281921921346858
MDG,2007-05-31,2007,0,0.1319872062574323
MDG,2007-06-30,2007,0,0.1344244544665711
MDG,2007-07-31,2007,0,0.13750549553021174
MDG,2007-08-31,2007,0,0.139259170000493
MDG,2007-09-30,2007,0,0.13364391144591214
MDG,2007-10-31,2007,0,0.17568976687988203
MDG,2007-11-30,2007,0,0.16697104529248438
MDG,2007-12-31,2007,0,0.17758145465188016
MDG,2008-01-31,2008,0,0.18205267497067504
MDG,2008-02-29,2008,0,0.31559293643804026
MDG,2008-03-31,2008,0,0.08247427850189776
MDG,2008-04-30,2008,0,0.07596800830065795
MDG,2008-05-31,2008,0,0.07346300589742642
MDG,2008-06-30,2008,0,0.08879043152676167
MDG,2008-07-31,2008,0,0.09143100925160946
MDG,2008-08-31,2008,0,0.10932129357894402
MDG,2008-09-30,2008,0,0.22643172489345745
MDG,2008-10-31,2008,0,0.488473851032982
MDG,2008-11-30,2008,0,0.45939869643535514
MDG,2008-12-31,2008,0,0.5086652252937401
MDG,2009-01-31,2009,0,0.5369668157575541
MDG,2009-02-28,2009,0,0.4779045157088653
MDG,2009-03-31,2009,0,0.6279612766714355
MDG,2009-04-30,2009,0,0.6444746388192788
MDG,2009-05-31,2009,0,0.29900504788459525
MDG,2009-06-30,2009,0,0.3144481690982558
MDG,2009-07-31,2009,0,0.28605323124194754
MDG,2009-08-31,2009,0,0.32739238953990535
MDG,2009-09-30,2009,0,0.34365660855400537
MDG,2009-10-31,2009,0,0.23801379864906141
MDG,2009-11-30,2009,0,0.33343112448187323
MDG,2009-12-31,2009,0,0.33280364446483784
MDG,2010-01-31,2010,0,0.4341755648736789
MDG,2010-02-28,2010,0,0.4730923238863691
MDG,2010-03-31,2010,0,0.36617601952060613
MDG,2010-04-30,2010,0,0.2882158462520206
MDG,2010-05-31,2010,0,0.387875398756413
MDG,2010-06-30,2010,0,0.4790793272591061
MDG,2010-07-31,2010,0,0.376649327137697
MDG,2010-08-31,2010,0,0.19797329282323184
MDG,2010-09-30,2010,0,0.20983710800969765
MDG,2010-10-31,2010,0,0.2206374249992735
MDG,2010-11-30,2010,0,0.2706993215417907
MDG,2010-12-31,2010,0,0.28509718760100977
MDG,2011-01-31,2011,0,0.39259576135915253
MDG,2011-02-28,2011,0,0.4384246666566737
MDG,2011-03-31,2011,0,0.43853648213706903
MDG,2011-04-30,2011,0,0.43206112503425886
MDG,2011-05-31,2011,0,0.4547201142313264
MDG,2011-06-30,2011,0,0.36809525377137925
MDG,2011-07-31,2011,0,0.44617883277089937
MDG,2011-08-31,2011,0,0.5248433900327212
MDG,2011-09-30,2011,0,0.6322304080051092
MDG,2011-10-31,2011,0,0.6782056891389212
MDG,2011-11-30,2011,0,0.6794901641483543
MDG,2011-12-31,2011,0,0.716515899522745
MDG,2012-01-31,2012,0,0.5881662680463954
MDG,2012-02-29,2012,0,0.5910298600260432
MDG,2012-03-31,2012,0,0.5086094093024526
MDG,2012-04-30,2012,0,0.5268021485646724
MDG,2012-05-31,2012,0,0.5357045343789484
MDG,2012-06-30,2012,0,0.5504193476786107
MDG,2012-07-31,2012,0,0.6162113956469814
MDG,2012-08-31,2012,0,0.5814698749057116
MDG,2012-09-30,2012,0,0.5527269231569211
MDG,2012-10-31,2012,0,0.5591149090207203
MDG,2012-11-30,2012,0,0.5629970076019427
MDG,2012-12-31,2012,0,0.5388429358456698
MDG,2013-01-31,2013,0,0.3384192878055789
MDG,2013-02-28,2013,0,0.3322807832834031
MDG,2013-03-31,2013,0,0.3392919166857914
MDG,2013-04-30,2013,0,0.3344455879965429
MDG,2013-05-31,2013,0,0.32912473143727694
MDG,2013-06-30,2013,0,0.30289880440140965
MDG,2013-07-31,2013,0,0.31948597763826936
MDG,2013-08-31,2013,0,0.3112956182138502
MDG,2013-09-30,2013,0,0.3201010924042415
MDG,2013-10-31,2013,0,0.3217892691204798
MDG,2013-11-30,2013,0,0.36112031810565937
MDG,2013-12-31,2013,0,0.35637611630871385
MDG,2014-01-31,2014,0,0.440805736562373
MDG,2014-02-28,2014,0,0.4307623483578336
MDG,2014-03-31,2014,0,0.4355545751346836
MDG,2014-04-30,2014,0,0.48554138298845845
MDG,2014-05-31,2014,0,0.48446719822130146
MDG,2014-06-30,2014,0,0.4822008371186007
MDG,2014-07-31,2014,0,0.548779789000137
MDG,2014-08-31,2014,0,0.5344907150746282
MDG,2014-09-30,2014,0,0.5459717033283277
MDG,2014-10-31,2014,0,0.6143550530899743
MDG,2014-11-30,2014,0,0.6343933593884497
MDG,2014-12-31,2014,0,0.5995120412694048
MDG,2015-01-31,2015,0,0.6520494433697874
MDG,2015-02-28,2015,0,0.6483563559841827
MDG,2015-03-31,2015,0,0.7833717009688898
MDG,2015-04-30,2015,0,0.7754224314991299
MDG,2015-05-31,2015,0,0.7641789438053108
MDG,2015-06-30,2015,0,0.5515837365362927
MDG,2015-07-31,2015,0,0.5766716608434951
MDG,2015-08-31,2015,0,0.5748951267638139
MDG,2015-09-30,2015,0,0.6207945355453377
MDG,2015-10-31,2015,0,0.6457921770656188
MDG,2015-11-30,2015,0,0.6220909178272859
MDG,2015-12-31,2015,0,0.3341006372565273
MDG,2016-01-31,2016,0,0.3132109844319317
MDG,2016-02-29,2016,0,0.31660325180133164
MDG,2016-03-31,2016,0,0.5084021953777352
MDG,2016-04-30,2016,0,0.451359426813483
MDG,2016-05-31,2016,0,0.503986771376674
MDG,2016-06-30,2016,0,0.5370836502014341
MDG,2016-07-31,2016,0,0.18676757302472846
MDG,2016-08-31,2016,0,0.19330457615855828
MDG,2016-09-30,2016,0,0.1621952330391404
MDG,2016-10-31,2016,0,0.22522387532905233
MDG,2016-11-30,2016,0,0.24128375101809094
MDG,2016-12-31,2016,0,0.2244111465526446
MDV,2002-01-31,2002,0,0.4626715295282901
MDV,2002-02-28,2002,0,0.4626715295282901
MDV,2002-03-31,2002,0,0.4626715295282901
MDV,2002-04-30,2002,0,0.4626715295282901
MDV,2002-05-31,2002,0,0.4626715295282901
MDV,2002-06-30,2002,0,0.4626715295282901
MDV,2002-07-31,2002,0,0.2866015792215794
MDV,2002-08-31,2002,0,0.2866015792215794
MDV,2002-09-30,2002,0,0.2866015792215794
MDV,2002-10-31,2002,0,0.2866015792215794
MDV,2002-11-30,2002,0,0.2866015792215794
MDV,2002-12-31,2002,0,0.2866015792215794
MDV,2003-01-31,2003,0,0.46107627061739065
MDV,2003-02-28,2003,0,0.46107627061739065
MDV,2003-03-31,2003,0,0.46107627061739065
MDV,2003-04-30,2003,0,0.46107627061739065
MDV,2003-05-31,2003,0,0.46107627061739065
MDV,2003-06-30,2003,0,0.46107627061739065
MDV,2003-07-31,2003,0,0.46107627061739065
MDV,2003-08-31,2003,0,0.46107627061739065
MDV,2003-09-30,2003,0,0.46107627061739065
MDV,2003-10-31,2003,0,0.46107627061739065
MDV,2003-11-30,2003,0,0.46107627061739065
MDV,2003-12-31,2003,0,0.46107627061739065
MDV,2004-01-31,2004,0,0.38604422756479745
MDV,2004-02-29,2004,0,0.38604422756479745
MDV,2004-03-31,2004,0,0.38604422756479745
MDV,2004-04-30,2004,0,0.38604422756479745
MDV,2004-05-31,2004,0,0.38604422756479745
MDV,2004-06-30,2004,0,0.38604422756479745
MDV,2004-07-31,2004,0,0.38604422756479745
MDV,2004-08-31,2004,0,0.38604422756479745
MDV,2004-09-30,2004,0,0.38604422756479745
MDV,2004-10-31,2004,0,0.38604422756479745
MDV,2004-11-30,2004,0,0.38604422756479745
MDV,2004-12-31,2004,0,0.38604422756479745
MDV,2005-01-31,2005,0,0.20639966907733154
MDV,2005-02-28,2005,0,0.20639966907733154
MDV,2005-03-31,2005,0,0.20639966907733154
MDV,2005-04-30,2005,0,0.20639966907733154
MDV,2005-05-31,2005,0,0.20639966907733154
MDV,2005-06-30,2005,0,0.20639966907733154
MDV,2005-07-31,2005,0,0.20639966907733154
MDV,2005-08-31,2005,0,0.20639966907733154
MDV,2005-09-30,2005,0,0.20639966907733154
MDV,2005-10-31,2005,0,0.20639966907733154
MDV,2005-11-30,2005,0,0.20639966907733154
MDV,2005-12-31,2005,0,0.20639966907733154
MDV,2006-01-31,2006,0,0.3468776721324076
MDV,2006-02-28,2006,0,0.3468776721324076
MDV,2006-03-31,2006,0,0.3468776721324076
MDV,2006-04-30,2006,0,0.3468776721324076
MDV,2006-05-31,2006,0,0.3468776721324076
MDV,2006-06-30,2006,0,0.3468776721324076
MDV,2006-07-31,2006,0,0.3468776721324076
MDV,2006-08-31,2006,0,0.3468776721324076
MDV,2006-09-30,2006,0,0.3468776721324076
MDV,2006-10-31,2006,0,0.3468776721324076
MDV,2006-11-30,2006,0,0.3468776721324076
MDV,2006-12-31,2006,0,0.3468776721324076
MDV,2007-01-31,2007,0,0.607751948280221
MDV,2007-02-28,2007,0,0.607751948280221
MDV,2007-03-31,2007,0,0.607751948280221
MDV,2007-04-30,2007,0,0.607751948280221
MDV,2007-05-31,2007,0,0.607751948280221
MDV,2007-06-30,2007,0,0.607751948280221
MDV,2007-07-31,2007,0,0.607751948280221
MDV,2007-08-31,2007,0,0.607751948280221
MDV,2007-09-30,2007,0,0.607751948280221
MDV,2007-10-31,2007,0,0.607751948280221
MDV,2007-11-30,2007,0,0.607751948280221
MDV,2007-12-31,2007,0,0.607751948280221
MDV,2008-01-31,2008,0,0.24092385708736538
MDV,2008-02-29,2008,0,0.24092385708736538
MDV,2008-03-31,2008,0,0.24092385708736538
MDV,2008-04-30,2008,0,0.24092385708736538
MDV,2008-05-31,2008,0,0.24092385708736538
MDV,2008-06-30,2008,0,0.24092385708736538
MDV,2008-07-31,2008,0,0.24092385708736538
MDV,2008-08-31,2008,0,0.24092385708736538
MDV,2008-09-30,2008,0,0.24092385708736538
MDV,2008-10-31,2008,0,0.24092385708736538
MDV,2008-11-30,2008,0,0.24092385708736538
MDV,2008-12-31,2008,0,0.24092385708736538
MDV,2009-01-31,2009,0,0.1736410131733313
MDV,2009-02-28,2009,0,0.1736410131733313
MDV,2009-03-31,2009,0,0.1736410131733313
MDV,2009-04-30,2009,0,0.1736410131733313
MDV,2009-05-31,2009,0,0.1736410131733313
MDV,2009-06-30,2009,0,0.1736410131733313
MDV,2009-07-31,2009,0,0.1736410131733313
MDV,2009-08-31,2009,0,0.1736410131733313
MDV,2009-09-30,2009,0,0.1736410131733313
MDV,2009-10-31,2009,0,0.1736410131733313
MDV,2009-11-30,2009,0,0.1736410131733313
MDV,2009-12-31,2009,0,0.1736410131733313
MDV,2010-01-31,2010,0,0.39791133580522964
MDV,2010-02-28,2010,0,0.39791133580522964
MDV,2010-03-31,2010,0,0.39791133580522964
MDV,2010-04-30,2010,0,0.39791133580522964
MDV,2010-05-31,2010,0,0.39791133580522964
MDV,2010-06-30,2010,0,0.39791133580522964
MDV,2010-07-31,2010,0,0.39791133580522964
MDV,2010-08-31,2010,0,0.39791133580522964
MDV,2010-09-30,2010,0,0.39791133580522964
MDV,2010-10-31,2010,0,0.39791133580522964
MDV,2010-11-30,2010,0,0.39791133580522964
MDV,2010-12-31,2010,0,0.39791133580522964
MDV,2011-01-31,2011,0,0.6166753151449508
MDV,2011-02-28,2011,0,0.6166753151449508
MDV,2011-03-31,2011,0,0.6166753151449508
MDV,2011-04-30,2011,0,0.8916647131752402
MDV,2011-05-31,2011,0,0.8853976189350903
MDV,2011-06-30,2011,0,0.8866463995854655
MDV,2011-07-31,2011,0,0.7217531749938174
MDV,2011-08-31,2011,0,0.7156061118115521
MDV,2011-09-30,2011,0,0.717150961772062
MDV,2011-10-31,2011,0,0.01607664577807936
MDV,2011-11-30,2011,0,0.012511098073070423
MDV,2011-12-31,2011,0,0.013278158248908939
MDV,2012-01-31,2012,0,0.00552498917692267
MDV,2012-02-29,2012,0,0.005130569291668499
MDV,2012-03-31,2012,0,0.005413585630264201
MDV,2012-04-30,2012,0,0.6372073330143774
MDV,2012-05-31,2012,0,0.4981156195423127
MDV,2012-06-30,2012,0,0.485185130451035
MDV,2012-07-31,2012,0,0.4553213238378341
MDV,2012-08-31,2012,0,0.46946440000004924
MDV,2012-09-30,2012,0,0.479951414621518
MDV,2012-10-31,2012,0,0.47163218357325615
MDV,2012-11-30,2012,0,0.45757112367570596
MDV,2012-12-31,2012,0,0.47671979769011885
MDV,2013-01-31,2013,0,0.4371201518836145
MDV,2013-02-28,2013,0,0.4598082646352131
MDV,2013-03-31,2013,0,0.4496203227866169
MDV,2013-04-30,2013,0,0.41603768301356037
MDV,2013-05-31,2013,0,0.41621907929840907
MDV,2013-06-30,2013,0,0.4254665337414064
MDV,2013-07-31,2013,0,0.40808484660774275
MDV,2013-08-31,2013,0,0.4176145609001698
MDV,2013-09-30,2013,0,0.4200386721859534
MDV,2013-10-31,2013,0,0.39186706863426857
MDV,2013-11-30,2013,0,0.38796824829223686
MDV,2013-12-31,2013,0,0.3712501299919844
MDV,2014-01-31,2014,0,0.39506445983580657
MDV,2014-02-28,2014,0,0.3872761804076658
MDV,2014-03-31,2014,0,0.4011064781112153
MDV,2014-04-30,2014,0,0.38964870435211796
MDV,2014-05-31,2014,0,0.3755734842355326
MDV,2014-06-30,2014,0,0.4113131848735042
MDV,2014-07-31,2014,0,0.42691041702357757
MDV,2014-08-31,2014,0,0.4292395468315069
MDV,2014-09-30,2014,0,0.42609877952995523
MDV,2014-10-31,2014,0,0.452750686247883
MDV,2014-11-30,2014,0,0.46116170636079246
MDV,2014-12-31,2014,0,0.4426962186840186
MDV,2015-01-31,2015,0,0.4089129552423557
MDV,2015-02-28,2015,0,0.43568748428315274
MDV,2015-03-31,2015,0,0.43231158494202804
MDV,2015-04-30,2015,0,0.4501297448936378
MDV,2015-05-31,2015,0,0.5097877611388546
MDV,2015-06-30,2015,0,0.49110735893880675
MDV,2015-07-31,2015,0,0.49322799896554903
MDV,2015-08-31,2015,0,0.48885900103601854
MDV,2015-09-30,2015,0,0.47697143270202014
MDV,2015-10-31,2015,0,0.37277598500935666
MDV,2015-11-30,2015,0,0.3685388159574484
MDV,2015-12-31,2015,0,0.39323510497623404
MDV,2016-01-31,2016,0,0.41227324956345246
MDV,2016-02-29,2016,0,0.4109526388277093
MDV,2016-03-31,2016,0,0.41693311322263105
MDV,2016-04-30,2016,0,0.4408859610459683
MDV,2016-05-31,2016,0,0.44974470869700894
MDV,2016-06-30,2016,0,0.4972105155809498
MDV,2016-07-31,2016,0,0.4731844171698476
MDV,2016-08-31,2016,0,0.467659045212591
MDV,2016-09-30,2016,0,0.497326696322067
MDV,2016-10-31,2016,0,0.5452977194763622
MDV,2016-11-30,2016,0,0.52548054007495
MDV,2016-12-31,2016,0,0.5319891981021633
MEX,2002-01-31,2002,0,0.8380858869284901
MEX,2002-02-28,2002,0,0.8413624174793919
MEX,2002-03-31,2002,0,0.7876841404904639
MEX,2002-04-30,2002,0,0.8512905321594059
MEX,2002-05-31,2002,0,0.8292972443994785
MEX,2002-06-30,2002,0,0.8195266667841624
MEX,2002-07-31,2002,0,0.7914110937930459
MEX,2002-08-31,2002,0,0.7671148237571435
MEX,2002-09-30,2002,0,0.7388154950214206
MEX,2002-10-31,2002,0,0.7674997072457063
MEX,2002-11-30,2002,0,0.7796882632556112
MEX,2002-12-31,2002,0,0.7525854817393113
MEX,2003-01-31,2003,0,0.9204692196536756
MEX,2003-02-28,2003,0,0.9184317052910266
MEX,2003-03-31,2003,0,0.8971032877593633
MEX,2003-04-30,2003,0,0.871788297295643
MEX,2003-05-31,2003,0,0.8841131053169785
MEX,2003-06-30,2003,0,0.8990122119864512
MEX,2003-07-31,2003,0,0.8644603285112099
MEX,2003-08-31,2003,0,0.9028535838527392
MEX,2003-09-30,2003,0,0.9052553926050487
MEX,2003-10-31,2003,0,0.9304545436336645
MEX,2003-11-30,2003,0,0.9186049240387453
MEX,2003-12-31,2003,0,0.910727610726681
MEX,2004-01-31,2004,0,0.7687902536658023
MEX,2004-02-29,2004,0,0.7484785300264384
MEX,2004-03-31,2004,0,0.7378716688583711
MEX,2004-04-30,2004,0,0.7684635132748919
MEX,2004-05-31,2004,0,0.7499131304473069
MEX,2004-06-30,2004,0,0.745319256548087
MEX,2004-07-31,2004,0,0.7793650051023155
MEX,2004-08-31,2004,0,0.7218894292965585
MEX,2004-09-30,2004,0,0.7257857014286947
MEX,2004-10-31,2004,0,0.7075285756368864
MEX,2004-11-30,2004,0,0.6787965555195465
MEX,2004-12-31,2004,0,0.6617179320609372
MEX,2005-01-31,2005,0,0.515868902577567
MEX,2005-02-28,2005,0,0.5380952975462152
MEX,2005-03-31,2005,0,0.5835255406048934
MEX,2005-04-30,2005,0,0.5938850471956286
MEX,2005-05-31,2005,0,0.627941529279563
MEX,2005-06-30,2005,0,0.6361259978071163
MEX,2005-07-31,2005,0,0.6686001815916534
MEX,2005-08-31,2005,0,0.6783274850506807
MEX,2005-09-30,2005,0,0.6932076378420404
MEX,2005-10-31,2005,0,0.7040681973013924
MEX,2005-11-30,2005,0,0.6260093470818123
MEX,2005-12-31,2005,0,0.6399806071439665
MEX,2006-01-31,2006,0,0.543953099751521
MEX,2006-02-28,2006,0,0.5403227562362769
MEX,2006-03-31,2006,0,0.6379656561375253
MEX,2006-04-30,2006,0,0.6368524337589787
MEX,2006-05-31,2006,0,0.640943219908261
MEX,2006-06-30,2006,0,0.6222886983321712
MEX,2006-07-31,2006,0,0.5073004050113693
MEX,2006-08-31,2006,0,0.5322959940913231
MEX,2006-09-30,2006,0,0.50176772593045
MEX,2006-10-31,2006,0,0.5034525166815673
MEX,2006-11-30,2006,0,0.5263746669505688
MEX,2006-12-31,2006,0,0.510095589782019
MEX,2007-01-31,2007,0,0.624918496064195
MEX,2007-02-28,2007,0,0.6136789219945813
MEX,2007-03-31,2007,0,0.5935813581193025
MEX,2007-04-30,2007,0,0.6264629754842944
MEX,2007-05-31,2007,0,0.62917340772207
MEX,2007-06-30,2007,0,0.6158365424557134
MEX,2007-07-31,2007,0,0.6572991633717302
MEX,2007-08-31,2007,0,0.6527399503679651
MEX,2007-09-30,2007,0,0.6594501006838331
MEX,2007-10-31,2007,0,0.6643907086281132
MEX,2007-11-30,2007,0,0.6404763509081647
MEX,2007-12-31,2007,0,0.6486544115988262
MEX,2008-01-31,2008,0,0.6064868236268809
MEX,2008-02-29,2008,0,0.6210165730031376
MEX,2008-03-31,2008,0,0.6349427051716781
MEX,2008-04-30,2008,0,0.5759483079667536
MEX,2008-05-31,2008,0,0.4963960251410712
MEX,2008-06-30,2008,0,0.5190500564142568
MEX,2008-07-31,2008,0,0.5523437730389189
MEX,2008-08-31,2008,0,0.5968578039723822
MEX,2008-09-30,2008,0,0.7855557082067686
MEX,2008-10-31,2008,0,0.9408927695344461
MEX,2008-11-30,2008,0,0.939269531569676
MEX,2008-12-31,2008,0,0.9409805896983486
MEX,2009-01-31,2009,0,0.762047469350715
MEX,2009-02-28,2009,0,0.8115471806450427
MEX,2009-03-31,2009,0,0.6438408795956659
MEX,2009-04-30,2009,0,0.0038663964927881786
MEX,2009-05-31,2009,0,0.0025972562187391145
MEX,2009-06-30,2009,0,0.002875767169557457
MEX,2009-07-31,2009,0,0.003081164933318913
MEX,2009-08-31,2009,0,0.0029335760172462355
MEX,2009-09-30,2009,0,0.003169724387980349
MEX,2009-10-31,2009,0,0.30905832325655347
MEX,2009-11-30,2009,0,0.3512204438203925
MEX,2009-12-31,2009,0,0.3572778254278593
MEX,2010-01-31,2010,0,0.4560297335673302
MEX,2010-02-28,2010,0,0.42854879467936535
MEX,2010-03-31,2010,0,0.3745029732449272
MEX,2010-04-30,2010,0,0.36868087648550696
MEX,2010-05-31,2010,0,0.5466221277897817
MEX,2010-06-30,2010,0,0.5422763828860129
MEX,2010-07-31,2010,0,0.5510630190697546
MEX,2010-08-31,2010,0,0.540707106996085
MEX,2010-09-30,2010,0,0.4702205085076166
MEX,2010-10-31,2010,0,0.4764337398517307
MEX,2010-11-30,2010,0,0.44104929505649537
MEX,2010-12-31,2010,0,0.46287766419254656
MEX,2011-01-31,2011,0,0.4593290113363208
MEX,2011-02-28,2011,0,0.4437264291144661
MEX,2011-03-31,2011,0,0.47708468043909597
MEX,2011-04-30,2011,0,0.4469334026602916
MEX,2011-05-31,2011,0,0.42763720475813594
MEX,2011-06-30,2011,0,0.45178080395882453
MEX,2011-07-31,2011,0,0.4697917960549329
MEX,2011-08-31,2011,0,0.6089604846660397
MEX,2011-09-30,2011,0,0.7034015659115903
MEX,2011-10-31,2011,0,0.6980003678376695
MEX,2011-11-30,2011,0,0.7295417512953287
MEX,2011-12-31,2011,0,0.6715291025903152
MEX,2012-01-31,2012,0,0.22967238328077502
MEX,2012-02-29,2012,0,0.18975473419096325
MEX,2012-03-31,2012,0,0.1613540220117408
MEX,2012-04-30,2012,0,0.2244865678713263
MEX,2012-05-31,2012,0,0.2427937955746456
MEX,2012-06-30,2012,0,0.22458543704434555
MEX,2012-07-31,2012,0,0.25750275177389337
MEX,2012-08-31,2012,0,0.24376081894708435
MEX,2012-09-30,2012,0,0.20802802837021261
MEX,2012-10-31,2012,0,0.2211709378408532
MEX,2012-11-30,2012,0,0.17692535687428146
MEX,2012-12-31,2012,0,0.18620928055702474
MEX,2013-01-31,2013,0,0.43066594712435663
MEX,2013-02-28,2013,0,0.43509641491588197
MEX,2013-03-31,2013,0,0.36534220353848135
MEX,2013-04-30,2013,0,0.37036217255579573
MEX,2013-05-31,2013,0,0.37635115828680343
MEX,2013-06-30,2013,0,0.4484620704711511
MEX,2013-07-31,2013,0,0.4170809400599976
MEX,2013-08-31,2013,0,0.43036650177776803
MEX,2013-09-30,2013,0,0.4205020738525755
MEX,2013-10-31,2013,0,0.44702930505374505
MEX,2013-11-30,2013,0,0.42772777937397144
MEX,2013-12-31,2013,0,0.42382221499746503
MEX,2014-01-31,2014,0,0.7433059361823295
MEX,2014-02-28,2014,0,0.7187060001520302
MEX,2014-03-31,2014,0,0.7293302350621637
MEX,2014-04-30,2014,0,0.7276421023311589
MEX,2014-05-31,2014,0,0.705890530128213
MEX,2014-06-30,2014,0,0.7124078138511759
MEX,2014-07-31,2014,0,0.728774929911516
MEX,2014-08-31,2014,0,0.7161301458822555
MEX,2014-09-30,2014,0,0.7524955593315802
MEX,2014-10-31,2014,0,0.7479574165517269
MEX,2014-11-30,2014,0,0.7880104569288093
MEX,2014-12-31,2014,0,0.8596504130982221
MEX,2015-01-31,2015,0,0.8473887601753556
MEX,2015-02-28,2015,0,0.8479546786362666
MEX,2015-03-31,2015,0,0.850643025835062
MEX,2015-04-30,2015,0,0.8574337662967473
MEX,2015-05-31,2015,0,0.882920314037018
MEX,2015-06-30,2015,0,0.839804984079279
MEX,2015-07-31,2015,0,0.874766863797052
MEX,2015-08-31,2015,0,0.8685830088459402
MEX,2015-09-30,2015,0,0.8682388805982229
MEX,2015-10-31,2015,0,0.7391707255960426
MEX,2015-11-30,2015,0,0.7362574996147527
MEX,2015-12-31,2015,0,0.693719852333702
MEX,2016-01-31,2016,0,0.7771097886631209
MEX,2016-02-29,2016,0,0.7501829927738641
MEX,2016-03-31,2016,0,0.6497189687107631
MEX,2016-04-30,2016,0,0.6564115101520809
MEX,2016-05-31,2016,0,0.685971650912717
MEX,2016-06-30,2016,0,0.7107782100789669
MEX,2016-07-31,2016,0,0.6935919262235098
MEX,2016-08-31,2016,0,0.6821196568118822
MEX,2016-09-30,2016,0,0.729142115869851
MEX,2016-10-31,2016,0,0.6844551843899469
MEX,2016-11-30,2016,0,0.7397304592428323
MEX,2016-12-31,2016,0,0.7293007028575211
MLI,2002-01-31,2002,0,0.24274550392865227
MLI,2002-02-28,2002,0,0.318294151247098
MLI,2002-03-31,2002,0,0.29387062405634556
MLI,2002-04-30,2002,0,0.2632058826937837
MLI,2002-05-31,2002,0,0.24600746114483274
MLI,2002-06-30,2002,0,0.23736372631369598
MLI,2002-07-31,2002,0,0.23264219396891309
MLI,2002-08-31,2002,0,0.22429333739848978
MLI,2002-09-30,2002,0,0.23692538244619019
MLI,2002-10-31,2002,0,0.22265182959543106
MLI,2002-11-30,2002,0,0.20354539488208281
MLI,2002-12-31,2002,0,0.2071847668153644
MLI,2003-01-31,2003,0,0.03085627799833607
MLI,2003-02-28,2003,0,0.03271735690593739
MLI,2003-03-31,2003,0,0.03549990737158376
MLI,2003-04-30,2003,0,0.03596225442603372
MLI,2003-05-31,2003,0,0.03242824559695723
MLI,2003-06-30,2003,0,0.046992984513692986
MLI,2003-07-31,2003,0,0.04293806963043921
MLI,2003-08-31,2003,0,0.05942745767502674
MLI,2003-09-30,2003,0,0.04434609876461067
MLI,2003-10-31,2003,0,0.044347729795628156
MLI,2003-11-30,2003,0,0.043688820003071734
MLI,2003-12-31,2003,0,0.04588774704482283
MLI,2004-01-31,2004,0,0.39251797249027914
MLI,2004-02-29,2004,0,0.38733965160938777
MLI,2004-03-31,2004,0,0.4354589023058518
MLI,2004-04-30,2004,0,0.4313944870739452
MLI,2004-05-31,2004,0,0.40708774728759034
MLI,2004-06-30,2004,0,0.43840202358551944
MLI,2004-07-31,2004,0,0.4344886805098598
MLI,2004-08-31,2004,0,0.42755458658787937
MLI,2004-09-30,2004,0,0.4359640835019842
MLI,2004-10-31,2004,0,0.43317581670188804
MLI,2004-11-30,2004,0,0.3807182831062906
MLI,2004-12-31,2004,0,0.4221596761303247
MLI,2005-01-31,2005,0,0.21972606066870878
MLI,2005-02-28,2005,0,0.2271029771671774
MLI,2005-03-31,2005,0,0.24489590649865378
MLI,2005-04-30,2005,0,0.24754940103146078
MLI,2005-05-31,2005,0,0.3044732418075353
MLI,2005-06-30,2005,0,0.3039988604691103
MLI,2005-07-31,2005,0,0.30314321433048147
MLI,2005-08-31,2005,0,0.2986190883887282
MLI,2005-09-30,2005,0,0.29066398068620153
MLI,2005-10-31,2005,0,0.285091807766471
MLI,2005-11-30,2005,0,0.30060350229246374
MLI,2005-12-31,2005,0,0.32704383079499794
MLI,2006-01-31,2006,0,0.43892383653612915
MLI,2006-02-28,2006,0,0.4460480474553225
MLI,2006-03-31,2006,0,0.42946591355013664
MLI,2006-04-30,2006,0,0.35988189893710504
MLI,2006-05-31,2006,0,0.2844857170086803
MLI,2006-06-30,2006,0,0.2964756636028355
MLI,2006-07-31,2006,0,0.31781227249049604
MLI,2006-08-31,2006,0,0.31853948591210657
MLI,2006-09-30,2006,0,0.3343858036504506
MLI,2006-10-31,2006,0,0.35301185500215637
MLI,2006-11-30,2006,0,0.30315930092601057
MLI,2006-12-31,2006,0,0.30111049154030367
MLI,2007-01-31,2007,0,0.26281006487761266
MLI,2007-02-28,2007,0,0.2802341942622219
MLI,2007-03-31,2007,0,0.26728382894180736
MLI,2007-04-30,2007,0,0.27309576098053656
MLI,2007-05-31,2007,0,0.2914122086972993
MLI,2007-06-30,2007,0,0.2987841402914153
MLI,2007-07-31,2007,0,0.3209604073983316
MLI,2007-08-31,2007,0,0.3027128121890595
MLI,2007-09-30,2007,0,0.258586593446803
MLI,2007-10-31,2007,0,0.27327644477263535
MLI,2007-11-30,2007,0,0.287332782963031
MLI,2007-12-31,2007,0,0.30934833377960547
MLI,2008-01-31,2008,0,0.2120495470835598
MLI,2008-02-29,2008,0,0.21662717308872623
MLI,2008-03-31,2008,0,0.1556632629307947
MLI,2008-04-30,2008,0,0.1936908614062939
MLI,2008-05-31,2008,0,0.18931140792003978
MLI,2008-06-30,2008,0,0.2116896657047071
MLI,2008-07-31,2008,0,0.20684186699702764
MLI,2008-08-31,2008,0,0.4009983472708699
MLI,2008-09-30,2008,0,0.4818525811075645
MLI,2008-10-31,2008,0,0.7602705465976032
MLI,2008-11-30,2008,0,0.7145282054049923
MLI,2008-12-31,2008,0,0.36104080024194585
MLI,2009-01-31,2009,0,0.5109384384514944
MLI,2009-02-28,2009,0,0.482687940722241
MLI,2009-03-31,2009,0,0.43532754249026917
MLI,2009-04-30,2009,0,0.002657595785494601
MLI,2009-05-31,2009,0,0.001780168670665511
MLI,2009-06-30,2009,0,0.002740447436388582
MLI,2009-07-31,2009,0,0.0021089679836100135
MLI,2009-08-31,2009,0,0.0021909795053827053
MLI,2009-09-30,2009,0,0.001962790028673438
MLI,2009-10-31,2009,0,0.2966209833785706
MLI,2009-11-30,2009,0,0.35882259477670597
MLI,2009-12-31,2009,0,0.5406658932264296
MLI,2010-01-31,2010,0,0.5079663496635674
MLI,2010-02-28,2010,0,0.5454579722092303
MLI,2010-03-31,2010,0,0.5590571676506343
MLI,2010-04-30,2010,0,0.5588355803642259
MLI,2010-05-31,2010,0,0.7781148469594754
MLI,2010-06-30,2010,0,0.7475976319265827
MLI,2010-07-31,2010,0,0.5000773749506143
MLI,2010-08-31,2010,0,0.5084378357748879
MLI,2010-09-30,2010,0,0.3395236047626816
MLI,2010-10-31,2010,0,0.3629906649528086
MLI,2010-11-30,2010,0,0.39316965221415495
MLI,2010-12-31,2010,0,0.3814496869116669
MLI,2011-01-31,2011,0,0.4809570870309093
MLI,2011-02-28,2011,0,0.4563031373442114
MLI,2011-03-31,2011,0,0.5240245774674759
MLI,2011-04-30,2011,0,0.45805661584724766
MLI,2011-05-31,2011,0,0.4535567916483131
MLI,2011-06-30,2011,0,0.460328796535447
MLI,2011-07-31,2011,0,0.535511210224879
MLI,2011-08-31,2011,0,0.5038271804016347
MLI,2011-09-30,2011,0,0.663745573029877
MLI,2011-10-31,2011,0,0.6103765918613497
MLI,2011-11-30,2011,0,0.6562240285390226
MLI,2011-12-31,2011,0,0.661160841181224
MLI,2012-01-31,2012,0,0.4728600896567252
MLI,2012-02-29,2012,0,0.4301286970119515
MLI,2012-03-31,2012,0,0.40086920191431147
MLI,2012-04-30,2012,0,0.4856918792455151
MLI,2012-05-31,2012,0,0.5534970613049147
MLI,2012-06-30,2012,0,0.5105730536764749
MLI,2012-07-31,2012,0,0.5415724579725445
MLI,2012-08-31,2012,0,0.47650011532588415
MLI,2012-09-30,2012,0,0.4278925687870156
MLI,2012-10-31,2012,0,0.43666725978923415
MLI,2012-11-30,2012,0,0.4270334605712387
MLI,2012-12-31,2012,0,0.445162125980665
MLI,2013-01-31,2013,0,0.3980398681337563
MLI,2013-02-28,2013,0,0.42289490446983163
MLI,2013-03-31,2013,0,0.4572369057899007
MLI,2013-04-30,2013,0,0.45188515441982835
MLI,2013-05-31,2013,0,0.41350271308278447
MLI,2013-06-30,2013,0,0.4058007354523866
MLI,2013-07-31,2013,0,0.4333393851965973
MLI,2013-08-31,2013,0,0.425883276999741
MLI,2013-09-30,2013,0,0.39755189213862974
MLI,2013-10-31,2013,0,0.406779256540492
MLI,2013-11-30,2013,0,0.4026149513805709
MLI,2013-12-31,2013,0,0.4124075063614446
MLI,2014-01-31,2014,0,0.41685740373073293
MLI,2014-02-28,2014,0,0.38495535224543687
MLI,2014-03-31,2014,0,0.39340986630590924
MLI,2014-04-30,2014,0,0.38654423028816226
MLI,2014-05-31,2014,0,0.41854416438466047
MLI,2014-06-30,2014,0,0.41727618570775976
MLI,2014-07-31,2014,0,0.42313440439327865
MLI,2014-08-31,2014,0,0.44830414852944156
MLI,2014-09-30,2014,0,0.5591235320963513
MLI,2014-10-31,2014,0,0.5583852933219957
MLI,2014-11-30,2014,0,0.541895247973191
MLI,2014-12-31,2014,0,0.5493943620721455
MLI,2015-01-31,2015,0,0.7276388112831026
MLI,2015-02-28,2015,0,0.7605069884510647
MLI,2015-03-31,2015,0,0.7522193919170314
MLI,2015-04-30,2015,0,0.5522308138513767
MLI,2015-05-31,2015,0,0.5608440135689348
MLI,2015-06-30,2015,0,0.5122214364328036
MLI,2015-07-31,2015,0,0.5038226839485079
MLI,2015-08-31,2015,0,0.47310064438196514
MLI,2015-09-30,2015,0,0.46821452350488113
MLI,2015-10-31,2015,0,0.4957177333080363
MLI,2015-11-30,2015,0,0.5350932922304865
MLI,2015-12-31,2015,0,0.5007874787380292
MLI,2016-01-31,2016,0,0.4022998191863561
MLI,2016-02-29,2016,0,0.4067221360826315
MLI,2016-03-31,2016,0,0.3380868598046209
MLI,2016-04-30,2016,0,0.34264835231843493
MLI,2016-05-31,2016,0,0.3218734720556137
MLI,2016-06-30,2016,0,0.3349152674319366
MLI,2016-07-31,2016,0,0.3434273294118467
MLI,2016-08-31,2016,0,0.32958129353378623
MLI,2016-09-30,2016,0,0.4512799921549623
MLI,2016-10-31,2016,0,0.4354145765675989
MLI,2016-11-30,2016,0,0.4186108060192791
MLI,2016-12-31,2016,0,0.3989312728795607
MMR,2002-01-31,2002,0,0.02574534592031218
MMR,2002-02-28,2002,0,0.030027199085512057
MMR,2002-03-31,2002,0,0.03209193808259301
MMR,2002-04-30,2002,0,0.02336149843823105
MMR,2002-05-31,2002,0,0.028791504867683358
MMR,2002-06-30,2002,0,0.031881619870925845
MMR,2002-07-31,2002,0,0.0301848406812535
MMR,2002-08-31,2002,0,0.027944293418252095
MMR,2002-09-30,2002,0,0.029161075375401347
MMR,2002-10-31,2002,0,0.024041623277506603
MMR,2002-11-30,2002,0,0.02153314512359615
MMR,2002-12-31,2002,0,0.02254189325288863
MMR,2003-01-31,2003,0,0.016773879786053523
MMR,2003-02-28,2003,0,0.016817383362024343
MMR,2003-03-31,2003,0,0.018997556253063715
MMR,2003-04-30,2003,0,0.01961081152735361
MMR,2003-05-31,2003,0,0.01693116060473614
MMR,2003-06-30,2003,0,0.014860811183768825
MMR,2003-07-31,2003,0,0.012848495379040478
MMR,2003-08-31,2003,0,0.019269362700955295
MMR,2003-09-30,2003,0,0.019542542913745797
MMR,2003-10-31,2003,0,0.021578446580503622
MMR,2003-11-30,2003,0,0.01994283076986324
MMR,2003-12-31,2003,0,0.02149029740552527
MMR,2004-01-31,2004,0,0.055558782457688506
MMR,2004-02-29,2004,0,0.050154781919871466
MMR,2004-03-31,2004,0,0.05142309987171
MMR,2004-04-30,2004,0,0.05542548359922422
MMR,2004-05-31,2004,0,0.05420202456834568
MMR,2004-06-30,2004,0,0.06667327693871143
MMR,2004-07-31,2004,0,0.060655152367756524
MMR,2004-08-31,2004,0,0.06056778680995857
MMR,2004-09-30,2004,0,0.06339451481169465
MMR,2004-10-31,2004,0,0.05428404029679693
MMR,2004-11-30,2004,0,0.04901633148139846
MMR,2004-12-31,2004,0,0.05629643002715495
MMR,2005-01-31,2005,0,0.059076970740990324
MMR,2005-02-28,2005,0,0.06380030430463195
MMR,2005-03-31,2005,0,0.06296270387771111
MMR,2005-04-30,2005,0,0.0603877949622839
MMR,2005-05-31,2005,0,0.06834336486353294
MMR,2005-06-30,2005,0,0.06787452398365203
MMR,2005-07-31,2005,0,0.07145248684244718
MMR,2005-08-31,2005,0,0.0674252873504776
MMR,2005-09-30,2005,0,0.06318117603451132
MMR,2005-10-31,2005,0,0.05950528639157923
MMR,2005-11-30,2005,0,0.07537385610140791
MMR,2005-12-31,2005,0,0.07804478748737516
MMR,2006-01-31,2006,1,0.08799548130445968
MMR,2006-02-28,2006,1,0.08253334338390118
MMR,2006-03-31,2006,1,0.09077075741624191
MMR,2006-04-30,2006,1,0.07096824188245361
MMR,2006-05-31,2006,1,0.057159762769415645
MMR,2006-06-30,2006,1,0.06318236114805047
MMR,2006-07-31,2006,1,0.06926719188314455
MMR,2006-08-31,2006,1,0.07173039456935866
MMR,2006-09-30,2006,1,0.07238846455255975
MMR,2006-10-31,2006,1,0.07432531020876225
MMR,2006-11-30,2006,1,0.07631068849977253
MMR,2006-12-31,2006,1,0.06737098521190868
MMR,2007-01-31,2007,0,0.256487691933667
MMR,2007-02-28,2007,0,0.2843051101868319
MMR,2007-03-31,2007,0,0.2948062121749441
MMR,2007-04-30,2007,0,0.3049225763166166
MMR,2007-05-31,2007,0,0.33517870954838197
MMR,2007-06-30,2007,0,0.2729253335743842
MMR,2007-07-31,2007,0,0.2799499419143391
MMR,2007-08-31,2007,0,0.2498061170693703
MMR,2007-09-30,2007,0,0.2545709517311747
MMR,2007-10-31,2007,0,0.2750497559385424
MMR,2007-11-30,2007,0,0.2966675863316707
MMR,2007-12-31,2007,0,0.31639350912775105
MMR,2008-01-31,2008,0,0.187557761039495
MMR,2008-02-29,2008,0,0.19957863806462972
MMR,2008-03-31,2008,0,0.10110743139872387
MMR,2008-04-30,2008,0,0.12187564653733672
MMR,2008-05-31,2008,0,0.11786713110184083
MMR,2008-06-30,2008,0,0.12947600515799615
MMR,2008-07-31,2008,0,0.11582499676577873
MMR,2008-08-31,2008,0,0.20603194137648573
MMR,2008-09-30,2008,0,0.24692492206722677
MMR,2008-10-31,2008,0,0.2705545622243702
MMR,2008-11-30,2008,0,0.24818992655229352
MMR,2008-12-31,2008,0,0.13831605285954263
MMR,2009-01-31,2009,0,0.15456249264047905
MMR,2009-02-28,2009,0,0.15018279127814527
MMR,2009-03-31,2009,0,0.16039059965170058
MMR,2009-04-30,2009,0,0.15244976878579916
MMR,2009-05-31,2009,0,0.13994482533632385
MMR,2009-06-30,2009,0,0.15861926109076893
MMR,2009-07-31,2009,0,0.1614417211206468
MMR,2009-08-31,2009,0,0.1281445259730063
MMR,2009-09-30,2009,0,0.12749415752690757
MMR,2009-10-31,2009,0,0.12271678398737572
MMR,2009-11-30,2009,0,0.15840246100427746
MMR,2009-12-31,2009,0,0.2305655495261169
MMR,2010-01-31,2010,0,0.3970289318090276
MMR,2010-02-28,2010,0,0.4048943927900345
MMR,2010-03-31,2010,0,0.386212359478775
MMR,2010-04-30,2010,0,0.38000201004951834
MMR,2010-05-31,2010,0,0.45951262120335395
MMR,2010-06-30,2010,0,0.4321290469229287
MMR,2010-07-31,2010,0,0.26505781350211843
MMR,2010-08-31,2010,0,0.26165961175850166
MMR,2010-09-30,2010,0,0.2378069866175094
MMR,2010-10-31,2010,0,0.25093259333593904
MMR,2010-11-30,2010,0,0.2601209234858932
MMR,2010-12-31,2010,0,0.2605195093355388
MMR,2011-01-31,2011,1,0.33581396826821935
MMR,2011-02-28,2011,1,0.33613810758432544
MMR,2011-03-31,2011,1,0.36663927109785094
MMR,2011-04-30,2011,1,0.33824438789427735
MMR,2011-05-31,2011,1,0.3270261291844732
MMR,2011-06-30,2011,1,0.32848564787207574
MMR,2011-07-31,2011,1,0.3515237724549619
MMR,2011-08-31,2011,1,0.35188093870089227
MMR,2011-09-30,2011,1,0.41109362139398714
MMR,2011-10-31,2011,1,0.4013093285270463
MMR,2011-11-30,2011,1,0.43735092983341395
MMR,2011-12-31,2011,1,0.41971173369870757
MMR,2012-01-31,2012,0,0.6039396120472235
MMR,2012-02-29,2012,0,0.590905427215826
MMR,2012-03-31,2012,0,0.5781783943668755
MMR,2012-04-30,2012,0,0.9999999999999998
MMR,2012-05-31,2012,0,0.9999935689438919
MMR,2012-06-30,2012,0,0.9999999999939564
MMR,2012-07-31,2012,0,6.705021308511065e-56
MMR,2012-08-31,2012,0,6.849806961708819e-56
MMR,2012-09-30,2012,0,2.162809776357641e-58
MMR,2012-10-31,2012,0,1.1431659834890577e-87
MMR,2012-11-30,2012,0,2.946850855803617e-88
MMR,2012-12-31,2012,0,1.677121396959195e-88
MMR,2013-01-31,2013,0,5.572386514491442e-64
MMR,2013-02-28,2013,0,1.0704360250056849e-63
MMR,2013-03-31,2013,0,2.7623671074398786e-63
MMR,2013-04-30,2013,0,0.6123801388226772
MMR,2013-05-31,2013,0,0.6754683737702369
MMR,2013-06-30,2013,0,0.6922500302287496
MMR,2013-07-31,2013,0,0.6889228792730273
MMR,2013-08-31,2013,0,0.6439090202014734
MMR,2013-09-30,2013,0,0.6484628029812047
MMR,2013-10-31,2013,0,0.6582403165003431
MMR,2013-11-30,2013,0,0.6552215310600003
MMR,2013-12-31,2013,0,0.6360224241819514
MMR,2014-01-31,2014,0,0.6013741867232129
MMR,2014-02-28,2014,0,0.5959644025616848
MMR,2014-03-31,2014,0,0.5243187540263446
MMR,2014-04-30,2014,0,0.5311139938184287
MMR,2014-05-31,2014,0,0.4717500188226237
MMR,2014-06-30,2014,0,0.393456133217098
MMR,2014-07-31,2014,0,0.4025132822508411
MMR,2014-08-31,2014,0,0.38704910151922467
MMR,2014-09-30,2014,0,0.5180773248647169
MMR,2014-10-31,2014,0,0.5126618036930668
MMR,2014-11-30,2014,0,0.5506167340281818
MMR,2014-12-31,2014,0,0.5370061920145235
MMR,2015-01-31,2015,0,0.5384285513865104
MMR,2015-02-28,2015,0,0.5265887527177722
MMR,2015-03-31,2015,0,0.6184704732650707
MMR,2015-04-30,2015,0,0.7128151370998032
MMR,2015-05-31,2015,0,0.7186070009592379
MMR,2015-06-30,2015,0,0.7161714901609768
MMR,2015-07-31,2015,0,0.8021337581866304
MMR,2015-08-31,2015,0,0.8239319240556042
MMR,2015-09-30,2015,0,0.8241990107290504
MMR,2015-10-31,2015,0,0.5623925355554006
MMR,2015-11-30,2015,0,0.5680709204072123
MMR,2015-12-31,2015,0,0.5539829995630363
MMR,2016-01-31,2016,0,0.615609774095219
MMR,2016-02-29,2016,0,0.4048902396647906
MMR,2016-03-31,2016,0,0.3872265274409175
MMR,2016-04-30,2016,0,0.37984349800751926
MMR,2016-05-31,2016,0,0.3853513300651668
MMR,2016-06-30,2016,0,0.39750621756580695
MMR,2016-07-31,2016,0,0.4104369020255291
MMR,2016-08-31,2016,0,0.42262796560589116
MMR,2016-09-30,2016,0,0.5032555529229918
MMR,2016-10-31,2016,0,0.5543983365578016
MMR,2016-11-30,2016,0,0.5497845763394963
MMR,2016-12-31,2016,0,0.5907952857286699
MNG,2008-01-31,2008,0,0.6075260414029134
MNG,2008-02-29,2008,0,0.5421152664096154
MNG,2008-03-31,2008,0,0.5485103598300936
MNG,2008-04-30,2008,0,0.5569256762165181
MNG,2008-05-31,2008,0,0.5818074707120706
MNG,2008-06-30,2008,0,0.5911306143236348
MNG,2008-07-31,2008,0,0.6357647407501111
MNG,2008-08-31,2008,0,0.30937615632162524
MNG,2008-09-30,2008,0,0.3278321096914561
MNG,2008-10-31,2008,0,0.37130085800982615
MNG,2008-11-30,2008,0,0.6751815819897039
MNG,2008-12-31,2008,0,0.7098365830169445
MNG,2009-01-31,2009,0,0.7716986157176327
MNG,2009-02-28,2009,0,0.7982319423166533
MNG,2009-03-31,2009,0,0.7979882912507287
MNG,2009-04-30,2009,0,0.5419203749978145
MNG,2009-05-31,2009,0,0.5375497609106445
MNG,2009-06-30,2009,0,0.49519608597314074
MNG,2009-07-31,2009,0,0.5015889435931562
MNG,2009-08-31,2009,0,0.4280979831803975
MNG,2009-09-30,2009,0,0.39695849291637175
MNG,2009-10-31,2009,0,0.4865640232840524
MNG,2009-11-30,2009,0,0.5166997915100605
MNG,2009-12-31,2009,0,0.501508180083281
MNG,2010-01-31,2010,0,0.40562784286789316
MNG,2010-02-28,2010,0,0.40107507359259714
MNG,2010-03-31,2010,0,0.19949410291393715
MNG,2010-04-30,2010,0,0.21172545633237969
MNG,2010-05-31,2010,0,0.21196940758303992
MNG,2010-06-30,2010,0,0.23650001730147577
MNG,2010-07-31,2010,0,0.22065724852847204
MNG,2010-08-31,2010,0,0.20979877272401348
MNG,2010-09-30,2010,0,0.27719265410614413
MNG,2010-10-31,2010,0,0.2640661695118509
MNG,2010-11-30,2010,0,0.2784942972835877
MNG,2010-12-31,2010,0,0.2721187067867223
MNG,2011-01-31,2011,0,0.4107491982311299
MNG,2011-02-28,2011,0,0.44319480878398226
MNG,2011-03-31,2011,0,0.3603134296438559
MNG,2011-04-30,2011,0,0.5260189660586432
MNG,2011-05-31,2011,0,0.503695872887772
MNG,2011-06-30,2011,0,0.5561676337414012
MNG,2011-07-31,2011,0,0.532337947426803
MNG,2011-08-31,2011,0,0.5541627541174258
MNG,2011-09-30,2011,0,0.6450993552310268
MNG,2011-10-31,2011,0,0.6430901456079904
MNG,2011-11-30,2011,0,0.6816598824022624
MNG,2011-12-31,2011,0,0.7006318574046991
MNG,2012-01-31,2012,0,0.45337265706893987
MNG,2012-02-29,2012,0,0.39162548288262167
MNG,2012-03-31,2012,0,0.4184734363996553
MNG,2012-04-30,2012,0,0.41531779748284636
MNG,2012-05-31,2012,0,0.43366163638821736
MNG,2012-06-30,2012,0,0.4127809070924625
MNG,2012-07-31,2012,0,0.42092541968491576
MNG,2012-08-31,2012,0,0.4897298522812155
MNG,2012-09-30,2012,0,0.48889949436276015
MNG,2012-10-31,2012,0,0.5106397457252969
MNG,2012-11-30,2012,0,0.506142691764276
MNG,2012-12-31,2012,0,0.46649838405144567
MNG,2013-01-31,2013,0,0.4817995074103707
MNG,2013-02-28,2013,0,0.5436421282954151
MNG,2013-03-31,2013,0,0.5477284813716613
MNG,2013-04-30,2013,0,0.5765678866488683
MNG,2013-05-31,2013,0,0.5759954564935609
MNG,2013-06-30,2013,0,0.60829038533039
MNG,2013-07-31,2013,0,0.6409040037994462
MNG,2013-08-31,2013,0,0.7178262706229495
MNG,2013-09-30,2013,0,0.7352726180800511
MNG,2013-10-31,2013,0,0.7291863131750913
MNG,2013-11-30,2013,0,0.7200623964452126
MNG,2013-12-31,2013,0,0.481683634179619
MNG,2014-01-31,2014,0,0.35550185537198387
MNG,2014-02-28,2014,0,0.31989911595733056
MNG,2014-03-31,2014,0,0.3741477743516189
MNG,2014-04-30,2014,0,0.34186991344300094
MNG,2014-05-31,2014,0,0.33666697743569884
MNG,2014-06-30,2014,0,0.4245951865295031
MNG,2014-07-31,2014,0,0.40886677142199856
MNG,2014-08-31,2014,0,0.25769515030832874
MNG,2014-09-30,2014,0,0.25962964357204127
MNG,2014-10-31,2014,0,0.2420734891930291
MNG,2014-11-30,2014,0,0.27664143070939523
MNG,2014-12-31,2014,0,0.31416637989966273
MNG,2015-01-31,2015,0,0.2571129804645786
MNG,2015-02-28,2015,0,0.3004860035594352
MNG,2015-03-31,2015,0,0.3179253430073629
MNG,2015-04-30,2015,0,0.3025678621923013
MNG,2015-05-31,2015,0,0.2581101846969193
MNG,2015-06-30,2015,0,0.2597883471656786
MNG,2015-07-31,2015,0,0.2541773406334701
MNG,2015-08-31,2015,0,0.2747095842036418
MNG,2015-09-30,2015,0,0.275955483576467
MNG,2015-10-31,2015,0,0.27925632213726015
MNG,2015-11-30,2015,0,0.35316351079573377
MNG,2015-12-31,2015,0,0.3586934114240994
MNG,2016-01-31,2016,0,0.28541020250920673
MNG,2016-02-29,2016,0,0.29962719248567943
MNG,2016-03-31,2016,0,0.29191854538173756
MNG,2016-04-30,2016,0,0.22902681096953045
MNG,2016-05-31,2016,0,0.277158780261035
MNG,2016-06-30,2016,0,0.2538763896600882
MNG,2016-07-31,2016,0,0.4824768578098763
MNG,2016-08-31,2016,0,0.5482993679180028
MNG,2016-09-30,2016,0,0.5561394240564408
MNG,2016-10-31,2016,0,0.5597513252772449
MNG,2016-11-30,2016,0,0.5642383631704209
MNG,2016-12-31,2016,0,0.5873791817036405
MOZ,2002-01-31,2002,0,0.6343394361802162
MOZ,2002-02-28,2002,0,0.6498793396186879
MOZ,2002-03-31,2002,0,0.6416396577464275
MOZ,2002-04-30,2002,0,0.6824420603245737
MOZ,2002-05-31,2002,0,0.7139077462906739
MOZ,2002-06-30,2002,0,0.6266315611129603
MOZ,2002-07-31,2002,0,0.6101017416317852
MOZ,2002-08-31,2002,0,0.6046497915244929
MOZ,2002-09-30,2002,0,0.6176119887459127
MOZ,2002-10-31,2002,0,0.610990473761234
MOZ,2002-11-30,2002,0,0.601909837583709
MOZ,2002-12-31,2002,0,0.6249077921856451
MOZ,2003-01-31,2003,0,0.12624353404558017
MOZ,2003-02-28,2003,0,0.1220508190852716
MOZ,2003-03-31,2003,0,0.13297411066074102
MOZ,2003-04-30,2003,0,0.153090710306577
MOZ,2003-05-31,2003,0,0.14380202752626822
MOZ,2003-06-30,2003,0,0.15833221156154795
MOZ,2003-07-31,2003,0,0.11860781283261906
MOZ,2003-08-31,2003,0,0.15142553919949842
MOZ,2003-09-30,2003,0,0.14459416273407652
MOZ,2003-10-31,2003,0,0.13973266733051112
MOZ,2003-11-30,2003,0,0.12902474496182703
MOZ,2003-12-31,2003,0,0.15267514982628783
MOZ,2004-01-31,2004,0,0.3848237115987925
MOZ,2004-02-29,2004,0,0.3763759471858499
MOZ,2004-03-31,2004,0,0.35831066460180155
MOZ,2004-04-30,2004,0,0.3274849234894989
MOZ,2004-05-31,2004,0,0.21396313702435346
MOZ,2004-06-30,2004,0,0.2058999145702931
MOZ,2004-07-31,2004,0,0.2329338689745355
MOZ,2004-08-31,2004,0,0.25796872088073747
MOZ,2004-09-30,2004,0,0.12131867595531695
MOZ,2004-10-31,2004,0,0.1231562939297564
MOZ,2004-11-30,2004,0,0.14038912958130398
MOZ,2004-12-31,2004,0,0.15366866997058504
MOZ,2005-01-31,2005,0,0.1874117811401705
MOZ,2005-02-28,2005,0,0.21259233143689588
MOZ,2005-03-31,2005,0,0.2626132346439117
MOZ,2005-04-30,2005,0,0.6602477990476157
MOZ,2005-05-31,2005,0,0.7788910877099449
MOZ,2005-06-30,2005,0,0.7890989745798269
MOZ,2005-07-31,2005,0,0.6296039242967765
MOZ,2005-08-31,2005,0,0.4387024610021696
MOZ,2005-09-30,2005,0,0.4463287675229103
MOZ,2005-10-31,2005,0,0.005814903525934002
MOZ,2005-11-30,2005,0,3.8799165327526726e-05
MOZ,2005-12-31,2005,0,9.830039955291285e-06
MOZ,2006-01-31,2006,0,6.670481626649498e-06
MOZ,2006-02-28,2006,0,9.213623428210877e-06
MOZ,2006-03-31,2006,0,1.1474760902433084e-05
MOZ,2006-04-30,2006,0,0.0017584605521965984
MOZ,2006-05-31,2006,0,0.1931904868137064
MOZ,2006-06-30,2006,0,0.2450018655140239
MOZ,2006-07-31,2006,0,0.2404681854576194
MOZ,2006-08-31,2006,0,0.23461621787289536
MOZ,2006-09-30,2006,0,0.24352392304177334
MOZ,2006-10-31,2006,0,0.22499669101343261
MOZ,2006-11-30,2006,0,0.22402098329223893
MOZ,2006-12-31,2006,0,0.5074001411046057
MOZ,2007-01-31,2007,0,0.5321733596524331
MOZ,2007-02-28,2007,0,0.3192094293843816
MOZ,2007-03-31,2007,0,0.32146806017955853
MOZ,2007-04-30,2007,0,0.34606195354100533
MOZ,2007-05-31,2007,0,0.3385084329449563
MOZ,2007-06-30,2007,0,0.44034886452984145
MOZ,2007-07-31,2007,0,0.3702067913011841
MOZ,2007-08-31,2007,0,0.3861521695493632
MOZ,2007-09-30,2007,0,0.3982811855036122
MOZ,2007-10-31,2007,0,0.42634710158803674
MOZ,2007-11-30,2007,0,0.13175949459016753
MOZ,2007-12-31,2007,0,0.15420333462121616
MOZ,2008-01-31,2008,0,0.13408438587960753
MOZ,2008-02-29,2008,0,0.1418204074701122
MOZ,2008-03-31,2008,0,0.1529808127457382
MOZ,2008-04-30,2008,0,0.14953892365500107
MOZ,2008-05-31,2008,0,0.16281545718681836
MOZ,2008-06-30,2008,0,0.2357569216532524
MOZ,2008-07-31,2008,0,0.20339843630067392
MOZ,2008-08-31,2008,0,0.22183580675094422
MOZ,2008-09-30,2008,0,0.2014622909757025
MOZ,2008-10-31,2008,0,0.19347577269005542
MOZ,2008-11-30,2008,0,0.19359654170908178
MOZ,2008-12-31,2008,0,0.6320993361007285
MOZ,2009-01-31,2009,0,0.7180677333682228
MOZ,2009-02-28,2009,0,0.6871774296074099
MOZ,2009-03-31,2009,0,0.6704630965961099
MOZ,2009-04-30,2009,0,0.6194272567519734
MOZ,2009-05-31,2009,0,0.506030190379844
MOZ,2009-06-30,2009,0,0.49777367038658493
MOZ,2009-07-31,2009,0,0.504931724605888
MOZ,2009-08-31,2009,0,0.5190834029853839
MOZ,2009-09-30,2009,0,0.5216048475321894
MOZ,2009-10-31,2009,0,0.554068135406538
MOZ,2009-11-30,2009,0,0.5722254429101946
MOZ,2009-12-31,2009,0,0.5069801094601387
MOZ,2010-01-31,2010,0,0.4408499755850869
MOZ,2010-02-28,2010,0,0.4362690645595916
MOZ,2010-03-31,2010,0,0.4687348015673453
MOZ,2010-04-30,2010,0,0.7463194085034656
MOZ,2010-05-31,2010,0,0.6602543926912504
MOZ,2010-06-30,2010,0,0.7146616876390386
MOZ,2010-07-31,2010,0,0.49455830891374475
MOZ,2010-08-31,2010,0,0.5092925012071085
MOZ,2010-09-30,2010,0,0.4031099754662492
MOZ,2010-10-31,2010,0,0.0033026440314466066
MOZ,2010-11-30,2010,0,0.0035063922174141332
MOZ,2010-12-31,2010,0,0.0012407958629659373
MOZ,2011-01-31,2011,0,0.0011160456329099202
MOZ,2011-02-28,2011,0,0.0009362483387456167
MOZ,2011-03-31,2011,0,0.0011528579571839232
MOZ,2011-04-30,2011,0,0.16436747836836268
MOZ,2011-05-31,2011,0,0.15802234296530399
MOZ,2011-06-30,2011,0,0.19390891864043083
MOZ,2011-07-31,2011,0,0.15009998535254337
MOZ,2011-08-31,2011,0,0.1418370245323722
MOZ,2011-09-30,2011,0,0.16250894143142217
MOZ,2011-10-31,2011,0,0.17428961172889915
MOZ,2011-11-30,2011,0,0.180992987783348
MOZ,2011-12-31,2011,0,0.27993840297612677
MOZ,2012-01-31,2012,0,0.4310596103311235
MOZ,2012-02-29,2012,0,0.45065512011413195
MOZ,2012-03-31,2012,0,0.47540932246415746
MOZ,2012-04-30,2012,0,0.4602351109032306
MOZ,2012-05-31,2012,0,0.4670646461518334
MOZ,2012-06-30,2012,0,0.476738848836757
MOZ,2012-07-31,2012,0,0.5539385170773705
MOZ,2012-08-31,2012,0,0.5619755743368856
MOZ,2012-09-30,2012,0,0.5408474974000701
MOZ,2012-10-31,2012,0,0.6005154921516472
MOZ,2012-11-30,2012,0,0.5922123755879423
MOZ,2012-12-31,2012,0,0.5897546697195727
MOZ,2013-01-31,2013,0,0.39704449518944945
MOZ,2013-02-28,2013,0,0.3951932652648901
MOZ,2013-03-31,2013,0,0.4079051042238647
MOZ,2013-04-30,2013,0,0.3852155918620824
MOZ,2013-05-31,2013,0,0.35294245597262397
MOZ,2013-06-30,2013,0,0.3524899562713111
MOZ,2013-07-31,2013,0,0.3582856369755293
MOZ,2013-08-31,2013,0,0.36938286143327914
MOZ,2013-09-30,2013,0,0.366366282287908
MOZ,2013-10-31,2013,0,0.3123702909689672
MOZ,2013-11-30,2013,0,0.3633370954345182
MOZ,2013-12-31,2013,0,0.3540825979068619
MOZ,2014-01-31,2014,1,0.47829012640818297
MOZ,2014-02-28,2014,1,0.4867287566416239
MOZ,2014-03-31,2014,1,0.46633079096219165
MOZ,2014-04-30,2014,1,0.4438471736210376
MOZ,2014-05-31,2014,1,0.48228719932071595
MOZ,2014-06-30,2014,1,0.4845251464554321
MOZ,2014-07-31,2014,1,0.3484022137722934
MOZ,2014-08-31,2014,1,0.32142304082980805
MOZ,2014-09-30,2014,1,0.3301110624715875
MOZ,2014-10-31,2014,1,0.35144655900621213
MOZ,2014-11-30,2014,1,0.3700081227087465
MOZ,2014-12-31,2014,1,0.4202336801710086
MOZ,2015-01-31,2015,0,0.5270616214481241
MOZ,2015-02-28,2015,0,0.4379832279862426
MOZ,2015-03-31,2015,0,0.6540838730511004
MOZ,2015-04-30,2015,0,0.6122694316188863
MOZ,2015-05-31,2015,0,0.5501846365021443
MOZ,2015-06-30,2015,0,0.33431479258950425
MOZ,2015-07-31,2015,0,0.3575030873257748
MOZ,2015-08-31,2015,0,0.4284292694871362
MOZ,2015-09-30,2015,0,0.4298653347711289
MOZ,2015-10-31,2015,0,0.4815323054569437
MOZ,2015-11-30,2015,0,0.7962336935117925
MOZ,2015-12-31,2015,0,0.19804187500852072
MOZ,2016-01-31,2016,0,0.18331719839963007
MOZ,2016-02-29,2016,0,0.07238661387855988
MOZ,2016-03-31,2016,0,0.18477504627624794
MOZ,2016-04-30,2016,0,0.1924780429581865
MOZ,2016-05-31,2016,0,0.19017354126873234
MOZ,2016-06-30,2016,0,0.47989670201640505
MOZ,2016-07-31,2016,0,0.5126191708552935
MOZ,2016-08-31,2016,0,0.5583433511692298
MOZ,2016-09-30,2016,0,0.5753579143673779
MOZ,2016-10-31,2016,0,0.37310477983082535
MOZ,2016-11-30,2016,0,0.2650840923211495
MOZ,2016-12-31,2016,0,0.3474781138808304
MWI,2004-01-31,2004,0,0.3177062908365864
MWI,2004-02-29,2004,0,0.009475681437827503
MWI,2004-03-31,2004,0,0.009370796069850548
MWI,2004-04-30,2004,0,0.009837754620747362
MWI,2004-05-31,2004,0,0.013564068750402171
MWI,2004-06-30,2004,0,0.011533203521974764
MWI,2004-07-31,2004,0,0.01771103592308464
MWI,2004-08-31,2004,0,0.4059234992264844
MWI,2004-09-30,2004,0,0.42619433321253564
MWI,2004-10-31,2004,0,0.4414955442844368
MWI,2004-11-30,2004,0,0.6500918946099306
MWI,2004-12-31,2004,0,0.5144815362139621
MWI,2005-01-31,2005,0,0.4840183310532306
MWI,2005-02-28,2005,0,0.26492860771220217
MWI,2005-03-31,2005,0,0.6785634074879794
MWI,2005-04-30,2005,0,0.5605296486244848
MWI,2005-05-31,2005,0,0.5148851728742646
MWI,2005-06-30,2005,0,0.47186950925262916
MWI,2005-07-31,2005,0,0.45084580634501925
MWI,2005-08-31,2005,0,0.4277722366910216
MWI,2005-09-30,2005,0,0.42712015966612304
MWI,2005-10-31,2005,0,0.4237928708210171
MWI,2005-11-30,2005,0,0.44193065630943995
MWI,2005-12-31,2005,0,0.39509672405204205
MWI,2006-01-31,2006,0,0.4617909086118486
MWI,2006-02-28,2006,0,0.4480548736763078
MWI,2006-03-31,2006,0,0.4733352757735078
MWI,2006-04-30,2006,0,0.4883909588013331
MWI,2006-05-31,2006,0,0.5110321075490858
MWI,2006-06-30,2006,0,0.54080248213652
MWI,2006-07-31,2006,0,0.49618316532278783
MWI,2006-08-31,2006,0,0.49312070893081233
MWI,2006-09-30,2006,0,0.4915915204889438
MWI,2006-10-31,2006,0,0.4855345062007868
MWI,2006-11-30,2006,0,0.4795848048399988
MWI,2006-12-31,2006,0,0.4769763963354762
MWI,2007-01-31,2007,0,0.5396687014076245
MWI,2007-02-28,2007,0,0.5893424551016618
MWI,2007-03-31,2007,0,0.5936626419285354
MWI,2007-04-30,2007,0,0.45350345597399383
MWI,2007-05-31,2007,0,0.45400013651874654
MWI,2007-06-30,2007,0,0.44338099524386854
MWI,2007-07-31,2007,0,0.375371810473163
MWI,2007-08-31,2007,0,0.36729763824823775
MWI,2007-09-30,2007,0,0.37820331173966004
MWI,2007-10-31,2007,0,0.3302071685996574
MWI,2007-11-30,2007,0,0.3280243915776444
MWI,2007-12-31,2007,0,0.30630126006741
MWI,2008-01-31,2008,0,0.42856311150822335
MWI,2008-02-29,2008,0,0.41580175982478823
MWI,2008-03-31,2008,0,0.43528169365661507
MWI,2008-04-30,2008,0,0.2994731838505219
MWI,2008-05-31,2008,0,0.280181618517546
MWI,2008-06-30,2008,0,0.2527200146515151
MWI,2008-07-31,2008,0,0.6675760456031152
MWI,2008-08-31,2008,0,0.682447992179322
MWI,2008-09-30,2008,0,0.6841402837766654
MWI,2008-10-31,2008,0,0.6997852695840695
MWI,2008-11-30,2008,0,0.7497172466771642
MWI,2008-12-31,2008,0,0.677225520925914
MWI,2009-01-31,2009,0,0.48725666799112116
MWI,2009-02-28,2009,0,0.5248553863067292
MWI,2009-03-31,2009,0,0.49006069598371715
MWI,2009-04-30,2009,0,0.5544141165270556
MWI,2009-05-31,2009,0,0.4989975047237175
MWI,2009-06-30,2009,0,0.5039917272129066
MWI,2009-07-31,2009,0,0.5098837310656715
MWI,2009-08-31,2009,0,0.4177173757861413
MWI,2009-09-30,2009,0,0.42784608310331484
MWI,2009-10-31,2009,0,0.6310083614120681
MWI,2009-11-30,2009,0,0.6307921156978856
MWI,2009-12-31,2009,0,0.5466634011324676
MWI,2010-01-31,2010,0,0.5007308435995403
MWI,2010-02-28,2010,0,0.4910689460939379
MWI,2010-03-31,2010,0,0.4785531098178893
MWI,2010-04-30,2010,0,0.46679096010674614
MWI,2010-05-31,2010,0,0.47580537586241856
MWI,2010-06-30,2010,0,0.5022715258748215
MWI,2010-07-31,2010,0,0.5030504533121082
MWI,2010-08-31,2010,0,0.42084913547950625
MWI,2010-09-30,2010,0,0.42084913547950625
MWI,2010-10-31,2010,0,0.4201714216761904
MWI,2010-11-30,2010,0,0.43952613980926825
MWI,2010-12-31,2010,0,0.4849702620663102
MWI,2011-01-31,2011,1,0.6853170737639398
MWI,2011-02-28,2011,1,0.5368936281287524
MWI,2011-03-31,2011,1,0.5368936281287524
MWI,2011-04-30,2011,1,0.5368936281287524
MWI,2011-05-31,2011,1,0.5368936281287524
MWI,2011-06-30,2011,1,0.5368936281287524
MWI,2011-07-31,2011,1,0.5368936281287524
MWI,2011-08-31,2011,1,0.7667052690201928
MWI,2011-09-30,2011,1,0.7495551806989799
MWI,2011-10-31,2011,1,0.7638744552359341
MWI,2011-11-30,2011,1,0.6803798405269451
MWI,2011-12-31,2011,1,0.6744945698484175
MWI,2012-01-31,2012,0,0.4690440808352586
MWI,2012-02-29,2012,0,0.403902987583434
MWI,2012-03-31,2012,0,0.39956787959331436
MWI,2012-04-30,2012,0,0.39701239004468203
MWI,2012-05-31,2012,0,0.7051576903688022
MWI,2012-06-30,2012,0,0.7138444222978945
MWI,2012-07-31,2012,0,0.7149883070857138
MWI,2012-08-31,2012,0,0.36090645492891044
MWI,2012-09-30,2012,0,0.4788002475423456
MWI,2012-10-31,2012,0,0.5811287543147914
MWI,2012-11-30,2012,0,0.004879082934068414
MWI,2012-12-31,2012,0,0.005115014963380354
MWI,2013-01-31,2013,0,0.017924890407661855
MWI,2013-02-28,2013,0,0.024407897535181643
MWI,2013-03-31,2013,0,0.033958733581888965
MWI,2013-04-30,2013,0,0.017699008838301715
MWI,2013-05-31,2013,0,0.16159856443959855
MWI,2013-06-30,2013,0,0.15026301506945072
MWI,2013-07-31,2013,0,0.13576296978258842
MWI,2013-08-31,2013,0,0.205412377707341
MWI,2013-09-30,2013,0,0.34294181605852786
MWI,2013-10-31,2013,0,0.4487165394602299
MWI,2013-11-30,2013,0,0.7099290420724444
MWI,2013-12-31,2013,0,0.4709659686843488
MWI,2014-01-31,2014,0,0.34499475304212374
MWI,2014-02-28,2014,0,0.24319917788579343
MWI,2014-03-31,2014,0,0.0302251371670762
MWI,2014-04-30,2014,0,0.02392622460782553
MWI,2014-05-31,2014,0,0.051804749502150124
MWI,2014-06-30,2014,0,0.05070085950890574
MWI,2014-07-31,2014,0,0.05621092481509158
MWI,2014-08-31,2014,0,0.0587195730444557
MWI,2014-09-30,2014,0,0.42962223149001777
MWI,2014-10-31,2014,0,0.7177681504067883
MWI,2014-11-30,2014,0,0.7839246229633953
MWI,2014-12-31,2014,0,0.6293910692359858
MWI,2015-01-31,2015,0,0.24321482388092908
MWI,2015-02-28,2015,0,0.19598176470258483
MWI,2015-03-31,2015,0,0.2092476341312004
MWI,2015-04-30,2015,0,0.2179367388938241
MWI,2015-05-31,2015,0,0.20306890547322196
MWI,2015-06-30,2015,0,0.22041579304332778
MWI,2015-07-31,2015,0,0.381509459125871
MWI,2015-08-31,2015,0,0.5226009026208219
MWI,2015-09-30,2015,0,0.4858416193211239
MWI,2015-10-31,2015,0,0.3546520747266717
MWI,2015-11-30,2015,0,0.4021226469795347
MWI,2015-12-31,2015,0,0.5484096729436162
MWI,2016-01-31,2016,0,0.6261638714691935
MWI,2016-02-29,2016,0,0.5985016898181369
MWI,2016-03-31,2016,0,0.3375065565838429
MWI,2016-04-30,2016,0,0.3136004917503824
MWI,2016-05-31,2016,0,0.29162598945049506
MWI,2016-06-30,2016,0,0.291990755082772
MWI,2016-07-31,2016,0,0.30344985680927
MWI,2016-08-31,2016,0,0.28252107462858334
MWI,2016-09-30,2016,0,0.43402467499591085
MWI,2016-10-31,2016,0,0.4336483873761157
MWI,2016-11-30,2016,0,0.35632040771428014
MWI,2016-12-31,2016,0,0.32438737203019047
MYS,2002-01-31,2002,0,0.36419466664179984
MYS,2002-02-28,2002,0,0.36419466664179984
MYS,2002-03-31,2002,0,0.36419466664179984
MYS,2002-04-30,2002,0,0.36419466664179984
MYS,2002-05-31,2002,0,0.36419466664179984
MYS,2002-06-30,2002,0,0.36419466664179984
MYS,2002-07-31,2002,0,0.36419466664179984
MYS,2002-08-31,2002,0,0.36419466664179984
MYS,2002-09-30,2002,0,0.36419466664179984
MYS,2002-10-31,2002,0,0.36419466664179984
MYS,2002-11-30,2002,0,0.36419466664179984
MYS,2002-12-31,2002,0,0.36419466664179984
MYS,2003-01-31,2003,0,0.598978674161992
MYS,2003-02-28,2003,0,0.598978674161992
MYS,2003-03-31,2003,0,0.598978674161992
MYS,2003-04-30,2003,0,0.598978674161992
MYS,2003-05-31,2003,0,0.598978674161992
MYS,2003-06-30,2003,0,0.598978674161992
MYS,2003-07-31,2003,0,0.598978674161992
MYS,2003-08-31,2003,0,0.598978674161992
MYS,2003-09-30,2003,0,0.598978674161992
MYS,2003-10-31,2003,0,0.598978674161992
MYS,2003-11-30,2003,0,0.598978674161992
MYS,2003-12-31,2003,0,0.598978674161992
MYS,2004-01-31,2004,0,0.4556423223972082
MYS,2004-02-29,2004,0,0.4556423223972082
MYS,2004-03-31,2004,0,0.4556423223972082
MYS,2004-04-30,2004,0,0.4556423223972082
MYS,2004-05-31,2004,0,0.4556423223972082
MYS,2004-06-30,2004,0,0.4556423223972082
MYS,2004-07-31,2004,0,0.4556423223972082
MYS,2004-08-31,2004,0,0.4556423223972082
MYS,2004-09-30,2004,0,0.4556423223972082
MYS,2004-10-31,2004,0,0.4556423223972082
MYS,2004-11-30,2004,0,0.4556423223972082
MYS,2004-12-31,2004,0,0.4556423223972082
MYS,2005-01-31,2005,0,0.4068291052151231
MYS,2005-02-28,2005,0,0.4068291052151231
MYS,2005-03-31,2005,0,0.4068291052151231
MYS,2005-04-30,2005,0,0.4068291052151231
MYS,2005-05-31,2005,0,0.4068291052151231
MYS,2005-06-30,2005,0,0.4068291052151231
MYS,2005-07-31,2005,0,0.11697470236812942
MYS,2005-08-31,2005,0,0.1695788660614305
MYS,2005-09-30,2005,0,0.1693724560213034
MYS,2005-10-31,2005,0,0.1732484932478033
MYS,2005-11-30,2005,0,0.17076387060184567
MYS,2005-12-31,2005,0,0.16957269182936655
MYS,2006-01-31,2006,0,0.20136136779090572
MYS,2006-02-28,2006,0,0.23576922592595842
MYS,2006-03-31,2006,0,0.2694000740267468
MYS,2006-04-30,2006,0,0.25939494587333756
MYS,2006-05-31,2006,0,0.2655173249730481
MYS,2006-06-30,2006,0,0.3467340716411728
MYS,2006-07-31,2006,0,0.34906698181183127
MYS,2006-08-31,2006,0,0.3544650193464923
MYS,2006-09-30,2006,0,0.3425946269442473
MYS,2006-10-31,2006,0,0.37554076061960284
MYS,2006-11-30,2006,0,0.39519049883465507
MYS,2006-12-31,2006,0,0.3000591230605922
MYS,2007-01-31,2007,0,0.3407521285093976
MYS,2007-02-28,2007,0,0.3103237691425143
MYS,2007-03-31,2007,0,0.32725865832004697
MYS,2007-04-30,2007,0,0.32392076026262245
MYS,2007-05-31,2007,0,0.3316920402424747
MYS,2007-06-30,2007,0,0.43660113252388805
MYS,2007-07-31,2007,0,0.4140470548559171
MYS,2007-08-31,2007,0,0.43684582145499645
MYS,2007-09-30,2007,0,0.37214163293958263
MYS,2007-10-31,2007,0,0.35991324206460706
MYS,2007-11-30,2007,0,0.33988951288978103
MYS,2007-12-31,2007,0,0.35738684588820835
MYS,2008-01-31,2008,0,0.2546241334588053
MYS,2008-02-29,2008,0,0.280977674014516
MYS,2008-03-31,2008,0,0.2597724043532591
MYS,2008-04-30,2008,0,0.2650733085131904
MYS,2008-05-31,2008,0,0.3395615153415834
MYS,2008-06-30,2008,0,0.33577161766895774
MYS,2008-07-31,2008,0,0.36471404841891186
MYS,2008-08-31,2008,0,0.44670589901626284
MYS,2008-09-30,2008,0,0.43109805571761256
MYS,2008-10-31,2008,0,0.4642859238544078
MYS,2008-11-30,2008,0,0.44669033024766763
MYS,2008-12-31,2008,0,0.27750714354353256
MYS,2009-01-31,2009,0,0.5048455495054258
MYS,2009-02-28,2009,0,0.4910953722854132
MYS,2009-03-31,2009,0,0.49951799434127053
MYS,2009-04-30,2009,0,0.45488861064143293
MYS,2009-05-31,2009,0,0.4526140023656445
MYS,2009-06-30,2009,0,0.48932046244521094
MYS,2009-07-31,2009,0,0.4855100695912875
MYS,2009-08-31,2009,0,0.45038779973919835
MYS,2009-09-30,2009,0,0.44419954332099115
MYS,2009-10-31,2009,0,0.4508504353489516
MYS,2009-11-30,2009,0,0.44660413982334324
MYS,2009-12-31,2009,0,0.504643084684161
MYS,2010-01-31,2010,0,0.5742182226314035
MYS,2010-02-28,2010,0,0.549094537064114
MYS,2010-03-31,2010,0,0.38965332248886053
MYS,2010-04-30,2010,0,0.3865477283535792
MYS,2010-05-31,2010,0,0.4382284451379303
MYS,2010-06-30,2010,0,0.4538197450658281
MYS,2010-07-31,2010,0,0.4628299684066578
MYS,2010-08-31,2010,0,0.4630867515656655
MYS,2010-09-30,2010,0,0.5028371928412093
MYS,2010-10-31,2010,0,0.5120482219834435
MYS,2010-11-30,2010,0,0.5227107148684266
MYS,2010-12-31,2010,0,0.5130969635676138
MYS,2011-01-31,2011,0,0.5439804115906199
MYS,2011-02-28,2011,0,0.5361028916462414
MYS,2011-03-31,2011,0,0.5827075958611653
MYS,2011-04-30,2011,0,0.5900961039465423
MYS,2011-05-31,2011,0,0.5861722341938618
MYS,2011-06-30,2011,0,0.6052657808272128
MYS,2011-07-31,2011,0,0.5778809917570832
MYS,2011-08-31,2011,0,0.5724902275209423
MYS,2011-09-30,2011,0,0.7439189840383537
MYS,2011-10-31,2011,0,0.6549452608915757
MYS,2011-11-30,2011,0,0.6759980919807392
MYS,2011-12-31,2011,0,0.6535957198717373
MYS,2012-01-31,2012,0,0.43911427940414016
MYS,2012-02-29,2012,0,0.41104485700705534
MYS,2012-03-31,2012,0,0.38253853451068554
MYS,2012-04-30,2012,0,0.423008875066945
MYS,2012-05-31,2012,0,0.4718591160376975
MYS,2012-06-30,2012,0,0.4577825419456936
MYS,2012-07-31,2012,0,0.5077802259586153
MYS,2012-08-31,2012,0,0.5044388919484284
MYS,2012-09-30,2012,0,0.44882446595377173
MYS,2012-10-31,2012,0,0.47741387571939053
MYS,2012-11-30,2012,0,0.40406312855343246
MYS,2012-12-31,2012,0,0.4278982008659814
MYS,2013-01-31,2013,0,0.5472728476412673
MYS,2013-02-28,2013,0,0.5556432013228061
MYS,2013-03-31,2013,0,0.6206507324821083
MYS,2013-04-30,2013,0,0.5489700719816996
MYS,2013-05-31,2013,0,0.47207883772519704
MYS,2013-06-30,2013,0,0.5351480045726852
MYS,2013-07-31,2013,0,0.5648149664947616
MYS,2013-08-31,2013,0,0.5549485244882661
MYS,2013-09-30,2013,0,0.5340932984360599
MYS,2013-10-31,2013,0,0.4465619902367565
MYS,2013-11-30,2013,0,0.44388586383830614
MYS,2013-12-31,2013,0,0.44945750217397556
MYS,2014-01-31,2014,0,0.5439578286385225
MYS,2014-02-28,2014,0,0.4942878584957133
MYS,2014-03-31,2014,0,0.4881421032449371
MYS,2014-04-30,2014,0,0.5023935895987712
MYS,2014-05-31,2014,0,0.5040248616696936
MYS,2014-06-30,2014,0,0.49843020598093435
MYS,2014-07-31,2014,0,0.4734684590353847
MYS,2014-08-31,2014,0,0.5006130919440027
MYS,2014-09-30,2014,0,0.565023890120755
MYS,2014-10-31,2014,0,0.601054167596067
MYS,2014-11-30,2014,0,0.6440277353760261
MYS,2014-12-31,2014,0,0.6622154590169368
MYS,2015-01-31,2015,0,0.6293644578876255
MYS,2015-02-28,2015,0,0.6382521928519082
MYS,2015-03-31,2015,0,0.6171106446549847
MYS,2015-04-30,2015,0,0.46476702605116954
MYS,2015-05-31,2015,0,0.4606157437198295
MYS,2015-06-30,2015,0,0.45626135056090983
MYS,2015-07-31,2015,0,0.46667398517832553
MYS,2015-08-31,2015,0,0.725340935720702
MYS,2015-09-30,2015,0,0.7345334943707106
MYS,2015-10-31,2015,0,0.6974325335068874
MYS,2015-11-30,2015,0,0.4241679008398521
MYS,2015-12-31,2015,0,0.4086424245410031
MYS,2016-01-31,2016,0,0.36704308478825326
MYS,2016-02-29,2016,0,0.3897138166081604
MYS,2016-03-31,2016,0,0.21770411424634942
MYS,2016-04-30,2016,0,0.23322528416832208
MYS,2016-05-31,2016,0,0.2736662450413548
MYS,2016-06-30,2016,0,0.2977350730150229
MYS,2016-07-31,2016,0,0.31315134618305107
MYS,2016-08-31,2016,0,0.36471293404359745
MYS,2016-09-30,2016,0,0.46287195076393234
MYS,2016-10-31,2016,0,0.45437594546735527
MYS,2016-11-30,2016,0,0.5108027213628357
MYS,2016-12-31,2016,0,0.5526339982419171
NAM,2002-01-31,2002,0,0.9114725302160614
NAM,2002-02-28,2002,0,0.6091675725366206
NAM,2002-03-31,2002,0,0.20117698712408072
NAM,2002-04-30,2002,0,0.16878816095677235
NAM,2002-05-31,2002,0,0.0023326684601856565
NAM,2002-06-30,2002,0,2.7183900916343003e-05
NAM,2002-07-31,2002,0,2.701137195900084e-05
NAM,2002-08-31,2002,0,3.0747553595459495e-05
NAM,2002-09-30,2002,0,3.0926154932106215e-05
NAM,2002-10-31,2002,0,3.0083543539263216e-05
NAM,2002-11-30,2002,0,0.004121276797914422
NAM,2002-12-31,2002,0,0.29552908160208075
NAM,2003-01-31,2003,0,0.2664560049773429
NAM,2003-02-28,2003,0,0.27570886192887556
NAM,2003-03-31,2003,0,0.29371780278897036
NAM,2003-04-30,2003,0,0.2543387224528504
NAM,2003-05-31,2003,0,0.5631520138623509
NAM,2003-06-30,2003,0,0.530235652182961
NAM,2003-07-31,2003,0,0.5789003999340054
NAM,2003-08-31,2003,0,0.21623661397332686
NAM,2003-09-30,2003,0,0.2263868340350528
NAM,2003-10-31,2003,0,0.24635906929925955
NAM,2003-11-30,2003,0,0.0048767331710327395
NAM,2003-12-31,2003,0,0.005972903541236139
NAM,2004-01-31,2004,0,0.0026741433091925304
NAM,2004-02-29,2004,0,0.0024704240006223153
NAM,2004-03-31,2004,0,0.002212281480298748
NAM,2004-04-30,2004,0,0.0026928151545933484
NAM,2004-05-31,2004,0,0.24047223685437114
NAM,2004-06-30,2004,0,0.2449431142816641
NAM,2004-07-31,2004,0,0.23664454852207906
NAM,2004-08-31,2004,0,0.285900821820522
NAM,2004-09-30,2004,0,0.27215097484712103
NAM,2004-10-31,2004,0,0.25140537084478715
NAM,2004-11-30,2004,0,0.20905106634607074
NAM,2004-12-31,2004,0,0.23303781188477904
NAM,2005-01-31,2005,0,0.39675309810960885
NAM,2005-02-28,2005,0,0.39359286638487667
NAM,2005-03-31,2005,0,0.44721716062149275
NAM,2005-04-30,2005,0,0.42367834632703183
NAM,2005-05-31,2005,0,0.6689956423670774
NAM,2005-06-30,2005,0,0.6287690989521431
NAM,2005-07-31,2005,0,0.6231429073082376
NAM,2005-08-31,2005,0,0.46611492907265495
NAM,2005-09-30,2005,0,0.44265577101624387
NAM,2005-10-31,2005,0,0.4676978498604732
NAM,2005-11-30,2005,0,0.0053898647599563325
NAM,2005-12-31,2005,0,0.005458036239559135
NAM,2006-01-31,2006,0,0.00282029509535013
NAM,2006-02-28,2006,0,0.0031631675147383506
NAM,2006-03-31,2006,0,0.004075323780730764
NAM,2006-04-30,2006,0,0.0040493033644870315
NAM,2006-05-31,2006,0,0.5335354700215124
NAM,2006-06-30,2006,0,0.5829828529929365
NAM,2006-07-31,2006,0,0.5017769669654382
NAM,2006-08-31,2006,0,0.5024539720364153
NAM,2006-09-30,2006,0,0.5540941587700491
NAM,2006-10-31,2006,0,0.495747539171874
NAM,2006-11-30,2006,0,0.3799252345062912
NAM,2006-12-31,2006,0,0.32519620717211095
NAM,2007-01-31,2007,0,0.39933028527775966
NAM,2007-02-28,2007,0,0.4218391805563319
NAM,2007-03-31,2007,0,0.3882429712365227
NAM,2007-04-30,2007,0,0.3619526414677717
NAM,2007-05-31,2007,0,0.3919264994351964
NAM,2007-06-30,2007,0,0.39242895985595344
NAM,2007-07-31,2007,0,0.4012116890101911
NAM,2007-08-31,2007,0,0.3934456386065303
NAM,2007-09-30,2007,0,0.2478162548849574
NAM,2007-10-31,2007,0,0.21109947568026996
NAM,2007-11-30,2007,0,0.2523063039400992
NAM,2007-12-31,2007,0,0.24792804894750392
NAM,2008-01-31,2008,0,0.46659277304469177
NAM,2008-02-29,2008,0,0.45601395325140487
NAM,2008-03-31,2008,0,0.5185858001665794
NAM,2008-04-30,2008,0,0.31988731378153157
NAM,2008-05-31,2008,0,0.3117395815271573
NAM,2008-06-30,2008,0,0.3104699841673048
NAM,2008-07-31,2008,0,0.1997839653142814
NAM,2008-08-31,2008,0,0.23931070626895
NAM,2008-09-30,2008,0,0.2752549448167663
NAM,2008-10-31,2008,0,0.8425275307263413
NAM,2008-11-30,2008,0,0.7792951272358871
NAM,2008-12-31,2008,0,0.4919662702092195
NAM,2009-01-31,2009,0,0.6178941151023739
NAM,2009-02-28,2009,0,0.5201117512436992
NAM,2009-03-31,2009,0,0.4026980555790639
NAM,2009-04-30,2009,0,0.000984954382012762
NAM,2009-05-31,2009,0,0.0008289658080112182
NAM,2009-06-30,2009,0,0.0009212276626728194
NAM,2009-07-31,2009,0,0.001094272235135128
NAM,2009-08-31,2009,0,0.0011886848380131406
NAM,2009-09-30,2009,0,0.0010137114389779656
NAM,2009-10-31,2009,0,0.26739841958361804
NAM,2009-11-30,2009,0,0.2613074223631345
NAM,2009-12-31,2009,0,0.30762504768512905
NAM,2010-01-31,2010,0,0.27561039987808617
NAM,2010-02-28,2010,0,0.312328304225858
NAM,2010-03-31,2010,0,0.26630618473777856
NAM,2010-04-30,2010,0,0.3107570567803587
NAM,2010-05-31,2010,0,0.37302527275760056
NAM,2010-06-30,2010,0,0.4025354568498191
NAM,2010-07-31,2010,0,0.34450344783806414
NAM,2010-08-31,2010,0,0.3447780949799089
NAM,2010-09-30,2010,0,0.27659047750276955
NAM,2010-10-31,2010,0,0.2947226682325067
NAM,2010-11-30,2010,0,0.295273405950385
NAM,2010-12-31,2010,0,0.2236011666284668
NAM,2011-01-31,2011,0,0.36743589887391226
NAM,2011-02-28,2011,0,0.2950124821936815
NAM,2011-03-31,2011,0,0.36526383141686897
NAM,2011-04-30,2011,0,0.32616346242822236
NAM,2011-05-31,2011,0,0.3589469375454349
NAM,2011-06-30,2011,0,0.4265218075487288
NAM,2011-07-31,2011,0,0.4284553735573801
NAM,2011-08-31,2011,0,0.4628490840529026
NAM,2011-09-30,2011,0,0.7895376193112205
NAM,2011-10-31,2011,0,0.737704771064071
NAM,2011-11-30,2011,0,0.7712655231517547
NAM,2011-12-31,2011,0,0.5040532474474118
NAM,2012-01-31,2012,0,0.42202391110956317
NAM,2012-02-29,2012,0,0.31500677635846014
NAM,2012-03-31,2012,0,0.002433987116931327
NAM,2012-04-30,2012,0,0.0031772564802616753
NAM,2012-05-31,2012,0,0.0072371506536268925
NAM,2012-06-30,2012,0,0.004995035809457254
NAM,2012-07-31,2012,0,0.00574819327750695
NAM,2012-08-31,2012,0,0.0028801019236144557
NAM,2012-09-30,2012,0,0.4168959755633622
NAM,2012-10-31,2012,0,0.46524638628165466
NAM,2012-11-30,2012,0,0.003743467750699364
NAM,2012-12-31,2012,0,0.0033784691924719635
NAM,2013-01-31,2013,0,0.006146717526313481
NAM,2013-02-28,2013,0,0.0064130882459130035
NAM,2013-03-31,2013,0,0.008303164355656553
NAM,2013-04-30,2013,0,0.0058147633190853655
NAM,2013-05-31,2013,0,0.7785168562939774
NAM,2013-06-30,2013,0,0.8025857830796312
NAM,2013-07-31,2013,0,0.7653270961340226
NAM,2013-08-31,2013,0,0.557242505324816
NAM,2013-09-30,2013,0,0.4969781350647299
NAM,2013-10-31,2013,0,0.49557954649453356
NAM,2013-11-30,2013,0,0.005857323880193717
NAM,2013-12-31,2013,0,0.007837084850045665
NAM,2014-01-31,2014,1,0.17853446399906506
NAM,2014-02-28,2014,1,0.09358198043182112
NAM,2014-03-31,2014,1,0.08700062715899844
NAM,2014-04-30,2014,1,0.08597902953201539
NAM,2014-05-31,2014,1,0.4712697047984714
NAM,2014-06-30,2014,1,0.4714668009297682
NAM,2014-07-31,2014,1,0.4345704092099389
NAM,2014-08-31,2014,1,0.5184871585233322
NAM,2014-09-30,2014,1,0.577293350332755
NAM,2014-10-31,2014,1,0.4856821092686673
NAM,2014-11-30,2014,1,0.5082791595094462
NAM,2014-12-31,2014,1,0.5234537907166119
NAM,2015-01-31,2015,0,0.5690804608393171
NAM,2015-02-28,2015,0,0.6305546203307836
NAM,2015-03-31,2015,0,0.6052527666475445
NAM,2015-04-30,2015,0,0.5849082605624705
NAM,2015-05-31,2015,0,0.591246107977016
NAM,2015-06-30,2015,0,0.5603504906094833
NAM,2015-07-31,2015,0,0.5910075749611364
NAM,2015-08-31,2015,0,0.6137385488126813
NAM,2015-09-30,2015,0,0.6174661583984736
NAM,2015-10-31,2015,0,0.658406066269773
NAM,2015-11-30,2015,0,0.6524316036293918
NAM,2015-12-31,2015,0,0.7192896020391117
NAM,2016-01-31,2016,0,0.6321081079052283
NAM,2016-02-29,2016,0,0.5907397034444831
NAM,2016-03-31,2016,0,0.3148604952132163
NAM,2016-04-30,2016,0,0.26398131932971913
NAM,2016-05-31,2016,0,0.36471037155979563
NAM,2016-06-30,2016,0,0.29832589022407935
NAM,2016-07-31,2016,0,0.26552885480710464
NAM,2016-08-31,2016,0,0.13630569789013178
NAM,2016-09-30,2016,0,0.1568497654360512
NAM,2016-10-31,2016,0,0.18152646592605415
NAM,2016-11-30,2016,0,0.1857771776963114
NAM,2016-12-31,2016,0,0.22100498587487868
NER,2002-01-31,2002,0,0.19270791166460735
NER,2002-02-28,2002,0,0.25798913545693664
NER,2002-03-31,2002,0,0.23658703516828458
NER,2002-04-30,2002,0,0.21012102488226436
NER,2002-05-31,2002,0,0.19547104119019892
NER,2002-06-30,2002,0,0.18815984134730013
NER,2002-07-31,2002,0,0.18418067928757442
NER,2002-08-31,2002,0,0.1771694288042224
NER,2002-09-30,2002,0,0.18778998859685567
NER,2002-10-31,2002,0,0.17579464244010118
NER,2002-11-30,2002,0,0.15988215015040563
NER,2002-12-31,2002,0,0.16290050457456912
NER,2003-01-31,2003,0,0.08862461095673212
NER,2003-02-28,2003,0,0.09363332370122063
NER,2003-03-31,2003,0,0.10105540877139642
NER,2003-04-30,2003,0,0.10228100330539372
NER,2003-05-31,2003,0,0.09285759547385714
NER,2003-06-30,2003,0,0.1308918080782048
NER,2003-07-31,2003,0,0.12051292543641641
NER,2003-08-31,2003,0,0.1617580614841155
NER,2003-09-30,2003,0,0.12413484969152973
NER,2003-10-31,2003,0,0.1241390341166333
NER,2003-11-30,2003,0,0.12244650051057762
NER,2003-12-31,2003,0,0.1280785282120678
NER,2004-01-31,2004,0,0.1930389904798055
NER,2004-02-29,2004,0,0.18967064797098468
NER,2004-03-31,2004,0,0.2221370777740341
NER,2004-04-30,2004,0,0.2192903204342249
NER,2004-05-31,2004,0,0.20267469452638026
NER,2004-06-30,2004,0,0.22421103646779003
NER,2004-07-31,2004,0,0.22145570161480982
NER,2004-08-31,2004,0,0.21661913696220292
NER,2004-09-30,2004,0,0.22249231542383388
NER,2004-10-31,2004,0,0.22053551473419314
NER,2004-11-30,2004,0,0.1854057464007652
NER,2004-12-31,2004,0,0.21289595905291525
NER,2005-01-31,2005,0,0.4495688823571126
NER,2005-02-28,2005,0,0.46011206021549883
NER,2005-03-31,2005,0,0.4847118596154601
NER,2005-04-30,2005,0,0.4882835328384567
NER,2005-05-31,2005,0,0.5594091466956324
NER,2005-06-30,2005,0,0.5588567160674024
NER,2005-07-31,2005,0,0.5578586937102504
NER,2005-08-31,2005,0,0.5525473527698832
NER,2005-09-30,2005,0,0.5430653499490855
NER,2005-10-31,2005,0,0.5363129184868752
NER,2005-11-30,2005,0,0.5548842183817856
NER,2005-12-31,2005,0,0.5849833473613518
NER,2006-01-31,2006,0,0.5363752008105066
NER,2006-02-28,2006,0,0.5435488234209617
NER,2006-03-31,2006,0,0.5267889547244605
NER,2006-04-30,2006,0,0.4539836582270749
NER,2006-05-31,2006,0,0.3702768189478218
NER,2006-06-30,2006,0,0.38394231989697747
NER,2006-07-31,2006,0,0.40792380261694855
NER,2006-08-31,2006,0,0.40873366778969095
NER,2006-09-30,2006,0,0.42626027454903376
NER,2006-10-31,2006,0,0.4465704577267729
NER,2006-11-30,2006,0,0.3915004878284774
NER,2006-12-31,2006,0,0.38918809326910564
NER,2007-01-31,2007,0,0.28307117551399086
NER,2007-02-28,2007,0,0.3012895968298366
NER,2007-03-31,2007,0,0.28775521163229006
NER,2007-04-30,2007,0,0.2938337726853814
NER,2007-05-31,2007,0,0.312942314182261
NER,2007-06-30,2007,0,0.32061246123869364
NER,2007-07-31,2007,0,0.34361495293280997
NER,2007-08-31,2007,0,0.3246952483720819
NER,2007-09-30,2007,0,0.2786451723142859
NER,2007-10-31,2007,0,0.2940226272531951
NER,2007-11-30,2007,0,0.3086927941512694
NER,2007-12-31,2007,0,0.3315834888801216
NER,2008-01-31,2008,0,0.30255609110087206
NER,2008-02-29,2008,0,0.3083230078992389
NER,2008-03-31,2008,0,0.22910064071340475
NER,2008-04-30,2008,0,0.2791374874248075
NER,2008-05-31,2008,0,0.27348132761671323
NER,2008-06-30,2008,0,0.3021014978606621
NER,2008-07-31,2008,0,0.2959605556604889
NER,2008-08-31,2008,0,0.519029002646348
NER,2008-09-30,2008,0,0.5998495489147504
NER,2008-10-31,2008,0,0.8363918775916753
NER,2008-11-30,2008,0,0.8013795693117821
NER,2008-12-31,2008,0,0.4766695074782664
NER,2009-01-31,2009,0,0.46654609935430236
NER,2009-02-28,2009,0,0.4385491147406255
NER,2009-03-31,2009,0,0.3922358254484801
NER,2009-04-30,2009,0,0.0022257150909541995
NER,2009-05-31,2009,0,0.0014906638222745598
NER,2009-06-30,2009,0,0.002295133666226586
NER,2009-07-31,2009,0,0.0017660858429025305
NER,2009-08-31,2009,0,0.0018347882094129878
NER,2009-09-30,2009,0,0.0016436347792432974
NER,2009-10-31,2009,0,0.2609151885090633
NER,2009-11-30,2009,0,0.3190253228341104
NER,2009-12-31,2009,0,0.4963118444143744
NER,2010-01-31,2010,0,0.3234351402271224
NER,2010-02-28,2010,0,0.3571943399329291
NER,2010-03-31,2010,0,0.3699197006990706
NER,2010-04-30,2010,0,0.36971022393145436
NER,2010-05-31,2010,0,0.6188845502241089
NER,2010-06-30,2010,0,0.5783351110912793
NER,2010-07-31,2010,0,0.3165681689029677
NER,2010-08-31,2010,0,0.32384808027281003
NER,2010-09-30,2010,0,0.19227178335675346
NER,2010-10-31,2010,0,0.2087783456954845
NER,2010-11-30,2010,0,0.23078111294245393
NER,2010-12-31,2010,0,0.22212986683737604
NER,2011-01-31,2011,0,0.2329556538338104
NER,2011-02-28,2011,0,0.2157305477858714
NER,2011-03-31,2011,0,0.26516072936104756
NER,2011-04-30,2011,0,0.216928408129658
NER,2011-05-31,2011,0,0.21386259099932955
NER,2011-06-30,2011,0,0.21848669447429694
NER,2011-07-31,2011,0,0.27424241843770447
NER,2011-08-31,2011,0,0.2497063614743699
NER,2011-09-30,2011,0,0.39282396099218075
NER,2011-10-31,2011,0,0.33926025258895454
NER,2011-11-30,2011,0,0.38485864947231235
NER,2011-12-31,2011,0,0.3900703793525369
NER,2012-01-31,2012,0,0.4321903662877548
NER,2012-02-29,2012,0,0.39041224404309144
NER,2012-03-31,2012,0,0.36213759658095096
NER,2012-04-30,2012,0,0.4448498709986835
NER,2012-05-31,2012,0,0.5126365212417598
NER,2012-06-30,2012,0,0.4695489597978176
NER,2012-07-31,2012,0,0.5006052523437754
NER,2012-08-31,2012,0,0.43577613053571235
NER,2012-09-30,2012,0,0.38824192372101796
NER,2012-10-31,2012,0,0.39676741313670805
NER,2012-11-30,2012,0,0.38740851651223696
NER,2012-12-31,2012,0,0.4050441763055075
NER,2013-01-31,2013,0,0.3565426579348379
NER,2013-02-28,2013,0,0.38044414293356443
NER,2013-03-31,2013,0,0.413810716833932
NER,2013-04-30,2013,0,0.4085846202132223
NER,2013-05-31,2013,0,0.3713880259120314
NER,2013-06-30,2013,0,0.3639836586630534
NER,2013-07-31,2013,0,0.39054970711192766
NER,2013-08-31,2013,0,0.38333179289282954
NER,2013-09-30,2013,0,0.3560754623686958
NER,2013-10-31,2013,0,0.3649232718769955
NER,2013-11-30,2013,0,0.3609267555112833
NER,2013-12-31,2013,0,0.3703339310750073
NER,2014-01-31,2014,0,0.3475491360036225
NER,2014-02-28,2014,0,0.318058241392105
NER,2014-03-31,2014,0,0.3258218613067631
NER,2014-04-30,2014,0,0.3195144463615819
NER,2014-05-31,2014,0,0.34912335124569754
NER,2014-06-30,2014,0,0.34793983435605674
NER,2014-07-31,2014,0,0.35341499820578126
NER,2014-08-31,2014,0,0.377148942894251
NER,2014-09-30,2014,0,0.4858696338508336
NER,2014-10-31,2014,0,0.4851216884287842
NER,2014-11-30,2014,0,0.4684999247552741
NER,2014-12-31,2014,0,0.4760388016191601
NER,2015-01-31,2015,0,0.6411419786318582
NER,2015-02-28,2015,0,0.6798558578902245
NER,2015-03-31,2015,0,0.6699884270646759
NER,2015-04-30,2015,0,0.45198259113213735
NER,2015-05-31,2015,0,0.46064073749191325
NER,2015-06-30,2015,0,0.41254457374722986
NER,2015-07-31,2015,0,0.4044251092686889
NER,2015-08-31,2015,0,0.3751810988607007
NER,2015-09-30,2015,0,0.37059497955253967
NER,2015-10-31,2015,0,0.3966409283849177
NER,2015-11-30,2015,0,0.4349342446413302
NER,2015-12-31,2015,0,0.40150415928651134
NER,2016-01-31,2016,0,0.3865416647183705
NER,2016-02-29,2016,0,0.39090404883780544
NER,2016-03-31,2016,0,0.3234826633548679
NER,2016-04-30,2016,0,0.32794473885443215
NER,2016-05-31,2016,0,0.30764412370482985
NER,2016-06-30,2016,0,0.3203817607164251
NER,2016-07-31,2016,0,0.3287070039289042
NER,2016-08-31,2016,0,0.315169565745704
NER,2016-09-30,2016,0,0.4349995839101204
NER,2016-10-31,2016,0,0.41926919657458295
NER,2016-11-30,2016,0,0.40264414881875565
NER,2016-12-31,2016,0,0.3832204663281191
NGA,2002-01-31,2002,0,0.2747049524444872
NGA,2002-02-28,2002,0,0.243725764616229
NGA,2002-03-31,2002,0,0.3259080758001242
NGA,2002-04-30,2002,0,0.3047697757023667
NGA,2002-05-31,2002,0,0.30927176175058785
NGA,2002-06-30,2002,0,0.37567999642014654
NGA,2002-07-31,2002,0,0.40721906375044997
NGA,2002-08-31,2002,0,0.4028286919785233
NGA,2002-09-30,2002,0,0.41507442185826693
NGA,2002-10-31,2002,0,0.41578971938729825
NGA,2002-11-30,2002,0,0.42774673506751276
NGA,2002-12-31,2002,0,0.46063854295376055
NGA,2003-01-31,2003,0,0.43658280932651344
NGA,2003-02-28,2003,0,0.4031296909459263
NGA,2003-03-31,2003,0,0.39849286763369035
NGA,2003-04-30,2003,0,0.38470524546790297
NGA,2003-05-31,2003,0,0.38036025449726785
NGA,2003-06-30,2003,0,0.444416097288375
NGA,2003-07-31,2003,0,0.1999797839751101
NGA,2003-08-31,2003,0,0.20637588404728924
NGA,2003-09-30,2003,0,0.24521500006093144
NGA,2003-10-31,2003,0,0.633018882706017
NGA,2003-11-30,2003,0,0.49876258145812763
NGA,2003-12-31,2003,0,0.45107480484760193
NGA,2004-01-31,2004,0,0.24234487134302096
NGA,2004-02-29,2004,0,0.23518239412699446
NGA,2004-03-31,2004,0,0.2311032487277776
NGA,2004-04-30,2004,0,0.2564151604431133
NGA,2004-05-31,2004,0,0.20449398999150362
NGA,2004-06-30,2004,0,0.2177691381927098
NGA,2004-07-31,2004,0,0.21576639692873112
NGA,2004-08-31,2004,0,0.21624606095773755
NGA,2004-09-30,2004,0,0.20262326414000315
NGA,2004-10-31,2004,0,0.2341149445411749
NGA,2004-11-30,2004,0,0.15825244221247403
NGA,2004-12-31,2004,0,0.11008139516334253
NGA,2005-01-31,2005,0,0.20130754272664828
NGA,2005-02-28,2005,0,0.1996940112198977
NGA,2005-03-31,2005,0,0.18068433026807723
NGA,2005-04-30,2005,0,0.14775827142644563
NGA,2005-05-31,2005,0,0.5685023052877847
NGA,2005-06-30,2005,0,0.3545881328790054
NGA,2005-07-31,2005,0,0.3510693960609953
NGA,2005-08-31,2005,0,0.06404811790869933
NGA,2005-09-30,2005,0,0.06528328956863304
NGA,2005-10-31,2005,0,0.07120679586866101
NGA,2005-11-30,2005,0,0.0789196579850764
NGA,2005-12-31,2005,0,0.07918938718973287
NGA,2006-01-31,2006,0,0.08764049170781953
NGA,2006-02-28,2006,0,0.11149630629597394
NGA,2006-03-31,2006,0,0.1193756965378119
NGA,2006-04-30,2006,0,0.12108618311408056
NGA,2006-05-31,2006,0,0.12197612471148589
NGA,2006-06-30,2006,0,0.12400779447780794
NGA,2006-07-31,2006,0,0.11448033288750684
NGA,2006-08-31,2006,0,0.26711222138874996
NGA,2006-09-30,2006,0,0.29371895082166394
NGA,2006-10-31,2006,0,0.3135740301679254
NGA,2006-11-30,2006,0,0.31048705338646876
NGA,2006-12-31,2006,0,0.3070428671062713
NGA,2007-01-31,2007,0,0.14025638170352164
NGA,2007-02-28,2007,0,0.10275101798387148
NGA,2007-03-31,2007,0,0.1223625507300118
NGA,2007-04-30,2007,0,0.1618495705974981
NGA,2007-05-31,2007,0,0.15273153486882135
NGA,2007-06-30,2007,0,0.18115799942112512
NGA,2007-07-31,2007,0,0.20412254414621125
NGA,2007-08-31,2007,0,0.09835535243776813
NGA,2007-09-30,2007,0,0.13266866475439035
NGA,2007-10-31,2007,0,0.07401445569023066
NGA,2007-11-30,2007,0,0.07688674176682682
NGA,2007-12-31,2007,0,0.07822692468779902
NGA,2008-01-31,2008,0,0.10042277302982583
NGA,2008-02-29,2008,0,0.1112640070295677
NGA,2008-03-31,2008,0,0.1155382531727099
NGA,2008-04-30,2008,0,0.10987734164321047
NGA,2008-05-31,2008,0,0.12290956279754335
NGA,2008-06-30,2008,0,0.19845436171380595
NGA,2008-07-31,2008,0,0.15249618525239417
NGA,2008-08-31,2008,0,0.14882450911397713
NGA,2008-09-30,2008,0,0.19820627184556008
NGA,2008-10-31,2008,0,0.13181547748820704
NGA,2008-11-30,2008,0,0.1360213886761456
NGA,2008-12-31,2008,0,0.8424499564363312
NGA,2009-01-31,2009,0,0.8736198091653248
NGA,2009-02-28,2009,0,0.8696626040217076
NGA,2009-03-31,2009,0,0.7441425682867808
NGA,2009-04-30,2009,0,0.5966954249697692
NGA,2009-05-31,2009,0,0.6037667317968314
NGA,2009-06-30,2009,0,0.0060445806149285
NGA,2009-07-31,2009,0,2.54617844179139e-05
NGA,2009-08-31,2009,0,2.6079969427854122e-05
NGA,2009-09-30,2009,0,1.4095688323848118e-05
NGA,2009-10-31,2009,0,1.4586566425555055e-05
NGA,2009-11-30,2009,0,1.4452033480963907e-05
NGA,2009-12-31,2009,0,0.004267210751391296
NGA,2010-01-31,2010,0,0.3882070625427582
NGA,2010-02-28,2010,0,0.3960139942668153
NGA,2010-03-31,2010,0,0.4922446232851797
NGA,2010-04-30,2010,0,0.46040351013051006
NGA,2010-05-31,2010,0,0.48589889353820276
NGA,2010-06-30,2010,0,0.4860280223986862
NGA,2010-07-31,2010,0,0.42277723463725636
NGA,2010-08-31,2010,0,0.4259357555986063
NGA,2010-09-30,2010,0,0.5374759980826525
NGA,2010-10-31,2010,0,0.4077754239903268
NGA,2010-11-30,2010,0,0.3920347289581298
NGA,2010-12-31,2010,0,0.36637430260310705
NGA,2011-01-31,2011,0,0.4064632859678337
NGA,2011-02-28,2011,0,0.4011397377804112
NGA,2011-03-31,2011,0,0.39859158736139705
NGA,2011-04-30,2011,0,0.4775240181233923
NGA,2011-05-31,2011,0,0.467896948742542
NGA,2011-06-30,2011,0,0.3700566175611981
NGA,2011-07-31,2011,0,0.3934586099610382
NGA,2011-08-31,2011,0,0.4201245784319209
NGA,2011-09-30,2011,0,0.4509050555615639
NGA,2011-10-31,2011,0,0.34172195065489275
NGA,2011-11-30,2011,0,0.4741193350587891
NGA,2011-12-31,2011,0,0.46154833179252
NGA,2012-01-31,2012,0,0.42243173781251564
NGA,2012-02-29,2012,0,0.4046753657224095
NGA,2012-03-31,2012,0,0.40827458090650315
NGA,2012-04-30,2012,0,0.47478690799073386
NGA,2012-05-31,2012,0,0.3798583509370964
NGA,2012-06-30,2012,0,0.3757719178390508
NGA,2012-07-31,2012,0,0.3718176315390144
NGA,2012-08-31,2012,0,0.41338281980053276
NGA,2012-09-30,2012,0,0.43176310622276026
NGA,2012-10-31,2012,0,0.5980118761900802
NGA,2012-11-30,2012,0,0.34434228210157913
NGA,2012-12-31,2012,0,0.30291995708136193
NGA,2013-01-31,2013,0,0.39347108174014434
NGA,2013-02-28,2013,0,0.48372584299468663
NGA,2013-03-31,2013,0,0.4778509616791823
NGA,2013-04-30,2013,0,0.6234605208138755
NGA,2013-05-31,2013,0,0.6121321054573292
NGA,2013-06-30,2013,0,0.48177400417094285
NGA,2013-07-31,2013,0,0.5067907037136595
NGA,2013-08-31,2013,0,0.49737244890038756
NGA,2013-09-30,2013,0,0.4954611634921832
NGA,2013-10-31,2013,0,0.6096569117847079
NGA,2013-11-30,2013,0,0.4584023435064659
NGA,2013-12-31,2013,0,0.48085124513092203
NGA,2014-01-31,2014,0,0.5278922395501662
NGA,2014-02-28,2014,0,0.5331013698223322
NGA,2014-03-31,2014,0,0.5390180900573199
NGA,2014-04-30,2014,0,0.5471354332654875
NGA,2014-05-31,2014,0,0.5731943469748808
NGA,2014-06-30,2014,0,0.5810896390514017
NGA,2014-07-31,2014,0,0.5449346156307017
NGA,2014-08-31,2014,0,0.5449346156307017
NGA,2014-09-30,2014,0,0.5630935881068829
NGA,2014-10-31,2014,0,0.5395615069631108
NGA,2014-11-30,2014,0,0.7942084998035269
NGA,2014-12-31,2014,0,0.7929258756747974
NGA,2015-01-31,2015,1,0.7956065023739793
NGA,2015-02-28,2015,1,0.7842138562482491
NGA,2015-03-31,2015,1,0.8362314229963491
NGA,2015-04-30,2015,1,0.8374093546989194
NGA,2015-05-31,2015,1,0.8199532614164795
NGA,2015-06-30,2015,1,0.6096337610760216
NGA,2015-07-31,2015,1,0.6100177995671043
NGA,2015-08-31,2015,1,0.6100210728948492
NGA,2015-09-30,2015,1,0.586983079376653
NGA,2015-10-31,2015,1,0.5790905823988823
NGA,2015-11-30,2015,1,0.6013222352637643
NGA,2015-12-31,2015,1,0.5965999572536951
NGA,2016-01-31,2016,0,0.699887395823061
NGA,2016-02-29,2016,0,0.699887395823061
NGA,2016-03-31,2016,0,0.6676935295320682
NGA,2016-04-30,2016,0,0.6086639430210176
NGA,2016-05-31,2016,0,0.6086639430210176
NGA,2016-06-30,2016,0,0.8713946282953395
NGA,2016-07-31,2016,0,0.9223437968309568
NGA,2016-08-31,2016,0,0.9084455762543933
NGA,2016-09-30,2016,0,0.7321945322466855
NGA,2016-10-31,2016,0,0.531235809052258
NGA,2016-11-30,2016,0,0.5450636999294999
NGA,2016-12-31,2016,0,0.4511854874074445
NIC,2002-01-31,2002,0,0.16240396125866546
NIC,2002-02-28,2002,0,0.14870540325956327
NIC,2002-03-31,2002,0,0.14151129605334467
NIC,2002-04-30,2002,0,0.14889257099188583
NIC,2002-05-31,2002,0,0.14176128569200708
NIC,2002-06-30,2002,0,0.14859026120255864
NIC,2002-07-31,2002,0,0.14804157293797418
NIC,2002-08-31,2002,0,0.16203263740473
NIC,2002-09-30,2002,0,0.18523598969294622
NIC,2002-10-31,2002,0,0.1629202269559263
NIC,2002-11-30,2002,0,0.185752818389429
NIC,2002-12-31,2002,0,0.16334496322728478
NIC,2003-01-31,2003,0,0.1987564241578066
NIC,2003-02-28,2003,0,0.18212010358052622
NIC,2003-03-31,2003,0,0.1702883388870664
NIC,2003-04-30,2003,0,0.17944374354627096
NIC,2003-05-31,2003,0,0.1686384726115041
NIC,2003-06-30,2003,0,0.18068495589163847
NIC,2003-07-31,2003,0,0.1817403883390141
NIC,2003-08-31,2003,0,0.20039673371086036
NIC,2003-09-30,2003,0,0.232312085852712
NIC,2003-10-31,2003,0,0.19908371682045192
NIC,2003-11-30,2003,0,0.23153274048137007
NIC,2003-12-31,2003,0,0.19912391233136406
NIC,2004-01-31,2004,0,0.2255750483904004
NIC,2004-02-29,2004,0,0.2536798644381338
NIC,2004-03-31,2004,0,0.31867869032366236
NIC,2004-04-30,2004,0,0.38018159118777406
NIC,2004-05-31,2004,0,0.44816832819983404
NIC,2004-06-30,2004,0,0.3853819443880075
NIC,2004-07-31,2004,0,0.4127748716866717
NIC,2004-08-31,2004,0,0.43942227695300395
NIC,2004-09-30,2004,0,0.5064968092232294
NIC,2004-10-31,2004,0,0.5217345068056548
NIC,2004-11-30,2004,0,0.630206846779026
NIC,2004-12-31,2004,0,0.3113966307715812
NIC,2005-01-31,2005,0,0.3047091656843968
NIC,2005-02-28,2005,0,0.2343545489268922
NIC,2005-03-31,2005,0,0.2282337974598405
NIC,2005-04-30,2005,0,0.23186070011287763
NIC,2005-05-31,2005,0,0.22640505129886584
NIC,2005-06-30,2005,0,0.22880583298865392
NIC,2005-07-31,2005,0,0.2292797545688582
NIC,2005-08-31,2005,0,0.24181673153940858
NIC,2005-09-30,2005,0,0.25427554876654107
NIC,2005-10-31,2005,0,0.23799036011514904
NIC,2005-11-30,2005,0,0.25242463036357676
NIC,2005-12-31,2005,0,0.23614584288531235
NIC,2006-01-31,2006,0,0.20974106579429994
NIC,2006-02-28,2006,0,0.20535859679649737
NIC,2006-03-31,2006,0,0.20335843235011525
NIC,2006-04-30,2006,0,0.20639454856058603
NIC,2006-05-31,2006,0,0.20352131107199672
NIC,2006-06-30,2006,0,0.2068996380907572
NIC,2006-07-31,2006,0,0.20778291467029833
NIC,2006-08-31,2006,0,0.2119151966733462
NIC,2006-09-30,2006,0,0.21910056410422638
NIC,2006-10-31,2006,0,0.21167508232270568
NIC,2006-11-30,2006,0,0.21763144813248586
NIC,2006-12-31,2006,0,0.2101108109941538
NIC,2007-01-31,2007,0,0.25220031771868645
NIC,2007-02-28,2007,0,0.23405051268406846
NIC,2007-03-31,2007,0,0.2245737952510633
NIC,2007-04-30,2007,0,0.23370392882592628
NIC,2007-05-31,2007,0,0.22558886280136306
NIC,2007-06-30,2007,0,0.23526677403614962
NIC,2007-07-31,2007,0,0.23491770890153468
NIC,2007-08-31,2007,0,0.2514304246329305
NIC,2007-09-30,2007,0,0.2793024378343769
NIC,2007-10-31,2007,0,0.25231839783595994
NIC,2007-11-30,2007,0,0.279113941245294
NIC,2007-12-31,2007,0,0.2525456236051625
NIC,2008-01-31,2008,0,0.22631790986922462
NIC,2008-02-29,2008,0,0.29137575138456817
NIC,2008-03-31,2008,0,0.2733960291058033
NIC,2008-04-30,2008,0,0.297164624281147
NIC,2008-05-31,2008,0,0.28053246800388293
NIC,2008-06-30,2008,0,0.30128436602100417
NIC,2008-07-31,2008,0,0.3004588325963315
NIC,2008-08-31,2008,0,0.29461510336847996
NIC,2008-09-30,2008,0,0.3237732522671713
NIC,2008-10-31,2008,0,0.2959068768575441
NIC,2008-11-30,2008,0,0.3273935061914179
NIC,2008-12-31,2008,0,0.29837606382217147
NIC,2009-01-31,2009,0,0.43136800509057727
NIC,2009-02-28,2009,0,0.37065471167691827
NIC,2009-03-31,2009,0,0.35975647759939894
NIC,2009-04-30,2009,0,0.3679197824638316
NIC,2009-05-31,2009,0,0.3569016968688492
NIC,2009-06-30,2009,0,0.36592581080069314
NIC,2009-07-31,2009,0,0.3666487032515106
NIC,2009-08-31,2009,0,0.38722905049893985
NIC,2009-09-30,2009,0,0.4162752833237176
NIC,2009-10-31,2009,0,0.38618052372774436
NIC,2009-11-30,2009,0,0.4154314043372987
NIC,2009-12-31,2009,0,0.385463995411113
NIC,2010-01-31,2010,0,0.4136331399739524
NIC,2010-02-28,2010,0,0.3931126664640208
NIC,2010-03-31,2010,0,0.3817829782096855
NIC,2010-04-30,2010,0,0.39233508134929074
NIC,2010-05-31,2010,0,0.38011839049935897
NIC,2010-06-30,2010,0,0.3908335911042232
NIC,2010-07-31,2010,0,0.390801352467916
NIC,2010-08-31,2010,0,0.41263551182948444
NIC,2010-09-30,2010,0,0.44456348910130755
NIC,2010-10-31,2010,0,0.4125620414990912
NIC,2010-11-30,2010,0,0.4438896610051131
NIC,2010-12-31,2010,0,0.4121593127215784
NIC,2011-01-31,2011,0,0.4821168970744094
NIC,2011-02-28,2011,0,0.46321859993968084
NIC,2011-03-31,2011,0,0.4529248029729616
NIC,2011-04-30,2011,0,0.4637839668767213
NIC,2011-05-31,2011,0,0.45337551801531784
NIC,2011-06-30,2011,0,0.4645495204962949
NIC,2011-07-31,2011,0,0.46477374768843543
NIC,2011-08-31,2011,0,0.4828473101962302
NIC,2011-09-30,2011,0,0.5111163272671739
NIC,2011-10-31,2011,0,0.4834119561541953
NIC,2011-11-30,2011,0,0.5118323823511122
NIC,2011-12-31,2011,0,0.4840979603084733
NIC,2012-01-31,2012,0,0.3676123121448065
NIC,2012-02-29,2012,0,0.40809759421556396
NIC,2012-03-31,2012,0,0.3911311496400081
NIC,2012-04-30,2012,0,0.41045880266759077
NIC,2012-05-31,2012,0,0.39403982274737687
NIC,2012-06-30,2012,0,0.41301813014331035
NIC,2012-07-31,2012,0,0.4127221099166526
NIC,2012-08-31,2012,0,0.4087056724908729
NIC,2012-09-30,2012,0,0.43537880788801187
NIC,2012-10-31,2012,0,0.40966145755779904
NIC,2012-11-30,2012,0,0.43573633922597044
NIC,2012-12-31,2012,0,0.40980062599582295
NIC,2013-01-31,2013,0,0.41581709852260434
NIC,2013-02-28,2013,0,0.3629141484625521
NIC,2013-03-31,2013,0,0.35850071181250664
NIC,2013-04-30,2013,0,0.3615065553637967
NIC,2013-05-31,2013,0,0.356852759589676
NIC,2013-06-30,2013,0,0.35960326690857963
NIC,2013-07-31,2013,0,0.36079493490500075
NIC,2013-08-31,2013,0,0.3704856399456128
NIC,2013-09-30,2013,0,0.38173413889946717
NIC,2013-10-31,2013,0,0.3683556970359404
NIC,2013-11-30,2013,0,0.3806392686501332
NIC,2013-12-31,2013,0,0.36746694290279197
NIC,2014-01-31,2014,0,0.32735566948409167
NIC,2014-02-28,2014,0,0.3188193455609087
NIC,2014-03-31,2014,0,0.314919020201259
NIC,2014-04-30,2014,0,0.3192658062092416
NIC,2014-05-31,2014,0,0.31510504117068205
NIC,2014-06-30,2014,0,0.31983391114231485
NIC,2014-07-31,2014,0,0.31981843944752675
NIC,2014-08-31,2014,0,0.3275623614301769
NIC,2014-09-30,2014,0,0.3394277387060542
NIC,2014-10-31,2014,0,0.32763206449034127
NIC,2014-11-30,2014,0,0.33891904025168984
NIC,2014-12-31,2014,0,0.3270817610609153
NIC,2015-01-31,2015,0,0.31236765345624457
NIC,2015-02-28,2015,0,0.29943294543348603
NIC,2015-03-31,2015,0,0.2911752381942955
NIC,2015-04-30,2015,0,0.298622332092117
NIC,2015-05-31,2015,0,0.2904969426159358
NIC,2015-06-30,2015,0,0.2986390116261858
NIC,2015-07-31,2015,0,0.2989242502000146
NIC,2015-08-31,2015,0,0.31295086041869463
NIC,2015-09-30,2015,0,0.33614337448394893
NIC,2015-10-31,2015,0,0.31367962509242203
NIC,2015-11-30,2015,0,0.3362687765314635
NIC,2015-12-31,2015,0,0.3136757420941985
NIC,2016-01-31,2016,0,0.2964696631578415
NIC,2016-02-29,2016,0,0.3538629246520358
NIC,2016-03-31,2016,0,0.33809322812398185
NIC,2016-04-30,2016,0,0.35792457385491677
NIC,2016-05-31,2016,0,0.3428098143172021
NIC,2016-06-30,2016,0,0.35922182950663006
NIC,2016-07-31,2016,0,0.3579849918222475
NIC,2016-08-31,2016,0,0.3551679466890717
NIC,2016-09-30,2016,0,0.38177240853781824
NIC,2016-10-31,2016,0,0.3567963576862138
NIC,2016-11-30,2016,0,0.38335376794627307
NIC,2016-12-31,2016,0,0.35851487046725444
PAK,2002-01-31,2002,0,0.22035715152981208
PAK,2002-02-28,2002,0,0.22956201255938496
PAK,2002-03-31,2002,0,0.2331562845388727
PAK,2002-04-30,2002,0,0.22950586731298286
PAK,2002-05-31,2002,0,0.21896006727532627
PAK,2002-06-30,2002,0,0.16421273960136623
PAK,2002-07-31,2002,0,0.17473737318872506
PAK,2002-08-31,2002,0,0.17853220009618587
PAK,2002-09-30,2002,0,0.18566151823503174
PAK,2002-10-31,2002,0,0.18450681067296107
PAK,2002-11-30,2002,0,0.21829212604788092
PAK,2002-12-31,2002,0,0.22157374427415402
PAK,2003-01-31,2003,0,0.203012010689054
PAK,2003-02-28,2003,0,0.2023472580547213
PAK,2003-03-31,2003,0,0.2316958442156859
PAK,2003-04-30,2003,0,0.23313406485255053
PAK,2003-05-31,2003,0,0.24042858286581084
PAK,2003-06-30,2003,0,0.3194718668625315
PAK,2003-07-31,2003,0,0.28852347479272183
PAK,2003-08-31,2003,0,0.25715964050552503
PAK,2003-09-30,2003,0,0.2669158590120517
PAK,2003-10-31,2003,0,0.24482344943233852
PAK,2003-11-30,2003,0,0.27434128104893013
PAK,2003-12-31,2003,0,0.2679458609650364
PAK,2004-01-31,2004,0,0.39121723032788164
PAK,2004-02-29,2004,0,0.39463505994611037
PAK,2004-03-31,2004,0,0.3689079623446046
PAK,2004-04-30,2004,0,0.40347545967169834
PAK,2004-05-31,2004,0,0.39513825878765396
PAK,2004-06-30,2004,0,0.4363041605926178
PAK,2004-07-31,2004,0,0.4178265677856527
PAK,2004-08-31,2004,0,0.4466824756286509
PAK,2004-09-30,2004,0,0.4238288547200673
PAK,2004-10-31,2004,0,0.4891662080021322
PAK,2004-11-30,2004,0,0.4731374980023081
PAK,2004-12-31,2004,0,0.35061584555008785
PAK,2005-01-31,2005,0,0.2978988439211679
PAK,2005-02-28,2005,0,0.2928821165887886
PAK,2005-03-31,2005,0,0.3153409270235415
PAK,2005-04-30,2005,0,0.3115946900984782
PAK,2005-05-31,2005,0,0.3119447396631095
PAK,2005-06-30,2005,0,0.37878858661276776
PAK,2005-07-31,2005,0,0.3937679860371878
PAK,2005-08-31,2005,0,0.38961903305292783
PAK,2005-09-30,2005,0,0.39402647929852624
PAK,2005-10-31,2005,0,0.3940945713955691
PAK,2005-11-30,2005,0,0.31925891031428
PAK,2005-12-31,2005,0,0.591947724464212
PAK,2006-01-31,2006,0,0.5214075462034701
PAK,2006-02-28,2006,0,0.5187931833784676
PAK,2006-03-31,2006,0,0.5173376693515507
PAK,2006-04-30,2006,0,0.5076624707270974
PAK,2006-05-31,2006,0,0.2637146855251078
PAK,2006-06-30,2006,0,0.21983679752169263
PAK,2006-07-31,2006,0,0.3249969188968955
PAK,2006-08-31,2006,0,0.2918818822245385
PAK,2006-09-30,2006,0,0.37935305787550216
PAK,2006-10-31,2006,0,0.388913415645455
PAK,2006-11-30,2006,0,0.3482087153305933
PAK,2006-12-31,2006,0,0.3107848678341601
PAK,2007-01-31,2007,0,0.20474831398678103
PAK,2007-02-28,2007,0,0.20809838229368993
PAK,2007-03-31,2007,0,0.23565135568846216
PAK,2007-04-30,2007,0,0.2477716673875509
PAK,2007-05-31,2007,0,0.2602649305880182
PAK,2007-06-30,2007,0,0.23526320236219636
PAK,2007-07-31,2007,0,0.2546977790543833
PAK,2007-08-31,2007,0,0.2976656360990806
PAK,2007-09-30,2007,0,0.28500213544969283
PAK,2007-10-31,2007,0,0.28457369608988387
PAK,2007-11-30,2007,0,0.3858650594403513
PAK,2007-12-31,2007,0,0.42373503344539387
PAK,2008-01-31,2008,0,0.5156740581683863
PAK,2008-02-29,2008,0,0.5459637608665562
PAK,2008-03-31,2008,0,0.6844494084372735
PAK,2008-04-30,2008,0,0.6069528855983009
PAK,2008-05-31,2008,0,0.6078241685156057
PAK,2008-06-30,2008,0,0.58244347941856
PAK,2008-07-31,2008,0,0.6127490896793785
PAK,2008-08-31,2008,0,0.7144384035027893
PAK,2008-09-30,2008,0,0.705886322467773
PAK,2008-10-31,2008,0,0.6888376078039424
PAK,2008-11-30,2008,0,0.3836538475283051
PAK,2008-12-31,2008,0,0.3800579318070433
PAK,2009-01-31,2009,0,0.4748884947262515
PAK,2009-02-28,2009,0,0.47264181824588936
PAK,2009-03-31,2009,0,0.4769389603115239
PAK,2009-04-30,2009,0,0.4019332498419977
PAK,2009-05-31,2009,0,0.5161767794480842
PAK,2009-06-30,2009,0,0.5098850053638023
PAK,2009-07-31,2009,0,0.5801009501924806
PAK,2009-08-31,2009,0,0.5187131096747817
PAK,2009-09-30,2009,0,0.5277381307164385
PAK,2009-10-31,2009,0,0.41744812305708845
PAK,2009-11-30,2009,0,0.6198568162006566
PAK,2009-12-31,2009,0,0.6121152451952352
PAK,2010-01-31,2010,0,0.5710399465952511
PAK,2010-02-28,2010,0,0.5866885393602516
PAK,2010-03-31,2010,0,0.4587775535145883
PAK,2010-04-30,2010,0,0.4749651553179879
PAK,2010-05-31,2010,0,0.48817782076592436
PAK,2010-06-30,2010,0,0.49832054972307754
PAK,2010-07-31,2010,0,0.45222184526570186
PAK,2010-08-31,2010,0,0.45393848047105706
PAK,2010-09-30,2010,0,0.48318283997077993
PAK,2010-10-31,2010,0,0.47002472223789504
PAK,2010-11-30,2010,0,0.4623777843304045
PAK,2010-12-31,2010,0,0.4933170784710927
PAK,2011-01-31,2011,0,0.5118851706866269
PAK,2011-02-28,2011,0,0.5199878134968134
PAK,2011-03-31,2011,0,0.4870381706063357
PAK,2011-04-30,2011,0,0.4385606424615478
PAK,2011-05-31,2011,0,0.5506534897861669
PAK,2011-06-30,2011,0,0.5571194992971357
PAK,2011-07-31,2011,0,0.5459519442671196
PAK,2011-08-31,2011,0,0.5147083567834552
PAK,2011-09-30,2011,0,0.517458247780904
PAK,2011-10-31,2011,0,0.45811835564221526
PAK,2011-11-30,2011,0,0.5123389008189241
PAK,2011-12-31,2011,0,0.5028319037489427
PAK,2012-01-31,2012,0,0.498379389691644
PAK,2012-02-29,2012,0,0.48601532060123953
PAK,2012-03-31,2012,0,0.4768985180470856
PAK,2012-04-30,2012,0,0.5102504451425398
PAK,2012-05-31,2012,0,0.5852887114643737
PAK,2012-06-30,2012,0,0.5993234916780573
PAK,2012-07-31,2012,0,0.5961324554056571
PAK,2012-08-31,2012,0,0.5826419823400415
PAK,2012-09-30,2012,0,0.5897318820790286
PAK,2012-10-31,2012,0,0.6167954496731237
PAK,2012-11-30,2012,0,0.5936919954187888
PAK,2012-12-31,2012,0,0.6229689016202199
PAK,2013-01-31,2013,0,0.6409885020503924
PAK,2013-02-28,2013,0,0.6657981333256309
PAK,2013-03-31,2013,0,0.6767689508657738
PAK,2013-04-30,2013,0,0.6373162046601236
PAK,2013-05-31,2013,0,0.518889227447378
PAK,2013-06-30,2013,0,0.5215557343625176
PAK,2013-07-31,2013,0,0.6730627959657677
PAK,2013-08-31,2013,0,0.6527198169157374
PAK,2013-09-30,2013,0,0.6504922666276566
PAK,2013-10-31,2013,0,0.6489647239418362
PAK,2013-11-30,2013,0,0.64159467767999
PAK,2013-12-31,2013,0,0.4196129757739072
PAK,2014-01-31,2014,0,0.47068716974730435
PAK,2014-02-28,2014,0,0.4542832372716877
PAK,2014-03-31,2014,0,0.2619193445753917
PAK,2014-04-30,2014,0,0.2602860875884393
PAK,2014-05-31,2014,0,0.2542485918134623
PAK,2014-06-30,2014,0,0.31514939770014105
PAK,2014-07-31,2014,0,0.301612032401544
PAK,2014-08-31,2014,0,0.3383880177708371
PAK,2014-09-30,2014,0,0.45857426257808825
PAK,2014-10-31,2014,0,0.46006160192415874
PAK,2014-11-30,2014,0,0.42022479562457626
PAK,2014-12-31,2014,0,0.3816672626474767
PAK,2015-01-31,2015,0,0.29073007086962643
PAK,2015-02-28,2015,0,0.25342930764688204
PAK,2015-03-31,2015,0,0.5110037735680285
PAK,2015-04-30,2015,0,0.5202673765449887
PAK,2015-05-31,2015,0,0.5003693096183008
PAK,2015-06-30,2015,0,0.559737482835097
PAK,2015-07-31,2015,0,0.5806203023096157
PAK,2015-08-31,2015,0,0.5586632447074081
PAK,2015-09-30,2015,0,0.5697385296608827
PAK,2015-10-31,2015,0,0.5546286220500197
PAK,2015-11-30,2015,0,0.5603114422366888
PAK,2015-12-31,2015,0,0.6148297244894644
PAK,2016-01-31,2016,0,0.6576722251037455
PAK,2016-02-29,2016,0,0.6473258822128466
PAK,2016-03-31,2016,0,0.6586817853353077
PAK,2016-04-30,2016,0,0.5898950208718529
PAK,2016-05-31,2016,0,0.5949689517876099
PAK,2016-06-30,2016,0,0.6092569753066317
PAK,2016-07-31,2016,0,0.6098007475979582
PAK,2016-08-31,2016,0,0.5267006290490053
PAK,2016-09-30,2016,0,0.5708959244058853
PAK,2016-10-31,2016,0,0.2997449418148403
PAK,2016-11-30,2016,0,0.30242754443987174
PAK,2016-12-31,2016,0,0.4121737079050431
PER,2002-01-31,2002,0,0.24115526435464407
PER,2002-02-28,2002,0,0.24279842081480318
PER,2002-03-31,2002,0,0.2641150702667164
PER,2002-04-30,2002,0,0.2675731295371248
PER,2002-05-31,2002,0,0.23844767788635898
PER,2002-06-30,2002,0,0.33068442322576913
PER,2002-07-31,2002,0,0.31674858653812304
PER,2002-08-31,2002,0,0.3011073170512858
PER,2002-09-30,2002,0,0.2753571246599421
PER,2002-10-31,2002,0,0.24553334793043935
PER,2002-11-30,2002,0,0.2160839181293934
PER,2002-12-31,2002,0,0.22303452074389615
PER,2003-01-31,2003,0,0.38303671465362116
PER,2003-02-28,2003,0,0.3699203309588943
PER,2003-03-31,2003,0,0.3269783693721565
PER,2003-04-30,2003,0,0.30419574436337615
PER,2003-05-31,2003,0,0.47813569685045154
PER,2003-06-30,2003,0,0.5134858023542815
PER,2003-07-31,2003,0,0.5131981531793827
PER,2003-08-31,2003,0,0.4126148814411029
PER,2003-09-30,2003,0,0.38179400937154456
PER,2003-10-31,2003,0,0.34626443595675127
PER,2003-11-30,2003,0,0.4849015259540237
PER,2003-12-31,2003,0,0.5285977633856317
PER,2004-01-31,2004,0,0.4890167050885273
PER,2004-02-29,2004,0,0.44857035961139624
PER,2004-03-31,2004,0,0.4654794781403908
PER,2004-04-30,2004,0,0.41209212742471496
PER,2004-05-31,2004,0,0.42740777858850637
PER,2004-06-30,2004,0,0.43212889359674306
PER,2004-07-31,2004,0,0.340335895117403
PER,2004-08-31,2004,0,0.3027757413783644
PER,2004-09-30,2004,0,0.31812426641472064
PER,2004-10-31,2004,0,0.3134818915044518
PER,2004-11-30,2004,0,0.3195728625981833
PER,2004-12-31,2004,0,0.3234386112713245
PER,2005-01-31,2005,0,0.3133160401188541
PER,2005-02-28,2005,0,0.38117409650449147
PER,2005-03-31,2005,0,0.3769772045721937
PER,2005-04-30,2005,0,0.3066245223553392
PER,2005-05-31,2005,0,0.2804346728876738
PER,2005-06-30,2005,0,0.2695106056906262
PER,2005-07-31,2005,0,0.27014796607122293
PER,2005-08-31,2005,0,0.6239600114991827
PER,2005-09-30,2005,0,0.6265822408472199
PER,2005-10-31,2005,0,0.5739126787405446
PER,2005-11-30,2005,0,0.5340005448682541
PER,2005-12-31,2005,0,0.5310918743807931
PER,2006-01-31,2006,0,0.17804512460404476
PER,2006-02-28,2006,0,0.18655223313588082
PER,2006-03-31,2006,0,0.2148502016286907
PER,2006-04-30,2006,0,0.23635076897560867
PER,2006-05-31,2006,0,0.24220875732430472
PER,2006-06-30,2006,0,0.24845216216623722
PER,2006-07-31,2006,0,0.2932884579954375
PER,2006-08-31,2006,0,0.3023221988332716
PER,2006-09-30,2006,0,0.28008770277556677
PER,2006-10-31,2006,0,0.29843118464170615
PER,2006-11-30,2006,0,0.29782905415922495
PER,2006-12-31,2006,0,0.3083922946239338
PER,2007-01-31,2007,0,0.4554229236653104
PER,2007-02-28,2007,0,0.45712749696969585
PER,2007-03-31,2007,0,0.3228825505194687
PER,2007-04-30,2007,0,0.3320174483914164
PER,2007-05-31,2007,0,0.30444122314621114
PER,2007-06-30,2007,0,0.33544194865693716
PER,2007-07-31,2007,0,0.3467185267511386
PER,2007-08-31,2007,0,0.31320253888465105
PER,2007-09-30,2007,0,0.14640086521420587
PER,2007-10-31,2007,0,0.16479003763676925
PER,2007-11-30,2007,0,0.1648353050331021
PER,2007-12-31,2007,0,0.16378590301173032
PER,2008-01-31,2008,0,0.13316825245760763
PER,2008-02-29,2008,0,0.14988517283024325
PER,2008-03-31,2008,0,0.08628156752719032
PER,2008-04-30,2008,0,0.1372880669793866
PER,2008-05-31,2008,0,0.15711574477516985
PER,2008-06-30,2008,0,0.2768114680883934
PER,2008-07-31,2008,0,0.1841588975365496
PER,2008-08-31,2008,0,0.24811129986680966
PER,2008-09-30,2008,0,0.23997085340126087
PER,2008-10-31,2008,0,0.29264086015477925
PER,2008-11-30,2008,0,0.26298518925316455
PER,2008-12-31,2008,0,0.2508454909599725
PER,2009-01-31,2009,0,0.4724367666222205
PER,2009-02-28,2009,0,0.4769454832619525
PER,2009-03-31,2009,0,0.36003721412527045
PER,2009-04-30,2009,0,0.2519432176306636
PER,2009-05-31,2009,0,0.26037526527226085
PER,2009-06-30,2009,0,0.25838176664041046
PER,2009-07-31,2009,0,0.29337173140865647
PER,2009-08-31,2009,0,0.2402545939995835
PER,2009-09-30,2009,0,0.23273265768987725
PER,2009-10-31,2009,0,0.27861742756133623
PER,2009-11-30,2009,0,0.28856088819122727
PER,2009-12-31,2009,0,0.29605435569921884
PER,2010-01-31,2010,0,0.3070867738077193
PER,2010-02-28,2010,0,0.2727865221775687
PER,2010-03-31,2010,0,0.2866848761434351
PER,2010-04-30,2010,0,0.3589107309976563
PER,2010-05-31,2010,0,0.33935470892891856
PER,2010-06-30,2010,0,0.34674803220231687
PER,2010-07-31,2010,0,0.37127031236358343
PER,2010-08-31,2010,0,0.34315673193025875
PER,2010-09-30,2010,0,0.3953068911269249
PER,2010-10-31,2010,0,0.3914703118041557
PER,2010-11-30,2010,0,0.474415584991311
PER,2010-12-31,2010,0,0.47295055535026165
PER,2011-01-31,2011,0,0.5526496856428511
PER,2011-02-28,2011,0,0.537378464519293
PER,2011-03-31,2011,0,0.5331002165222282
PER,2011-04-30,2011,0,0.5431468119448001
PER,2011-05-31,2011,0,0.4818971172257869
PER,2011-06-30,2011,0,0.4753217285309523
PER,2011-07-31,2011,0,0.4699116300222171
PER,2011-08-31,2011,0,0.48642293020245897
PER,2011-09-30,2011,0,0.5254753078909187
PER,2011-10-31,2011,0,0.4712527257678777
PER,2011-11-30,2011,0,0.4783237561190764
PER,2011-12-31,2011,0,0.4637032101923491
PER,2012-01-31,2012,0,0.38286253145933935
PER,2012-02-29,2012,0,0.38656568892067816
PER,2012-03-31,2012,0,0.3285288564432943
PER,2012-04-30,2012,0,0.36386784857410936
PER,2012-05-31,2012,0,0.5183842662343093
PER,2012-06-30,2012,0,0.48693260737631927
PER,2012-07-31,2012,0,0.46785547583781206
PER,2012-08-31,2012,0,0.4622996229521457
PER,2012-09-30,2012,0,0.4865854932194947
PER,2012-10-31,2012,0,0.5412081900579435
PER,2012-11-30,2012,0,0.4739994381723599
PER,2012-12-31,2012,0,0.46809741422471607
PER,2013-01-31,2013,0,0.5352073631937736
PER,2013-02-28,2013,0,0.5228599069561227
PER,2013-03-31,2013,0,0.5235223692359255
PER,2013-04-30,2013,0,0.5220288599434838
PER,2013-05-31,2013,0,0.5638734758796123
PER,2013-06-30,2013,0,0.5957389667617449
PER,2013-07-31,2013,0,0.595700440558666
PER,2013-08-31,2013,0,0.5879755773007286
PER,2013-09-30,2013,0,0.5472597583068414
PER,2013-10-31,2013,0,0.536954552267272
PER,2013-11-30,2013,0,0.5139857540133849
PER,2013-12-31,2013,0,0.529172369975016
PER,2014-01-31,2014,0,0.5609951957548307
PER,2014-02-28,2014,0,0.5417173568529783
PER,2014-03-31,2014,0,0.5482190060469966
PER,2014-04-30,2014,0,0.5685753620935579
PER,2014-05-31,2014,0,0.5324890914997891
PER,2014-06-30,2014,0,0.5133499484922219
PER,2014-07-31,2014,0,0.4993489972035259
PER,2014-08-31,2014,0,0.5783457666741668
PER,2014-09-30,2014,0,0.5794073388819665
PER,2014-10-31,2014,0,0.5710471694132185
PER,2014-11-30,2014,0,0.5770889925213236
PER,2014-12-31,2014,0,0.5844927062231785
PER,2015-01-31,2015,0,0.5845874896130663
PER,2015-02-28,2015,0,0.6010762759862517
PER,2015-03-31,2015,0,0.5987519446771519
PER,2015-04-30,2015,0,0.5868908231716236
PER,2015-05-31,2015,0,0.5870996256469246
PER,2015-06-30,2015,0,0.61490585156087
PER,2015-07-31,2015,0,0.569921577036797
PER,2015-08-31,2015,0,0.5907666236025245
PER,2015-09-30,2015,0,0.54998233271557
PER,2015-10-31,2015,0,0.566498774738217
PER,2015-11-30,2015,0,0.5850225022762142
PER,2015-12-31,2015,0,0.6030740605433639
PER,2016-01-31,2016,0,0.5556685456259715
PER,2016-02-29,2016,0,0.5427608874592561
PER,2016-03-31,2016,0,0.20493848051651595
PER,2016-04-30,2016,0,0.21742994051286652
PER,2016-05-31,2016,0,0.2353092029025359
PER,2016-06-30,2016,0,0.2699745743516341
PER,2016-07-31,2016,0,0.28103718094133867
PER,2016-08-31,2016,0,0.27532446268246263
PER,2016-09-30,2016,0,0.3340431140560821
PER,2016-10-31,2016,0,0.33781239611528635
PER,2016-11-30,2016,0,0.3139812097866785
PER,2016-12-31,2016,0,0.3368961669604711
PHL,2002-01-31,2002,0,0.14081013790204272
PHL,2002-02-28,2002,0,0.16801206469169538
PHL,2002-03-31,2002,0,0.19043672646147275
PHL,2002-04-30,2002,0,0.17750459742685287
PHL,2002-05-31,2002,0,0.18126586215339693
PHL,2002-06-30,2002,0,0.1570451545826145
PHL,2002-07-31,2002,0,0.15448217425696095
PHL,2002-08-31,2002,0,0.19978769955536302
PHL,2002-09-30,2002,0,0.179954289405491
PHL,2002-10-31,2002,0,0.155328513200663
PHL,2002-11-30,2002,0,0.2553528817142362
PHL,2002-12-31,2002,0,0.15057466899314345
PHL,2003-01-31,2003,0,0.2698194255090036
PHL,2003-02-28,2003,0,0.25905055914454406
PHL,2003-03-31,2003,0,0.2972569755499722
PHL,2003-04-30,2003,0,0.32488161430274626
PHL,2003-05-31,2003,0,0.35911323241405474
PHL,2003-06-30,2003,0,0.39615918288806934
PHL,2003-07-31,2003,0,0.40354906292305714
PHL,2003-08-31,2003,0,0.4192145159307638
PHL,2003-09-30,2003,0,0.4329220002395937
PHL,2003-10-31,2003,0,0.44234265327684735
PHL,2003-11-30,2003,0,0.46735442944375155
PHL,2003-12-31,2003,0,0.4434838421152095
PHL,2004-01-31,2004,0,0.43414951358237075
PHL,2004-02-29,2004,0,0.45156808262403547
PHL,2004-03-31,2004,0,0.4608819459770359
PHL,2004-04-30,2004,0,0.4636826565943471
PHL,2004-05-31,2004,0,0.493627345033557
PHL,2004-06-30,2004,0,0.42085023073394573
PHL,2004-07-31,2004,0,0.38204228411726476
PHL,2004-08-31,2004,0,0.3892741651096348
PHL,2004-09-30,2004,0,0.36850573537284775
PHL,2004-10-31,2004,0,0.4198912055645931
PHL,2004-11-30,2004,0,0.4251472978610687
PHL,2004-12-31,2004,0,0.4011885805260135
PHL,2005-01-31,2005,0,0.16304210387382537
PHL,2005-02-28,2005,0,0.18485782160085434
PHL,2005-03-31,2005,0,0.18536294707508313
PHL,2005-04-30,2005,0,0.1901684689285684
PHL,2005-05-31,2005,0,0.19341584155247693
PHL,2005-06-30,2005,0,0.4833984733230103
PHL,2005-07-31,2005,0,0.4990062192904443
PHL,2005-08-31,2005,0,0.5128952756447617
PHL,2005-09-30,2005,0,0.5143446997104032
PHL,2005-10-31,2005,0,0.44932856294284645
PHL,2005-11-30,2005,0,0.4169982020808563
PHL,2005-12-31,2005,0,0.39644292650934454
PHL,2006-01-31,2006,0,0.36022224996991187
PHL,2006-02-28,2006,0,0.36211124521209964
PHL,2006-03-31,2006,0,0.3831866767184755
PHL,2006-04-30,2006,0,0.36207569384766003
PHL,2006-05-31,2006,0,0.35409268231378216
PHL,2006-06-30,2006,0,0.34632401927746437
PHL,2006-07-31,2006,0,0.2414711446776195
PHL,2006-08-31,2006,0,0.25190486680328716
PHL,2006-09-30,2006,0,0.2588321840432434
PHL,2006-10-31,2006,0,0.26332312082883524
PHL,2006-11-30,2006,0,0.24476416149769606
PHL,2006-12-31,2006,0,0.2212397895522048
PHL,2007-01-31,2007,0,0.3492878515685318
PHL,2007-02-28,2007,0,0.34641411566068087
PHL,2007-03-31,2007,0,0.3158940360025752
PHL,2007-04-30,2007,0,0.326038539281224
PHL,2007-05-31,2007,0,0.30057410117148786
PHL,2007-06-30,2007,0,0.2256127870532279
PHL,2007-07-31,2007,0,0.2979426306076017
PHL,2007-08-31,2007,0,0.4636281990459908
PHL,2007-09-30,2007,0,0.34689796351643243
PHL,2007-10-31,2007,0,0.3470196742310422
PHL,2007-11-30,2007,0,0.3559920909125211
PHL,2007-12-31,2007,0,0.35976580634144784
PHL,2008-01-31,2008,0,0.345352057764946
PHL,2008-02-29,2008,0,0.310260283491138
PHL,2008-03-31,2008,0,0.42567872001945506
PHL,2008-04-30,2008,0,0.40766909968248755
PHL,2008-05-31,2008,0,0.45386973159558097
PHL,2008-06-30,2008,0,0.4646801812966525
PHL,2008-07-31,2008,0,0.447835420429046
PHL,2008-08-31,2008,0,0.46742197320082146
PHL,2008-09-30,2008,0,0.45493167606995305
PHL,2008-10-31,2008,0,0.580162548744248
PHL,2008-11-30,2008,0,0.5509803733350446
PHL,2008-12-31,2008,0,0.48698211467242086
PHL,2009-01-31,2009,0,0.48977104236104885
PHL,2009-02-28,2009,0,0.5029199857125244
PHL,2009-03-31,2009,0,0.5297072113268203
PHL,2009-04-30,2009,0,0.45768619624155304
PHL,2009-05-31,2009,0,0.4266095474823594
PHL,2009-06-30,2009,0,0.4468856938111754
PHL,2009-07-31,2009,0,0.4379012663563339
PHL,2009-08-31,2009,0,0.4728578079189493
PHL,2009-09-30,2009,0,0.3970581808062376
PHL,2009-10-31,2009,0,0.32834909252786776
PHL,2009-11-30,2009,0,0.31798392003014714
PHL,2009-12-31,2009,0,0.33432261905495525
PHL,2010-01-31,2010,0,0.3592819838331985
PHL,2010-02-28,2010,0,0.36062363060924607
PHL,2010-03-31,2010,0,0.39156644178074235
PHL,2010-04-30,2010,0,0.38934938703974775
PHL,2010-05-31,2010,0,0.4632185698855469
PHL,2010-06-30,2010,0,0.46512802808780335
PHL,2010-07-31,2010,0,0.478053615345596
PHL,2010-08-31,2010,0,0.46934031293612655
PHL,2010-09-30,2010,0,0.43222346939477096
PHL,2010-10-31,2010,0,0.44865149377508057
PHL,2010-11-30,2010,0,0.4415333877496044
PHL,2010-12-31,2010,0,0.4549318347920448
PHL,2011-01-31,2011,0,0.5155006584377579
PHL,2011-02-28,2011,0,0.5000991469108746
PHL,2011-03-31,2011,0,0.5406029859714657
PHL,2011-04-30,2011,0,0.5590378563252817
PHL,2011-05-31,2011,0,0.5174865592919565
PHL,2011-06-30,2011,0,0.5063035920205481
PHL,2011-07-31,2011,0,0.40426268310881
PHL,2011-08-31,2011,0,0.4081925170499404
PHL,2011-09-30,2011,0,0.4767392719042427
PHL,2011-10-31,2011,0,0.48406304863713656
PHL,2011-11-30,2011,0,0.4926277795100102
PHL,2011-12-31,2011,0,0.4746003911791002
PHL,2012-01-31,2012,0,0.3613119163599628
PHL,2012-02-29,2012,0,0.35520605233866803
PHL,2012-03-31,2012,0,0.3338836664558475
PHL,2012-04-30,2012,0,0.3412136891382249
PHL,2012-05-31,2012,0,0.36857251894726406
PHL,2012-06-30,2012,0,0.3259732798795086
PHL,2012-07-31,2012,0,0.3502859565260921
PHL,2012-08-31,2012,0,0.34435366259618955
PHL,2012-09-30,2012,0,0.3570305459411557
PHL,2012-10-31,2012,0,0.35203825489884116
PHL,2012-11-30,2012,0,0.33662420815885186
PHL,2012-12-31,2012,0,0.37394473465992106
PHL,2013-01-31,2013,0,0.45095117590338457
PHL,2013-02-28,2013,0,0.4520815853825654
PHL,2013-03-31,2013,0,0.4450437179433524
PHL,2013-04-30,2013,0,0.45007362905799136
PHL,2013-05-31,2013,0,0.5152091914975668
PHL,2013-06-30,2013,0,0.5534368925442951
PHL,2013-07-31,2013,0,0.5768124663656498
PHL,2013-08-31,2013,0,0.5806512360567769
PHL,2013-09-30,2013,0,0.4494377966021609
PHL,2013-10-31,2013,0,0.4447556509771136
PHL,2013-11-30,2013,0,0.42167012866828557
PHL,2013-12-31,2013,0,0.44750542222455847
PHL,2014-01-31,2014,0,0.4646363932817314
PHL,2014-02-28,2014,0,0.4318165686847981
PHL,2014-03-31,2014,0,0.45986953227577987
PHL,2014-04-30,2014,0,0.4485255841697575
PHL,2014-05-31,2014,0,0.4446236663143561
PHL,2014-06-30,2014,0,0.4471444856341926
PHL,2014-07-31,2014,0,0.45444213661416877
PHL,2014-08-31,2014,0,0.4342952913552412
PHL,2014-09-30,2014,0,0.5383657048584339
PHL,2014-10-31,2014,0,0.552011085488322
PHL,2014-11-30,2014,0,0.5755967151760172
PHL,2014-12-31,2014,0,0.5801678080885924
PHL,2015-01-31,2015,0,0.6311222001566692
PHL,2015-02-28,2015,0,0.6361067013428321
PHL,2015-03-31,2015,0,0.6041347229047211
PHL,2015-04-30,2015,0,0.5937204681911902
PHL,2015-05-31,2015,0,0.5785851694122798
PHL,2015-06-30,2015,0,0.5448169596686643
PHL,2015-07-31,2015,0,0.5376865876005672
PHL,2015-08-31,2015,0,0.5399967509978191
PHL,2015-09-30,2015,0,0.5264327103291508
PHL,2015-10-31,2015,0,0.5709294253056303
PHL,2015-11-30,2015,0,0.565152323376198
PHL,2015-12-31,2015,0,0.569915392390329
PHL,2016-01-31,2016,0,0.5867043651409056
PHL,2016-02-29,2016,0,0.5487709898592613
PHL,2016-03-31,2016,0,0.3559533500280063
PHL,2016-04-30,2016,0,0.33587397478457365
PHL,2016-05-31,2016,0,0.3503838923222314
PHL,2016-06-30,2016,0,0.3736765739423649
PHL,2016-07-31,2016,0,0.3681083396067421
PHL,2016-08-31,2016,0,0.3402984512421813
PHL,2016-09-30,2016,0,0.5742326941508931
PHL,2016-10-31,2016,0,0.5740508886926315
PHL,2016-11-30,2016,0,0.575946746629227
PHL,2016-12-31,2016,0,0.5625588057436085
PRY,2002-01-31,2002,0,0.5370822625079896
PRY,2002-02-28,2002,0,0.5507280091716645
PRY,2002-03-31,2002,0,0.5434553276101753
PRY,2002-04-30,2002,0,0.5649830008062343
PRY,2002-05-31,2002,0,0.6601294643898081
PRY,2002-06-30,2002,0,0.8806206728151353
PRY,2002-07-31,2002,0,0.8847283327392792
PRY,2002-08-31,2002,0,0.8782005418203316
PRY,2002-09-30,2002,0,0.5087121658130181
PRY,2002-10-31,2002,0,0.4968676901606513
PRY,2002-11-30,2002,0,0.49155647662660307
PRY,2002-12-31,2002,0,0.01300222564323341
PRY,2003-01-31,2003,0,0.021249135760401616
PRY,2003-02-28,2003,0,0.019380955169574807
PRY,2003-03-31,2003,0,0.020266417438973325
PRY,2003-04-30,2003,0,0.023036191270789187
PRY,2003-05-31,2003,0,0.006401588949612729
PRY,2003-06-30,2003,0,0.3695970861737475
PRY,2003-07-31,2003,0,0.3765228932573394
PRY,2003-08-31,2003,0,0.4957043401786864
PRY,2003-09-30,2003,0,0.48899984417806125
PRY,2003-10-31,2003,0,0.4845782965029181
PRY,2003-11-30,2003,0,0.4794849433155444
PRY,2003-12-31,2003,0,0.4474357668238149
PRY,2004-01-31,2004,0,0.32529928271485725
PRY,2004-02-29,2004,0,0.29474336458864786
PRY,2004-03-31,2004,0,0.30594019982802484
PRY,2004-04-30,2004,0,0.311486580154416
PRY,2004-05-31,2004,0,0.4746063202245712
PRY,2004-06-30,2004,0,0.46960255664771844
PRY,2004-07-31,2004,0,0.4868270811329851
PRY,2004-08-31,2004,0,0.5029802952097995
PRY,2004-09-30,2004,0,0.511243787683903
PRY,2004-10-31,2004,0,0.5213570880427073
PRY,2004-11-30,2004,0,0.45987321773354206
PRY,2004-12-31,2004,0,0.5024379026051559
PRY,2005-01-31,2005,0,0.3965680518367778
PRY,2005-02-28,2005,0,0.3774698412756929
PRY,2005-03-31,2005,0,0.37797418339179034
PRY,2005-04-30,2005,0,0.4332967267353206
PRY,2005-05-31,2005,0,0.36166051158872603
PRY,2005-06-30,2005,0,0.2723506309981208
PRY,2005-07-31,2005,0,0.28361324294893503
PRY,2005-08-31,2005,0,0.28841467658081776
PRY,2005-09-30,2005,0,0.3017336212437623
PRY,2005-10-31,2005,0,0.3030450290383774
PRY,2005-11-30,2005,0,0.3046368447303911
PRY,2005-12-31,2005,0,0.3199383766679826
PRY,2006-01-31,2006,0,0.3816301006267482
PRY,2006-02-28,2006,0,0.30351451947484
PRY,2006-03-31,2006,0,0.3254530006813142
PRY,2006-04-30,2006,0,0.27701405117711747
PRY,2006-05-31,2006,0,0.2840072038615041
PRY,2006-06-30,2006,0,0.23880657869420197
PRY,2006-07-31,2006,0,0.24775951277535702
PRY,2006-08-31,2006,0,0.230243881331848
PRY,2006-09-30,2006,0,0.2437514003995895
PRY,2006-10-31,2006,0,0.25773477229671277
PRY,2006-11-30,2006,0,0.26457622634521866
PRY,2006-12-31,2006,0,0.23578833941054733
PRY,2007-01-31,2007,0,0.27197791770667934
PRY,2007-02-28,2007,0,0.2557044378278243
PRY,2007-03-31,2007,0,0.2857634052328846
PRY,2007-04-30,2007,0,0.28060123555195005
PRY,2007-05-31,2007,0,0.29279042796038185
PRY,2007-06-30,2007,0,0.36383915504823683
PRY,2007-07-31,2007,0,0.35617394542100045
PRY,2007-08-31,2007,0,0.34254075019506813
PRY,2007-09-30,2007,0,0.3679436820700804
PRY,2007-10-31,2007,0,0.28241568539371104
PRY,2007-11-30,2007,0,0.3008290235013246
PRY,2007-12-31,2007,0,0.3645704196151531
PRY,2008-01-31,2008,0,0.21730763470187525
PRY,2008-02-29,2008,0,0.2278549722291304
PRY,2008-03-31,2008,0,0.1665374922252612
PRY,2008-04-30,2008,0,0.11795905584326291
PRY,2008-05-31,2008,0,0.12383855811283022
PRY,2008-06-30,2008,0,0.1083679131391824
PRY,2008-07-31,2008,0,0.1373435766689323
PRY,2008-08-31,2008,0,0.14067573774584552
PRY,2008-09-30,2008,0,0.1506907382827154
PRY,2008-10-31,2008,0,0.6441122663594364
PRY,2008-11-30,2008,0,0.6657390830504863
PRY,2008-12-31,2008,0,0.707124072450044
PRY,2009-01-31,2009,0,0.5731923386054086
PRY,2009-02-28,2009,0,0.5898480819864672
PRY,2009-03-31,2009,0,0.5873644219600264
PRY,2009-04-30,2009,0,0.00543667919533731
PRY,2009-05-31,2009,0,0.004572307173118989
PRY,2009-06-30,2009,0,0.005261423327499749
PRY,2009-07-31,2009,0,0.005668091265999427
PRY,2009-08-31,2009,0,0.0037078055509006252
PRY,2009-09-30,2009,0,0.0032822946880861456
PRY,2009-10-31,2009,0,0.387675192320153
PRY,2009-11-30,2009,0,0.35512495544822964
PRY,2009-12-31,2009,0,0.23722591310629387
PRY,2010-01-31,2010,0,0.3201145007142275
PRY,2010-02-28,2010,0,0.3248947288252255
PRY,2010-03-31,2010,0,0.3419797151293625
PRY,2010-04-30,2010,0,0.3274060481218383
PRY,2010-05-31,2010,0,0.3262398200637682
PRY,2010-06-30,2010,0,0.42178345251628857
PRY,2010-07-31,2010,0,0.34806895477929145
PRY,2010-08-31,2010,0,0.3458118147920692
PRY,2010-09-30,2010,0,0.3938396144906817
PRY,2010-10-31,2010,0,0.41158656802130583
PRY,2010-11-30,2010,0,0.19345318162687553
PRY,2010-12-31,2010,0,0.19264827251297964
PRY,2011-01-31,2011,0,0.3720670031773192
PRY,2011-02-28,2011,0,0.4014294463663869
PRY,2011-03-31,2011,0,0.16285962033070822
PRY,2011-04-30,2011,0,0.1492470534628568
PRY,2011-05-31,2011,0,0.1833208232288956
PRY,2011-06-30,2011,0,0.2382324350283097
PRY,2011-07-31,2011,0,0.1965218165816895
PRY,2011-08-31,2011,0,0.2329233037273401
PRY,2011-09-30,2011,0,0.452833641880258
PRY,2011-10-31,2011,0,0.5059848571479558
PRY,2011-11-30,2011,0,0.585856388642472
PRY,2011-12-31,2011,0,0.5523202995825125
PRY,2012-01-31,2012,0,0.44938055131623106
PRY,2012-02-29,2012,0,0.16898675891684958
PRY,2012-03-31,2012,0,0.1880448127553166
PRY,2012-04-30,2012,0,0.17330401910277202
PRY,2012-05-31,2012,0,0.23682018208639863
PRY,2012-06-30,2012,0,0.2270651737448667
PRY,2012-07-31,2012,0,0.18423656151473086
PRY,2012-08-31,2012,0,0.2862475306620123
PRY,2012-09-30,2012,0,0.2679267500958694
PRY,2012-10-31,2012,0,0.28872730891267756
PRY,2012-11-30,2012,0,0.2019032158807504
PRY,2012-12-31,2012,0,0.16378739923246027
PRY,2013-01-31,2013,0,0.19518918434548846
PRY,2013-02-28,2013,0,0.2783038122719882
PRY,2013-03-31,2013,0,0.295977718658771
PRY,2013-04-30,2013,0,0.31989936382066064
PRY,2013-05-31,2013,0,0.3797853123816552
PRY,2013-06-30,2013,0,0.46401409996671916
PRY,2013-07-31,2013,0,0.4474188421271661
PRY,2013-08-31,2013,0,0.46492617001128317
PRY,2013-09-30,2013,0,0.43929070636596634
PRY,2013-10-31,2013,0,0.44106029267280916
PRY,2013-11-30,2013,0,0.42747712116104736
PRY,2013-12-31,2013,0,0.4664309178582011
PRY,2014-01-31,2014,0,0.5331087746219155
PRY,2014-02-28,2014,0,0.34467798815597017
PRY,2014-03-31,2014,0,0.33491409655564247
PRY,2014-04-30,2014,0,0.3336550576985153
PRY,2014-05-31,2014,0,0.37194368612270345
PRY,2014-06-30,2014,0,0.31034443029510106
PRY,2014-07-31,2014,0,0.2803136194571957
PRY,2014-08-31,2014,0,0.3284956084848263
PRY,2014-09-30,2014,0,0.43355519142108473
PRY,2014-10-31,2014,0,0.46895346277438155
PRY,2014-11-30,2014,0,0.48016381482620807
PRY,2014-12-31,2014,0,0.46288949952398517
PRY,2015-01-31,2015,0,0.49910810301297914
PRY,2015-02-28,2015,0,0.5659091568397824
PRY,2015-03-31,2015,0,0.5402530868155985
PRY,2015-04-30,2015,0,0.5396438803304718
PRY,2015-05-31,2015,0,0.5550034085447839
PRY,2015-06-30,2015,0,0.5511308896419246
PRY,2015-07-31,2015,0,0.5465385560456879
PRY,2015-08-31,2015,0,0.5895989169643071
PRY,2015-09-30,2015,0,0.5967977244131734
PRY,2015-10-31,2015,0,0.5993749160559414
PRY,2015-11-30,2015,0,0.585647904735485
PRY,2015-12-31,2015,0,0.5702373324489072
PRY,2016-01-31,2016,0,0.5744468809435544
PRY,2016-02-29,2016,0,0.40468561408230014
PRY,2016-03-31,2016,0,0.3647177468310904
PRY,2016-04-30,2016,0,0.36682828681065155
PRY,2016-05-31,2016,0,0.3928262080227251
PRY,2016-06-30,2016,0,0.39219822699207946
PRY,2016-07-31,2016,0,0.3949182618025044
PRY,2016-08-31,2016,0,0.4379804232307524
PRY,2016-09-30,2016,0,0.4049380569153339
PRY,2016-10-31,2016,0,0.42486406641252317
PRY,2016-11-30,2016,0,0.4306444055497643
PRY,2016-12-31,2016,0,0.45617886076279646
ROU,2002-01-31,2002,0,0.16398182163309513
ROU,2002-02-28,2002,0,0.17478141920497497
ROU,2002-03-31,2002,0,0.2107341660509471
ROU,2002-04-30,2002,0,0.1849229534461236
ROU,2002-05-31,2002,0,0.22111989055751652
ROU,2002-06-30,2002,0,0.22040834117792216
ROU,2002-07-31,2002,0,0.17222970722804698
ROU,2002-08-31,2002,0,0.17490763766749148
ROU,2002-09-30,2002,0,0.2067636498594885
ROU,2002-10-31,2002,0,0.20377526532479776
ROU,2002-11-30,2002,0,0.2111514759586711
ROU,2002-12-31,2002,0,0.21672658521994395
ROU,2003-01-31,2003,0,0.2744723011085214
ROU,2003-02-28,2003,0,0.31572731532565335
ROU,2003-03-31,2003,0,0.308394641415063
ROU,2003-04-30,2003,0,0.2015497730963649
ROU,2003-05-31,2003,0,0.13941916165950866
ROU,2003-06-30,2003,0,0.2523800793797141
ROU,2003-07-31,2003,0,0.2348195845366382
ROU,2003-08-31,2003,0,0.355675857492135
ROU,2003-09-30,2003,0,0.279537562844446
ROU,2003-10-31,2003,0,0.28946346695186276
ROU,2003-11-30,2003,0,0.2816325134922226
ROU,2003-12-31,2003,0,0.30396128640165065
ROU,2004-01-31,2004,0,0.37480856197671814
ROU,2004-02-29,2004,0,0.37780450284221734
ROU,2004-03-31,2004,0,0.42254502216121026
ROU,2004-04-30,2004,0,0.4209260117886674
ROU,2004-05-31,2004,0,0.41439699878499
ROU,2004-06-30,2004,0,0.45142310061557933
ROU,2004-07-31,2004,0,0.4252379641465102
ROU,2004-08-31,2004,0,0.4266636526026764
ROU,2004-09-30,2004,0,0.4197633686544734
ROU,2004-10-31,2004,0,0.33399012434335357
ROU,2004-11-30,2004,0,0.12940008976720907
ROU,2004-12-31,2004,0,0.1357538122004928
ROU,2005-01-31,2005,0,0.1496187405048792
ROU,2005-02-28,2005,0,0.17556613147334607
ROU,2005-03-31,2005,0,0.2056546793249475
ROU,2005-04-30,2005,0,0.2007557965089584
ROU,2005-05-31,2005,0,0.3539338272901712
ROU,2005-06-30,2005,0,0.3448430125178061
ROU,2005-07-31,2005,0,0.3405490424505504
ROU,2005-08-31,2005,0,0.35761275906674694
ROU,2005-09-30,2005,0,0.3605935597157786
ROU,2005-10-31,2005,0,0.36362112949116293
ROU,2005-11-30,2005,0,0.4579589431494409
ROU,2005-12-31,2005,0,0.439678583766625
ROU,2006-01-31,2006,0,0.200531512622895
ROU,2006-02-28,2006,0,0.21268758241407063
ROU,2006-03-31,2006,0,0.21832389637593005
ROU,2006-04-30,2006,0,0.16066278286468336
ROU,2006-05-31,2006,0,0.15050174805624073
ROU,2006-06-30,2006,0,0.16332700434414568
ROU,2006-07-31,2006,0,0.17471939256896932
ROU,2006-08-31,2006,0,0.17209384257077381
ROU,2006-09-30,2006,0,0.1729029991978195
ROU,2006-10-31,2006,0,0.2018482627124213
ROU,2006-11-30,2006,0,0.11270076061016361
ROU,2006-12-31,2006,0,0.11113820841784611
ROU,2007-01-31,2007,0,0.18576961024363725
ROU,2007-02-28,2007,0,0.19635997662091753
ROU,2007-03-31,2007,0,0.19950441793048285
ROU,2007-04-30,2007,0,0.19912327237035363
ROU,2007-05-31,2007,0,0.2630572341358109
ROU,2007-06-30,2007,0,0.21823409773347968
ROU,2007-07-31,2007,0,0.19159446319060686
ROU,2007-08-31,2007,0,0.2776908974897854
ROU,2007-09-30,2007,0,0.29297700206364696
ROU,2007-10-31,2007,0,0.2958725401714229
ROU,2007-11-30,2007,0,0.3393789445091427
ROU,2007-12-31,2007,0,0.38713896178501783
ROU,2008-01-31,2008,0,0.3494357641320553
ROU,2008-02-29,2008,0,0.30232063034339657
ROU,2008-03-31,2008,0,0.23089373125683074
ROU,2008-04-30,2008,0,0.23400193447069773
ROU,2008-05-31,2008,0,0.23304418539809704
ROU,2008-06-30,2008,0,0.24905044270932922
ROU,2008-07-31,2008,0,0.22364852445694855
ROU,2008-08-31,2008,0,0.354955703241387
ROU,2008-09-30,2008,0,0.49059912796210314
ROU,2008-10-31,2008,0,0.7184261338221242
ROU,2008-11-30,2008,0,0.6961967222454758
ROU,2008-12-31,2008,0,0.5680563691403494
ROU,2009-01-31,2009,0,0.7573297326370941
ROU,2009-02-28,2009,0,0.714481868523294
ROU,2009-03-31,2009,0,0.5624015010129876
ROU,2009-04-30,2009,0,0.0021524377411835816
ROU,2009-05-31,2009,0,0.0013332513070289562
ROU,2009-06-30,2009,0,0.0017719505525656918
ROU,2009-07-31,2009,0,5.901771360908516e-06
ROU,2009-08-31,2009,0,5.835195471195088e-06
ROU,2009-09-30,2009,0,5.126292286179285e-06
ROU,2009-10-31,2009,0,0.001530379250373653
ROU,2009-11-30,2009,0,0.0017554047023587021
ROU,2009-12-31,2009,0,0.002540832472294585
ROU,2010-01-31,2010,0,0.34404484108968336
ROU,2010-02-28,2010,0,0.370506832449772
ROU,2010-03-31,2010,0,0.41117118086884463
ROU,2010-04-30,2010,0,0.4170529838087996
ROU,2010-05-31,2010,0,0.7264768200982827
ROU,2010-06-30,2010,0,0.7288108284715609
ROU,2010-07-31,2010,0,0.3685488620252601
ROU,2010-08-31,2010,0,0.37823816151303197
ROU,2010-09-30,2010,0,0.24774553897902188
ROU,2010-10-31,2010,0,0.27694088607371653
ROU,2010-11-30,2010,0,0.2942909854813062
ROU,2010-12-31,2010,0,0.26951090337834277
ROU,2011-01-31,2011,0,0.4513542064030232
ROU,2011-02-28,2011,0,0.41621353642245895
ROU,2011-03-31,2011,0,0.4032067180155506
ROU,2011-04-30,2011,0,0.340915086974951
ROU,2011-05-31,2011,0,0.3479661417410678
ROU,2011-06-30,2011,0,0.3862805321448194
ROU,2011-07-31,2011,0,0.5000706064640456
ROU,2011-08-31,2011,0,0.45334688506486664
ROU,2011-09-30,2011,0,0.7582575514428375
ROU,2011-10-31,2011,0,0.7052912637674206
ROU,2011-11-30,2011,0,0.7640998143865739
ROU,2011-12-31,2011,0,0.5304617861163643
ROU,2012-01-31,2012,0,0.3489601144248854
ROU,2012-02-29,2012,0,0.31835294550411136
ROU,2012-03-31,2012,0,0.002476083097158435
ROU,2012-04-30,2012,0,0.004032961382558114
ROU,2012-05-31,2012,0,0.005274328640755851
ROU,2012-06-30,2012,0,0.004101729890908233
ROU,2012-07-31,2012,0,0.00512481037954197
ROU,2012-08-31,2012,0,0.002777389519653238
ROU,2012-09-30,2012,0,0.409492991604748
ROU,2012-10-31,2012,0,0.4066967184137882
ROU,2012-11-30,2012,0,0.4034943265393892
ROU,2012-12-31,2012,0,0.3630720587680906
ROU,2013-01-31,2013,0,0.2962204731061205
ROU,2013-02-28,2013,0,0.3440309164480361
ROU,2013-03-31,2013,0,0.38980464868702913
ROU,2013-04-30,2013,0,0.35428115487137224
ROU,2013-05-31,2013,0,0.33583471123955133
ROU,2013-06-30,2013,0,0.34379225686455145
ROU,2013-07-31,2013,0,0.34532155036505
ROU,2013-08-31,2013,0,0.3434428636586624
ROU,2013-09-30,2013,0,0.316376535127296
ROU,2013-10-31,2013,0,0.3450624154298343
ROU,2013-11-30,2013,0,0.3355156581443567
ROU,2013-12-31,2013,0,0.3386144416919458
ROU,2014-01-31,2014,0,0.42492952086504004
ROU,2014-02-28,2014,0,0.39992425825392036
ROU,2014-03-31,2014,0,0.38852666332880886
ROU,2014-04-30,2014,0,0.421480104544286
ROU,2014-05-31,2014,0,0.4303922877308133
ROU,2014-06-30,2014,0,0.44250567751995823
ROU,2014-07-31,2014,0,0.5006293124506328
ROU,2014-08-31,2014,0,0.526237822171449
ROU,2014-09-30,2014,0,0.610947120380697
ROU,2014-10-31,2014,0,0.6128994410817439
ROU,2014-11-30,2014,0,0.6113932457509764
ROU,2014-12-31,2014,0,0.6217527688513121
ROU,2015-01-31,2015,0,0.6889073285523943
ROU,2015-02-28,2015,0,0.7072431230105881
ROU,2015-03-31,2015,0,0.7077625959818235
ROU,2015-04-30,2015,0,0.506968665267331
ROU,2015-05-31,2015,0,0.5050424226479574
ROU,2015-06-30,2015,0,0.474880847907634
ROU,2015-07-31,2015,0,0.4718512951867257
ROU,2015-08-31,2015,0,0.45636393690570254
ROU,2015-09-30,2015,0,0.43806031758622715
ROU,2015-10-31,2015,0,0.4911481763483481
ROU,2015-11-30,2015,0,0.5314097584936397
ROU,2015-12-31,2015,0,0.5342156865434637
ROU,2016-01-31,2016,0,0.5041376966164819
ROU,2016-02-29,2016,0,0.5044348713537047
ROU,2016-03-31,2016,0,0.41778045281783976
ROU,2016-04-30,2016,0,0.43559119548702546
ROU,2016-05-31,2016,0,0.4271003204454515
ROU,2016-06-30,2016,0,0.44234016260219616
ROU,2016-07-31,2016,0,0.44813039433541696
ROU,2016-08-31,2016,0,0.4361698010224221
ROU,2016-09-30,2016,0,0.5187777759796525
ROU,2016-10-31,2016,0,0.5236649073785099
ROU,2016-11-30,2016,0,0.5346078531421418
ROU,2016-12-31,2016,0,0.5281926607215558
RUS,2002-01-31,2002,0,0.4123547572552481
RUS,2002-02-28,2002,0,0.4161796991727459
RUS,2002-03-31,2002,0,0.4732706791602518
RUS,2002-04-30,2002,0,0.4548106039098301
RUS,2002-05-31,2002,0,0.4690883036893206
RUS,2002-06-30,2002,0,0.4910447418180652
RUS,2002-07-31,2002,0,0.38959780628692725
RUS,2002-08-31,2002,0,0.3674911886489564
RUS,2002-09-30,2002,0,0.3589950005630538
RUS,2002-10-31,2002,0,0.3728062628133029
RUS,2002-11-30,2002,0,0.384927835011994
RUS,2002-12-31,2002,0,0.3943657671644952
RUS,2003-01-31,2003,0,0.37521905673396555
RUS,2003-02-28,2003,0,0.23061362042032796
RUS,2003-03-31,2003,0,0.29417713023805814
RUS,2003-04-30,2003,0,0.3488341320282897
RUS,2003-05-31,2003,0,0.3547878205464798
RUS,2003-06-30,2003,0,0.41924152184810126
RUS,2003-07-31,2003,0,0.38799736817315544
RUS,2003-08-31,2003,0,0.4726665401586806
RUS,2003-09-30,2003,0,0.43863447048992626
RUS,2003-10-31,2003,0,0.3138537957192217
RUS,2003-11-30,2003,0,0.2987931868086548
RUS,2003-12-31,2003,0,0.30726122392306227
RUS,2004-01-31,2004,0,0.30215502510183934
RUS,2004-02-29,2004,0,0.29897020690226866
RUS,2004-03-31,2004,0,0.29320618502909535
RUS,2004-04-30,2004,0,0.34405259467473137
RUS,2004-05-31,2004,0,0.3210522693400813
RUS,2004-06-30,2004,0,0.29412875127938876
RUS,2004-07-31,2004,0,0.4162438947727401
RUS,2004-08-31,2004,0,0.40505537131087416
RUS,2004-09-30,2004,0,0.4054695124891175
RUS,2004-10-31,2004,0,0.26690892625979595
RUS,2004-11-30,2004,0,0.3048813694131083
RUS,2004-12-31,2004,0,0.3305702537374264
RUS,2005-01-31,2005,0,0.3477977564604355
RUS,2005-02-28,2005,0,0.3814697725349587
RUS,2005-03-31,2005,0,0.38441588787374636
RUS,2005-04-30,2005,0,0.36259859177440246
RUS,2005-05-31,2005,0,0.384584492620485
RUS,2005-06-30,2005,0,0.4444330937817963
RUS,2005-07-31,2005,0,0.4585238973058838
RUS,2005-08-31,2005,0,0.4885992568062502
RUS,2005-09-30,2005,0,0.48653800062797337
RUS,2005-10-31,2005,0,0.4795042043462449
RUS,2005-11-30,2005,0,0.48026317801367685
RUS,2005-12-31,2005,0,0.5380402272179519
RUS,2006-01-31,2006,0,0.3685202945310524
RUS,2006-02-28,2006,0,0.35345468203943603
RUS,2006-03-31,2006,0,0.3668239104641239
RUS,2006-04-30,2006,0,0.3731471000965276
RUS,2006-05-31,2006,0,0.3969929036161992
RUS,2006-06-30,2006,0,0.32305827784491586
RUS,2006-07-31,2006,0,0.3515435805732477
RUS,2006-08-31,2006,0,0.36115571058901036
RUS,2006-09-30,2006,0,0.35647895358195053
RUS,2006-10-31,2006,0,0.36794387214929325
RUS,2006-11-30,2006,0,0.33421460733787206
RUS,2006-12-31,2006,0,0.3332707469609028
RUS,2007-01-31,2007,0,0.43862440697784494
RUS,2007-02-28,2007,0,0.4745702832463627
RUS,2007-03-31,2007,0,0.4725989106595464
RUS,2007-04-30,2007,0,0.500274168151903
RUS,2007-05-31,2007,0,0.487434884066593
RUS,2007-06-30,2007,0,0.5076748404410342
RUS,2007-07-31,2007,0,0.5344204754416451
RUS,2007-08-31,2007,0,0.5060047522402474
RUS,2007-09-30,2007,0,0.38131380417820354
RUS,2007-10-31,2007,0,0.39412770254044616
RUS,2007-11-30,2007,0,0.37908046453411004
RUS,2007-12-31,2007,0,0.42802156110834744
RUS,2008-01-31,2008,0,0.28823404005061376
RUS,2008-02-29,2008,0,0.2961795928089374
RUS,2008-03-31,2008,0,0.293580955882278
RUS,2008-04-30,2008,0,0.2808333825594967
RUS,2008-05-31,2008,0,0.2688128906926851
RUS,2008-06-30,2008,0,0.2916675208567687
RUS,2008-07-31,2008,0,0.2802103412455388
RUS,2008-08-31,2008,0,0.5687356232703629
RUS,2008-09-30,2008,0,0.6113542009607134
RUS,2008-10-31,2008,0,0.639991020312411
RUS,2008-11-30,2008,0,0.6176563775591672
RUS,2008-12-31,2008,0,0.6908866406851504
RUS,2009-01-31,2009,0,0.8865891793370231
RUS,2009-02-28,2009,0,0.8375918741072276
RUS,2009-03-31,2009,0,0.6911322333302545
RUS,2009-04-30,2009,0,0.4347266178121225
RUS,2009-05-31,2009,0,0.2641402137473967
RUS,2009-06-30,2009,0,0.2839426397973419
RUS,2009-07-31,2009,0,0.0013776791045186814
RUS,2009-08-31,2009,0,0.0014739719327754254
RUS,2009-09-30,2009,0,0.001092873635424644
RUS,2009-10-31,2009,0,0.0009554136995926158
RUS,2009-11-30,2009,0,0.0013081220425666643
RUS,2009-12-31,2009,0,0.0014607961538375452
RUS,2010-01-31,2010,0,0.34600423337549674
RUS,2010-02-28,2010,0,0.32101459159179097
RUS,2010-03-31,2010,0,0.3397343183742638
RUS,2010-04-30,2010,0,0.3732946393389107
RUS,2010-05-31,2010,0,0.48434439163789594
RUS,2010-06-30,2010,0,0.5039594433603467
RUS,2010-07-31,2010,0,0.43311443407129024
RUS,2010-08-31,2010,0,0.43589457575622437
RUS,2010-09-30,2010,0,0.44722446392358317
RUS,2010-10-31,2010,0,0.4906224308990922
RUS,2010-11-30,2010,0,0.45791454776457524
RUS,2010-12-31,2010,0,0.4236853836306077
RUS,2011-01-31,2011,0,0.47248210592062584
RUS,2011-02-28,2011,0,0.45778729823433273
RUS,2011-03-31,2011,0,0.4641618784881737
RUS,2011-04-30,2011,0,0.4488910442181465
RUS,2011-05-31,2011,0,0.46243230438622673
RUS,2011-06-30,2011,0,0.45728465234187193
RUS,2011-07-31,2011,0,0.48402406690170025
RUS,2011-08-31,2011,0,0.5480746470501576
RUS,2011-09-30,2011,0,0.7960410925094172
RUS,2011-10-31,2011,0,0.6513541879144803
RUS,2011-11-30,2011,0,0.6824402923000582
RUS,2011-12-31,2011,0,0.454986743763591
RUS,2012-01-31,2012,0,0.1488359596008294
RUS,2012-02-29,2012,0,0.09849267970084753
RUS,2012-03-31,2012,0,0.0005218511245143848
RUS,2012-04-30,2012,0,0.0007410984706104745
RUS,2012-05-31,2012,0,0.0019219793143261893
RUS,2012-06-30,2012,0,0.0018395187836718516
RUS,2012-07-31,2012,0,0.0020665379258289086
RUS,2012-08-31,2012,0,0.0009896148977032895
RUS,2012-09-30,2012,0,0.14162961709954927
RUS,2012-10-31,2012,0,0.17470739713935476
RUS,2012-11-30,2012,0,0.0007934801548242133
RUS,2012-12-31,2012,0,0.000827869052756861
RUS,2013-01-31,2013,1,0.0038101993381088888
RUS,2013-02-28,2013,1,0.004696596311661686
RUS,2013-03-31,2013,1,0.0060691353668701625
RUS,2013-04-30,2013,1,0.006336787444565923
RUS,2013-05-31,2013,1,0.46625024890681466
RUS,2013-06-30,2013,1,0.5401524663995079
RUS,2013-07-31,2013,1,0.5713903998621228
RUS,2013-08-31,2013,1,0.5728460255434442
RUS,2013-09-30,2013,1,0.49501126480750623
RUS,2013-10-31,2013,1,0.49242920648494665
RUS,2013-11-30,2013,1,0.5148066287062751
RUS,2013-12-31,2013,1,0.5154213259543999
RUS,2014-01-31,2014,0,0.930150102119099
RUS,2014-02-28,2014,0,0.9293654575082414
RUS,2014-03-31,2014,0,0.9348568635447883
RUS,2014-04-30,2014,0,0.9294228533900675
RUS,2014-05-31,2014,0,0.9015162087622212
RUS,2014-06-30,2014,0,0.8866334848294124
RUS,2014-07-31,2014,0,0.8835031101418199
RUS,2014-08-31,2014,0,0.8984590023402803
RUS,2014-09-30,2014,0,0.9366239614508354
RUS,2014-10-31,2014,0,0.9694872980532238
RUS,2014-11-30,2014,0,0.9832774442021669
RUS,2014-12-31,2014,0,0.996759512869936
RUS,2015-01-31,2015,0,0.988476538104143
RUS,2015-02-28,2015,0,0.9297463088176711
RUS,2015-03-31,2015,0,0.7059011568328819
RUS,2015-04-30,2015,0,0.2509582474779997
RUS,2015-05-31,2015,0,0.2619316411931414
RUS,2015-06-30,2015,0,0.2960165290357956
RUS,2015-07-31,2015,0,0.38411336569721327
RUS,2015-08-31,2015,0,0.6026215762178913
RUS,2015-09-30,2015,0,0.5790111769354923
RUS,2015-10-31,2015,0,0.7415187549673148
RUS,2015-11-30,2015,0,0.5088009852321599
RUS,2015-12-31,2015,0,0.7016606624715445
RUS,2016-01-31,2016,0,0.6781370641202766
RUS,2016-02-29,2016,0,0.7071749574898665
RUS,2016-03-31,2016,0,0.28842175707886136
RUS,2016-04-30,2016,0,0.3064361689055224
RUS,2016-05-31,2016,0,0.3094736004684864
RUS,2016-06-30,2016,0,0.33689967094256795
RUS,2016-07-31,2016,0,0.3807376292783268
RUS,2016-08-31,2016,0,0.431824130812058
RUS,2016-09-30,2016,0,0.5189034836435482
RUS,2016-10-31,2016,0,0.539354665550851
RUS,2016-11-30,2016,0,0.5612110200386873
RUS,2016-12-31,2016,0,0.5518971641014799
RWA,2002-01-31,2002,0,0.17834630852589048
RWA,2002-02-28,2002,0,0.1700364893074237
RWA,2002-03-31,2002,0,0.17290789490017314
RWA,2002-04-30,2002,0,0.1820587758166766
RWA,2002-05-31,2002,0,0.1586783028979717
RWA,2002-06-30,2002,0,0.142254356166039
RWA,2002-07-31,2002,0,0.134852504901315
RWA,2002-08-31,2002,0,0.22338817563967622
RWA,2002-09-30,2002,0,0.2713339004638442
RWA,2002-10-31,2002,0,0.2778574636913526
RWA,2002-11-30,2002,0,0.23456311246086384
RWA,2002-12-31,2002,0,0.2083489366858484
RWA,2003-01-31,2003,0,0.29994583158036686
RWA,2003-02-28,2003,0,0.3115764610001917
RWA,2003-03-31,2003,0,0.32287484430344715
RWA,2003-04-30,2003,0,0.29570076549226953
RWA,2003-05-31,2003,0,0.27792862054177936
RWA,2003-06-30,2003,0,0.2453395927632892
RWA,2003-07-31,2003,0,0.2033254473291458
RWA,2003-08-31,2003,0,0.23684250668118292
RWA,2003-09-30,2003,0,0.2456883405073572
RWA,2003-10-31,2003,0,0.25671380940043337
RWA,2003-11-30,2003,0,0.22268484586636872
RWA,2003-12-31,2003,0,0.2594287130298516
RWA,2004-01-31,2004,0,0.22763007509585528
RWA,2004-02-29,2004,0,0.2068650129492904
RWA,2004-03-31,2004,0,0.2087059870725308
RWA,2004-04-30,2004,0,0.2110151507844507
RWA,2004-05-31,2004,0,0.23258139093135036
RWA,2004-06-30,2004,0,0.2100430129586902
RWA,2004-07-31,2004,0,0.2318941619634485
RWA,2004-08-31,2004,0,0.2624314344870979
RWA,2004-09-30,2004,0,0.2531802650483166
RWA,2004-10-31,2004,0,0.2827926047075825
RWA,2004-11-30,2004,0,0.3165533011715391
RWA,2004-12-31,2004,0,0.19626089973310024
RWA,2005-01-31,2005,0,0.49040200170654585
RWA,2005-02-28,2005,0,0.4997941623641529
RWA,2005-03-31,2005,0,0.5232502874016782
RWA,2005-04-30,2005,0,0.49366359414348127
RWA,2005-05-31,2005,0,0.4745292944083607
RWA,2005-06-30,2005,0,0.35697672988837403
RWA,2005-07-31,2005,0,0.3851538241442791
RWA,2005-08-31,2005,0,0.6229395573126812
RWA,2005-09-30,2005,0,0.6388534998808035
RWA,2005-10-31,2005,0,0.6130837433255577
RWA,2005-11-30,2005,0,0.5849621000564854
RWA,2005-12-31,2005,0,0.5380750592253337
RWA,2006-01-31,2006,0,0.39577602779600496
RWA,2006-02-28,2006,0,0.381172979344051
RWA,2006-03-31,2006,0,0.38485744335438377
RWA,2006-04-30,2006,0,0.35677876366577793
RWA,2006-05-31,2006,0,0.3488740098150009
RWA,2006-06-30,2006,0,0.31931577605174827
RWA,2006-07-31,2006,0,0.4004062567252453
RWA,2006-08-31,2006,0,0.33997631782754517
RWA,2006-09-30,2006,0,0.3185726443874214
RWA,2006-10-31,2006,0,0.3128551850893494
RWA,2006-11-30,2006,0,0.303203706129959
RWA,2006-12-31,2006,0,0.3191695163141509
RWA,2007-01-31,2007,0,0.34981868175301173
RWA,2007-02-28,2007,0,0.3667813745289914
RWA,2007-03-31,2007,0,0.36381443624226073
RWA,2007-04-30,2007,0,0.3777038138342065
RWA,2007-05-31,2007,0,0.40477876772217186
RWA,2007-06-30,2007,0,0.5038956148133272
RWA,2007-07-31,2007,0,0.4852394115469737
RWA,2007-08-31,2007,0,0.490329759488817
RWA,2007-09-30,2007,0,0.4925713311638314
RWA,2007-10-31,2007,0,0.5279397938414878
RWA,2007-11-30,2007,0,0.5386668357360691
RWA,2007-12-31,2007,0,0.586025630290927
RWA,2008-01-31,2008,0,0.46586971089834295
RWA,2008-02-29,2008,0,0.4475371242316304
RWA,2008-03-31,2008,0,0.42278039252069455
RWA,2008-04-30,2008,0,0.42125961180304683
RWA,2008-05-31,2008,0,0.4220072303284027
RWA,2008-06-30,2008,0,0.34859677132647215
RWA,2008-07-31,2008,0,0.3830144596781664
RWA,2008-08-31,2008,0,0.3904375500440084
RWA,2008-09-30,2008,0,0.32817975504427915
RWA,2008-10-31,2008,0,0.2887350372137305
RWA,2008-11-30,2008,0,0.30124036751225003
RWA,2008-12-31,2008,0,0.4015724315813891
RWA,2009-01-31,2009,0,0.5154556184805931
RWA,2009-02-28,2009,0,0.5178583585810703
RWA,2009-03-31,2009,0,0.5162685129692737
RWA,2009-04-30,2009,0,0.48087758582399054
RWA,2009-05-31,2009,0,0.4735486612640519
RWA,2009-06-30,2009,0,0.4984686550247485
RWA,2009-07-31,2009,0,0.43559042023315925
RWA,2009-08-31,2009,0,0.46895121175482113
RWA,2009-09-30,2009,0,0.4803562501542498
RWA,2009-10-31,2009,0,0.4603024256177314
RWA,2009-11-30,2009,0,0.4363831915024368
RWA,2009-12-31,2009,0,0.4539183274729831
RWA,2010-01-31,2010,0,0.2926942755300352
RWA,2010-02-28,2010,0,0.31753964213369834
RWA,2010-03-31,2010,0,0.30239820760882824
RWA,2010-04-30,2010,0,0.34562116732275333
RWA,2010-05-31,2010,0,0.40926294398768054
RWA,2010-06-30,2010,0,0.4711177517773014
RWA,2010-07-31,2010,0,0.46394968518042007
RWA,2010-08-31,2010,0,0.43727880175826156
RWA,2010-09-30,2010,0,0.4207919779010244
RWA,2010-10-31,2010,0,0.4277287024874123
RWA,2010-11-30,2010,0,0.4485674106349788
RWA,2010-12-31,2010,0,0.3684467946651448
RWA,2011-01-31,2011,0,0.5464849867420946
RWA,2011-02-28,2011,0,0.5558261349002938
RWA,2011-03-31,2011,0,0.5628059358907567
RWA,2011-04-30,2011,0,0.5684997469142873
RWA,2011-05-31,2011,0,0.5139569891406152
RWA,2011-06-30,2011,0,0.46720337101047454
RWA,2011-07-31,2011,0,0.4657064647365918
RWA,2011-08-31,2011,0,0.4555040072636647
RWA,2011-09-30,2011,0,0.47196108775546
RWA,2011-10-31,2011,0,0.4743369016646559
RWA,2011-11-30,2011,0,0.47208295650341026
RWA,2011-12-31,2011,0,0.4328584833708151
RWA,2012-01-31,2012,0,0.44809193638625516
RWA,2012-02-29,2012,0,0.4251713967412906
RWA,2012-03-31,2012,0,0.4388470755570398
RWA,2012-04-30,2012,0,0.4192182114838552
RWA,2012-05-31,2012,0,0.3997375880009882
RWA,2012-06-30,2012,0,0.4319602529555039
RWA,2012-07-31,2012,0,0.6027345128830427
RWA,2012-08-31,2012,0,0.5929967420178163
RWA,2012-09-30,2012,0,0.6754107288025409
RWA,2012-10-31,2012,0,0.6387518442773663
RWA,2012-11-30,2012,0,0.6377442774086217
RWA,2012-12-31,2012,0,0.6360989497408742
RWA,2013-01-31,2013,0,0.5860692619688069
RWA,2013-02-28,2013,0,0.5869666899313002
RWA,2013-03-31,2013,0,0.5831976172893912
RWA,2013-04-30,2013,0,0.5599690313959295
RWA,2013-05-31,2013,0,0.5695173809339414
RWA,2013-06-30,2013,0,0.5784199193702302
RWA,2013-07-31,2013,0,0.568444062282124
RWA,2013-08-31,2013,0,0.5681014363560344
RWA,2013-09-30,2013,0,0.5568124845337631
RWA,2013-10-31,2013,0,0.5577177433563479
RWA,2013-11-30,2013,0,0.535178507676344
RWA,2013-12-31,2013,0,0.5295613437512287
RWA,2014-01-31,2014,0,0.5551228723798919
RWA,2014-02-28,2014,0,0.5365876964787908
RWA,2014-03-31,2014,0,0.5156890761233615
RWA,2014-04-30,2014,0,0.5279769029174942
RWA,2014-05-31,2014,0,0.5315425394812405
RWA,2014-06-30,2014,0,0.5330217319989179
RWA,2014-07-31,2014,0,0.5470644525402688
RWA,2014-08-31,2014,0,0.5215650599588934
RWA,2014-09-30,2014,0,0.4750738751675683
RWA,2014-10-31,2014,0,0.49124315222953524
RWA,2014-11-30,2014,0,0.484234351056847
RWA,2014-12-31,2014,0,0.47965473183824864
RWA,2015-01-31,2015,0,0.6103899997430513
RWA,2015-02-28,2015,0,0.6037064581787528
RWA,2015-03-31,2015,0,0.5664077038854767
RWA,2015-04-30,2015,0,0.5560132680034036
RWA,2015-05-31,2015,0,0.5534426642572486
RWA,2015-06-30,2015,0,0.5094712279015757
RWA,2015-07-31,2015,0,0.501667531750173
RWA,2015-08-31,2015,0,0.5753720269205708
RWA,2015-09-30,2015,0,0.5562548792387809
RWA,2015-10-31,2015,0,0.5113124533812664
RWA,2015-11-30,2015,0,0.4937359343149462
RWA,2015-12-31,2015,0,0.46856538800399894
RWA,2016-01-31,2016,0,0.491072700941404
RWA,2016-02-29,2016,0,0.532198024462
RWA,2016-03-31,2016,0,0.5367199476862063
RWA,2016-04-30,2016,0,0.5277544053938926
RWA,2016-05-31,2016,0,0.5036695133928981
RWA,2016-06-30,2016,0,0.5202601229985755
RWA,2016-07-31,2016,0,0.5723396351124845
RWA,2016-08-31,2016,0,0.6816736303717112
RWA,2016-09-30,2016,0,0.6423751182603663
RWA,2016-10-31,2016,0,0.6281609651878136
RWA,2016-11-30,2016,0,0.6178096532925029
RWA,2016-12-31,2016,0,0.6150832803975862
SEN,2002-01-31,2002,0,0.2501521602020438
SEN,2002-02-28,2002,0,0.32701050394700215
SEN,2002-03-31,2002,0,0.3022146543232452
SEN,2002-04-30,2002,0,0.27101340057633316
SEN,2002-05-31,2002,0,0.25348033042167173
SEN,2002-06-30,2002,0,0.24465922746595203
SEN,2002-07-31,2002,0,0.2398382140948133
SEN,2002-08-31,2002,0,0.23130895719054992
SEN,2002-09-30,2002,0,0.24421172510973593
SEN,2002-10-31,2002,0,0.22963130443313262
SEN,2002-11-30,2002,0,0.2100878077790359
SEN,2002-12-31,2002,0,0.2138127540918025
SEN,2003-01-31,2003,0,0.15573664295444126
SEN,2003-02-28,2003,0,0.16385633514862982
SEN,2003-03-31,2003,0,0.175765372501559
SEN,2003-04-30,2003,0,0.1777179171923071
SEN,2003-05-31,2003,0,0.1626031991067582
SEN,2003-06-30,2003,0,0.22220729492185948
SEN,2003-07-31,2003,0,0.20630646365246477
SEN,2003-08-31,2003,0,0.2679677755041499
SEN,2003-09-30,2003,0,0.21188564605581536
SEN,2003-10-31,2003,0,0.21189207284622918
SEN,2003-11-30,2003,0,0.2092889909535664
SEN,2003-12-31,2003,0,0.2179234804054034
SEN,2004-01-31,2004,0,0.3600726056479855
SEN,2004-02-29,2004,0,0.3550721352456811
SEN,2004-03-31,2004,0,0.401811817525818
SEN,2004-04-30,2004,0,0.39784013669667495
SEN,2004-05-31,2004,0,0.37417985958832956
SEN,2004-06-30,2004,0,0.40469054753416633
SEN,2004-07-31,2004,0,0.40086333101902266
SEN,2004-08-31,2004,0,0.39409190309059056
SEN,2004-09-30,2004,0,0.40230578119083504
SEN,2004-10-31,2004,0,0.3995802794332606
SEN,2004-11-30,2004,0,0.34868842849633824
SEN,2004-12-31,2004,0,0.38883242508948584
SEN,2005-01-31,2005,0,0.3531255378812182
SEN,2005-02-28,2005,0,0.3628981277211794
SEN,2005-03-31,2005,0,0.3860166013943305
SEN,2005-04-30,2005,0,0.38941061758620993
SEN,2005-05-31,2005,0,0.4590540453878642
SEN,2005-06-30,2005,0,0.45849758695370835
SEN,2005-07-31,2005,0,0.45749292219454796
SEN,2005-08-31,2005,0,0.45215992853150705
SEN,2005-09-30,2005,0,0.4426962379739423
SEN,2005-10-31,2005,0,0.4360009806255577
SEN,2005-11-30,2005,0,0.454503484313271
SEN,2005-12-31,2005,0,0.48509163333091243
SEN,2006-01-31,2006,0,0.43241079211982975
SEN,2006-02-28,2006,0,0.43951209884383796
SEN,2006-03-31,2006,0,0.4229874095160201
SEN,2006-04-30,2006,0,0.35380214136939353
SEN,2006-05-31,2006,0,0.27912427500814674
SEN,2006-06-30,2006,0,0.29098015126597554
SEN,2006-07-31,2006,0,0.31209671243003295
SEN,2006-08-31,2006,0,0.31281684462051107
SEN,2006-09-30,2006,0,0.3285157181581951
SEN,2006-10-31,2006,0,0.34698524583054896
SEN,2006-11-30,2006,0,0.2975923050230901
SEN,2006-12-31,2006,0,0.2955651607393823
SEN,2007-01-31,2007,0,0.2890126685043407
SEN,2007-02-28,2007,0,0.307449496854473
SEN,2007-03-31,2007,0,0.2937547360431536
SEN,2007-04-30,2007,0,0.2999066671128756
SEN,2007-05-31,2007,0,0.31923160609356577
SEN,2007-06-30,2007,0,0.3269825400784117
SEN,2007-07-31,2007,0,0.35020647202267535
SEN,2007-08-31,2007,0,0.3311069118461891
SEN,2007-09-30,2007,0,0.28453063545088814
SEN,2007-10-31,2007,0,0.3000977661508181
SEN,2007-11-30,2007,0,0.3149358299299563
SEN,2007-12-31,2007,0,0.3380630796799906
SEN,2008-01-31,2008,0,0.31315419463888455
SEN,2008-02-29,2008,0,0.31903071456004267
SEN,2008-03-31,2008,0,0.23800375892579975
SEN,2008-04-30,2008,0,0.28925548770851967
SEN,2008-05-31,2008,0,0.2834749302431784
SEN,2008-06-30,2008,0,0.31269081687811057
SEN,2008-07-31,2008,0,0.3064291334237732
SEN,2008-08-31,2008,0,0.5314320169243035
SEN,2008-09-30,2008,0,0.6117275117637659
SEN,2008-10-31,2008,0,0.8430851257449474
SEN,2008-11-30,2008,0,0.8091783881699488
SEN,2008-12-31,2008,0,0.4890896081032717
SEN,2009-01-31,2009,0,0.37732149896650463
SEN,2009-02-28,2009,0,0.3511542579235909
SEN,2009-03-31,2009,0,0.3089910234420671
SEN,2009-04-30,2009,0,0.001543179919466924
SEN,2009-05-31,2009,0,0.0010333051712965364
SEN,2009-06-30,2009,0,0.001591344627932368
SEN,2009-07-31,2009,0,0.0012243270828518745
SEN,2009-08-31,2009,0,0.0012719813887617647
SEN,2009-09-30,2009,0,0.0011393958354831357
SEN,2009-10-31,2009,0,0.19652851195659146
SEN,2009-11-30,2009,0,0.24505327538675611
SEN,2009-12-31,2009,0,0.4057242256263894
SEN,2010-01-31,2010,0,0.42754057349695357
SEN,2010-02-28,2010,0,0.4647024662452873
SEN,2010-03-31,2010,0,0.47840737208842166
SEN,2010-04-30,2010,0,0.4781830850602676
SEN,2010-05-31,2010,0,0.7172686792097018
SEN,2010-06-30,2010,0,0.681805073629158
SEN,2010-07-31,2010,0,0.41983487912422385
SEN,2010-08-31,2010,0,0.42800234496691825
SEN,2010-09-30,2010,0,0.2710743346512972
SEN,2010-10-31,2010,0,0.29190125902220765
SEN,2010-11-30,2010,0,0.3191308753662894
SEN,2010-12-31,2010,0,0.3084959397640637
SEN,2011-01-31,2011,0,0.3324742806231175
SEN,2011-02-28,2011,0,0.31087293982717784
SEN,2011-03-31,2011,0,0.371769164816941
SEN,2011-04-30,2011,0,0.3123886599725206
SEN,2011-05-31,2011,0,0.3085052296773195
SEN,2011-06-30,2011,0,0.3143573961181462
SEN,2011-07-31,2011,0,0.3826010756721577
SEN,2011-08-31,2011,0,0.3530868749817813
SEN,2011-09-30,2011,0,0.5148016502002841
SEN,2011-10-31,2011,0,0.45712767796351517
SEN,2011-11-30,2011,0,0.5064259304185058
SEN,2011-12-31,2011,0,0.5119139200048858
SEN,2012-01-31,2012,0,0.5223714829558993
SEN,2012-02-29,2012,0,0.479233471444642
SEN,2012-03-31,2012,0,0.4492670437831665
SEN,2012-04-30,2012,0,0.5351827729879289
SEN,2012-05-31,2012,0,0.6018124259594144
SEN,2012-06-30,2012,0,0.5598394958140313
SEN,2012-07-31,2012,0,0.5902228702674571
SEN,2012-08-31,2012,0,0.5260123238939736
SEN,2012-09-30,2012,0,0.47695572018195315
SEN,2012-10-31,2012,0,0.4858820498876671
SEN,2012-11-30,2012,0,0.476080077661371
SEN,2012-12-31,2012,0,0.4944939118130766
SEN,2013-01-31,2013,0,0.37632514373807
SEN,2013-02-28,2013,0,0.40072689215898133
SEN,2013-03-31,2013,0,0.43462444555607044
SEN,2013-04-30,2013,0,0.42932800875856303
SEN,2013-05-31,2013,0,0.3914930487368923
SEN,2013-06-30,2013,0,0.38393266186426195
SEN,2013-07-31,2013,0,0.4110138030398476
SEN,2013-08-31,2013,0,0.40366818694388845
SEN,2013-09-30,2013,0,0.3758471673731923
SEN,2013-10-31,2013,0,0.3848926083803392
SEN,2013-11-30,2013,0,0.38080853125600195
SEN,2013-12-31,2013,0,0.39041733141014945
SEN,2014-01-31,2014,0,0.43142747178717045
SEN,2014-02-28,2014,0,0.39917364735772326
SEN,2014-03-31,2014,0,0.4077334162400705
SEN,2014-04-30,2014,0,0.4007829693868918
SEN,2014-05-31,2014,0,0.4331293988312786
SEN,2014-06-30,2014,0,0.4318500513256125
SEN,2014-07-31,2014,0,0.43775916981026436
SEN,2014-08-31,2014,0,0.46310047703511276
SEN,2014-09-30,2014,0,0.5737734913464924
SEN,2014-10-31,2014,0,0.5730410511790603
SEN,2014-11-30,2014,0,0.5566637607977641
SEN,2014-12-31,2014,0,0.564115579724434
SEN,2015-01-31,2015,0,0.6667474810766499
SEN,2015-02-28,2015,0,0.70397443644715
SEN,2015-03-31,2015,0,0.6945163577052951
SEN,2015-04-30,2015,0,0.4801412959780106
SEN,2015-05-31,2015,0,0.4888576724686809
SEN,2015-06-30,2015,0,0.44021997490397785
SEN,2015-07-31,2015,0,0.43195633097074004
SEN,2015-08-31,2015,0,0.4020654908097753
SEN,2015-09-30,2015,0,0.3973597377023993
SEN,2015-10-31,2015,0,0.4240195101228123
SEN,2015-11-30,2015,0,0.46292803675174743
SEN,2015-12-31,2015,0,0.42897976016488937
SEN,2016-01-31,2016,0,0.37961481475389863
SEN,2016-02-29,2016,0,0.38394795191956804
SEN,2016-03-31,2016,0,0.3171017171878105
SEN,2016-04-30,2016,0,0.32151760565289944
SEN,2016-05-31,2016,0,0.30143639643612424
SEN,2016-06-30,2016,0,0.31403358872753195
SEN,2016-07-31,2016,0,0.3222720954377843
SEN,2016-08-31,2016,0,0.3088777324238009
SEN,2016-09-30,2016,0,0.42780994302865494
SEN,2016-10-31,2016,0,0.41214989141341407
SEN,2016-11-30,2016,0,0.39561482999724173
SEN,2016-12-31,2016,0,0.3763166232139234
SLE,2003-01-31,2003,0,0.014440264951464346
SLE,2003-02-28,2003,0,0.010956771693709318
SLE,2003-03-31,2003,0,0.013265004998777556
SLE,2003-04-30,2003,0,0.013796259841989759
SLE,2003-05-31,2003,0,0.0506335830837585
SLE,2003-06-30,2003,0,0.05249359488583659
SLE,2003-07-31,2003,0,0.05853730047011798
SLE,2003-08-31,2003,0,0.04989637849721245
SLE,2003-09-30,2003,0,0.04784583586055558
SLE,2003-10-31,2003,0,0.05771541430030276
SLE,2003-11-30,2003,0,0.05025274928569314
SLE,2003-12-31,2003,0,0.04470060964858422
SLE,2004-01-31,2004,0,0.040158725949172774
SLE,2004-02-29,2004,0,0.0423337880166841
SLE,2004-03-31,2004,0,0.03927632373333692
SLE,2004-04-30,2004,0,0.054330532421474155
SLE,2004-05-31,2004,0,0.03534388296095228
SLE,2004-06-30,2004,0,0.02448899853521476
SLE,2004-07-31,2004,0,0.027386294623538837
SLE,2004-08-31,2004,0,0.02765464049723811
SLE,2004-09-30,2004,0,0.02822688276158037
SLE,2004-10-31,2004,0,0.027427443716789617
SLE,2004-11-30,2004,0,0.025143172535381193
SLE,2004-12-31,2004,0,0.030748467821507284
SLE,2005-01-31,2005,0,0.17235285219375412
SLE,2005-02-28,2005,0,0.1824033759276671
SLE,2005-03-31,2005,0,0.16726932245017678
SLE,2005-04-30,2005,0,0.16770399378844972
SLE,2005-05-31,2005,0,0.15564782801576463
SLE,2005-06-30,2005,0,0.1606966931268835
SLE,2005-07-31,2005,0,0.16245583734043387
SLE,2005-08-31,2005,0,0.1717889634342557
SLE,2005-09-30,2005,0,0.1688887091244412
SLE,2005-10-31,2005,0,0.16961010606605448
SLE,2005-11-30,2005,0,0.17119513956984359
SLE,2005-12-31,2005,0,0.15454572499128993
SLE,2006-01-31,2006,0,0.16316359721219179
SLE,2006-02-28,2006,0,0.16869962423847262
SLE,2006-03-31,2006,0,0.16111449306054806
SLE,2006-04-30,2006,0,0.1755097613859227
SLE,2006-05-31,2006,0,0.21133662636363354
SLE,2006-06-30,2006,0,0.1512556921500382
SLE,2006-07-31,2006,0,0.1635158600158011
SLE,2006-08-31,2006,0,0.18281299343526236
SLE,2006-09-30,2006,0,0.17296987777227613
SLE,2006-10-31,2006,0,0.18392416525640928
SLE,2006-11-30,2006,0,0.20333150865734315
SLE,2006-12-31,2006,0,0.2191590082921115
SLE,2007-01-31,2007,0,0.3391385170565892
SLE,2007-02-28,2007,0,0.36841245899368064
SLE,2007-03-31,2007,0,0.3991915881790312
SLE,2007-04-30,2007,0,0.3834435498581973
SLE,2007-05-31,2007,0,0.42105520908846283
SLE,2007-06-30,2007,0,0.4462232097631441
SLE,2007-07-31,2007,0,0.41894291000314937
SLE,2007-08-31,2007,0,0.4162693940668765
SLE,2007-09-30,2007,0,0.41387571967194975
SLE,2007-10-31,2007,0,0.3988925334119157
SLE,2007-11-30,2007,0,0.41112131021729154
SLE,2007-12-31,2007,0,0.4919392502717471
SLE,2008-01-31,2008,0,0.5051041047249394
SLE,2008-02-29,2008,0,0.497179415898981
SLE,2008-03-31,2008,0,0.5344828002858361
SLE,2008-04-30,2008,0,0.47393886629624815
SLE,2008-05-31,2008,0,0.4647863873116832
SLE,2008-06-30,2008,0,0.5088883604426393
SLE,2008-07-31,2008,0,0.4648814102877552
SLE,2008-08-31,2008,0,0.46430085027936396
SLE,2008-09-30,2008,0,0.7328019941893837
SLE,2008-10-31,2008,0,0.6762508150755393
SLE,2008-11-30,2008,0,0.6115276449208492
SLE,2008-12-31,2008,0,0.5447817970898559
SLE,2009-01-31,2009,0,0.4062605665330273
SLE,2009-02-28,2009,0,0.45116304929034007
SLE,2009-03-31,2009,0,0.5993504040973334
SLE,2009-04-30,2009,0,0.5737415533045099
SLE,2009-05-31,2009,0,0.5333683751726143
SLE,2009-06-30,2009,0,0.565408638129331
SLE,2009-07-31,2009,0,0.5545591282683755
SLE,2009-08-31,2009,0,0.7477469972620017
SLE,2009-09-30,2009,0,0.7374282512667804
SLE,2009-10-31,2009,0,0.7245586883197946
SLE,2009-11-30,2009,0,0.7108379484709034
SLE,2009-12-31,2009,0,0.5726293117176748
SLE,2010-01-31,2010,0,0.5787815005554715
SLE,2010-02-28,2010,0,0.4831892071309399
SLE,2010-03-31,2010,0,0.5001730968832272
SLE,2010-04-30,2010,0,0.4880879488498661
SLE,2010-05-31,2010,0,0.44969796694350284
SLE,2010-06-30,2010,0,0.43693470045998545
SLE,2010-07-31,2010,0,0.4260284544960131
SLE,2010-08-31,2010,0,0.4463244060527209
SLE,2010-09-30,2010,0,0.5162455102822912
SLE,2010-10-31,2010,0,0.5040362142157411
SLE,2010-11-30,2010,0,0.4690436862385969
SLE,2010-12-31,2010,0,0.4936662529618014
SLE,2011-01-31,2011,0,0.29983144469292705
SLE,2011-02-28,2011,0,0.32571047297677147
SLE,2011-03-31,2011,0,0.3087192416499997
SLE,2011-04-30,2011,0,0.3083768930475032
SLE,2011-05-31,2011,0,0.28926718002547275
SLE,2011-06-30,2011,0,0.3025987603015906
SLE,2011-07-31,2011,0,0.30324418963135946
SLE,2011-08-31,2011,0,0.3071701460423239
SLE,2011-09-30,2011,0,0.24908024034453302
SLE,2011-10-31,2011,0,0.2652174199696614
SLE,2011-11-30,2011,0,0.2611588179550066
SLE,2011-12-31,2011,0,0.23077069158901967
SLE,2012-01-31,2012,0,0.36940957188894186
SLE,2012-02-29,2012,0,0.3694183527355888
SLE,2012-03-31,2012,0,0.30506819054801143
SLE,2012-04-30,2012,0,0.3141155781312095
SLE,2012-05-31,2012,0,0.3103367053759371
SLE,2012-06-30,2012,0,0.37220919951457465
SLE,2012-07-31,2012,0,0.38705012032309205
SLE,2012-08-31,2012,0,0.34445250491139984
SLE,2012-09-30,2012,0,0.27169690358277176
SLE,2012-10-31,2012,0,0.27274711966224086
SLE,2012-11-30,2012,0,0.259839099650071
SLE,2012-12-31,2012,0,0.3429014414488521
SLE,2013-01-31,2013,0,0.333862730583952
SLE,2013-02-28,2013,0,0.3291630151076837
SLE,2013-03-31,2013,0,0.3118280099786543
SLE,2013-04-30,2013,0,0.3188580957223584
SLE,2013-05-31,2013,0,0.30868766613795084
SLE,2013-06-30,2013,0,0.2763878904249621
SLE,2013-07-31,2013,0,0.28188270446101665
SLE,2013-08-31,2013,0,0.29362264058882753
SLE,2013-09-30,2013,0,0.303340910145601
SLE,2013-10-31,2013,0,0.30914413597256846
SLE,2013-11-30,2013,0,0.4241444930198772
SLE,2013-12-31,2013,0,0.41221197882832056
SLE,2014-01-31,2014,0,0.13856858254005383
SLE,2014-02-28,2014,0,0.14824597897637326
SLE,2014-03-31,2014,0,0.15228177969838771
SLE,2014-04-30,2014,0,0.1506074366530244
SLE,2014-05-31,2014,0,0.1514558624657886
SLE,2014-06-30,2014,0,0.18902809141608204
SLE,2014-07-31,2014,0,0.26959462423641845
SLE,2014-08-31,2014,0,0.24398940233205146
SLE,2014-09-30,2014,0,0.2571981638098309
SLE,2014-10-31,2014,0,0.24602149281884222
SLE,2014-11-30,2014,0,0.2513817754737072
SLE,2014-12-31,2014,0,0.24882288680483047
SLE,2015-01-31,2015,0,0.3750350674532069
SLE,2015-02-28,2015,0,0.35728179128881987
SLE,2015-03-31,2015,0,0.3461383529465204
SLE,2015-04-30,2015,0,0.3527695583789143
SLE,2015-05-31,2015,0,0.3611042623084821
SLE,2015-06-30,2015,0,0.34890782113252916
SLE,2015-07-31,2015,0,0.36453341717151405
SLE,2015-08-31,2015,0,0.4469369822483681
SLE,2015-09-30,2015,0,0.4654600354791531
SLE,2015-10-31,2015,0,0.4818230202941123
SLE,2015-11-30,2015,0,0.4814023897409946
SLE,2015-12-31,2015,0,0.486519456966078
SLE,2016-01-31,2016,0,0.6452181783450885
SLE,2016-02-29,2016,0,0.6469613186913149
SLE,2016-03-31,2016,0,0.6521141268714181
SLE,2016-04-30,2016,0,0.6783356308044356
SLE,2016-05-31,2016,0,0.6580199886612945
SLE,2016-06-30,2016,0,0.6743925756421002
SLE,2016-07-31,2016,0,0.493315864244733
SLE,2016-08-31,2016,0,0.4998644679949825
SLE,2016-09-30,2016,0,0.584519250476263
SLE,2016-10-31,2016,0,0.7177802154443382
SLE,2016-11-30,2016,0,0.7289636769175282
SLE,2016-12-31,2016,0,0.6869515311987199
SLV,2002-01-31,2002,0,0.35822150029036426
SLV,2002-02-28,2002,0,0.35822150029036426
SLV,2002-03-31,2002,0,0.35822150029036426
SLV,2002-04-30,2002,0,0.35822150029036426
SLV,2002-05-31,2002,0,0.35822150029036426
SLV,2002-06-30,2002,0,0.35822150029036426
SLV,2002-07-31,2002,0,0.35822150029036426
SLV,2002-08-31,2002,0,0.35822150029036426
SLV,2002-09-30,2002,0,0.35822150029036426
SLV,2002-10-31,2002,0,0.35822150029036426
SLV,2002-11-30,2002,0,0.35822150029036426
SLV,2002-12-31,2002,0,0.35822150029036426
SLV,2003-01-31,2003,0,0.5192890337125207
SLV,2003-02-28,2003,0,0.5192890337125207
SLV,2003-03-31,2003,0,0.5192890337125207
SLV,2003-04-30,2003,0,0.5192890337125207
SLV,2003-05-31,2003,0,0.5192890337125207
SLV,2003-06-30,2003,0,0.5192890337125207
SLV,2003-07-31,2003,0,0.5192890337125207
SLV,2003-08-31,2003,0,0.5192890337125207
SLV,2003-09-30,2003,0,0.5192890337125207
SLV,2003-10-31,2003,0,0.5192890337125207
SLV,2003-11-30,2003,0,0.5192890337125207
SLV,2003-12-31,2003,0,0.5192890337125207
SLV,2004-01-31,2004,0,0.5384339953971943
SLV,2004-02-29,2004,0,0.5384339953971943
SLV,2004-03-31,2004,0,0.5384339953971943
SLV,2004-04-30,2004,0,0.5384339953971943
SLV,2004-05-31,2004,0,0.5384339953971943
SLV,2004-06-30,2004,0,0.5384339953971943
SLV,2004-07-31,2004,0,0.5384339953971943
SLV,2004-08-31,2004,0,0.5384339953971943
SLV,2004-09-30,2004,0,0.5384339953971943
SLV,2004-10-31,2004,0,0.5384339953971943
SLV,2004-11-30,2004,0,0.5384339953971943
SLV,2004-12-31,2004,0,0.5384339953971943
SLV,2005-01-31,2005,0,0.5375500117353128
SLV,2005-02-28,2005,0,0.5375500117353128
SLV,2005-03-31,2005,0,0.5375500117353128
SLV,2005-04-30,2005,0,0.5375500117353128
SLV,2005-05-31,2005,0,0.5375500117353128
SLV,2005-06-30,2005,0,0.5375500117353128
SLV,2005-07-31,2005,0,0.5375500117353128
SLV,2005-08-31,2005,0,0.5375500117353128
SLV,2005-09-30,2005,0,0.5375500117353128
SLV,2005-10-31,2005,0,0.5375500117353128
SLV,2005-11-30,2005,0,0.5375500117353128
SLV,2005-12-31,2005,0,0.5375500117353128
SLV,2006-01-31,2006,0,0.5559438640064979
SLV,2006-02-28,2006,0,0.5559438640064979
SLV,2006-03-31,2006,0,0.5559438640064979
SLV,2006-04-30,2006,0,0.5559438640064979
SLV,2006-05-31,2006,0,0.5559438640064979
SLV,2006-06-30,2006,0,0.5559438640064979
SLV,2006-07-31,2006,0,0.5559438640064979
SLV,2006-08-31,2006,0,0.5559438640064979
SLV,2006-09-30,2006,0,0.5559438640064979
SLV,2006-10-31,2006,0,0.5559438640064979
SLV,2006-11-30,2006,0,0.5559438640064979
SLV,2006-12-31,2006,0,0.5559438640064979
SLV,2007-01-31,2007,0,0.5322311849542354
SLV,2007-02-28,2007,0,0.5322311849542354
SLV,2007-03-31,2007,0,0.5322311849542354
SLV,2007-04-30,2007,0,0.5322311849542354
SLV,2007-05-31,2007,0,0.5322311849542354
SLV,2007-06-30,2007,0,0.5322311849542354
SLV,2007-07-31,2007,0,0.5322311849542354
SLV,2007-08-31,2007,0,0.5322311849542354
SLV,2007-09-30,2007,0,0.5322311849542354
SLV,2007-10-31,2007,0,0.5322311849542354
SLV,2007-11-30,2007,0,0.5322311849542354
SLV,2007-12-31,2007,0,0.5322311849542354
SLV,2008-01-31,2008,0,0.4699583804907944
SLV,2008-02-29,2008,0,0.4699583804907944
SLV,2008-03-31,2008,0,0.4699583804907944
SLV,2008-04-30,2008,0,0.4699583804907944
SLV,2008-05-31,2008,0,0.4699583804907944
SLV,2008-06-30,2008,0,0.4699583804907944
SLV,2008-07-31,2008,0,0.4699583804907944
SLV,2008-08-31,2008,0,0.4699583804907944
SLV,2008-09-30,2008,0,0.4699583804907944
SLV,2008-10-31,2008,0,0.4699583804907944
SLV,2008-11-30,2008,0,0.4699583804907944
SLV,2008-12-31,2008,0,0.4699583804907944
SLV,2009-01-31,2009,0,0.4728685972591491
SLV,2009-02-28,2009,0,0.4728685972591491
SLV,2009-03-31,2009,0,0.4728685972591491
SLV,2009-04-30,2009,0,0.4728685972591491
SLV,2009-05-31,2009,0,0.4728685972591491
SLV,2009-06-30,2009,0,0.4728685972591491
SLV,2009-07-31,2009,0,0.4728685972591491
SLV,2009-08-31,2009,0,0.4728685972591491
SLV,2009-09-30,2009,0,0.4728685972591491
SLV,2009-10-31,2009,0,0.4728685972591491
SLV,2009-11-30,2009,0,0.4728685972591491
SLV,2009-12-31,2009,0,0.4728685972591491
SLV,2010-01-31,2010,0,0.49549654353621314
SLV,2010-02-28,2010,0,0.49549654353621314
SLV,2010-03-31,2010,0,0.49549654353621314
SLV,2010-04-30,2010,0,0.49549654353621314
SLV,2010-05-31,2010,0,0.49549654353621314
SLV,2010-06-30,2010,0,0.49549654353621314
SLV,2010-07-31,2010,0,0.49549654353621314
SLV,2010-08-31,2010,0,0.49549654353621314
SLV,2010-09-30,2010,0,0.49549654353621314
SLV,2010-10-31,2010,0,0.49549654353621314
SLV,2010-11-30,2010,0,0.49549654353621314
SLV,2010-12-31,2010,0,0.49549654353621314
SLV,2011-01-31,2011,0,0.5617951421390484
SLV,2011-02-28,2011,0,0.5617951421390484
SLV,2011-03-31,2011,0,0.5617951421390484
SLV,2011-04-30,2011,0,0.5617951421390484
SLV,2011-05-31,2011,0,0.5617951421390484
SLV,2011-06-30,2011,0,0.5617951421390484
SLV,2011-07-31,2011,0,0.5617951421390484
SLV,2011-08-31,2011,0,0.5617951421390484
SLV,2011-09-30,2011,0,0.5617951421390484
SLV,2011-10-31,2011,0,0.5617951421390484
SLV,2011-11-30,2011,0,0.5617951421390484
SLV,2011-12-31,2011,0,0.5617951421390484
SLV,2012-01-31,2012,0,0.4538367592982619
SLV,2012-02-29,2012,0,0.4538367592982619
SLV,2012-03-31,2012,0,0.4538367592982619
SLV,2012-04-30,2012,0,0.4538367592982619
SLV,2012-05-31,2012,0,0.4538367592982619
SLV,2012-06-30,2012,0,0.4538367592982619
SLV,2012-07-31,2012,0,0.4538367592982619
SLV,2012-08-31,2012,0,0.4538367592982619
SLV,2012-09-30,2012,0,0.4538367592982619
SLV,2012-10-31,2012,0,0.4538367592982619
SLV,2012-11-30,2012,0,0.4538367592982619
SLV,2012-12-31,2012,0,0.4538367592982619
SLV,2013-01-31,2013,0,0.46136325270505385
SLV,2013-02-28,2013,0,0.46136325270505385
SLV,2013-03-31,2013,0,0.46136325270505385
SLV,2013-04-30,2013,0,0.46136325270505385
SLV,2013-05-31,2013,0,0.46136325270505385
SLV,2013-06-30,2013,0,0.46136325270505385
SLV,2013-07-31,2013,0,0.46136325270505385
SLV,2013-08-31,2013,0,0.46136325270505385
SLV,2013-09-30,2013,0,0.46136325270505385
SLV,2013-10-31,2013,0,0.46136325270505385
SLV,2013-11-30,2013,0,0.46136325270505385
SLV,2013-12-31,2013,0,0.46136325270505385
SLV,2014-01-31,2014,0,0.4666187626778493
SLV,2014-02-28,2014,0,0.4666187626778493
SLV,2014-03-31,2014,0,0.4666187626778493
SLV,2014-04-30,2014,0,0.4666187626778493
SLV,2014-05-31,2014,0,0.4666187626778493
SLV,2014-06-30,2014,0,0.4666187626778493
SLV,2014-07-31,2014,0,0.4666187626778493
SLV,2014-08-31,2014,0,0.4666187626778493
SLV,2014-09-30,2014,0,0.4666187626778493
SLV,2014-10-31,2014,0,0.4666187626778493
SLV,2014-11-30,2014,0,0.4666187626778493
SLV,2014-12-31,2014,0,0.4666187626778493
SLV,2015-01-31,2015,0,0.4271585426643782
SLV,2015-02-28,2015,0,0.4271585426643782
SLV,2015-03-31,2015,0,0.4271585426643782
SLV,2015-04-30,2015,0,0.4271585426643782
SLV,2015-05-31,2015,0,0.4271585426643782
SLV,2015-06-30,2015,0,0.4271585426643782
SLV,2015-07-31,2015,0,0.4271585426643782
SLV,2015-08-31,2015,0,0.4271585426643782
SLV,2015-09-30,2015,0,0.4271585426643782
SLV,2015-10-31,2015,0,0.4271585426643782
SLV,2015-11-30,2015,0,0.4271585426643782
SLV,2015-12-31,2015,0,0.4271585426643782
SLV,2016-01-31,2016,0,0.4022802237086104
SLV,2016-02-29,2016,0,0.4022802237086104
SLV,2016-03-31,2016,0,0.4022802237086104
SLV,2016-04-30,2016,0,0.4022802237086104
SLV,2016-05-31,2016,0,0.4022802237086104
SLV,2016-06-30,2016,0,0.4022802237086104
SLV,2016-07-31,2016,0,0.4022802237086104
SLV,2016-08-31,2016,0,0.4022802237086104
SLV,2016-09-30,2016,0,0.4022802237086104
SLV,2016-10-31,2016,0,0.4022802237086104
SLV,2016-11-30,2016,0,0.4022802237086104
SLV,2016-12-31,2016,0,0.4022802237086104
SRB,2003-01-31,2003,0,0.041935400752991084
SRB,2003-02-28,2003,0,0.04947303713247944
SRB,2003-03-31,2003,0,0.0669372068914452
SRB,2003-04-30,2003,0,0.06742007543665991
SRB,2003-05-31,2003,0,0.058925420233024405
SRB,2003-06-30,2003,0,0.053404341571778986
SRB,2003-07-31,2003,0,0.05204654262779897
SRB,2003-08-31,2003,0,0.08984284507276627
SRB,2003-09-30,2003,0,0.08497374674091018
SRB,2003-10-31,2003,0,0.08345977920883078
SRB,2003-11-30,2003,0,0.09210131058426944
SRB,2003-12-31,2003,0,0.09492999644781415
SRB,2004-01-31,2004,0,0.22798716763587634
SRB,2004-02-29,2004,0,0.20753188658393992
SRB,2004-03-31,2004,0,0.2346387073069896
SRB,2004-04-30,2004,0,0.24488129723560376
SRB,2004-05-31,2004,0,0.2378598970645997
SRB,2004-06-30,2004,0,0.25297575044792026
SRB,2004-07-31,2004,0,0.24393224357384677
SRB,2004-08-31,2004,0,0.23426255263484458
SRB,2004-09-30,2004,0,0.2361274792925336
SRB,2004-10-31,2004,0,0.22027888384648522
SRB,2004-11-30,2004,0,0.2108211574994848
SRB,2004-12-31,2004,0,0.23197764813065158
SRB,2005-01-31,2005,0,0.5018892734777686
SRB,2005-02-28,2005,0,0.5049840970379832
SRB,2005-03-31,2005,0,0.5197237125041314
SRB,2005-04-30,2005,0,0.5353584551609522
SRB,2005-05-31,2005,0,0.5711441551796851
SRB,2005-06-30,2005,0,0.5837505295600658
SRB,2005-07-31,2005,0,0.5708140074535769
SRB,2005-08-31,2005,0,0.568868472301059
SRB,2005-09-30,2005,0,0.5580685884039468
SRB,2005-10-31,2005,0,0.5566565205611484
SRB,2005-11-30,2005,0,0.5919465248741831
SRB,2005-12-31,2005,0,0.5350180957289974
SRB,2006-01-31,2006,0,0.3302870400883945
SRB,2006-02-28,2006,0,0.32546282605341187
SRB,2006-03-31,2006,0,0.25368161020782654
SRB,2006-04-30,2006,0,0.1660084962446828
SRB,2006-05-31,2006,0,0.16639542492894166
SRB,2006-06-30,2006,0,0.15488804143743337
SRB,2006-07-31,2006,0,0.13260583552751987
SRB,2006-08-31,2006,0,0.13731553830942525
SRB,2006-09-30,2006,0,0.1397962545898093
SRB,2006-10-31,2006,0,0.16176584136863387
SRB,2006-11-30,2006,0,0.11651346967406813
SRB,2006-12-31,2006,0,0.1210974930785018
SRB,2007-01-31,2007,0,0.29335073234206294
SRB,2007-02-28,2007,0,0.2965513301154021
SRB,2007-03-31,2007,0,0.2860585053136711
SRB,2007-04-30,2007,0,0.26438082627809717
SRB,2007-05-31,2007,0,0.315584214863376
SRB,2007-06-30,2007,0,0.3172608088738187
SRB,2007-07-31,2007,0,0.3367369992164727
SRB,2007-08-31,2007,0,0.3321786441597902
SRB,2007-09-30,2007,0,0.28030315959962426
SRB,2007-10-31,2007,0,0.26979810162615986
SRB,2007-11-30,2007,0,0.4419378079114101
SRB,2007-12-31,2007,0,0.3275770653587334
SRB,2008-01-31,2008,0,0.28966747105374757
SRB,2008-02-29,2008,0,0.24810332930053816
SRB,2008-03-31,2008,0,0.242471967760192
SRB,2008-04-30,2008,0,0.24794085417504205
SRB,2008-05-31,2008,0,0.2504801113626331
SRB,2008-06-30,2008,0,0.22417006499655698
SRB,2008-07-31,2008,0,0.21851773743866693
SRB,2008-08-31,2008,0,0.2520511144405953
SRB,2008-09-30,2008,0,0.32179806730648863
SRB,2008-10-31,2008,0,0.8274872577835182
SRB,2008-11-30,2008,0,0.7979099356721367
SRB,2008-12-31,2008,0,0.6353127554998839
SRB,2009-01-31,2009,0,0.6658077060274229
SRB,2009-02-28,2009,0,0.597653521365606
SRB,2009-03-31,2009,0,0.592209642034604
SRB,2009-04-30,2009,0,0.0021678483294247544
SRB,2009-05-31,2009,0,0.0012650396632798984
SRB,2009-06-30,2009,0,0.0019232687774246864
SRB,2009-07-31,2009,0,6.0135433144909304e-06
SRB,2009-08-31,2009,0,5.6723493979128544e-06
SRB,2009-09-30,2009,0,5.14394541514159e-06
SRB,2009-10-31,2009,0,0.0010943937560183557
SRB,2009-11-30,2009,0,0.0015979601157962966
SRB,2009-12-31,2009,0,0.0035631919273138393
SRB,2010-01-31,2010,0,0.5060032814426334
SRB,2010-02-28,2010,0,0.544192882974551
SRB,2010-03-31,2010,0,0.5544071656181053
SRB,2010-04-30,2010,0,0.5539890297985097
SRB,2010-05-31,2010,0,0.8151341365168969
SRB,2010-06-30,2010,0,0.8093457955240381
SRB,2010-07-31,2010,0,0.6232479705941919
SRB,2010-08-31,2010,0,0.3978213051425443
SRB,2010-09-30,2010,0,0.25365112913170434
SRB,2010-10-31,2010,0,0.2720390437285567
SRB,2010-11-30,2010,0,0.00251895279494991
SRB,2010-12-31,2010,0,0.002187520402356964
SRB,2011-01-31,2011,0,0.003394182856242202
SRB,2011-02-28,2011,0,0.0029934486780570867
SRB,2011-03-31,2011,0,0.0036012328862630237
SRB,2011-04-30,2011,0,0.0014964420754444059
SRB,2011-05-31,2011,0,0.18596121238550994
SRB,2011-06-30,2011,0,0.2612661218337158
SRB,2011-07-31,2011,0,0.3451213358406594
SRB,2011-08-31,2011,0,0.32825733179885896
SRB,2011-09-30,2011,0,0.4236098402930032
SRB,2011-10-31,2011,0,0.43441177807750164
SRB,2011-11-30,2011,0,0.5613193393312946
SRB,2011-12-31,2011,0,0.545953642726944
SRB,2012-01-31,2012,0,0.45766354757914846
SRB,2012-02-29,2012,0,0.45805159759667163
SRB,2012-03-31,2012,0,0.43859872415429735
SRB,2012-04-30,2012,0,0.6371571866871522
SRB,2012-05-31,2012,0,0.7814086399381796
SRB,2012-06-30,2012,0,0.6946786619122689
SRB,2012-07-31,2012,0,0.7377494728235381
SRB,2012-08-31,2012,0,0.45699324725178153
SRB,2012-09-30,2012,0,0.2808948436098871
SRB,2012-10-31,2012,0,0.2641001081449258
SRB,2012-11-30,2012,0,0.0015104388653494635
SRB,2012-12-31,2012,0,0.0018252059757702893
SRB,2013-01-31,2013,0,0.0017054290240330421
SRB,2013-02-28,2013,0,0.001973379883732843
SRB,2013-03-31,2013,0,0.0026586033088845835
SRB,2013-04-30,2013,0,0.0025412570722301263
SRB,2013-05-31,2013,0,0.3132905557741954
SRB,2013-06-30,2013,0,0.317596737276554
SRB,2013-07-31,2013,0,0.3453790919124487
SRB,2013-08-31,2013,0,0.3287456172420691
SRB,2013-09-30,2013,0,0.33153051996110067
SRB,2013-10-31,2013,0,0.347596733966274
SRB,2013-11-30,2013,0,0.3423031260926639
SRB,2013-12-31,2013,0,0.3415824937370293
SRB,2014-01-31,2014,0,0.40769229707445315
SRB,2014-02-28,2014,0,0.3957073978969944
SRB,2014-03-31,2014,0,0.4050941522578692
SRB,2014-04-30,2014,0,0.44996683858117154
SRB,2014-05-31,2014,0,0.4598164524026387
SRB,2014-06-30,2014,0,0.4837708110811229
SRB,2014-07-31,2014,0,0.49032260502864905
SRB,2014-08-31,2014,0,0.5063607741080015
SRB,2014-09-30,2014,0,0.5923261396372618
SRB,2014-10-31,2014,0,0.6085017111362465
SRB,2014-11-30,2014,0,0.5977116063973018
SRB,2014-12-31,2014,0,0.6217697089516351
SRB,2015-01-31,2015,0,0.7452217983343938
SRB,2015-02-28,2015,0,0.674324943073195
SRB,2015-03-31,2015,0,0.6840676411219454
SRB,2015-04-30,2015,0,0.5424629036349775
SRB,2015-05-31,2015,0,0.5541189012603901
SRB,2015-06-30,2015,0,0.48783520590275475
SRB,2015-07-31,2015,0,0.4649058669813509
SRB,2015-08-31,2015,0,0.41948857269497747
SRB,2015-09-30,2015,0,0.4244928747426025
SRB,2015-10-31,2015,0,0.44262154931402103
SRB,2015-11-30,2015,0,0.4822589610852102
SRB,2015-12-31,2015,0,0.446160038642206
SRB,2016-01-31,2016,0,0.37734111633571843
SRB,2016-02-29,2016,0,0.37603943153976976
SRB,2016-03-31,2016,0,0.34109153644678586
SRB,2016-04-30,2016,0,0.3281578718366839
SRB,2016-05-31,2016,0,0.3112587617487086
SRB,2016-06-30,2016,0,0.3251280295087721
SRB,2016-07-31,2016,0,0.33164089136709657
SRB,2016-08-31,2016,0,0.32681796706052596
SRB,2016-09-30,2016,0,0.412979561114057
SRB,2016-10-31,2016,0,0.399103428692512
SRB,2016-11-30,2016,0,0.39757467862700585
SRB,2016-12-31,2016,0,0.39204747455397193
STP,2003-01-31,2003,0,0.05978237165771853
STP,2003-02-28,2003,0,0.09739488448144396
STP,2003-03-31,2003,0,0.10099595728051732
STP,2003-04-30,2003,0,0.10592111477716952
STP,2003-05-31,2003,0,0.1219433369689405
STP,2003-06-30,2003,0,0.11030340651285969
STP,2003-07-31,2003,0,0.11557553954216387
STP,2003-08-31,2003,0,0.15944154482965864
STP,2003-09-30,2003,0,0.095053997900385
STP,2003-10-31,2003,0,0.08159526633394151
STP,2003-11-30,2003,0,0.07181740464538323
STP,2003-12-31,2003,0,0.07704894002627533
STP,2004-01-31,2004,0,0.09772089500040271
STP,2004-02-29,2004,0,0.0875808076773078
STP,2004-03-31,2004,0,0.10674009812200483
STP,2004-04-30,2004,0,0.09811629751302273
STP,2004-05-31,2004,0,0.08940319176914903
STP,2004-06-30,2004,0,0.10046589414471499
STP,2004-07-31,2004,0,0.09418987593306041
STP,2004-08-31,2004,0,0.0879063387143639
STP,2004-09-30,2004,0,0.10873980613141591
STP,2004-10-31,2004,0,0.07407565863818277
STP,2004-11-30,2004,0,0.06484110140086362
STP,2004-12-31,2004,0,0.06926538510185153
STP,2005-01-31,2005,0,0.06769576038093847
STP,2005-02-28,2005,0,0.0680734272698699
STP,2005-03-31,2005,0,0.0667384423370906
STP,2005-04-30,2005,0,0.0823662213881951
STP,2005-05-31,2005,0,0.053670377536455
STP,2005-06-30,2005,0,0.055201588560097034
STP,2005-07-31,2005,0,0.054620414364072854
STP,2005-08-31,2005,0,0.04978397255394731
STP,2005-09-30,2005,0,0.2914867822876089
STP,2005-10-31,2005,0,0.23005968108916128
STP,2005-11-30,2005,0,0.21101291532095878
STP,2005-12-31,2005,0,0.18983754543514625
STP,2006-01-31,2006,0,0.21759923724378608
STP,2006-02-28,2006,0,0.19369526313429217
STP,2006-03-31,2006,0,0.10885150635391641
STP,2006-04-30,2006,0,0.10312629332121998
STP,2006-05-31,2006,0,0.10271114987990129
STP,2006-06-30,2006,0,0.10922607157248815
STP,2006-07-31,2006,0,0.10293057799805783
STP,2006-08-31,2006,0,0.10000924895062699
STP,2006-09-30,2006,0,0.12325305318036747
STP,2006-10-31,2006,0,0.10505306812864605
STP,2006-11-30,2006,0,0.09660570467546031
STP,2006-12-31,2006,0,0.09739956897123243
STP,2007-01-31,2007,0,0.3261214405467798
STP,2007-02-28,2007,0,0.2851977835424075
STP,2007-03-31,2007,0,0.4619572963285495
STP,2007-04-30,2007,0,0.4700379996004161
STP,2007-05-31,2007,0,0.393321025858421
STP,2007-06-30,2007,0,0.419167584794173
STP,2007-07-31,2007,0,0.41309100327264175
STP,2007-08-31,2007,0,0.4284435216495126
STP,2007-09-30,2007,0,0.37913718711028516
STP,2007-10-31,2007,0,0.42938878086885174
STP,2007-11-30,2007,0,0.4070971959415344
STP,2007-12-31,2007,0,0.35329131012094855
STP,2008-01-31,2008,0,0.5374528910106491
STP,2008-02-29,2008,0,0.5455002850488072
STP,2008-03-31,2008,0,0.5454334279942562
STP,2008-04-30,2008,0,0.5500011330785478
STP,2008-05-31,2008,0,0.5494748856351619
STP,2008-06-30,2008,0,0.5313331944630306
STP,2008-07-31,2008,0,0.5280720002718685
STP,2008-08-31,2008,0,0.5167925583703857
STP,2008-09-30,2008,0,0.46660028213942134
STP,2008-10-31,2008,0,0.5112969642789813
STP,2008-11-30,2008,0,0.5142064584398666
STP,2008-12-31,2008,0,0.6441794173239515
STP,2009-01-31,2009,0,0.8102004260795594
STP,2009-02-28,2009,0,0.8131199261031206
STP,2009-03-31,2009,0,0.7113547518164414
STP,2009-04-30,2009,0,0.6823929514744075
STP,2009-05-31,2009,0,0.5707781276029261
STP,2009-06-30,2009,0,0.5625679379532581
STP,2009-07-31,2009,0,0.5239730651804574
STP,2009-08-31,2009,0,0.5188218301855901
STP,2009-09-30,2009,0,0.5555594928009505
STP,2009-10-31,2009,0,0.5606138396918832
STP,2009-11-30,2009,0,0.6024623012838832
STP,2009-12-31,2009,0,0.6948218647378002
STP,2010-01-31,2010,0,0.6401492458057265
STP,2010-02-28,2010,0,0.6571085288866457
STP,2010-03-31,2010,0,0.6418993443889655
STP,2010-04-30,2010,0,0.6296510171489716
STP,2010-05-31,2010,0,0.8023680296844237
STP,2010-06-30,2010,0,0.790610625103828
STP,2010-07-31,2010,0,0.5154569406538596
STP,2010-08-31,2010,0,0.5223921767077335
STP,2010-09-30,2010,0,0.3448096401081821
STP,2010-10-31,2010,0,0.36692289663854066
STP,2010-11-30,2010,0,0.3958612186666566
STP,2010-12-31,2010,0,0.38427355758058435
STP,2011-01-31,2011,0,0.30130837142848405
STP,2011-02-28,2011,0,0.2808798949547789
STP,2011-03-31,2011,0,0.33878925414359484
STP,2011-04-30,2011,0,0.28230928598777777
STP,2011-05-31,2011,0,0.27864825330839793
STP,2011-06-30,2011,0,0.2841667972745806
STP,2011-07-31,2011,0,0.34919436647887125
STP,2011-08-31,2011,0,0.32091767914044966
STP,2011-09-30,2011,0,0.4788037277149403
STP,2011-10-31,2011,0,0.3810565960531064
STP,2011-11-30,2011,0,0.45664284749564055
STP,2011-12-31,2011,0,0.4571443954694998
STP,2012-01-31,2012,0,0.4913474393261145
STP,2012-02-29,2012,0,0.4313555438451129
STP,2012-03-31,2012,0,0.4049300265631351
STP,2012-04-30,2012,0,0.494674486905211
STP,2012-05-31,2012,0,0.5489196678489625
STP,2012-06-30,2012,0,0.5324052432752565
STP,2012-07-31,2012,0,0.5605464382455703
STP,2012-08-31,2012,0,0.5168356490681182
STP,2012-09-30,2012,0,0.4492334096966322
STP,2012-10-31,2012,0,0.4758163867298784
STP,2012-11-30,2012,0,0.4301011084843645
STP,2012-12-31,2012,0,0.45881796316000373
STP,2013-01-31,2013,0,0.3782611250968789
STP,2013-02-28,2013,0,0.4100149226253143
STP,2013-03-31,2013,0,0.4439254063521535
STP,2013-04-30,2013,0,0.42865140639336036
STP,2013-05-31,2013,0,0.3877254480065087
STP,2013-06-30,2013,0,0.3819415569666445
STP,2013-07-31,2013,0,0.4029630163455833
STP,2013-08-31,2013,0,0.38698323579261223
STP,2013-09-30,2013,0,0.3771865563830802
STP,2013-10-31,2013,0,0.38294928420501795
STP,2013-11-30,2013,0,0.37637677667495756
STP,2013-12-31,2013,0,0.3796492401178137
STP,2014-01-31,2014,0,0.3227207970089796
STP,2014-02-28,2014,0,0.30902097453564326
STP,2014-03-31,2014,0,0.3217494372606117
STP,2014-04-30,2014,0,0.3367232881887986
STP,2014-05-31,2014,0,0.34627684194767316
STP,2014-06-30,2014,0,0.35698729429938225
STP,2014-07-31,2014,0,0.364272045723585
STP,2014-08-31,2014,0,0.3636741850074847
STP,2014-09-30,2014,0,0.4365433583621896
STP,2014-10-31,2014,0,0.46205356282299237
STP,2014-11-30,2014,0,0.4581585612498923
STP,2014-12-31,2014,0,0.48454960036829936
STP,2015-01-31,2015,0,0.6510549829204811
STP,2015-02-28,2015,0,0.6343331449892717
STP,2015-03-31,2015,0,0.6334966094640114
STP,2015-04-30,2015,0,0.5440834938585574
STP,2015-05-31,2015,0,0.5493925983579588
STP,2015-06-30,2015,0,0.45586392205071924
STP,2015-07-31,2015,0,0.43792076000602675
STP,2015-08-31,2015,0,0.367379385255449
STP,2015-09-30,2015,0,0.3611383620896924
STP,2015-10-31,2015,0,0.35421345288616274
STP,2015-11-30,2015,0,0.42102974266686044
STP,2015-12-31,2015,0,0.36956736151657804
STP,2016-01-31,2016,0,0.32334241365958905
STP,2016-02-29,2016,0,0.32675885748069167
STP,2016-03-31,2016,0,0.3255038140771211
STP,2016-04-30,2016,0,0.3159812935512503
STP,2016-05-31,2016,0,0.2727637812029746
STP,2016-06-30,2016,0,0.287466835702867
STP,2016-07-31,2016,0,0.29797994415971685
STP,2016-08-31,2016,0,0.3047802449141888
STP,2016-09-30,2016,0,0.37304443898424056
STP,2016-10-31,2016,0,0.38673667415403656
STP,2016-11-30,2016,0,0.33773534729901517
STP,2016-12-31,2016,0,0.36533996767691185
SUR,2002-01-31,2002,0,0.3628423500145859
SUR,2002-02-28,2002,0,0.3628423500145859
SUR,2002-03-31,2002,0,0.3628423500145859
SUR,2002-04-30,2002,0,0.3628423500145859
SUR,2002-05-31,2002,0,0.3628423500145859
SUR,2002-06-30,2002,0,0.3628423500145859
SUR,2002-07-31,2002,0,0.8558040832895879
SUR,2002-08-31,2002,0,0.8497604097081826
SUR,2002-09-30,2002,0,0.8497604097081826
SUR,2002-10-31,2002,0,0.47528584388094836
SUR,2002-11-30,2002,0,0.47528584388094836
SUR,2002-12-31,2002,0,0.47528584388094836
SUR,2003-01-31,2003,0,0.020317076796973452
SUR,2003-02-28,2003,0,0.020249186317534987
SUR,2003-03-31,2003,0,0.02239635615512738
SUR,2003-04-30,2003,0,0.021497842534794948
SUR,2003-05-31,2003,0,0.021497842534794948
SUR,2003-06-30,2003,0,0.021037453222160062
SUR,2003-07-31,2003,0,0.7500571461025185
SUR,2003-08-31,2003,0,0.7500571461025185
SUR,2003-09-30,2003,0,0.6479746338632588
SUR,2003-10-31,2003,0,0.6479746338632588
SUR,2003-11-30,2003,0,0.6479746338632588
SUR,2003-12-31,2003,0,0.6479746338632588
SUR,2004-01-31,2004,0,0.721375558169479
SUR,2004-02-29,2004,0,0.7124557643152277
SUR,2004-03-31,2004,0,0.7915174031438915
SUR,2004-04-30,2004,0,0.7831695363001729
SUR,2004-05-31,2004,0,0.7831695363001729
SUR,2004-06-30,2004,0,0.7831695363001729
SUR,2004-07-31,2004,0,0.7248849838453504
SUR,2004-08-31,2004,0,0.7248849838453504
SUR,2004-09-30,2004,0,0.7248849838453504
SUR,2004-10-31,2004,0,0.7248849838453504
SUR,2004-11-30,2004,0,0.7248849838453504
SUR,2004-12-31,2004,0,0.6288111784169176
SUR,2005-01-31,2005,0,0.16215039800114284
SUR,2005-02-28,2005,0,0.16215039800114284
SUR,2005-03-31,2005,0,0.1647115380569323
SUR,2005-04-30,2005,0,0.1647115380569323
SUR,2005-05-31,2005,0,0.571826120647462
SUR,2005-06-30,2005,0,0.618174277080305
SUR,2005-07-31,2005,0,0.618174277080305
SUR,2005-08-31,2005,0,0.6167994144084452
SUR,2005-09-30,2005,0,0.6167994144084452
SUR,2005-10-31,2005,0,0.6167994144084452
SUR,2005-11-30,2005,0,0.5609097490536213
SUR,2005-12-31,2005,0,0.7784842614107698
SUR,2006-01-31,2006,0,0.6790824484712652
SUR,2006-02-28,2006,0,0.6790824484712652
SUR,2006-03-31,2006,0,0.6790824484712652
SUR,2006-04-30,2006,0,0.05898929400291589
SUR,2006-05-31,2006,0,0.06609709055494534
SUR,2006-06-30,2006,0,0.06609709055494534
SUR,2006-07-31,2006,0,0.0659989705960755
SUR,2006-08-31,2006,0,0.0659989705960755
SUR,2006-09-30,2006,0,0.0659989705960755
SUR,2006-10-31,2006,0,0.6865139404765869
SUR,2006-11-30,2006,0,0.6865139404765869
SUR,2006-12-31,2006,0,0.6865139404765869
SUR,2007-01-31,2007,0,0.5866781705382715
SUR,2007-02-28,2007,0,0.5866781705382715
SUR,2007-03-31,2007,0,0.5866781705382715
SUR,2007-04-30,2007,0,0.28490039204900613
SUR,2007-05-31,2007,0,0.28490039204900613
SUR,2007-06-30,2007,0,0.28490039204900613
SUR,2007-07-31,2007,0,0.28490039204900613
SUR,2007-08-31,2007,0,0.28490039204900613
SUR,2007-09-30,2007,0,0.28490039204900613
SUR,2007-10-31,2007,0,0.28490039204900613
SUR,2007-11-30,2007,0,0.28490039204900613
SUR,2007-12-31,2007,0,0.28490039204900613
SUR,2008-01-31,2008,0,0.5441067483272377
SUR,2008-02-29,2008,0,0.5441067483272377
SUR,2008-03-31,2008,0,0.5441067483272377
SUR,2008-04-30,2008,0,0.5441067483272377
SUR,2008-05-31,2008,0,0.5441067483272377
SUR,2008-06-30,2008,0,0.5441067483272377
SUR,2008-07-31,2008,0,0.5441067483272377
SUR,2008-08-31,2008,0,0.5441067483272377
SUR,2008-09-30,2008,0,0.5441067483272377
SUR,2008-10-31,2008,0,0.5441067483272377
SUR,2008-11-30,2008,0,0.5441067483272377
SUR,2008-12-31,2008,0,0.5441067483272377
SUR,2009-01-31,2009,0,0.6457400049167209
SUR,2009-02-28,2009,0,0.6457400049167209
SUR,2009-03-31,2009,0,0.6457400049167209
SUR,2009-04-30,2009,0,0.6457400049167209
SUR,2009-05-31,2009,0,0.6457400049167209
SUR,2009-06-30,2009,0,0.6457400049167209
SUR,2009-07-31,2009,0,0.6457400049167209
SUR,2009-08-31,2009,0,0.6457400049167209
SUR,2009-09-30,2009,0,0.6457400049167209
SUR,2009-10-31,2009,0,0.6457400049167209
SUR,2009-11-30,2009,0,0.6457400049167209
SUR,2009-12-31,2009,0,0.6457400049167209
SUR,2010-01-31,2010,0,0.5806002925237361
SUR,2010-02-28,2010,0,0.5806002925237361
SUR,2010-03-31,2010,0,0.5806002925237361
SUR,2010-04-30,2010,0,0.5806002925237361
SUR,2010-05-31,2010,0,0.5806002925237361
SUR,2010-06-30,2010,0,0.5806002925237361
SUR,2010-07-31,2010,0,0.5806002925237361
SUR,2010-08-31,2010,0,0.5806002925237361
SUR,2010-09-30,2010,0,0.5806002925237361
SUR,2010-10-31,2010,0,0.5806002925237361
SUR,2010-11-30,2010,0,0.5806002925237361
SUR,2010-12-31,2010,0,0.5806002925237361
SUR,2011-01-31,2011,0,0.9246609381561479
SUR,2011-02-28,2011,0,0.9117805882510414
SUR,2011-03-31,2011,0,0.9117805882510414
SUR,2011-04-30,2011,0,0.778796589757453
SUR,2011-05-31,2011,0,0.778796589757453
SUR,2011-06-30,2011,0,0.778796589757453
SUR,2011-07-31,2011,0,0.01830037228883926
SUR,2011-08-31,2011,0,0.01830037228883926
SUR,2011-09-30,2011,0,0.01830037228883926
SUR,2011-10-31,2011,0,0.01830037228883926
SUR,2011-11-30,2011,0,0.01830037228883926
SUR,2011-12-31,2011,0,0.01830037228883926
SUR,2012-01-31,2012,0,0.6074249576141155
SUR,2012-02-29,2012,0,0.6074249576141155
SUR,2012-03-31,2012,0,0.6074249576141155
SUR,2012-04-30,2012,0,0.6074249576141155
SUR,2012-05-31,2012,0,0.6074249576141155
SUR,2012-06-30,2012,0,0.6074249576141155
SUR,2012-07-31,2012,0,0.6074249576141155
SUR,2012-08-31,2012,0,0.6074249576141155
SUR,2012-09-30,2012,0,0.6074249576141155
SUR,2012-10-31,2012,0,0.6074249576141155
SUR,2012-11-30,2012,0,0.6074249576141155
SUR,2012-12-31,2012,0,0.6074249576141155
SUR,2013-01-31,2013,0,0.5778973482825137
SUR,2013-02-28,2013,0,0.5778973482825137
SUR,2013-03-31,2013,0,0.5778973482825137
SUR,2013-04-30,2013,0,0.5778973482825137
SUR,2013-05-31,2013,0,0.5778973482825137
SUR,2013-06-30,2013,0,0.5778973482825137
SUR,2013-07-31,2013,0,0.5778973482825137
SUR,2013-08-31,2013,0,0.5778973482825137
SUR,2013-09-30,2013,0,0.5778973482825137
SUR,2013-10-31,2013,0,0.5778973482825137
SUR,2013-11-30,2013,0,0.5778973482825137
SUR,2013-12-31,2013,0,0.5778973482825137
SUR,2014-01-31,2014,0,0.4903472306753189
SUR,2014-02-28,2014,0,0.4903472306753189
SUR,2014-03-31,2014,0,0.4903472306753189
SUR,2014-04-30,2014,0,0.4903472306753189
SUR,2014-05-31,2014,0,0.4903472306753189
SUR,2014-06-30,2014,0,0.4903472306753189
SUR,2014-07-31,2014,0,0.4903472306753189
SUR,2014-08-31,2014,0,0.4903472306753189
SUR,2014-09-30,2014,0,0.4903472306753189
SUR,2014-10-31,2014,0,0.4903472306753189
SUR,2014-11-30,2014,0,0.4903472306753189
SUR,2014-12-31,2014,0,0.4903472306753189
SUR,2015-01-31,2015,1,0.5252818086904705
SUR,2015-02-28,2015,1,0.5252818086904705
SUR,2015-03-31,2015,1,0.5252818086904705
SUR,2015-04-30,2015,1,0.5252818086904705
SUR,2015-05-31,2015,1,0.5252818086904705
SUR,2015-06-30,2015,1,0.5252818086904705
SUR,2015-07-31,2015,1,0.5252818086904705
SUR,2015-08-31,2015,1,0.5252818086904705
SUR,2015-09-30,2015,1,0.5252818086904705
SUR,2015-10-31,2015,1,0.5252818086904705
SUR,2015-11-30,2015,1,0.8247781234881023
SUR,2015-12-31,2015,1,0.8264334171439657
SUR,2016-01-31,2016,0,0.8415241796554832
SUR,2016-02-29,2016,0,0.6727863214291693
SUR,2016-03-31,2016,0,0.7270158675276196
SUR,2016-04-30,2016,0,0.802777003947061
SUR,2016-05-31,2016,0,0.9078824572215886
SUR,2016-06-30,2016,0,0.7853442478771495
SUR,2016-07-31,2016,0,0.7852669589477057
SUR,2016-08-31,2016,0,0.6307004546674299
SUR,2016-09-30,2016,0,0.5589677859552754
SUR,2016-10-31,2016,0,0.27855213056302686
SUR,2016-11-30,2016,0,0.29943475177106077
SUR,2016-12-31,2016,0,0.2865538864851927
SWZ,2002-01-31,2002,0,0.8943741864282919
SWZ,2002-02-28,2002,0,0.5617549241207959
SWZ,2002-03-31,2002,0,0.17157846173881836
SWZ,2002-04-30,2002,0,0.14310124977009533
SWZ,2002-05-31,2002,0,0.001919184069921373
SWZ,2002-06-30,2002,0,2.235617659329532e-05
SWZ,2002-07-31,2002,0,2.221428723190655e-05
SWZ,2002-08-31,2002,0,2.528695845251971e-05
SWZ,2002-09-30,2002,0,2.5433841988178705e-05
SWZ,2002-10-31,2002,0,2.4740869985305727e-05
SWZ,2002-11-30,2002,0,0.003391824960135421
SWZ,2002-12-31,2002,0,0.25650632967183973
SWZ,2003-01-31,2003,0,0.28810802851373596
SWZ,2003-02-28,2003,0,0.29780751411879347
SWZ,2003-03-31,2003,0,0.3166288935855802
SWZ,2003-04-30,2003,0,0.27537574326710834
SWZ,2003-05-31,2003,0,0.589537095297498
SWZ,2003-06-30,2003,0,0.5570450679872496
SWZ,2003-07-31,2003,0,0.6050014643484412
SWZ,2003-08-31,2003,0,0.23511582288794702
SWZ,2003-09-30,2003,0,0.24587423093305805
SWZ,2003-10-31,2003,0,0.26697238126979633
SWZ,2003-11-30,2003,0,0.005430367577019185
SWZ,2003-12-31,2003,0,0.006650149800764524
SWZ,2004-01-31,2004,0,0.009101123169728297
SWZ,2004-02-29,2004,0,0.008411918796356652
SWZ,2004-03-31,2004,0,0.00753762173575235
SWZ,2004-04-30,2004,0,0.00916425818262109
SWZ,2004-05-31,2004,0,0.5202742760372604
SWZ,2004-06-30,2004,0,0.5263422698719331
SWZ,2004-07-31,2004,0,0.5150128018722535
SWZ,2004-08-31,2004,0,0.5783142268289702
SWZ,2004-09-30,2004,0,0.5615603685789868
SWZ,2004-10-31,2004,0,0.5349685357847528
SWZ,2004-11-30,2004,0,0.47516519803857665
SWZ,2004-12-31,2004,0,0.5099979291645225
SWZ,2005-01-31,2005,0,0.3997770644331783
SWZ,2005-02-28,2005,0,0.396608581998608
SWZ,2005-03-31,2005,0,0.4503386202383453
SWZ,2005-04-30,2005,0,0.42676235088796405
SWZ,2005-05-31,2005,0,0.6717838637575008
SWZ,2005-06-30,2005,0,0.631709628797207
SWZ,2005-07-31,2005,0,0.6261015015950849
SWZ,2005-08-31,2005,0,0.46925631925495076
SWZ,2005-09-30,2005,0,0.44577106733132077
SWZ,2005-10-31,2005,0,0.47084049980321857
SWZ,2005-11-30,2005,0,0.005457933084805831
SWZ,2005-12-31,2005,0,0.005526960714383595
SWZ,2006-01-31,2006,0,0.0030799906112893008
SWZ,2006-02-28,2006,0,0.003454325688086553
SWZ,2006-03-31,2006,0,0.004450067835602937
SWZ,2006-04-30,2006,0,0.004421665349922923
SWZ,2006-05-31,2006,0,0.5554433327445322
SWZ,2006-06-30,2006,0,0.6042907956491977
SWZ,2006-07-31,2006,0,0.5238452443512751
SWZ,2006-08-31,2006,0,0.5245206778198376
SWZ,2006-09-30,2006,0,0.5758041464392581
SWZ,2006-10-31,2006,0,0.5178262502340694
SWZ,2006-11-30,2006,0,0.400947177067094
SWZ,2006-12-31,2006,0,0.3448741543680149
SWZ,2007-01-31,2007,0,0.4274553599063869
SWZ,2007-02-28,2007,0,0.45036095697989387
SWZ,2007-03-31,2007,0,0.4161281370104762
SWZ,2007-04-30,2007,0,0.3891507005142519
SWZ,2007-05-31,2007,0,0.41989463968310037
SWZ,2007-06-30,2007,0,0.4204081660562526
SWZ,2007-07-31,2007,0,0.4293745515425843
SWZ,2007-08-31,2007,0,0.4214470504509071
SWZ,2007-09-30,2007,0,0.2700680098421982
SWZ,2007-10-31,2007,0,0.231067157476771
SWZ,2007-11-30,2007,0,0.2748139272529302
SWZ,2007-12-31,2007,0,0.2701862363199145
SWZ,2008-01-31,2008,0,0.6300427878548339
SWZ,2008-02-29,2008,0,0.6200660255239772
SWZ,2008-03-31,2008,0,0.6771283876121004
SWZ,2008-04-30,2008,0,0.47799895529095643
SWZ,2008-05-31,2008,0,0.4685987694197099
SWZ,2008-06-30,2008,0,0.46712391804400083
SWZ,2008-07-31,2008,0,0.32708114563437335
SWZ,2008-08-31,2008,0,0.3798385423035389
SWZ,2008-09-30,2008,0,0.425094657723737
SWZ,2008-10-31,2008,0,0.912406942920659
SWZ,2008-11-30,2008,0,0.8730048377549959
SWZ,2008-12-31,2008,0,0.6534165005239624
SWZ,2009-01-31,2009,0,0.5472158788932917
SWZ,2009-02-28,2009,0,0.4475187665635031
SWZ,2009-03-31,2009,0,0.33505109921603515
SWZ,2009-04-30,2009,0,0.0007363111289374372
SWZ,2009-05-31,2009,0,0.0006196761017016603
SWZ,2009-06-30,2009,0,0.0006886605816087808
SWZ,2009-07-31,2009,0,0.0008180552288853505
SWZ,2009-08-31,2009,0,0.0008886573341890743
SWZ,2009-09-30,2009,0,0.0007578142212306529
SWZ,2009-10-31,2009,0,0.21432432428061943
SWZ,2009-11-30,2009,0,0.20909722931908412
SWZ,2009-12-31,2009,0,0.2492834758831719
SWZ,2010-01-31,2010,0,0.2639363918427838
SWZ,2010-02-28,2010,0,0.2997425831981195
SWZ,2010-03-31,2010,0,0.2548876052101028
SWZ,2010-04-30,2010,0,0.29820719474415996
SWZ,2010-05-31,2010,0,0.35927151635678617
SWZ,2010-06-30,2010,0,0.38836761655674623
SWZ,2010-07-31,2010,0,0.3312457172476783
SWZ,2010-08-31,2010,0,0.3315151404230333
SWZ,2010-09-30,2010,0,0.26489013662973093
SWZ,2010-10-31,2010,0,0.2825548907148036
SWZ,2010-11-30,2010,0,0.2830920175673424
SWZ,2010-12-31,2010,0,0.2134808899765236
SWZ,2011-01-31,2011,0,0.27551321310633436
SWZ,2011-02-28,2011,0,0.215048612299927
SWZ,2011-03-31,2011,0,0.2736494651938076
SWZ,2011-04-30,2011,0,0.24063813566104508
SWZ,2011-05-31,2011,0,0.2682473750908969
SWZ,2011-06-30,2011,0,0.32746969283075295
SWZ,2011-07-31,2011,0,0.32921199715604854
SWZ,2011-08-31,2011,0,0.36066632094505374
SWZ,2011-09-30,2011,0,0.7106504707250835
SWZ,2011-10-31,2011,0,0.6480497766049451
SWZ,2011-11-30,2011,0,0.6882339179504737
SWZ,2011-12-31,2011,0,0.39954005616653976
SWZ,2012-01-31,2012,0,0.3249301479607149
SWZ,2012-02-29,2012,0,0.23262458497254243
SWZ,2012-03-31,2012,0,0.0016058049304985332
SWZ,2012-04-30,2012,0,0.002096702931023134
SWZ,2012-05-31,2012,0,0.004782491569468743
SWZ,2012-06-30,2012,0,0.0032983190124472625
SWZ,2012-07-31,2012,0,0.003796619670976769
SWZ,2012-08-31,2012,0,0.0019004150374669429
SWZ,2012-09-30,2012,0,0.3203281251359808
SWZ,2012-10-31,2012,0,0.3644794183249548
SWZ,2012-11-30,2012,0,0.0024708286468438315
SWZ,2012-12-31,2012,0,0.0022296382485359895
SWZ,2013-01-31,2013,0,0.005312821551302117
SWZ,2013-02-28,2013,0,0.005543256577377605
SWZ,2013-03-31,2013,0,0.0071788266707342625
SWZ,2013-04-30,2013,0,0.00502567426558987
SWZ,2013-05-31,2013,0,0.7522055983159605
SWZ,2013-06-30,2013,0,0.7783196381984994
SWZ,2013-07-31,2013,0,0.7379763144557415
SWZ,2013-08-31,2013,0,0.5208240654758113
SWZ,2013-09-30,2013,0,0.46040273149186384
SWZ,2013-10-31,2013,0,0.4590131481278783
SWZ,2013-11-30,2013,0,0.005062488580865013
SWZ,2013-12-31,2013,0,0.006775428146715145
SWZ,2014-01-31,2014,1,0.12849025861338925
SWZ,2014-02-28,2014,1,0.06545307503233076
SWZ,2014-03-31,2014,1,0.06071743362833304
SWZ,2014-04-30,2014,1,0.059984187297859655
SWZ,2014-05-31,2014,1,0.37680925600931714
SWZ,2014-06-30,2014,1,0.376995014806169
SWZ,2014-07-31,2014,1,0.3426981260490865
SWZ,2014-08-31,2014,1,0.4221183747282855
SWZ,2014-09-30,2014,1,0.4809109029194926
SWZ,2014-10-31,2014,1,0.3904662342904559
SWZ,2014-11-30,2014,1,0.41218355505305787
SWZ,2014-12-31,2014,1,0.42698046103381104
SWZ,2015-01-31,2015,0,0.5378587939514325
SWZ,2015-02-28,2015,0,0.600661473054804
SWZ,2015-03-31,2015,0,0.574693227575332
SWZ,2015-04-30,2015,0,0.5539344868994559
SWZ,2015-05-31,2015,0,0.5603898143076046
SWZ,2015-06-30,2015,0,0.5290197879262193
SWZ,2015-07-31,2015,0,0.5601466705879337
SWZ,2015-08-31,2015,0,0.5833837525102968
SWZ,2015-09-30,2015,0,0.5872072738770202
SWZ,2015-10-31,2015,0,0.6294421300246168
SWZ,2015-11-30,2015,0,0.6232509603295434
SWZ,2015-12-31,2015,0,0.6930815662328693
SWZ,2016-01-31,2016,0,0.644831657413522
SWZ,2016-02-29,2016,0,0.599136030170119
SWZ,2016-03-31,2016,0,0.2923684808463337
SWZ,2016-04-30,2016,0,0.26089732703143115
SWZ,2016-05-31,2016,0,0.3705504520043575
SWZ,2016-06-30,2016,0,0.29599490593559835
SWZ,2016-07-31,2016,0,0.2682730916671089
SWZ,2016-08-31,2016,0,0.139057881596499
SWZ,2016-09-30,2016,0,0.16373987327216452
SWZ,2016-10-31,2016,0,0.1849111404752077
SWZ,2016-11-30,2016,0,0.1861468582065979
SWZ,2016-12-31,2016,0,0.22890718150547187
SYC,2002-01-31,2002,0,0.15186875807753625
SYC,2002-02-28,2002,0,0.18682763710266692
SYC,2002-03-31,2002,0,0.17756537651213616
SYC,2002-04-30,2002,0,0.19088060057196246
SYC,2002-05-31,2002,0,0.21931373980431854
SYC,2002-06-30,2002,0,0.22872421846541913
SYC,2002-07-31,2002,0,0.225989261412036
SYC,2002-08-31,2002,0,0.22559381810647583
SYC,2002-09-30,2002,0,0.2297089498160671
SYC,2002-10-31,2002,0,0.22130911336251932
SYC,2002-11-30,2002,0,0.20809272286697444
SYC,2002-12-31,2002,0,0.16430101047474924
SYC,2003-01-31,2003,0,0.10874726017640629
SYC,2003-02-28,2003,0,0.17252653017040492
SYC,2003-03-31,2003,0,0.2428970560564183
SYC,2003-04-30,2003,0,0.22952218954059458
SYC,2003-05-31,2003,0,0.19604411144434575
SYC,2003-06-30,2003,0,0.18994666099421573
SYC,2003-07-31,2003,0,0.19843098990873265
SYC,2003-08-31,2003,0,0.2061679828815516
SYC,2003-09-30,2003,0,0.1729162088543944
SYC,2003-10-31,2003,0,0.16605300792432548
SYC,2003-11-30,2003,0,0.16727559942254566
SYC,2003-12-31,2003,0,0.21370210731559264
SYC,2004-01-31,2004,0,0.2950023170553663
SYC,2004-02-29,2004,0,0.2654395173643377
SYC,2004-03-31,2004,0,0.3170168725285634
SYC,2004-04-30,2004,0,0.26556112029939305
SYC,2004-05-31,2004,0,0.26946592669238095
SYC,2004-06-30,2004,0,0.26495774758618124
SYC,2004-07-31,2004,0,0.247063118627826
SYC,2004-08-31,2004,0,0.12951447930715596
SYC,2004-09-30,2004,0,0.31044093381994614
SYC,2004-10-31,2004,0,0.31044093381994614
SYC,2004-11-30,2004,0,0.31044093381994614
SYC,2004-12-31,2004,0,0.31044093381994614
SYC,2005-01-31,2005,0,0.47969433887100316
SYC,2005-02-28,2005,0,0.47969433887100316
SYC,2005-03-31,2005,0,0.47969433887100316
SYC,2005-04-30,2005,0,0.47969433887100316
SYC,2005-05-31,2005,0,0.47969433887100316
SYC,2005-06-30,2005,0,0.47969433887100316
SYC,2005-07-31,2005,0,0.47969433887100316
SYC,2005-08-31,2005,0,0.47969433887100316
SYC,2005-09-30,2005,0,0.47969433887100316
SYC,2005-10-31,2005,0,0.47969433887100316
SYC,2005-11-30,2005,0,0.47969433887100316
SYC,2005-12-31,2005,0,0.47969433887100316
SYC,2006-01-31,2006,0,0.38718212920793926
SYC,2006-02-28,2006,0,0.38718212920793926
SYC,2006-03-31,2006,0,0.38718212920793926
SYC,2006-04-30,2006,0,0.38718212920793926
SYC,2006-05-31,2006,0,0.38718212920793926
SYC,2006-06-30,2006,0,0.38718212920793926
SYC,2006-07-31,2006,0,0.38718212920793926
SYC,2006-08-31,2006,0,0.38718212920793926
SYC,2006-09-30,2006,0,0.38718212920793926
SYC,2006-10-31,2006,0,0.7525968866666328
SYC,2006-11-30,2006,0,0.6605583884253737
SYC,2006-12-31,2006,0,0.7597697144270965
SYC,2007-01-31,2007,1,0.5685503726441407
SYC,2007-02-28,2007,1,0.5602701038423206
SYC,2007-03-31,2007,1,0.542550104093842
SYC,2007-04-30,2007,1,0.5291393337311842
SYC,2007-05-31,2007,1,0.528547463708747
SYC,2007-06-30,2007,1,0.497850282364987
SYC,2007-07-31,2007,1,0.4711231870450426
SYC,2007-08-31,2007,1,0.4980640874934664
SYC,2007-09-30,2007,1,0.5035934072930751
SYC,2007-10-31,2007,1,0.8072839500437253
SYC,2007-11-30,2007,1,0.7587573845133583
SYC,2007-12-31,2007,1,0.7189612143950594
SYC,2008-01-31,2008,0,0.6962712538657148
SYC,2008-02-29,2008,0,0.6655250098836181
SYC,2008-03-31,2008,0,0.6471717305141808
SYC,2008-04-30,2008,0,0.005086945339159958
SYC,2008-05-31,2008,0,0.004941849885262974
SYC,2008-06-30,2008,0,0.005365558487347608
SYC,2008-07-31,2008,0,0.005652310344292364
SYC,2008-08-31,2008,0,0.007645246585429237
SYC,2008-09-30,2008,0,0.010281348265947817
SYC,2008-10-31,2008,0,0.8257129544671631
SYC,2008-11-30,2008,0,0.983378892016342
SYC,2008-12-31,2008,0,0.9580024724317395
SYC,2009-01-31,2009,0,0.8989422538199053
SYC,2009-02-28,2009,0,0.6747467672967161
SYC,2009-03-31,2009,0,0.5507534182820285
SYC,2009-04-30,2009,0,0.3037105376830132
SYC,2009-05-31,2009,0,0.0011416761848192637
SYC,2009-06-30,2009,0,0.0012327553650946467
SYC,2009-07-31,2009,0,0.0011261770329985678
SYC,2009-08-31,2009,0,0.001037302057848819
SYC,2009-09-30,2009,0,0.00021903477161132443
SYC,2009-10-31,2009,0,0.000309276415006957
SYC,2009-11-30,2009,0,0.057272598309516656
SYC,2009-12-31,2009,0,0.0956624064429473
SYC,2010-01-31,2010,0,0.11045600590812879
SYC,2010-02-28,2010,0,0.13480732663149594
SYC,2010-03-31,2010,0,0.34488380011822367
SYC,2010-04-30,2010,0,0.3584962195928069
SYC,2010-05-31,2010,0,0.3767374572470667
SYC,2010-06-30,2010,0,0.38025714291006046
SYC,2010-07-31,2010,0,0.3569467640158082
SYC,2010-08-31,2010,0,0.3663959313371354
SYC,2010-09-30,2010,0,0.5837721892721849
SYC,2010-10-31,2010,0,0.5706472816834746
SYC,2010-11-30,2010,0,0.5277781394851493
SYC,2010-12-31,2010,0,0.5200974924055067
SYC,2011-01-31,2011,0,0.44637511498585397
SYC,2011-02-28,2011,0,0.4705967898880201
SYC,2011-03-31,2011,0,0.46753309366900486
SYC,2011-04-30,2011,0,0.45319419491973084
SYC,2011-05-31,2011,0,0.38508876218349586
SYC,2011-06-30,2011,0,0.36344630772093683
SYC,2011-07-31,2011,0,0.42338823235667183
SYC,2011-08-31,2011,0,0.43681302702685165
SYC,2011-09-30,2011,0,0.44807618656613635
SYC,2011-10-31,2011,0,0.44038650095400195
SYC,2011-11-30,2011,0,0.5831121223064931
SYC,2011-12-31,2011,0,0.5963053936496951
SYC,2012-01-31,2012,0,0.7429803805516383
SYC,2012-02-29,2012,0,0.7160900543225546
SYC,2012-03-31,2012,0,0.7010821428838235
SYC,2012-04-30,2012,0,0.7038208061912758
SYC,2012-05-31,2012,0,0.7052612852803192
SYC,2012-06-30,2012,0,0.689544784217269
SYC,2012-07-31,2012,0,0.499418229778961
SYC,2012-08-31,2012,0,0.2796292928827903
SYC,2012-09-30,2012,0,0.28134668437361277
SYC,2012-10-31,2012,0,0.29246256582131674
SYC,2012-11-30,2012,0,0.3124549860156035
SYC,2012-12-31,2012,0,0.2705970553338302
SYC,2013-01-31,2013,0,0.18432554190908423
SYC,2013-02-28,2013,0,0.1806662490958677
SYC,2013-03-31,2013,0,0.16614451039792918
SYC,2013-04-30,2013,0,0.174678197187648
SYC,2013-05-31,2013,0,0.19046514164691866
SYC,2013-06-30,2013,0,0.2247493809593415
SYC,2013-07-31,2013,0,0.22947854555420982
SYC,2013-08-31,2013,0,0.2509861684695756
SYC,2013-09-30,2013,0,0.3019195276732264
SYC,2013-10-31,2013,0,0.30072925770127973
SYC,2013-11-30,2013,0,0.3094240994108233
SYC,2013-12-31,2013,0,0.31547789774023294
SYC,2014-01-31,2014,0,0.24668291998498465
SYC,2014-02-28,2014,0,0.21086104040088915
SYC,2014-03-31,2014,0,0.36569824149959357
SYC,2014-04-30,2014,0,0.3546912742376236
SYC,2014-05-31,2014,0,0.36823231689707514
SYC,2014-06-30,2014,0,0.3713523846287592
SYC,2014-07-31,2014,0,0.3997320503434868
SYC,2014-08-31,2014,0,0.5714185896803624
SYC,2014-09-30,2014,0,0.5692289516162962
SYC,2014-10-31,2014,0,0.5812698886026713
SYC,2014-11-30,2014,0,0.5579461317012594
SYC,2014-12-31,2014,0,0.5185486029136616
SYC,2015-01-31,2015,0,0.58963084824559
SYC,2015-02-28,2015,0,0.5124263409209228
SYC,2015-03-31,2015,0,0.47806184282750563
SYC,2015-04-30,2015,0,0.4264918257754952
SYC,2015-05-31,2015,0,0.41859002451708155
SYC,2015-06-30,2015,0,0.429802563176456
SYC,2015-07-31,2015,0,0.44380093023887146
SYC,2015-08-31,2015,0,0.4587968811276532
SYC,2015-09-30,2015,0,0.5191825230482054
SYC,2015-10-31,2015,0,0.3513589598779477
SYC,2015-11-30,2015,0,0.3598680606674916
SYC,2015-12-31,2015,0,0.3623086072133953
SYC,2016-01-31,2016,0,0.37174309717453125
SYC,2016-02-29,2016,0,0.36876791472583437
SYC,2016-03-31,2016,0,0.37566351204726145
SYC,2016-04-30,2016,0,0.39370557677109613
SYC,2016-05-31,2016,0,0.3817206087331106
SYC,2016-06-30,2016,0,0.45589351110559434
SYC,2016-07-31,2016,0,0.4481910402915174
SYC,2016-08-31,2016,0,0.4076246847694777
SYC,2016-09-30,2016,0,0.391589716374093
SYC,2016-10-31,2016,0,0.4637825156710328
SYC,2016-11-30,2016,0,0.4552705060823167
SYC,2016-12-31,2016,0,0.44885685980343115
SYR,2002-01-31,2002,0,0.22621035605316048
SYR,2002-02-28,2002,0,0.22621035605316048
SYR,2002-03-31,2002,0,0.22621035605316048
SYR,2002-04-30,2002,0,0.22621035605316048
SYR,2002-05-31,2002,0,0.22621035605316048
SYR,2002-06-30,2002,0,0.22621035605316048
SYR,2002-07-31,2002,0,0.22621035605316048
SYR,2002-08-31,2002,0,0.22621035605316048
SYR,2002-09-30,2002,0,0.22621035605316048
SYR,2002-10-31,2002,0,0.22621035605316048
SYR,2002-11-30,2002,0,0.22621035605316048
SYR,2002-12-31,2002,0,0.22621035605316048
SYR,2003-01-31,2003,0,0.1744515080446341
SYR,2003-02-28,2003,0,0.1744515080446341
SYR,2003-03-31,2003,0,0.1744515080446341
SYR,2003-04-30,2003,0,0.1744515080446341
SYR,2003-05-31,2003,0,0.1744515080446341
SYR,2003-06-30,2003,0,0.1744515080446341
SYR,2003-07-31,2003,0,0.1744515080446341
SYR,2003-08-31,2003,0,0.1744515080446341
SYR,2003-09-30,2003,0,0.1744515080446341
SYR,2003-10-31,2003,0,0.1744515080446341
SYR,2003-11-30,2003,0,0.1744515080446341
SYR,2003-12-31,2003,0,0.1744515080446341
SYR,2004-01-31,2004,0,0.23883643652147157
SYR,2004-02-29,2004,0,0.23883643652147157
SYR,2004-03-31,2004,0,0.23883643652147157
SYR,2004-04-30,2004,0,0.23883643652147157
SYR,2004-05-31,2004,0,0.23883643652147157
SYR,2004-06-30,2004,0,0.23883643652147157
SYR,2004-07-31,2004,0,0.23883643652147157
SYR,2004-08-31,2004,0,0.23883643652147157
SYR,2004-09-30,2004,0,0.23883643652147157
SYR,2004-10-31,2004,0,0.23883643652147157
SYR,2004-11-30,2004,0,0.23883643652147157
SYR,2004-12-31,2004,0,0.23883643652147157
SYR,2005-01-31,2005,0,0.3657889514622747
SYR,2005-02-28,2005,0,0.3657889514622747
SYR,2005-03-31,2005,0,0.3657889514622747
SYR,2005-04-30,2005,0,0.3657889514622747
SYR,2005-05-31,2005,0,0.3657889514622747
SYR,2005-06-30,2005,0,0.3657889514622747
SYR,2005-07-31,2005,0,0.3657889514622747
SYR,2005-08-31,2005,0,0.3657889514622747
SYR,2005-09-30,2005,0,0.3657889514622747
SYR,2005-10-31,2005,0,0.3657889514622747
SYR,2005-11-30,2005,0,0.3657889514622747
SYR,2005-12-31,2005,0,0.3657889514622747
SYR,2006-01-31,2006,0,0.257908151938778
SYR,2006-02-28,2006,0,0.257908151938778
SYR,2006-03-31,2006,0,0.257908151938778
SYR,2006-04-30,2006,0,0.257908151938778
SYR,2006-05-31,2006,0,0.257908151938778
SYR,2006-06-30,2006,0,0.257908151938778
SYR,2006-07-31,2006,0,0.257908151938778
SYR,2006-08-31,2006,0,0.257908151938778
SYR,2006-09-30,2006,0,0.257908151938778
SYR,2006-10-31,2006,0,0.257908151938778
SYR,2006-11-30,2006,0,0.257908151938778
SYR,2006-12-31,2006,0,0.257908151938778
SYR,2007-01-31,2007,0,0.40376511550918426
SYR,2007-02-28,2007,0,0.40376511550918426
SYR,2007-03-31,2007,0,0.40376511550918426
SYR,2007-04-30,2007,0,0.40376511550918426
SYR,2007-05-31,2007,0,0.40376511550918426
SYR,2007-06-30,2007,0,0.40376511550918426
SYR,2007-07-31,2007,0,0.40376511550918426
SYR,2007-08-31,2007,0,0.40376511550918426
SYR,2007-09-30,2007,0,0.40376511550918426
SYR,2007-10-31,2007,0,0.40376511550918426
SYR,2007-11-30,2007,0,0.40376511550918426
SYR,2007-12-31,2007,0,0.40376511550918426
SYR,2008-01-31,2008,0,0.5393868424587618
SYR,2008-02-29,2008,0,0.5393868424587618
SYR,2008-03-31,2008,0,0.5393868424587618
SYR,2008-04-30,2008,0,0.5393868424587618
SYR,2008-05-31,2008,0,0.5393868424587618
SYR,2008-06-30,2008,0,0.5393868424587618
SYR,2008-07-31,2008,0,0.5393868424587618
SYR,2008-08-31,2008,0,0.5393868424587618
SYR,2008-09-30,2008,0,0.5393868424587618
SYR,2008-10-31,2008,0,0.5393868424587618
SYR,2008-11-30,2008,0,0.5393868424587618
SYR,2008-12-31,2008,0,0.5393868424587618
SYR,2009-01-31,2009,0,0.46883315703501743
SYR,2009-02-28,2009,0,0.46883315703501743
SYR,2009-03-31,2009,0,0.46883315703501743
SYR,2009-04-30,2009,0,0.46883315703501743
SYR,2009-05-31,2009,0,0.46883315703501743
SYR,2009-06-30,2009,0,0.46883315703501743
SYR,2009-07-31,2009,0,0.46883315703501743
SYR,2009-08-31,2009,0,0.46883315703501743
SYR,2009-09-30,2009,0,0.46883315703501743
SYR,2009-10-31,2009,0,0.46883315703501743
SYR,2009-11-30,2009,0,0.46883315703501743
SYR,2009-12-31,2009,0,0.46883315703501743
SYR,2010-01-31,2010,0,0.5149293742122949
SYR,2010-02-28,2010,0,0.5149293742122949
SYR,2010-03-31,2010,0,0.5149293742122949
SYR,2010-04-30,2010,0,0.5149293742122949
SYR,2010-05-31,2010,0,0.5149293742122949
SYR,2010-06-30,2010,0,0.5149293742122949
SYR,2010-07-31,2010,0,0.5149293742122949
SYR,2010-08-31,2010,0,0.5149293742122949
SYR,2010-09-30,2010,0,0.5149293742122949
SYR,2010-10-31,2010,0,0.5149293742122949
SYR,2010-11-30,2010,0,0.5149293742122949
SYR,2010-12-31,2010,0,0.5149293742122949
SYR,2011-01-31,2011,0,0.9961193957245651
SYR,2011-02-28,2011,0,0.9456435572172299
SYR,2011-03-31,2011,0,0.8574966787703291
SYR,2011-04-30,2011,0,0.13451214325643707
SYR,2011-05-31,2011,0,0.13451214325643707
SYR,2011-06-30,2011,0,0.13310295673882774
SYR,2011-07-31,2011,0,0.0005750211380943761
SYR,2011-08-31,2011,0,0.0005750211380943761
SYR,2011-09-30,2011,0,0.0006563676521106692
SYR,2011-10-31,2011,0,0.000667167375909194
SYR,2011-11-30,2011,0,0.0007421026152589053
SYR,2011-12-31,2011,0,0.0013961549563854256
TCD,2002-01-31,2002,0,0.18790845214150811
TCD,2002-02-28,2002,0,0.25207148502837645
TCD,2002-03-31,2002,0,0.23100746344482018
TCD,2002-04-30,2002,0,0.2049980111094606
TCD,2002-05-31,2002,0,0.19061901404625275
TCD,2002-06-30,2002,0,0.18344791352902634
TCD,2002-07-31,2002,0,0.17954636040173388
TCD,2002-08-31,2002,0,0.1726741859624766
TCD,2002-09-30,2002,0,0.18308523395336138
TCD,2002-10-31,2002,0,0.17132701847171092
TCD,2002-11-30,2002,0,0.15574250894886552
TCD,2002-12-31,2002,0,0.15869747525495567
TCD,2003-01-31,2003,0,0.06714431762072068
TCD,2003-02-28,2003,0,0.0710336682084532
TCD,2003-03-31,2003,0,0.07681615967559248
TCD,2003-04-30,2003,0,0.07777321525563495
TCD,2003-05-31,2003,0,0.07043062318609547
TCD,2003-06-30,2003,0,0.10029442504890983
TCD,2003-07-31,2003,0,0.09208465825080725
TCD,2003-08-31,2003,0,0.12498296273458949
TCD,2003-09-30,2003,0,0.09494442765458698
TCD,2003-10-31,2003,0,0.0949477347752812
TCD,2003-11-30,2003,0,0.09361066296716473
TCD,2003-12-31,2003,0,0.09806457665973756
TCD,2004-01-31,2004,0,0.10836433916951281
TCD,2004-02-29,2004,0,0.10627889754518237
TCD,2004-03-31,2004,0,0.12670287884899598
TCD,2004-04-30,2004,0,0.12488279021319348
TCD,2004-05-31,2004,0,0.11437248347872943
TCD,2004-06-30,2004,0,0.12803248262733674
TCD,2004-07-31,2004,0,0.1262667167606035
TCD,2004-08-31,2004,0,0.12318014458398323
TCD,2004-09-30,2004,0,0.12693040357019553
TCD,2004-10-31,2004,0,0.1256782078677087
TCD,2004-11-30,2004,0,0.10364928020535881
TCD,2004-12-31,2004,0,0.1208152833329606
TCD,2005-01-31,2005,0,0.628729764321392
TCD,2005-02-28,2005,0,0.6385999183572035
TCD,2005-03-31,2005,0,0.6610579705038757
TCD,2005-04-30,2005,0,0.6642539875606718
TCD,2005-05-31,2005,0,0.7247104086192121
TCD,2005-06-30,2005,0,0.724263078711564
TCD,2005-07-31,2005,0,0.7234540903168418
TCD,2005-08-31,2005,0,0.719130460416839
TCD,2005-09-30,2005,0,0.7113343260879089
TCD,2005-10-31,2005,0,0.7057210545403176
TCD,2005-11-30,2005,0,0.7210365627492915
TCD,2005-12-31,2005,0,0.7450623333431
TCD,2006-01-31,2006,0,0.1631500966756274
TCD,2006-02-28,2006,0,0.16713152830445818
TCD,2006-03-31,2006,0,0.15796156753904644
TCD,2006-04-30,2006,0,0.12289243990691848
TCD,2006-05-31,2006,0,0.09015352145677681
TCD,2006-06-30,2006,0,0.09504104915602712
TCD,2006-07-31,2006,0,0.10402443046530974
TCD,2006-08-31,2006,0,0.10433727629631315
TCD,2006-09-30,2006,0,0.11126759204016065
TCD,2006-10-31,2006,0,0.11970046973030726
TCD,2006-11-30,2006,0,0.0978149896911606
TCD,2006-12-31,2006,0,0.09696083971234222
TCD,2007-01-31,2007,0,0.18168221551350133
TCD,2007-02-28,2007,0,0.1951514973680881
TCD,2007-03-31,2007,0,0.18512175616596063
TCD,2007-04-30,2007,0,0.18960944230420962
TCD,2007-05-31,2007,0,0.2038971244400869
TCD,2007-06-30,2007,0,0.209710377169897
TCD,2007-07-31,2007,0,0.22741959642814807
TCD,2007-08-31,2007,0,0.21282330236496455
TCD,2007-09-30,2007,0,0.1784469108577731
TCD,2007-10-31,2007,0,0.18974930901793607
TCD,2007-11-30,2007,0,0.20069581470600475
TCD,2007-12-31,2007,0,0.21810474969253327
TCD,2008-01-31,2008,0,0.16899894442100877
TCD,2008-02-29,2008,0,0.1728510852128144
TCD,2008-03-31,2008,0,0.12228370332115136
TCD,2008-04-30,2008,0,0.15364070566383542
TCD,2008-05-31,2008,0,0.14999834632094083
TCD,2008-06-30,2008,0,0.16869648409513235
TCD,2008-07-31,2008,0,0.16462763789883095
TCD,2008-08-31,2008,0,0.3359421276449903
TCD,2008-09-30,2008,0,0.41271694361233846
TCD,2008-10-31,2008,0,0.7055856414014227
TCD,2008-11-30,2008,0,0.6541555129002451
TCD,2008-12-31,2008,0,0.2992287935339054
TCD,2009-01-31,2009,0,0.543431594346129
TCD,2009-02-28,2009,0,0.5152774018026787
TCD,2009-03-31,2009,0,0.4676097833839855
TCD,2009-04-30,2009,0,0.0030266498039444065
TCD,2009-05-31,2009,0,0.002027624185084911
TCD,2009-06-30,2009,0,0.0031209708631953635
TCD,2009-07-31,2009,0,0.002402018850865716
TCD,2009-08-31,2009,0,0.002495397756001504
TCD,2009-09-30,2009,0,0.00223557429737409
TCD,2009-10-31,2009,0,0.32452881907956177
TCD,2009-11-30,2009,0,0.3893432870891116
TCD,2009-12-31,2009,0,0.572835213243961
TCD,2010-01-31,2010,0,0.45379227742672074
TCD,2010-02-28,2010,0,0.4912777573148237
TCD,2010-03-31,2010,0,0.5050269836098318
TCD,2010-04-30,2010,0,0.5048022948501131
TCD,2010-05-31,2010,0,0.738364699420819
TCD,2010-06-30,2010,0,0.7044569075105064
TCD,2010-07-31,2010,0,0.44598204844855105
TCD,2010-08-31,2010,0,0.45425990324122173
TCD,2010-09-30,2010,0,0.2926298040170065
TCD,2010-10-31,2010,0,0.3143985397737293
TCD,2010-11-30,2010,0,0.34271107429624487
TCD,2010-12-31,2010,0,0.331673125630413
TCD,2011-01-31,2011,0,0.3355397690881949
TCD,2011-02-28,2011,0,0.31383289716362006
TCD,2011-03-31,2011,0,0.37499342876876324
TCD,2011-04-30,2011,0,0.3153564448869827
TCD,2011-05-31,2011,0,0.3114528318326435
TCD,2011-06-30,2011,0,0.31733525283764374
TCD,2011-07-31,2011,0,0.38586158232644746
TCD,2011-08-31,2011,0,0.3562409900492301
TCD,2011-09-30,2011,0,0.5182430927107006
TCD,2011-10-31,2011,0,0.46054953395765463
TCD,2011-11-30,2011,0,0.5098702200470404
TCD,2011-12-31,2011,0,0.515356562410972
TCD,2012-01-31,2012,0,0.5216905306745345
TCD,2012-02-29,2012,0,0.4785524103883185
TCD,2012-03-31,2012,0,0.4485918849477636
TCD,2012-04-30,2012,0,0.5345038093799609
TCD,2012-05-31,2012,0,0.6011582569041627
TCD,2012-06-30,2012,0,0.5591668816811896
TCD,2012-07-31,2012,0,0.5895626465028813
TCD,2012-08-31,2012,0,0.5253318456333419
TCD,2012-09-30,2012,0,0.4762749356797149
TCD,2012-10-31,2012,0,0.48520034353096125
TCD,2012-11-30,2012,0,0.47539940700975974
TCD,2012-12-31,2012,0,0.4938117282237981
TCD,2013-01-31,2013,0,0.45225178617139705
TCD,2013-02-28,2013,0,0.477805021909137
TCD,2013-03-31,2013,0,0.5126450824687165
TCD,2013-04-30,2013,0,0.5072508988817992
TCD,2013-05-31,2013,0,0.46818266021996663
TCD,2013-06-30,2013,0,0.4602614684474237
TCD,2013-07-31,2013,0,0.48845781606891864
TCD,2013-08-31,2013,0,0.4808581067482449
TCD,2013-09-30,2013,0,0.4517472255313626
TCD,2013-10-31,2013,0,0.4612693681550595
TCD,2013-11-30,2013,0,0.45697694744267003
TCD,2013-12-31,2013,0,0.4670579599398485
TCD,2014-01-31,2014,0,0.46441714304419107
TCD,2014-02-28,2014,0,0.4315690302974767
TCD,2014-03-31,2014,0,0.44031438369807574
TCD,2014-04-30,2014,0,0.43321478736429964
TCD,2014-05-31,2014,0,0.4661425152100268
TCD,2014-06-30,2014,0,0.4648456175885295
TCD,2014-07-31,2014,0,0.47083207087310736
TCD,2014-08-31,2014,0,0.496397588046697
TCD,2014-09-30,2014,0,0.6060457796961722
TCD,2014-10-31,2014,0,0.6053306507061574
TCD,2014-11-30,2014,0,0.5893042516085786
TCD,2014-12-31,2014,0,0.5966050115820983
TCD,2015-01-31,2015,0,0.6933094940758198
TCD,2015-02-28,2015,0,0.7287762728181074
TCD,2015-03-31,2015,0,0.719795207390705
TCD,2015-04-30,2015,0,0.5106608572699723
TCD,2015-05-31,2015,0,0.5193777463466479
TCD,2015-06-30,2015,0,0.47049859842340097
TCD,2015-07-31,2015,0,0.4621358103388887
TCD,2015-08-31,2015,0,0.43174387120832175
TCD,2015-09-30,2015,0,0.42693878267155977
TCD,2015-10-31,2015,0,0.45408774624409787
TCD,2015-11-30,2015,0,0.49339189375664577
TCD,2015-12-31,2015,0,0.4591193617321165
TCD,2016-01-31,2016,0,0.4014397093651821
TCD,2016-02-29,2016,0,0.4058589915849341
TCD,2016-03-31,2016,0,0.3372865645632951
TCD,2016-04-30,2016,0,0.3418428358415317
TCD,2016-05-31,2016,0,0.3210929383202442
TCD,2016-06-30,2016,0,0.3341186901093453
TCD,2016-07-31,2016,0,0.34262093615244554
TCD,2016-08-31,2016,0,0.3287911310464335
TCD,2016-09-30,2016,0,0.45039407389258335
TCD,2016-10-31,2016,0,0.4345351395261548
TCD,2016-11-30,2016,0,0.41774019649820743
TCD,2016-12-31,2016,0,0.39807356842654623
TGO,2007-01-31,2007,0,0.4163048975642597
TGO,2007-02-28,2007,0,0.43786113773916313
TGO,2007-03-31,2007,0,0.4218961957523494
TGO,2007-04-30,2007,0,0.42910121867680784
TGO,2007-05-31,2007,0,0.451383578212087
TGO,2007-06-30,2007,0,0.4601742322806807
TGO,2007-07-31,2007,0,0.48602651048745316
TGO,2007-08-31,2007,0,0.46481831633867493
TGO,2007-09-30,2007,0,0.4109899206904073
TGO,2007-10-31,2007,0,0.429324156747423
TGO,2007-11-30,2007,0,0.4464757778044414
TGO,2007-12-31,2007,0,0.4725988521139283
TGO,2008-01-31,2008,0,0.32923846818053115
TGO,2008-02-29,2008,0,0.3352694864337255
TGO,2008-03-31,2008,0,0.2516423061981557
TGO,2008-04-30,2008,0,0.30465673619880135
TGO,2008-05-31,2008,0,0.2986977449682129
TGO,2008-06-30,2008,0,0.32876268238408657
TGO,2008-07-31,2008,0,0.32233009261492657
TGO,2008-08-31,2008,0,0.5497540069061315
TGO,2008-09-30,2008,0,0.6291010657248712
TGO,2008-10-31,2008,0,0.8526008423211622
TGO,2008-11-30,2008,0,0.8203120565680583
TGO,2008-12-31,2008,0,0.5075329936091174
TGO,2009-01-31,2009,0,0.3686772452885434
TGO,2009-02-28,2009,0,0.3427794748544088
TGO,2009-03-31,2009,0,0.30115508196756896
TGO,2009-04-30,2009,0,0.001487264101609663
TGO,2009-05-31,2009,0,0.0009958458066895214
TGO,2009-06-30,2009,0,0.0015336862833798307
TGO,2009-07-31,2009,0,0.001179950974103528
TGO,2009-08-31,2009,0,0.0012258801551438907
TGO,2009-09-30,2009,0,0.001098094701241362
TGO,2009-10-31,2009,0,0.19075727535985135
TGO,2009-11-30,2009,0,0.23827965936580262
TGO,2009-12-31,2009,0,0.3968439771398757
TGO,2010-01-31,2010,0,0.3723535147996454
TGO,2010-02-28,2010,0,0.4081384964146386
TGO,2010-03-31,2010,0,0.42148873462272674
TGO,2010-04-30,2010,0,0.42126958010769544
TGO,2010-05-31,2010,0,0.6683457772983357
TGO,2010-06-30,2010,0,0.629911909817577
TGO,2010-07-31,2010,0,0.3650082686130486
TGO,2010-08-31,2010,0,0.3727944967674317
TGO,2010-09-30,2010,0,0.22803864449949246
TGO,2010-10-31,2010,0,0.2466780472156791
TGO,2010-11-30,2010,0,0.27130541287686166
TGO,2010-12-31,2010,0,0.2616517750780354
TGO,2011-01-31,2011,0,0.2808686371065415
TGO,2011-02-28,2011,0,0.26130767631043333
TGO,2011-03-31,2011,0,0.31696037977297603
TGO,2011-04-30,2011,0,0.2626738467339495
TGO,2011-05-31,2011,0,0.25917549455208444
TGO,2011-06-30,2011,0,0.26444976768337264
TGO,2011-07-31,2011,0,0.32702665235300143
TGO,2011-08-31,2011,0,0.299718345468073
TGO,2011-09-30,2011,0,0.454149758555726
TGO,2011-10-31,2011,0,0.39770113363703236
TGO,2011-11-30,2011,0,0.4458540570125726
TGO,2011-12-31,2011,0,0.4512858078244463
TGO,2012-01-31,2012,0,0.536612572951052
TGO,2012-02-29,2012,0,0.49351367480440256
TGO,2012-03-31,2012,0,0.4634489667538632
TGO,2012-04-30,2012,0,0.5493714009381566
TGO,2012-05-31,2012,0,0.6154286776623712
TGO,2012-06-30,2012,0,0.5738747514226082
TGO,2012-07-31,2012,0,0.6039746389073546
TGO,2012-08-31,2012,0,0.5402404022500729
TGO,2012-09-30,2012,0,0.4912320742623578
TGO,2012-10-31,2012,0,0.5001700887190541
TGO,2012-11-30,2012,0,0.49035479365966184
TGO,2012-12-31,2012,0,0.5087845777529119
TGO,2013-01-31,2013,0,0.40344632330935193
TGO,2013-02-28,2013,0,0.42839869843300094
TGO,2013-03-31,2013,0,0.46282920214980666
TGO,2013-04-30,2013,0,0.45746716439345203
TGO,2013-05-31,2013,0,0.4189730134536813
TGO,2013-06-30,2013,0,0.41124058888122533
TGO,2013-07-31,2013,0,0.43887573747705316
TGO,2013-08-31,2013,0,0.43139689055752545
TGO,2013-09-30,2013,0,0.4029561561320347
TGO,2013-10-31,2013,0,0.41222312720214077
TGO,2013-11-30,2013,0,0.4080414253094223
TGO,2013-12-31,2013,0,0.4178736410969691
TGO,2014-01-31,2014,0,0.4550342656999101
TGO,2014-02-28,2014,0,0.4223264905952454
TGO,2014-03-31,2014,0,0.4310265707824238
TGO,2014-04-30,2014,0,0.42396328989549326
TGO,2014-05-31,2014,0,0.456754507286874
TGO,2014-06-30,2014,0,0.4554614452292819
TGO,2014-07-31,2014,0,0.46143124976785194
TGO,2014-08-31,2014,0,0.48695604809035103
TGO,2014-09-30,2014,0,0.5969909810507334
TGO,2014-10-31,2014,0,0.5962703649651063
TGO,2014-11-30,2014,0,0.5801312444407773
TGO,2014-12-31,2014,0,0.5874809220954912
TGO,2015-01-31,2015,0,0.6401530215916701
TGO,2015-02-28,2015,0,0.6789201608976593
TGO,2015-03-31,2015,0,0.6690379297844282
TGO,2015-04-30,2015,0,0.45091878215998615
TGO,2015-05-31,2015,0,0.4595736397024376
TGO,2015-06-30,2015,0,0.41150388746364575
TGO,2015-07-31,2015,0,0.40339084057052227
TGO,2015-08-31,2015,0,0.37417463202838375
TGO,2015-09-30,2015,0,0.3695935381538544
TGO,2015-10-31,2015,0,0.395613343407676
TGO,2015-11-30,2015,0,0.4338787929011301
TGO,2015-12-31,2015,0,0.40047233765594586
TGO,2016-01-31,2016,0,0.39944099477182976
TGO,2016-02-29,2016,0,0.4038531195760466
TGO,2016-03-31,2016,0,0.3354282651984523
TGO,2016-04-30,2016,0,0.3399723113113355
TGO,2016-05-31,2016,0,0.3192808745494614
TGO,2016-06-30,2016,0,0.332269093507416
TGO,2016-07-31,2016,0,0.34074835827767225
TGO,2016-08-31,2016,0,0.32695654549201736
TGO,2016-09-30,2016,0,0.4483341863596799
TGO,2016-10-31,2016,0,0.432490707623967
TGO,2016-11-30,2016,0,0.4157166904006025
TGO,2016-12-31,2016,0,0.3960805232263145
THA,2002-01-31,2002,0,0.301915161781471
THA,2002-02-28,2002,0,0.3480290231067261
THA,2002-03-31,2002,0,0.28797209424183384
THA,2002-04-30,2002,0,0.29066519056274603
THA,2002-05-31,2002,0,0.2678850291123762
THA,2002-06-30,2002,0,0.2616187435187127
THA,2002-07-31,2002,0,0.31187903594888733
THA,2002-08-31,2002,0,0.32181524174745807
THA,2002-09-30,2002,0,0.40591996767398275
THA,2002-10-31,2002,0,0.4039093725142116
THA,2002-11-30,2002,0,0.3897154822217601
THA,2002-12-31,2002,0,0.46145229000688215
THA,2003-01-31,2003,0,0.6100289242367815
THA,2003-02-28,2003,0,0.6200264380416652
THA,2003-03-31,2003,0,0.49578819591977835
THA,2003-04-30,2003,0,0.48835415476291705
THA,2003-05-31,2003,0,0.36495206244374584
THA,2003-06-30,2003,0,0.3652979606564228
THA,2003-07-31,2003,0,0.35417967330139205
THA,2003-08-31,2003,0,0.40890888395665664
THA,2003-09-30,2003,0,0.3123561290680827
THA,2003-10-31,2003,0,0.3180039049829963
THA,2003-11-30,2003,0,0.2934745636298988
THA,2003-12-31,2003,0,0.2983612828925848
THA,2004-01-31,2004,0,0.24970594757972267
THA,2004-02-29,2004,0,0.23642266599736078
THA,2004-03-31,2004,0,0.2823368977016407
THA,2004-04-30,2004,0,0.3534510053238663
THA,2004-05-31,2004,0,0.3345478418011658
THA,2004-06-30,2004,0,0.32156977915015117
THA,2004-07-31,2004,0,0.33098810143736773
THA,2004-08-31,2004,0,0.2971393296973139
THA,2004-09-30,2004,0,0.3559570953007416
THA,2004-10-31,2004,0,0.3443723506086468
THA,2004-11-30,2004,0,0.20553815547253365
THA,2004-12-31,2004,0,0.21703018322725778
THA,2005-01-31,2005,0,0.18514087020921077
THA,2005-02-28,2005,0,0.1878037739034143
THA,2005-03-31,2005,0,0.2548546087915301
THA,2005-04-30,2005,0,0.2584394086784006
THA,2005-05-31,2005,0,0.3207789624847776
THA,2005-06-30,2005,0,0.32018722233552693
THA,2005-07-31,2005,0,0.3225983522702414
THA,2005-08-31,2005,0,0.3158158453733364
THA,2005-09-30,2005,0,0.31891709632943027
THA,2005-10-31,2005,0,0.3182980033839418
THA,2005-11-30,2005,0,0.3767887777477541
THA,2005-12-31,2005,0,0.379386901095645
THA,2006-01-31,2006,0,0.17393565683198564
THA,2006-02-28,2006,0,0.17629661612246733
THA,2006-03-31,2006,0,0.17787744620237902
THA,2006-04-30,2006,0,0.1993139066430453
THA,2006-05-31,2006,0,0.20219724087205138
THA,2006-06-30,2006,0,0.1902063706365956
THA,2006-07-31,2006,0,0.21938037988821796
THA,2006-08-31,2006,0,0.21046185750210145
THA,2006-09-30,2006,0,0.2065948057131239
THA,2006-10-31,2006,0,0.23075949358264988
THA,2006-11-30,2006,0,0.22263979906848091
THA,2006-12-31,2006,0,0.22574778548240054
THA,2007-01-31,2007,0,0.29105695090310457
THA,2007-02-28,2007,0,0.31424592815614794
THA,2007-03-31,2007,0,0.3246591974093936
THA,2007-04-30,2007,0,0.394068590847496
THA,2007-05-31,2007,0,0.3389589229430661
THA,2007-06-30,2007,0,0.2944593461354863
THA,2007-07-31,2007,0,0.25234958985974454
THA,2007-08-31,2007,0,0.41670443174027383
THA,2007-09-30,2007,0,0.39267124868402753
THA,2007-10-31,2007,0,0.40905304388662567
THA,2007-11-30,2007,0,0.4147363756553941
THA,2007-12-31,2007,0,0.423691226781462
THA,2008-01-31,2008,0,0.4077946399011668
THA,2008-02-29,2008,0,0.25515570270028415
THA,2008-03-31,2008,0,0.24919485970016136
THA,2008-04-30,2008,0,0.2753646930333152
THA,2008-05-31,2008,0,0.362908845126299
THA,2008-06-30,2008,0,0.4421142523244359
THA,2008-07-31,2008,0,0.42264309920574955
THA,2008-08-31,2008,0,0.48113575531787944
THA,2008-09-30,2008,0,0.48933612234120716
THA,2008-10-31,2008,0,0.4848326714144705
THA,2008-11-30,2008,0,0.46740914753868407
THA,2008-12-31,2008,0,0.4275963978329136
THA,2009-01-31,2009,0,0.4649509285713961
THA,2009-02-28,2009,0,0.5387028113314923
THA,2009-03-31,2009,0,0.5100818794404582
THA,2009-04-30,2009,0,0.5213739955775413
THA,2009-05-31,2009,0,0.45927400343954106
THA,2009-06-30,2009,0,0.4659297749952633
THA,2009-07-31,2009,0,0.4697679906099332
THA,2009-08-31,2009,0,0.4156853379589022
THA,2009-09-30,2009,0,0.4077949434039141
THA,2009-10-31,2009,0,0.41681719486664803
THA,2009-11-30,2009,0,0.47586628836882816
THA,2009-12-31,2009,0,0.4748787120909823
THA,2010-01-31,2010,0,0.5121551659912769
THA,2010-02-28,2010,0,0.416916428085254
THA,2010-03-31,2010,0,0.34917618879394535
THA,2010-04-30,2010,0,0.3522981189289886
THA,2010-05-31,2010,0,0.3907151718269291
THA,2010-06-30,2010,0,0.38986449140491597
THA,2010-07-31,2010,0,0.39001318314102495
THA,2010-08-31,2010,0,0.33333542048973286
THA,2010-09-30,2010,0,0.31896296829313214
THA,2010-10-31,2010,0,0.3338727539077621
THA,2010-11-30,2010,0,0.36402677411661355
THA,2010-12-31,2010,0,0.37465147353920325
THA,2011-01-31,2011,0,0.5961294298948505
THA,2011-02-28,2011,0,0.5823955051371983
THA,2011-03-31,2011,0,0.6094598331537118
THA,2011-04-30,2011,0,0.6054872134796493
THA,2011-05-31,2011,0,0.6173956083502309
THA,2011-06-30,2011,0,0.6192511896872502
THA,2011-07-31,2011,0,0.5230009184441844
THA,2011-08-31,2011,0,0.5308002119574298
THA,2011-09-30,2011,0,0.5988605212437123
THA,2011-10-31,2011,0,0.6005277488881116
THA,2011-11-30,2011,0,0.6120514428541051
THA,2011-12-31,2011,0,0.6009789663273668
THA,2012-01-31,2012,0,0.3964451222468403
THA,2012-02-29,2012,0,0.3600662899566058
THA,2012-03-31,2012,0,0.3389121226104913
THA,2012-04-30,2012,0,0.34850068501800613
THA,2012-05-31,2012,0,0.41179211080869654
THA,2012-06-30,2012,0,0.40402813169837953
THA,2012-07-31,2012,0,0.4407111900656003
THA,2012-08-31,2012,0,0.46212452154443673
THA,2012-09-30,2012,0,0.4325680697453973
THA,2012-10-31,2012,0,0.43728584182927044
THA,2012-11-30,2012,0,0.3610725366826504
THA,2012-12-31,2012,0,0.3857549601166633
THA,2013-01-31,2013,0,0.4188298511333767
THA,2013-02-28,2013,0,0.4289094864907913
THA,2013-03-31,2013,0,0.4365356055343594
THA,2013-04-30,2013,0,0.45349470884834525
THA,2013-05-31,2013,0,0.4599617862042487
THA,2013-06-30,2013,0,0.5083359998028079
THA,2013-07-31,2013,0,0.5362696363257724
THA,2013-08-31,2013,0,0.5273487818841524
THA,2013-09-30,2013,0,0.4790235782361436
THA,2013-10-31,2013,0,0.4656179038988232
THA,2013-11-30,2013,0,0.47008914058430795
THA,2013-12-31,2013,0,0.4868338254917082
THA,2014-01-31,2014,0,0.5863014938776695
THA,2014-02-28,2014,0,0.5451587457498448
THA,2014-03-31,2014,0,0.5573017534068653
THA,2014-04-30,2014,0,0.5606473222600468
THA,2014-05-31,2014,0,0.5626149213611641
THA,2014-06-30,2014,0,0.5540510089048651
THA,2014-07-31,2014,0,0.5470554446400575
THA,2014-08-31,2014,0,0.5603972753774272
THA,2014-09-30,2014,0,0.5744742822433428
THA,2014-10-31,2014,0,0.5860789762118888
THA,2014-11-30,2014,0,0.5651127645122052
THA,2014-12-31,2014,0,0.5432885791396704
THA,2015-01-31,2015,0,0.5333397430446867
THA,2015-02-28,2015,0,0.517407063651825
THA,2015-03-31,2015,0,0.4874305905885392
THA,2015-04-30,2015,0,0.47826096222088865
THA,2015-05-31,2015,0,0.586735825730932
THA,2015-06-30,2015,0,0.587070606142362
THA,2015-07-31,2015,0,0.6866583181642677
THA,2015-08-31,2015,0,0.6913675597609511
THA,2015-09-30,2015,0,0.7002216009807137
THA,2015-10-31,2015,0,0.5693551150157433
THA,2015-11-30,2015,0,0.5672717075800577
THA,2015-12-31,2015,0,0.5638876340970521
THA,2016-01-31,2016,0,0.5158557039697312
THA,2016-02-29,2016,0,0.5053230042840116
THA,2016-03-31,2016,0,0.49165312030037256
THA,2016-04-30,2016,0,0.5251755271710646
THA,2016-05-31,2016,0,0.5604204489149981
THA,2016-06-30,2016,0,0.5572766105563742
THA,2016-07-31,2016,0,0.5323028189433937
THA,2016-08-31,2016,0,0.5507689797373984
THA,2016-09-30,2016,0,0.5684460952510072
THA,2016-10-31,2016,0,0.5696971204375425
THA,2016-11-30,2016,0,0.5636585575627643
THA,2016-12-31,2016,0,0.5741689082744507
TJK,2002-01-31,2002,0,0.2252887450537888
TJK,2002-02-28,2002,0,0.1941432034924737
TJK,2002-03-31,2002,0,0.18428847711221333
TJK,2002-04-30,2002,0,0.18404913202776657
TJK,2002-05-31,2002,0,0.19980004007515859
TJK,2002-06-30,2002,0,0.22382830067558596
TJK,2002-07-31,2002,0,0.23977104527091825
TJK,2002-08-31,2002,0,0.23848865029315666
TJK,2002-09-30,2002,0,0.20980394063106972
TJK,2002-10-31,2002,0,0.21235088816404402
TJK,2002-11-30,2002,0,0.22095272024073823
TJK,2002-12-31,2002,0,0.23606296047093253
TJK,2003-01-31,2003,0,0.23657161263318052
TJK,2003-02-28,2003,0,0.2842438660121545
TJK,2003-03-31,2003,0,0.19598945126111758
TJK,2003-04-30,2003,0,0.21955782004437618
TJK,2003-05-31,2003,0,0.22542142379918342
TJK,2003-06-30,2003,0,0.22412004489068688
TJK,2003-07-31,2003,0,0.25464839534298334
TJK,2003-08-31,2003,0,0.20957222631586345
TJK,2003-09-30,2003,0,0.18511109891455524
TJK,2003-10-31,2003,0,0.05326911391363207
TJK,2003-11-30,2003,0,0.029942458264128086
TJK,2003-12-31,2003,0,0.031405037197179846
TJK,2004-01-31,2004,0,0.10244173276827546
TJK,2004-02-29,2004,0,0.09787899564881254
TJK,2004-03-31,2004,0,0.09897837960003962
TJK,2004-04-30,2004,0,0.09925098464037617
TJK,2004-05-31,2004,0,0.1016372131059791
TJK,2004-06-30,2004,0,0.17725338073359365
TJK,2004-07-31,2004,0,0.21797805774623266
TJK,2004-08-31,2004,0,0.22428955290640543
TJK,2004-09-30,2004,0,0.21766341814477125
TJK,2004-10-31,2004,0,0.19711995084347098
TJK,2004-11-30,2004,0,0.2487244045141648
TJK,2004-12-31,2004,0,0.23956488265976975
TJK,2005-01-31,2005,0,0.38489436077300104
TJK,2005-02-28,2005,0,0.41082097037002036
TJK,2005-03-31,2005,0,0.39772874026679905
TJK,2005-04-30,2005,0,0.39386868537206154
TJK,2005-05-31,2005,0,0.41856661094022113
TJK,2005-06-30,2005,0,0.3645543383199091
TJK,2005-07-31,2005,0,0.3386255046908847
TJK,2005-08-31,2005,0,0.30173638854735657
TJK,2005-09-30,2005,0,0.2725889330237166
TJK,2005-10-31,2005,0,0.27036762861904223
TJK,2005-11-30,2005,0,0.27345575501295716
TJK,2005-12-31,2005,0,0.28676899367186265
TJK,2006-01-31,2006,0,0.29116196421502494
TJK,2006-02-28,2006,0,0.26717398640857765
TJK,2006-03-31,2006,0,0.27778036589381305
TJK,2006-04-30,2006,0,0.28277819330256027
TJK,2006-05-31,2006,0,0.30483613894393324
TJK,2006-06-30,2006,0,0.35848338820230957
TJK,2006-07-31,2006,0,0.3785771039534656
TJK,2006-08-31,2006,0,0.38184069981386015
TJK,2006-09-30,2006,0,0.3833626098462274
TJK,2006-10-31,2006,0,0.37950881853725965
TJK,2006-11-30,2006,0,0.3759771660983817
TJK,2006-12-31,2006,0,0.36170060976321516
TJK,2007-01-31,2007,0,0.7229365397608577
TJK,2007-02-28,2007,0,0.7441818908546126
TJK,2007-03-31,2007,0,0.7403632982177434
TJK,2007-04-30,2007,0,0.741773890430161
TJK,2007-05-31,2007,0,0.740288427276341
TJK,2007-06-30,2007,0,0.8021536711082541
TJK,2007-07-31,2007,0,0.672679386898292
TJK,2007-08-31,2007,0,0.8015749761428372
TJK,2007-09-30,2007,0,0.7779618746884431
TJK,2007-10-31,2007,0,0.7725502042058342
TJK,2007-11-30,2007,0,0.7931430772824573
TJK,2007-12-31,2007,0,0.7528134691707944
TJK,2008-01-31,2008,0,0.5730228889154375
TJK,2008-02-29,2008,0,0.16120797501141176
TJK,2008-03-31,2008,0,0.16303671089091956
TJK,2008-04-30,2008,0,0.1807014763407349
TJK,2008-05-31,2008,0,0.1709500050236469
TJK,2008-06-30,2008,0,0.1711636578269317
TJK,2008-07-31,2008,0,0.175686046344864
TJK,2008-08-31,2008,0,0.18741006205335792
TJK,2008-09-30,2008,0,0.23240164043003014
TJK,2008-10-31,2008,0,0.261308902109672
TJK,2008-11-30,2008,0,0.21380553849617306
TJK,2008-12-31,2008,0,0.5522099755707093
TJK,2009-01-31,2009,0,0.4584661146691769
TJK,2009-02-28,2009,0,0.4507716261948298
TJK,2009-03-31,2009,0,0.4598186481602822
TJK,2009-04-30,2009,0,0.45326521308505335
TJK,2009-05-31,2009,0,0.685026401222443
TJK,2009-06-30,2009,0,0.6433608517716926
TJK,2009-07-31,2009,0,0.5938072524342464
TJK,2009-08-31,2009,0,0.40943907451425804
TJK,2009-09-30,2009,0,0.3926608094777474
TJK,2009-10-31,2009,0,0.36578668800911884
TJK,2009-11-30,2009,0,0.0018777937200171544
TJK,2009-12-31,2009,0,0.0017299811128130044
TJK,2010-01-31,2010,0,0.003942876687679458
TJK,2010-02-28,2010,0,0.00391458185945316
TJK,2010-03-31,2010,0,0.003713451396306715
TJK,2010-04-30,2010,0,0.006195274532745175
TJK,2010-05-31,2010,0,0.4472833874873643
TJK,2010-06-30,2010,0,0.40423532524191524
TJK,2010-07-31,2010,0,0.39380896717540576
TJK,2010-08-31,2010,0,0.4021854341269626
TJK,2010-09-30,2010,0,0.3906177993607424
TJK,2010-10-31,2010,0,0.5477536505266748
TJK,2010-11-30,2010,0,0.49083527830972284
TJK,2010-12-31,2010,0,0.5423397940698919
TJK,2011-01-31,2011,0,0.5676876232832402
TJK,2011-02-28,2011,0,0.5117731184143886
TJK,2011-03-31,2011,0,0.6162245412986314
TJK,2011-04-30,2011,0,0.554840474228222
TJK,2011-05-31,2011,0,0.5281947648974897
TJK,2011-06-30,2011,0,0.5778962281524558
TJK,2011-07-31,2011,0,0.5878300757595484
TJK,2011-08-31,2011,0,0.6171612366927711
TJK,2011-09-30,2011,0,0.5493416533886148
TJK,2011-10-31,2011,0,0.5410316331424108
TJK,2011-11-30,2011,0,0.5486880716175754
TJK,2011-12-31,2011,0,0.5252066224638502
TJK,2012-01-31,2012,0,0.5356674488582506
TJK,2012-02-29,2012,0,0.48991331072557515
TJK,2012-03-31,2012,0,0.5102554305096682
TJK,2012-04-30,2012,0,0.5431610248420947
TJK,2012-05-31,2012,0,0.5785711265574436
TJK,2012-06-30,2012,0,0.5603101384119964
TJK,2012-07-31,2012,0,0.6171592521973241
TJK,2012-08-31,2012,0,0.5424334967828127
TJK,2012-09-30,2012,0,0.5466035248485808
TJK,2012-10-31,2012,0,0.5662612677515184
TJK,2012-11-30,2012,0,0.5630630494698137
TJK,2012-12-31,2012,0,0.45307903318868825
TJK,2013-01-31,2013,0,0.45566747346800934
TJK,2013-02-28,2013,0,0.4271414442169528
TJK,2013-03-31,2013,0,0.42693629126893945
TJK,2013-04-30,2013,0,0.40975907753856666
TJK,2013-05-31,2013,0,0.3917261975017562
TJK,2013-06-30,2013,0,0.4457601399514135
TJK,2013-07-31,2013,0,0.42514155522243224
TJK,2013-08-31,2013,0,0.4528134989883147
TJK,2013-09-30,2013,0,0.44708861928335997
TJK,2013-10-31,2013,0,0.42984808168581523
TJK,2013-11-30,2013,0,0.4383011638568387
TJK,2013-12-31,2013,0,0.4157125944676463
TJK,2014-01-31,2014,1,0.5500471768889559
TJK,2014-02-28,2014,1,0.5791687739420882
TJK,2014-03-31,2014,1,0.5718186584753299
TJK,2014-04-30,2014,1,0.5188481253777456
TJK,2014-05-31,2014,1,0.5516008819015349
TJK,2014-06-30,2014,1,0.5393469859620033
TJK,2014-07-31,2014,1,0.5274474631797643
TJK,2014-08-31,2014,1,0.5252965091633379
TJK,2014-09-30,2014,1,0.5287166168645673
TJK,2014-10-31,2014,1,0.5268403550676007
TJK,2014-11-30,2014,1,0.5135463787261922
TJK,2014-12-31,2014,1,0.6212549795816764
TJK,2015-01-31,2015,0,0.74115186491487
TJK,2015-02-28,2015,0,0.7452332310507374
TJK,2015-03-31,2015,0,0.7493073970149161
TJK,2015-04-30,2015,0,0.7746072793947685
TJK,2015-05-31,2015,0,0.7544500578022263
TJK,2015-06-30,2015,0,0.7089593064352243
TJK,2015-07-31,2015,0,0.6848483836265016
TJK,2015-08-31,2015,0,0.6885687572925321
TJK,2015-09-30,2015,0,0.6963499245881363
TJK,2015-10-31,2015,0,0.6679505532261099
TJK,2015-11-30,2015,0,0.6629714859135839
TJK,2015-12-31,2015,0,0.7005738355293951
TJK,2016-01-31,2016,0,0.7394529236475763
TJK,2016-02-29,2016,0,0.7239485880061655
TJK,2016-03-31,2016,0,0.7038124160749739
TJK,2016-04-30,2016,0,0.5278952828883129
TJK,2016-05-31,2016,0,0.5135057144456256
TJK,2016-06-30,2016,0,0.49707549631270204
TJK,2016-07-31,2016,0,0.5307080623790306
TJK,2016-08-31,2016,0,0.4707503598241356
TJK,2016-09-30,2016,0,0.48439327584245234
TJK,2016-10-31,2016,0,0.4710128176473505
TJK,2016-11-30,2016,0,0.44744004487580724
TJK,2016-12-31,2016,0,0.47035688344927723
TUR,2002-01-31,2002,0,1.1766865906191284e-07
TUR,2002-02-28,2002,0,1.2131133005621687e-05
TUR,2002-03-31,2002,0,2.1694694041109563e-05
TUR,2002-04-30,2002,0,0.003571393652000058
TUR,2002-05-31,2002,0,0.0037137004609098865
TUR,2002-06-30,2002,0,0.004190950297048693
TUR,2002-07-31,2002,0,0.005242677479677454
TUR,2002-08-31,2002,0,0.004611444259892266
TUR,2002-09-30,2002,0,0.3803589564700672
TUR,2002-10-31,2002,0,0.3754833741105987
TUR,2002-11-30,2002,0,0.32673327232459276
TUR,2002-12-31,2002,0,0.32048547263009225
TUR,2003-01-31,2003,0,0.5481191887438263
TUR,2003-02-28,2003,0,0.5871015316908472
TUR,2003-03-31,2003,0,0.6082196109270254
TUR,2003-04-30,2003,0,0.5039850016551423
TUR,2003-05-31,2003,0,0.46796677940263337
TUR,2003-06-30,2003,0,0.4728590881366572
TUR,2003-07-31,2003,0,0.49794245159626643
TUR,2003-08-31,2003,0,0.5242352946951621
TUR,2003-09-30,2003,0,0.4702737080204098
TUR,2003-10-31,2003,0,0.5789035111381082
TUR,2003-11-30,2003,0,0.6977309911256553
TUR,2003-12-31,2003,0,0.6467403000865841
TUR,2004-01-31,2004,0,0.24035192334941222
TUR,2004-02-29,2004,0,0.24302971396746667
TUR,2004-03-31,2004,0,0.24601324632440594
TUR,2004-04-30,2004,0,0.33886126541653017
TUR,2004-05-31,2004,0,0.39847309939714776
TUR,2004-06-30,2004,0,0.4054258715396156
TUR,2004-07-31,2004,0,0.3899845366599638
TUR,2004-08-31,2004,0,0.38435067107049226
TUR,2004-09-30,2004,0,0.37968984566970865
TUR,2004-10-31,2004,0,0.3784379653983973
TUR,2004-11-30,2004,0,0.3255548287331691
TUR,2004-12-31,2004,0,0.21620224688414083
TUR,2005-01-31,2005,0,0.2780490965471455
TUR,2005-02-28,2005,0,0.24267419324910325
TUR,2005-03-31,2005,0,0.3078719828135836
TUR,2005-04-30,2005,0,0.2881973484510695
TUR,2005-05-31,2005,0,0.2949409903611883
TUR,2005-06-30,2005,0,0.31924836307680265
TUR,2005-07-31,2005,0,0.3114996421882752
TUR,2005-08-31,2005,0,0.35222534661003735
TUR,2005-09-30,2005,0,0.3410012221864957
TUR,2005-10-31,2005,0,0.3337771708437116
TUR,2005-11-30,2005,0,0.32403473428174195
TUR,2005-12-31,2005,0,0.42558096226325587
TUR,2006-01-31,2006,0,0.3436541762464272
TUR,2006-02-28,2006,0,0.3878374717984479
TUR,2006-03-31,2006,0,0.35985101802461833
TUR,2006-04-30,2006,0,0.35184816095561194
TUR,2006-05-31,2006,0,0.7583926433057858
TUR,2006-06-30,2006,0,0.721331623335221
TUR,2006-07-31,2006,0,0.5939585633221274
TUR,2006-08-31,2006,0,0.4035697831278701
TUR,2006-09-30,2006,0,0.4170006381512264
TUR,2006-10-31,2006,0,0.3999577368555675
TUR,2006-11-30,2006,0,0.00332166858026217
TUR,2006-12-31,2006,0,0.0027672879118105097
TUR,2007-01-31,2007,0,0.0044773447191242864
TUR,2007-02-28,2007,0,0.004477285793347838
TUR,2007-03-31,2007,0,0.003876806024823441
TUR,2007-04-30,2007,0,0.003845845008533858
TUR,2007-05-31,2007,0,0.3400874034565135
TUR,2007-06-30,2007,0,0.3477831729562274
TUR,2007-07-31,2007,0,0.4366535648057873
TUR,2007-08-31,2007,0,0.45801257172148685
TUR,2007-09-30,2007,0,0.18014067460351912
TUR,2007-10-31,2007,0,0.1858162137861307
TUR,2007-11-30,2007,0,0.18702530360896386
TUR,2007-12-31,2007,0,0.19615191438704763
TUR,2008-01-31,2008,0,0.19852449647188614
TUR,2008-02-29,2008,0,0.24033118104311516
TUR,2008-03-31,2008,0,0.6832089213361299
TUR,2008-04-30,2008,0,0.6620821421941195
TUR,2008-05-31,2008,0,0.464347651288481
TUR,2008-06-30,2008,0,0.45514439463038064
TUR,2008-07-31,2008,0,0.3634053254733246
TUR,2008-08-31,2008,0,0.4172276752120278
TUR,2008-09-30,2008,0,0.4427828981065074
TUR,2008-10-31,2008,0,0.8836798496224132
TUR,2008-11-30,2008,0,0.8769719596240791
TUR,2008-12-31,2008,0,0.822746762705339
TUR,2009-01-31,2009,0,0.684227004682202
TUR,2009-02-28,2009,0,0.7004076362499118
TUR,2009-03-31,2009,0,0.6362865245305801
TUR,2009-04-30,2009,0,0.0030782292352835297
TUR,2009-05-31,2009,0,0.003107594889393915
TUR,2009-06-30,2009,0,0.00323614465434856
TUR,2009-07-31,2009,0,0.002848791291388328
TUR,2009-08-31,2009,0,0.0029929060772735166
TUR,2009-09-30,2009,0,0.0026996189258845175
TUR,2009-10-31,2009,0,0.38767366195792125
TUR,2009-11-30,2009,0,0.3761851832675897
TUR,2009-12-31,2009,0,0.3849945350653742
TUR,2010-01-31,2010,0,0.5108039714608306
TUR,2010-02-28,2010,0,0.5767436380733663
TUR,2010-03-31,2010,0,0.5514838817443994
TUR,2010-04-30,2010,0,0.5194557011377663
TUR,2010-05-31,2010,0,0.6112820939070712
TUR,2010-06-30,2010,0,0.6070671614762824
TUR,2010-07-31,2010,0,0.5230780946246231
TUR,2010-08-31,2010,0,0.5214125893136751
TUR,2010-09-30,2010,0,0.4064810222690477
TUR,2010-10-31,2010,0,0.4417714903408694
TUR,2010-11-30,2010,0,0.4534231495253727
TUR,2010-12-31,2010,0,0.5001847423191339
TUR,2011-01-31,2011,0,0.603622573938427
TUR,2011-02-28,2011,0,0.5492190597707524
TUR,2011-03-31,2011,0,0.5132840112961718
TUR,2011-04-30,2011,0,0.5020805531907039
TUR,2011-05-31,2011,0,0.5187879230611395
TUR,2011-06-30,2011,0,0.5534208864696245
TUR,2011-07-31,2011,0,0.6158450912329781
TUR,2011-08-31,2011,0,0.6359616611189105
TUR,2011-09-30,2011,0,0.7598864642892104
TUR,2011-10-31,2011,0,0.5558937254168632
TUR,2011-11-30,2011,0,0.5926327646532201
TUR,2011-12-31,2011,0,0.5737968584859634
TUR,2012-01-31,2012,0,0.27011397590337966
TUR,2012-02-29,2012,0,0.22642746062792446
TUR,2012-03-31,2012,0,0.2140366867399721
TUR,2012-04-30,2012,0,0.2680144634881806
TUR,2012-05-31,2012,0,0.29539531140279646
TUR,2012-06-30,2012,0,0.2558122542999304
TUR,2012-07-31,2012,0,0.3325810192847164
TUR,2012-08-31,2012,0,0.33278199858586577
TUR,2012-09-30,2012,0,0.31296857755847246
TUR,2012-10-31,2012,0,0.34917260316458204
TUR,2012-11-30,2012,0,0.2949406549942726
TUR,2012-12-31,2012,0,0.3123184473674792
TUR,2013-01-31,2013,0,0.5010496170924172
TUR,2013-02-28,2013,0,0.5106826786622476
TUR,2013-03-31,2013,0,0.5363849184471885
TUR,2013-04-30,2013,0,0.5351830112204891
TUR,2013-05-31,2013,0,0.5260427952826227
TUR,2013-06-30,2013,0,0.5478943522860956
TUR,2013-07-31,2013,0,0.5709743348116356
TUR,2013-08-31,2013,0,0.6252870583659248
TUR,2013-09-30,2013,0,0.5893961618127513
TUR,2013-10-31,2013,0,0.5404246975572602
TUR,2013-11-30,2013,0,0.5190792153803414
TUR,2013-12-31,2013,0,0.5498816089429757
TUR,2014-01-31,2014,0,0.7825798660694621
TUR,2014-02-28,2014,0,0.7082620188252969
TUR,2014-03-31,2014,0,0.6499508931603167
TUR,2014-04-30,2014,0,0.5936102498664774
TUR,2014-05-31,2014,0,0.5847993587585884
TUR,2014-06-30,2014,0,0.5848497550304648
TUR,2014-07-31,2014,0,0.5690067361322464
TUR,2014-08-31,2014,0,0.6074812397002153
TUR,2014-09-30,2014,0,0.6493846462789356
TUR,2014-10-31,2014,0,0.6431855826429178
TUR,2014-11-30,2014,0,0.6314353554523079
TUR,2014-12-31,2014,0,0.6433279672955505
TUR,2015-01-31,2015,0,0.6956078052011042
TUR,2015-02-28,2015,0,0.7142246465315062
TUR,2015-03-31,2015,0,0.7008093907513835
TUR,2015-04-30,2015,0,0.7329444581346503
TUR,2015-05-31,2015,0,0.719971567102245
TUR,2015-06-30,2015,0,0.709985858636714
TUR,2015-07-31,2015,0,0.7014078081161939
TUR,2015-08-31,2015,0,0.7357536152278521
TUR,2015-09-30,2015,0,0.7444714387044482
TUR,2015-10-31,2015,0,0.6052882529292177
TUR,2015-11-30,2015,0,0.5866769766948303
TUR,2015-12-31,2015,0,0.5778577809662894
TUR,2016-01-31,2016,0,0.5394246538312024
TUR,2016-02-29,2016,0,0.5251411747559933
TUR,2016-03-31,2016,0,0.45867339819350333
TUR,2016-04-30,2016,0,0.4927031665455381
TUR,2016-05-31,2016,0,0.5580058618334246
TUR,2016-06-30,2016,0,0.5619812122263963
TUR,2016-07-31,2016,0,0.5864486326957763
TUR,2016-08-31,2016,0,0.565118320803176
TUR,2016-09-30,2016,0,0.6123029844619727
TUR,2016-10-31,2016,0,0.6350597974396782
TUR,2016-11-30,2016,0,0.7564810805907515
TUR,2016-12-31,2016,0,0.7865721884818917
TZA,2003-01-31,2003,0,0.42149258131265366
TZA,2003-02-28,2003,0,0.4556842547373841
TZA,2003-03-31,2003,0,0.47582542928161115
TZA,2003-04-30,2003,0,0.4894378166822827
TZA,2003-05-31,2003,0,0.49029527514384574
TZA,2003-06-30,2003,0,0.5766902310547243
TZA,2003-07-31,2003,0,0.44035521959955864
TZA,2003-08-31,2003,0,0.49776138699608624
TZA,2003-09-30,2003,0,0.49802591194430235
TZA,2003-10-31,2003,0,0.49779873483100684
TZA,2003-11-30,2003,0,0.5248950726424098
TZA,2003-12-31,2003,0,0.5608765723196553
TZA,2004-01-31,2004,0,0.6592382284686871
TZA,2004-02-29,2004,0,0.6536027779809132
TZA,2004-03-31,2004,0,0.6440069094323528
TZA,2004-04-30,2004,0,0.634988879069117
TZA,2004-05-31,2004,0,0.6304812146647385
TZA,2004-06-30,2004,0,0.6070058125698643
TZA,2004-07-31,2004,0,0.5446367146465079
TZA,2004-08-31,2004,0,0.518937805476559
TZA,2004-09-30,2004,0,0.4450417485748078
TZA,2004-10-31,2004,0,0.41983259602487166
TZA,2004-11-30,2004,0,0.4289690235727252
TZA,2004-12-31,2004,0,0.4624421075368293
TZA,2005-01-31,2005,0,0.5881574807585542
TZA,2005-02-28,2005,0,0.5614689361369075
TZA,2005-03-31,2005,0,0.5702988030037064
TZA,2005-04-30,2005,0,0.5766107513272087
TZA,2005-05-31,2005,0,0.5450257352415404
TZA,2005-06-30,2005,0,0.5627723633004796
TZA,2005-07-31,2005,0,0.4993216342056165
TZA,2005-08-31,2005,0,0.504370733862615
TZA,2005-09-30,2005,0,0.5820917700698
TZA,2005-10-31,2005,0,0.5767850410598276
TZA,2005-11-30,2005,0,0.5677370600661171
TZA,2005-12-31,2005,0,0.45925260573017124
TZA,2006-01-31,2006,0,0.43427463833742863
TZA,2006-02-28,2006,0,0.4357096791889983
TZA,2006-03-31,2006,0,0.4544074766143894
TZA,2006-04-30,2006,0,0.43578496335637656
TZA,2006-05-31,2006,0,0.4353937868960163
TZA,2006-06-30,2006,0,0.4418902866678585
TZA,2006-07-31,2006,0,0.44386118759400445
TZA,2006-08-31,2006,0,0.4210771450419796
TZA,2006-09-30,2006,0,0.28965003646290693
TZA,2006-10-31,2006,0,0.29240726432887604
TZA,2006-11-30,2006,0,0.25161013284005795
TZA,2006-12-31,2006,0,0.24978000409710216
TZA,2007-01-31,2007,0,0.3519727038111395
TZA,2007-02-28,2007,0,0.32887627675575476
TZA,2007-03-31,2007,0,0.3637790783975823
TZA,2007-04-30,2007,0,0.3710164588730368
TZA,2007-05-31,2007,0,0.38971587141911096
TZA,2007-06-30,2007,0,0.39735262140148264
TZA,2007-07-31,2007,0,0.38629323106314734
TZA,2007-08-31,2007,0,0.4265617905026199
TZA,2007-09-30,2007,0,0.3529673486605077
TZA,2007-10-31,2007,0,0.25926566302471454
TZA,2007-11-30,2007,0,0.2669520521736391
TZA,2007-12-31,2007,0,0.2669293062050371
TZA,2008-01-31,2008,0,0.29671737075391846
TZA,2008-02-29,2008,0,0.27578851379340247
TZA,2008-03-31,2008,0,0.401480672533544
TZA,2008-04-30,2008,0,0.38894382465842503
TZA,2008-05-31,2008,0,0.38642029923271976
TZA,2008-06-30,2008,0,0.3944370895204892
TZA,2008-07-31,2008,0,0.41769184545372623
TZA,2008-08-31,2008,0,0.4196198011460304
TZA,2008-09-30,2008,0,0.34299015783134595
TZA,2008-10-31,2008,0,0.7311708908949881
TZA,2008-11-30,2008,0,0.6818434467040916
TZA,2008-12-31,2008,0,0.7338737946036505
TZA,2009-01-31,2009,0,0.549384027772747
TZA,2009-02-28,2009,0,0.5737477027577851
TZA,2009-03-31,2009,0,0.5972342421708203
TZA,2009-04-30,2009,0,0.004388701301658217
TZA,2009-05-31,2009,0,0.004685759968843007
TZA,2009-06-30,2009,0,0.0045738652483875335
TZA,2009-07-31,2009,0,0.00482433262118987
TZA,2009-08-31,2009,0,0.004911071329588106
TZA,2009-09-30,2009,0,0.005187347093855615
TZA,2009-10-31,2009,0,0.4041988431202043
TZA,2009-11-30,2009,0,0.41911690279731656
TZA,2009-12-31,2009,0,0.4132744851907072
TZA,2010-01-31,2010,0,0.5199451607519471
TZA,2010-02-28,2010,0,0.5226448732615029
TZA,2010-03-31,2010,0,0.5067456464388833
TZA,2010-04-30,2010,0,0.5527433462572903
TZA,2010-05-31,2010,0,0.6636049642598346
TZA,2010-06-30,2010,0,0.6623406342610598
TZA,2010-07-31,2010,0,0.6797108282579343
TZA,2010-08-31,2010,0,0.7528078132303042
TZA,2010-09-30,2010,0,0.7543611235484822
TZA,2010-10-31,2010,0,0.7381502626973554
TZA,2010-11-30,2010,0,0.6975922931626185
TZA,2010-12-31,2010,0,0.6628842458716583
TZA,2011-01-31,2011,0,0.6902316192265208
TZA,2011-02-28,2011,0,0.6524296368405323
TZA,2011-03-31,2011,0,0.6556614055192809
TZA,2011-04-30,2011,0,0.6473535655802409
TZA,2011-05-31,2011,0,0.6482802188899923
TZA,2011-06-30,2011,0,0.6979628145033263
TZA,2011-07-31,2011,0,0.6893804667390266
TZA,2011-08-31,2011,0,0.6517160972425879
TZA,2011-09-30,2011,0,0.6536252432657911
TZA,2011-10-31,2011,0,0.6616294070819236
TZA,2011-11-30,2011,0,0.658628321689478
TZA,2011-12-31,2011,0,0.3201167399983482
TZA,2012-01-31,2012,0,0.24073221259876323
TZA,2012-02-29,2012,0,0.22901668232334377
TZA,2012-03-31,2012,0,0.2505433477987989
TZA,2012-04-30,2012,0,0.2435755722502103
TZA,2012-05-31,2012,0,0.2424041943819368
TZA,2012-06-30,2012,0,0.31824144033773544
TZA,2012-07-31,2012,0,0.3036092227913383
TZA,2012-08-31,2012,0,0.2784374742057385
TZA,2012-09-30,2012,0,0.262763205256349
TZA,2012-10-31,2012,0,0.24122085441129582
TZA,2012-11-30,2012,0,0.24759867399531868
TZA,2012-12-31,2012,0,0.4189715212777293
TZA,2013-01-31,2013,0,0.42850332857270373
TZA,2013-02-28,2013,0,0.44283117560109225
TZA,2013-03-31,2013,0,0.438726580848614
TZA,2013-04-30,2013,0,0.4463381289246401
TZA,2013-05-31,2013,0,0.4272501978333256
TZA,2013-06-30,2013,0,0.41946266605618604
TZA,2013-07-31,2013,0,0.42044340648400336
TZA,2013-08-31,2013,0,0.4593216961575446
TZA,2013-09-30,2013,0,0.4156307498532954
TZA,2013-10-31,2013,0,0.4197013597942166
TZA,2013-11-30,2013,0,0.4081601354323657
TZA,2013-12-31,2013,0,0.24731936894130535
TZA,2014-01-31,2014,0,0.5079780459275665
TZA,2014-02-28,2014,0,0.5073719090820421
TZA,2014-03-31,2014,0,0.5218071807572172
TZA,2014-04-30,2014,0,0.5110923783590552
TZA,2014-05-31,2014,0,0.5115676679406067
TZA,2014-06-30,2014,0,0.5625000839530425
TZA,2014-07-31,2014,0,0.5445108490195085
TZA,2014-08-31,2014,0,0.5374024465919636
TZA,2014-09-30,2014,0,0.5443232992795142
TZA,2014-10-31,2014,0,0.5253735704368659
TZA,2014-11-30,2014,0,0.5686472430960406
TZA,2014-12-31,2014,0,0.6592498325450366
TZA,2015-01-31,2015,0,0.6766309991098507
TZA,2015-02-28,2015,0,0.6593779285644316
TZA,2015-03-31,2015,0,0.6628936557645771
TZA,2015-04-30,2015,0,0.6218902666016294
TZA,2015-05-31,2015,0,0.7638842890775593
TZA,2015-06-30,2015,0,0.7798590005365178
TZA,2015-07-31,2015,0,0.7770757194567095
TZA,2015-08-31,2015,0,0.7828950721087103
TZA,2015-09-30,2015,0,0.788181100544452
TZA,2015-10-31,2015,0,0.7724505538769023
TZA,2015-11-30,2015,0,0.6732200282351488
TZA,2015-12-31,2015,0,0.6731927477151821
TZA,2016-01-31,2016,0,0.6809012634762464
TZA,2016-02-29,2016,0,0.668048129368485
TZA,2016-03-31,2016,0,0.6754839444565589
TZA,2016-04-30,2016,0,0.6889865531386645
TZA,2016-05-31,2016,0,0.6325102451963844
TZA,2016-06-30,2016,0,0.6417826802685416
TZA,2016-07-31,2016,0,0.5673709956805727
TZA,2016-08-31,2016,0,0.5443447622792096
TZA,2016-09-30,2016,0,0.5862921088421329
TZA,2016-10-31,2016,0,0.6240884875820074
TZA,2016-11-30,2016,0,0.7097065900422792
TZA,2016-12-31,2016,0,0.7025830496364672
UGA,2002-01-31,2002,0,0.28288827153849067
UGA,2002-02-28,2002,0,0.264316381721439
UGA,2002-03-31,2002,0,0.2327519710651505
UGA,2002-04-30,2002,0,0.21490276785001317
UGA,2002-05-31,2002,0,0.22201450388695448
UGA,2002-06-30,2002,0,0.2964848929494112
UGA,2002-07-31,2002,0,0.2904333803918425
UGA,2002-08-31,2002,0,0.2910870737353366
UGA,2002-09-30,2002,0,0.3189753334253084
UGA,2002-10-31,2002,0,0.29722846575415857
UGA,2002-11-30,2002,0,0.28772380486875326
UGA,2002-12-31,2002,0,0.2585555029072293
UGA,2003-01-31,2003,0,0.21288341882424897
UGA,2003-02-28,2003,0,0.3287307653181164
UGA,2003-03-31,2003,0,0.42960880275068536
UGA,2003-04-30,2003,0,0.43419772336191675
UGA,2003-05-31,2003,0,0.41476883487964933
UGA,2003-06-30,2003,0,0.4244046072481594
UGA,2003-07-31,2003,0,0.3696090188976923
UGA,2003-08-31,2003,0,0.4155676018296224
UGA,2003-09-30,2003,0,0.261700430731413
UGA,2003-10-31,2003,0,0.2742134761429412
UGA,2003-11-30,2003,0,0.2220339895795242
UGA,2003-12-31,2003,0,0.23198524165486806
UGA,2004-01-31,2004,0,0.3341716242097516
UGA,2004-02-29,2004,0,0.37080267380555854
UGA,2004-03-31,2004,0,0.2739523993869107
UGA,2004-04-30,2004,0,0.3067947784265506
UGA,2004-05-31,2004,0,0.1379515802684313
UGA,2004-06-30,2004,0,0.1521274220921642
UGA,2004-07-31,2004,0,0.15601623599352132
UGA,2004-08-31,2004,0,0.18050182365974038
UGA,2004-09-30,2004,0,0.22827776959265805
UGA,2004-10-31,2004,0,0.2335565427031175
UGA,2004-11-30,2004,0,0.2523076257445245
UGA,2004-12-31,2004,0,0.23192518886631178
UGA,2005-01-31,2005,0,0.26105695527957484
UGA,2005-02-28,2005,0,0.2926447126905578
UGA,2005-03-31,2005,0,0.3369319171277786
UGA,2005-04-30,2005,0,0.33451866643050626
UGA,2005-05-31,2005,0,0.36704853205016635
UGA,2005-06-30,2005,0,0.35552020525674094
UGA,2005-07-31,2005,0,0.33645430151314926
UGA,2005-08-31,2005,0,0.36659604449365896
UGA,2005-09-30,2005,0,0.38581455249562957
UGA,2005-10-31,2005,0,0.34638352383894405
UGA,2005-11-30,2005,0,0.35631599771368544
UGA,2005-12-31,2005,0,0.35253588636130667
UGA,2006-01-31,2006,0,0.4122358003493151
UGA,2006-02-28,2006,0,0.39901500754887714
UGA,2006-03-31,2006,0,0.39649800028652604
UGA,2006-04-30,2006,0,0.44085821843116774
UGA,2006-05-31,2006,0,0.42724004229581675
UGA,2006-06-30,2006,0,0.43948569431590545
UGA,2006-07-31,2006,0,0.45327907654524136
UGA,2006-08-31,2006,0,0.4410961703657872
UGA,2006-09-30,2006,0,0.2736559266441643
UGA,2006-10-31,2006,0,0.19757222533016566
UGA,2006-11-30,2006,0,0.21303401066267602
UGA,2006-12-31,2006,0,0.15346292650808624
UGA,2007-01-31,2007,0,0.14452192571708075
UGA,2007-02-28,2007,0,0.15925346588255376
UGA,2007-03-31,2007,0,0.17470187432720133
UGA,2007-04-30,2007,0,0.17382707426636806
UGA,2007-05-31,2007,0,0.19039995985747954
UGA,2007-06-30,2007,0,0.10516193536350624
UGA,2007-07-31,2007,0,0.21176523027159788
UGA,2007-08-31,2007,0,0.3280565607277398
UGA,2007-09-30,2007,0,0.3364818067954159
UGA,2007-10-31,2007,0,0.31648666462743086
UGA,2007-11-30,2007,0,0.3085762335542983
UGA,2007-12-31,2007,0,0.3603735916120336
UGA,2008-01-31,2008,0,0.3598148659746355
UGA,2008-02-29,2008,0,0.29840032153815305
UGA,2008-03-31,2008,0,0.3116723135733426
UGA,2008-04-30,2008,0,0.29955795742429925
UGA,2008-05-31,2008,0,0.26808626675807373
UGA,2008-06-30,2008,0,0.35231878080051116
UGA,2008-07-31,2008,0,0.3885352691453577
UGA,2008-08-31,2008,0,0.22334601923506947
UGA,2008-09-30,2008,0,0.2333244540918012
UGA,2008-10-31,2008,0,0.7399510571522587
UGA,2008-11-30,2008,0,0.7716226449915935
UGA,2008-12-31,2008,0,0.7456894151314407
UGA,2009-01-31,2009,0,0.5932556950977642
UGA,2009-02-28,2009,0,0.5877496855991298
UGA,2009-03-31,2009,0,0.6359957222125251
UGA,2009-04-30,2009,0,0.006788393175004397
UGA,2009-05-31,2009,0,0.007272399086991031
UGA,2009-06-30,2009,0,0.0020223198164580182
UGA,2009-07-31,2009,0,0.002205266310856769
UGA,2009-08-31,2009,0,0.0018938437640296391
UGA,2009-09-30,2009,0,0.0012272931635662128
UGA,2009-10-31,2009,0,0.18417703718599665
UGA,2009-11-30,2009,0,0.18105818900325957
UGA,2009-12-31,2009,0,0.2441469447291919
UGA,2010-01-31,2010,0,0.20487376847006636
UGA,2010-02-28,2010,0,0.26324384746943236
UGA,2010-03-31,2010,0,0.32565304014114654
UGA,2010-04-30,2010,0,0.3520067304974146
UGA,2010-05-31,2010,0,0.42652066289421786
UGA,2010-06-30,2010,0,0.47320609378939155
UGA,2010-07-31,2010,0,0.32363743221290686
UGA,2010-08-31,2010,0,0.30372632216239887
UGA,2010-09-30,2010,0,0.3415139796597665
UGA,2010-10-31,2010,0,0.3760511214847531
UGA,2010-11-30,2010,0,0.35660796304017806
UGA,2010-12-31,2010,0,0.345146867643484
UGA,2011-01-31,2011,0,0.46188209198164837
UGA,2011-02-28,2011,0,0.45924100005227925
UGA,2011-03-31,2011,0,0.4800096678656519
UGA,2011-04-30,2011,0,0.4656563207453016
UGA,2011-05-31,2011,0,0.4534122102241646
UGA,2011-06-30,2011,0,0.6508959855617921
UGA,2011-07-31,2011,0,0.6541927553864946
UGA,2011-08-31,2011,0,0.6977204890437652
UGA,2011-09-30,2011,0,0.648150597952879
UGA,2011-10-31,2011,0,0.3007998893617127
UGA,2011-11-30,2011,0,0.27911428113447617
UGA,2011-12-31,2011,0,0.21078884313298316
UGA,2012-01-31,2012,0,0.23779385317436608
UGA,2012-02-29,2012,0,0.21749315058677443
UGA,2012-03-31,2012,0,0.276134156210549
UGA,2012-04-30,2012,0,0.3918067191703096
UGA,2012-05-31,2012,0,0.3742193030043413
UGA,2012-06-30,2012,0,0.34617466750825554
UGA,2012-07-31,2012,0,0.46779337603221693
UGA,2012-08-31,2012,0,0.44230428662960103
UGA,2012-09-30,2012,0,0.4106391325884553
UGA,2012-10-31,2012,0,0.48337955268149324
UGA,2012-11-30,2012,0,0.5547545986275896
UGA,2012-12-31,2012,0,0.5600073286683666
UGA,2013-01-31,2013,0,0.572977465398544
UGA,2013-02-28,2013,0,0.5454322827381058
UGA,2013-03-31,2013,0,0.4767210123730967
UGA,2013-04-30,2013,0,0.47912247837865035
UGA,2013-05-31,2013,0,0.43441657276422385
UGA,2013-06-30,2013,0,0.4515730482342298
UGA,2013-07-31,2013,0,0.4463051878245976
UGA,2013-08-31,2013,0,0.4545810520838647
UGA,2013-09-30,2013,0,0.4716072372368339
UGA,2013-10-31,2013,0,0.4824317993898096
UGA,2013-11-30,2013,0,0.32530769828888373
UGA,2013-12-31,2013,0,0.33385674090996653
UGA,2014-01-31,2014,0,0.2845954848364257
UGA,2014-02-28,2014,0,0.3974515526192107
UGA,2014-03-31,2014,0,0.4025943754222355
UGA,2014-04-30,2014,0,0.42257440605571966
UGA,2014-05-31,2014,0,0.4061042211743674
UGA,2014-06-30,2014,0,0.40402115031839503
UGA,2014-07-31,2014,0,0.43532841113388693
UGA,2014-08-31,2014,0,0.4114917507087249
UGA,2014-09-30,2014,0,0.3960478460685244
UGA,2014-10-31,2014,0,0.4120377728566904
UGA,2014-11-30,2014,0,0.4475901431798079
UGA,2014-12-31,2014,0,0.42983807569064636
UGA,2015-01-31,2015,0,0.512839077561746
UGA,2015-02-28,2015,0,0.5254847237000814
UGA,2015-03-31,2015,0,0.5176262685703524
UGA,2015-04-30,2015,0,0.5490930310096299
UGA,2015-05-31,2015,0,0.5451289137096232
UGA,2015-06-30,2015,0,0.756828121282565
UGA,2015-07-31,2015,0,0.75751155541403
UGA,2015-08-31,2015,0,0.7814149381491217
UGA,2015-09-30,2015,0,0.7472051200368239
UGA,2015-10-31,2015,0,0.557372205357393
UGA,2015-11-30,2015,0,0.3802787486661171
UGA,2015-12-31,2015,0,0.34440687380511154
UGA,2016-01-31,2016,0,0.38187776048394456
UGA,2016-02-29,2016,0,0.3363392999187236
UGA,2016-03-31,2016,0,0.3403292194476531
UGA,2016-04-30,2016,0,0.3355418767760758
UGA,2016-05-31,2016,0,0.40148458953550137
UGA,2016-06-30,2016,0,0.38066646844778745
UGA,2016-07-31,2016,0,0.37288963590452484
UGA,2016-08-31,2016,0,0.33726276479230194
UGA,2016-09-30,2016,0,0.33749388310910605
UGA,2016-10-31,2016,0,0.36379648936811276
UGA,2016-11-30,2016,0,0.5311025191690931
UGA,2016-12-31,2016,0,0.5262868187054693
UKR,2002-01-31,2002,0,0.235009873456536
UKR,2002-02-28,2002,0,0.22145066475338746
UKR,2002-03-31,2002,0,0.20591933915702043
UKR,2002-04-30,2002,0,0.2354824354856883
UKR,2002-05-31,2002,0,0.26022278045214575
UKR,2002-06-30,2002,0,0.2831572516467356
UKR,2002-07-31,2002,0,0.24551555610320652
UKR,2002-08-31,2002,0,0.2338459638580375
UKR,2002-09-30,2002,0,0.22573575123575793
UKR,2002-10-31,2002,0,0.3431331876922433
UKR,2002-11-30,2002,0,0.3027231610082742
UKR,2002-12-31,2002,0,0.4723101511797343
UKR,2003-01-31,2003,0,0.5301344930420379
UKR,2003-02-28,2003,0,0.4497328645039589
UKR,2003-03-31,2003,0,0.44101885072619107
UKR,2003-04-30,2003,0,0.3255329532518347
UKR,2003-05-31,2003,0,0.33659658642904233
UKR,2003-06-30,2003,0,0.37203343126087784
UKR,2003-07-31,2003,0,0.3851046364462259
UKR,2003-08-31,2003,0,0.3224792778085549
UKR,2003-09-30,2003,0,0.32730999149242634
UKR,2003-10-31,2003,0,0.33196312474849915
UKR,2003-11-30,2003,0,0.2934587346589969
UKR,2003-12-31,2003,0,0.3224078017537246
UKR,2004-01-31,2004,0,0.5485064358172883
UKR,2004-02-29,2004,0,0.37660076651006447
UKR,2004-03-31,2004,0,0.42094935493638547
UKR,2004-04-30,2004,0,0.41326802678130475
UKR,2004-05-31,2004,0,0.1983905842353539
UKR,2004-06-30,2004,0,0.2679316600880537
UKR,2004-07-31,2004,0,0.32224357300517525
UKR,2004-08-31,2004,0,0.38297275061140157
UKR,2004-09-30,2004,0,0.453868854726849
UKR,2004-10-31,2004,0,0.44867199835981353
UKR,2004-11-30,2004,0,0.41298295580507965
UKR,2004-12-31,2004,0,0.3834073832683422
UKR,2005-01-31,2005,0,0.23310600181342447
UKR,2005-02-28,2005,0,0.25333549704425135
UKR,2005-03-31,2005,0,0.09797354985191781
UKR,2005-04-30,2005,0,0.05323262358650144
UKR,2005-05-31,2005,0,0.0553948989481849
UKR,2005-06-30,2005,0,0.056023754055828184
UKR,2005-07-31,2005,0,0.06190087711364428
UKR,2005-08-31,2005,0,0.062122712267861514
UKR,2005-09-30,2005,0,0.06234642011759779
UKR,2005-10-31,2005,0,0.08809715266518368
UKR,2005-11-30,2005,0,0.08810554147821542
UKR,2005-12-31,2005,0,0.07094274065246133
UKR,2006-01-31,2006,0,0.06267570504870422
UKR,2006-02-28,2006,0,0.06271565826001833
UKR,2006-03-31,2006,0,0.06205834902342331
UKR,2006-04-30,2006,0,0.2363149414550328
UKR,2006-05-31,2006,0,0.2363149414550328
UKR,2006-06-30,2006,0,0.0673289689173321
UKR,2006-07-31,2006,0,0.23638367029987925
UKR,2006-08-31,2006,0,0.23638367029987925
UKR,2006-09-30,2006,0,0.23638367029987925
UKR,2006-10-31,2006,0,0.23638367029987925
UKR,2006-11-30,2006,0,0.23638367029987925
UKR,2006-12-31,2006,0,0.23638367029987925
UKR,2007-01-31,2007,0,0.4039072883783752
UKR,2007-02-28,2007,0,0.4039072883783752
UKR,2007-03-31,2007,0,0.4039072883783752
UKR,2007-04-30,2007,0,0.4039072883783752
UKR,2007-05-31,2007,0,0.4039072883783752
UKR,2007-06-30,2007,0,0.4039072883783752
UKR,2007-07-31,2007,0,0.4039072883783752
UKR,2007-08-31,2007,0,0.4039072883783752
UKR,2007-09-30,2007,0,0.4039072883783752
UKR,2007-10-31,2007,0,0.4039072883783752
UKR,2007-11-30,2007,0,0.4039072883783752
UKR,2007-12-31,2007,0,0.4039072883783752
UKR,2008-01-31,2008,1,0.33657878662152113
UKR,2008-02-29,2008,1,0.33657878662152113
UKR,2008-03-31,2008,1,0.33657878662152113
UKR,2008-04-30,2008,1,0.33657878662152113
UKR,2008-05-31,2008,1,0.05357704314443641
UKR,2008-06-30,2008,1,0.0555987664700618
UKR,2008-07-31,2008,1,0.05538911059829901
UKR,2008-08-31,2008,1,0.0620005224276791
UKR,2008-09-30,2008,1,0.06413752699481541
UKR,2008-10-31,2008,1,0.7844991317096539
UKR,2008-11-30,2008,1,0.9016986640703981
UKR,2008-12-31,2008,1,0.9655592689635061
UKR,2009-01-31,2009,0,0.9214032431839444
UKR,2009-02-28,2009,0,0.8281371481470897
UKR,2009-03-31,2009,0,0.7010755141526642
UKR,2009-04-30,2009,0,0.006819793688914019
UKR,2009-05-31,2009,0,2.4689200057588903e-05
UKR,2009-06-30,2009,0,6.051420586378441e-08
UKR,2009-07-31,2009,0,7.99198385747549e-08
UKR,2009-08-31,2009,0,1.2884020555428948e-07
UKR,2009-09-30,2009,0,1.2408513037329762e-07
UKR,2009-10-31,2009,0,2.858280122601599e-05
UKR,2009-11-30,2009,0,0.008325728625326538
UKR,2009-12-31,2009,0,0.6664820898399845
UKR,2010-01-31,2010,0,0.7019377394108715
UKR,2010-02-28,2010,0,0.6333980147729312
UKR,2010-03-31,2010,0,0.5558680241161291
UKR,2010-04-30,2010,0,0.5532866012689761
UKR,2010-05-31,2010,0,0.5592780877632388
UKR,2010-06-30,2010,0,0.5739405429830909
UKR,2010-07-31,2010,0,0.5675311056350293
UKR,2010-08-31,2010,0,0.3804204157458081
UKR,2010-09-30,2010,0,0.5147392404673795
UKR,2010-10-31,2010,0,0.5155766183403886
UKR,2010-11-30,2010,0,0.49213173536048016
UKR,2010-12-31,2010,0,0.47315382561460084
UKR,2011-01-31,2011,0,0.6772478961520898
UKR,2011-02-28,2011,0,0.6753954043977458
UKR,2011-03-31,2011,0,0.7303667661686695
UKR,2011-04-30,2011,0,0.7243469662515029
UKR,2011-05-31,2011,0,0.7310873984657729
UKR,2011-06-30,2011,0,0.7395254941580005
UKR,2011-07-31,2011,0,0.7629587735275954
UKR,2011-08-31,2011,0,0.7758957129024703
UKR,2011-09-30,2011,0,0.7413046550856769
UKR,2011-10-31,2011,0,0.7361770468705381
UKR,2011-11-30,2011,0,0.7699652321443364
UKR,2011-12-31,2011,0,0.7759417488017162
UKR,2012-01-31,2012,0,0.5927435579016188
UKR,2012-02-29,2012,0,0.6093566854758458
UKR,2012-03-31,2012,0,0.5694583533100843
UKR,2012-04-30,2012,0,0.5857301082776561
UKR,2012-05-31,2012,0,0.5458924366355983
UKR,2012-06-30,2012,0,0.5500272277776432
UKR,2012-07-31,2012,0,0.5462935772621949
UKR,2012-08-31,2012,0,0.5851410949169544
UKR,2012-09-30,2012,0,0.58926873879629
UKR,2012-10-31,2012,0,0.6405627836197708
UKR,2012-11-30,2012,0,0.5209379848429553
UKR,2012-12-31,2012,0,0.5219127796834903
UKR,2013-01-31,2013,1,0.4713110106063518
UKR,2013-02-28,2013,1,0.5798251500592895
UKR,2013-03-31,2013,1,0.5798251500592895
UKR,2013-04-30,2013,1,0.6434403977922049
UKR,2013-05-31,2013,1,0.6538274618798174
UKR,2013-06-30,2013,1,0.6538274618798174
UKR,2013-07-31,2013,1,0.46752277162748784
UKR,2013-08-31,2013,1,0.46752277162748784
UKR,2013-09-30,2013,1,0.46752277162748784
UKR,2013-10-31,2013,1,0.46752277162748784
UKR,2013-11-30,2013,1,0.46752277162748784
UKR,2013-12-31,2013,1,0.46752277162748784
UKR,2014-01-31,2014,0,0.49530171978228554
UKR,2014-02-28,2014,0,0.8140715636996408
UKR,2014-03-31,2014,0,0.8679969971766811
UKR,2014-04-30,2014,0,0.9027409665222572
UKR,2014-05-31,2014,0,0.7456416571182526
UKR,2014-06-30,2014,0,0.7129750211582311
UKR,2014-07-31,2014,0,0.7333145289439177
UKR,2014-08-31,2014,0,0.39459570127458315
UKR,2014-09-30,2014,0,0.21497247410005993
UKR,2014-10-31,2014,0,0.1872213531078969
UKR,2014-11-30,2014,0,0.15759637069161347
UKR,2014-12-31,2014,0,0.24707295859936876
UKR,2015-01-31,2015,0,0.5671387687228729
UKR,2015-02-28,2015,0,0.8209419043688464
UKR,2015-03-31,2015,0,0.46386466292578016
UKR,2015-04-30,2015,0,0.2382527600435888
UKR,2015-05-31,2015,0,0.054264787069348265
UKR,2015-06-30,2015,0,0.059989908104435746
UKR,2015-07-31,2015,0,0.07974571205881967
UKR,2015-08-31,2015,0,0.06631391698015099
UKR,2015-09-30,2015,0,0.11397547907533574
UKR,2015-10-31,2015,0,0.23843395712155202
UKR,2015-11-30,2015,0,0.3691525233690993
UKR,2015-12-31,2015,0,0.3494756950962136
UKR,2016-01-31,2016,0,0.22552591925422677
UKR,2016-02-29,2016,0,0.2833637451448876
UKR,2016-03-31,2016,0,0.296874556183353
UKR,2016-04-30,2016,0,0.32044713814149217
UKR,2016-05-31,2016,0,0.29672334237104614
UKR,2016-06-30,2016,0,0.2971394967282393
UKR,2016-07-31,2016,0,0.31607191912423477
UKR,2016-08-31,2016,0,0.2846665390477043
UKR,2016-09-30,2016,0,0.30440244704692193
UKR,2016-10-31,2016,0,0.35373542371801464
UKR,2016-11-30,2016,0,0.35989513875497825
UKR,2016-12-31,2016,0,0.39221578122811807
URY,2015-01-31,2015,0,0.44620075141442395
URY,2015-02-28,2015,0,0.46672213167839066
URY,2015-03-31,2015,0,0.4822698561055377
URY,2015-04-30,2015,0,0.5059638525913617
URY,2015-05-31,2015,0,0.5569872063343967
URY,2015-06-30,2015,0,0.5457783124379675
URY,2015-07-31,2015,0,0.5918744277585566
URY,2015-08-31,2015,0,0.5833610237276288
URY,2015-09-30,2015,0,0.5978115627545679
URY,2015-10-31,2015,0,0.6172332514025155
URY,2015-11-30,2015,0,0.6912111975608964
URY,2015-12-31,2015,0,0.7026065546985163
URY,2016-01-31,2016,0,0.640910728344258
URY,2016-02-29,2016,0,0.6334750097064852
URY,2016-03-31,2016,0,0.5154601544336233
URY,2016-04-30,2016,0,0.5037467632413994
URY,2016-05-31,2016,0,0.43261289430983846
URY,2016-06-30,2016,0,0.4398858902701873
URY,2016-07-31,2016,0,0.3902167284888948
URY,2016-08-31,2016,0,0.3085980252628933
URY,2016-09-30,2016,0,0.3211405317440561
URY,2016-10-31,2016,0,0.3402639859799485
URY,2016-11-30,2016,0,0.3855032813303308
URY,2016-12-31,2016,0,0.3950139236815576
UZB,2013-04-30,2013,0,6.398481437984037e-05
UZB,2013-05-31,2013,0,4.07882324042609e-05
UZB,2013-06-30,2013,0,2.893171535875148e-05
UZB,2013-07-31,2013,0,8.082614256305694e-08
UZB,2013-08-31,2013,0,8.06967950942128e-08
UZB,2013-09-30,2013,0,7.97764481345634e-08
UZB,2013-10-31,2013,0,8.412338276088806e-08
UZB,2013-11-30,2013,0,8.099875423650881e-08
UZB,2013-12-31,2013,0,7.299391100557195e-08
UZB,2014-01-31,2014,0,0.5052629004827629
UZB,2014-02-28,2014,0,0.5086673290823829
UZB,2014-03-31,2014,0,0.5145747311035227
UZB,2014-04-30,2014,0,0.5190118905247137
UZB,2014-05-31,2014,0,0.5221685446335367
UZB,2014-06-30,2014,0,0.5098453460896497
UZB,2014-07-31,2014,0,0.525533693646219
UZB,2014-08-31,2014,0,0.5404140888943407
UZB,2014-09-30,2014,0,0.5456726210389912
UZB,2014-10-31,2014,0,0.5418930605699821
UZB,2014-11-30,2014,0,0.5447273851490982
UZB,2014-12-31,2014,0,0.5142981081794826
UZB,2015-01-31,2015,0,0.6121512924851501
UZB,2015-02-28,2015,0,0.6145833855645516
UZB,2015-03-31,2015,0,0.6262072824932885
UZB,2015-04-30,2015,0,0.6288024770686375
UZB,2015-05-31,2015,0,0.6220956168002639
UZB,2015-06-30,2015,0,0.5997521753218311
UZB,2015-07-31,2015,0,0.6406729799386482
UZB,2015-08-31,2015,0,0.653662180836856
UZB,2015-09-30,2015,0,0.6003328757327683
UZB,2015-10-31,2015,0,0.7748141779791939
UZB,2015-11-30,2015,0,0.710913913690664
UZB,2015-12-31,2015,0,0.6906666189331222
UZB,2016-01-31,2016,0,0.7004326159612964
UZB,2016-02-29,2016,0,0.6918973307026873
UZB,2016-03-31,2016,0,0.6935517642340093
UZB,2016-04-30,2016,0,0.7050348549898392
UZB,2016-05-31,2016,0,0.7263932459034088
UZB,2016-06-30,2016,0,0.6595034651555666
UZB,2016-07-31,2016,0,0.6672664258390489
UZB,2016-08-31,2016,0,0.6482126461478493
UZB,2016-09-30,2016,0,0.6683439480525478
UZB,2016-10-31,2016,0,0.7192541059296773
UZB,2016-11-30,2016,0,0.70683273990958
UZB,2016-12-31,2016,0,0.7303233758932949
VEN,2002-01-31,2002,0,0.6438461500130535
VEN,2002-02-28,2002,0,0.9261755558186282
VEN,2002-03-31,2002,0,0.8116274913785455
VEN,2002-04-30,2002,0,0.7943460787737431
VEN,2002-05-31,2002,0,0.6714249429532296
VEN,2002-06-30,2002,0,0.9022727095588632
VEN,2002-07-31,2002,0,0.9070505897256559
VEN,2002-08-31,2002,0,0.015669750658365584
VEN,2002-09-30,2002,0,0.0035598047400408036
VEN,2002-10-31,2002,0,0.002952247365856803
VEN,2002-11-30,2002,0,3.175562186831124e-05
VEN,2002-12-31,2002,0,3.3973362719767103e-07
VEN,2003-01-31,2003,0,3.046035579045577e-06
VEN,2003-02-28,2003,0,9.416631436270051e-05
VEN,2003-03-31,2003,0,0.00011354930408889964
VEN,2003-04-30,2003,0,2.1089559796412303e-05
VEN,2003-05-31,2003,0,0.0037473526442321015
VEN,2003-06-30,2003,0,0.33508069388862155
VEN,2003-07-31,2003,0,0.005797049613917036
VEN,2003-08-31,2003,0,0.013593554104136419
VEN,2003-09-30,2003,0,0.013893146798742978
VEN,2003-10-31,2003,0,0.014763013412320978
VEN,2003-11-30,2003,0,0.015033114211574272
VEN,2003-12-31,2003,0,0.016074922624583207
VEN,2004-01-31,2004,0,0.494392932650492
VEN,2004-02-29,2004,0,0.9657239139137478
VEN,2004-03-31,2004,0,0.9580486176459618
VEN,2004-04-30,2004,0,0.9580486176459618
VEN,2004-05-31,2004,0,0.7762216638627081
VEN,2004-06-30,2004,0,0.7762216638627081
VEN,2004-07-31,2004,0,0.7762216638627081
VEN,2004-08-31,2004,0,0.06711553286615625
VEN,2004-09-30,2004,0,0.06711553286615625
VEN,2004-10-31,2004,0,0.06711553286615625
VEN,2004-11-30,2004,0,0.06711553286615625
VEN,2004-12-31,2004,0,0.06711553286615625
VEN,2005-01-31,2005,0,0.03654471691651838
VEN,2005-02-28,2005,0,0.6592913705003312
VEN,2005-03-31,2005,0,0.6592913705003312
VEN,2005-04-30,2005,0,0.940716658308846
VEN,2005-05-31,2005,0,0.9343525872956108
VEN,2005-06-30,2005,0,0.9343525872956108
VEN,2005-07-31,2005,0,0.8749721674262375
VEN,2005-08-31,2005,0,0.8749721674262375
VEN,2005-09-30,2005,0,0.8749721674262375
VEN,2005-10-31,2005,0,0.037667131160948865
VEN,2005-11-30,2005,0,0.037667131160948865
VEN,2005-12-31,2005,0,0.037667131160948865
VEN,2006-01-31,2006,0,0.0012039277603559729
VEN,2006-02-28,2006,0,0.0012039277603559729
VEN,2006-03-31,2006,0,0.0012039277603559729
VEN,2006-04-30,2006,0,0.06108374744243901
VEN,2006-05-31,2006,0,0.06108374744243901
VEN,2006-06-30,2006,0,0.06108374744243901
VEN,2006-07-31,2006,0,0.06108374744243901
VEN,2006-08-31,2006,0,0.06108374744243901
VEN,2006-09-30,2006,0,0.06108374744243901
VEN,2006-10-31,2006,0,0.06108374744243901
VEN,2006-11-30,2006,0,0.06108374744243901
VEN,2006-12-31,2006,0,0.06108374744243901
VEN,2007-01-31,2007,0,0.20843484610087762
VEN,2007-02-28,2007,0,0.20843484610087762
VEN,2007-03-31,2007,0,0.20843484610087762
VEN,2007-04-30,2007,0,0.20843484610087762
VEN,2007-05-31,2007,0,0.20843484610087762
VEN,2007-06-30,2007,0,0.20843484610087762
VEN,2007-07-31,2007,0,0.20843484610087762
VEN,2007-08-31,2007,0,0.20843484610087762
VEN,2007-09-30,2007,0,0.20843484610087762
VEN,2007-10-31,2007,0,0.20843484610087762
VEN,2007-11-30,2007,0,0.20843484610087762
VEN,2007-12-31,2007,0,0.20843484610087762
VEN,2008-01-31,2008,0,0.17891543260061923
VEN,2008-02-29,2008,0,0.17891543260061923
VEN,2008-03-31,2008,0,0.17891543260061923
VEN,2008-04-30,2008,0,0.17891543260061923
VEN,2008-05-31,2008,0,0.17891543260061923
VEN,2008-06-30,2008,0,0.17891543260061923
VEN,2008-07-31,2008,0,0.17891543260061923
VEN,2008-08-31,2008,0,0.17891543260061923
VEN,2008-09-30,2008,0,0.17891543260061923
VEN,2008-10-31,2008,0,0.17891543260061923
VEN,2008-11-30,2008,0,0.17891543260061923
VEN,2008-12-31,2008,0,0.17891543260061923
VEN,2009-01-31,2009,1,0.4384400521813852
VEN,2009-02-28,2009,1,0.4384400521813852
VEN,2009-03-31,2009,1,0.4384400521813852
VEN,2009-04-30,2009,1,0.4384400521813852
VEN,2009-05-31,2009,1,0.4384400521813852
VEN,2009-06-30,2009,1,0.4384400521813852
VEN,2009-07-31,2009,1,0.4384400521813852
VEN,2009-08-31,2009,1,0.4384400521813852
VEN,2009-09-30,2009,1,0.4384400521813852
VEN,2009-10-31,2009,1,0.4384400521813852
VEN,2009-11-30,2009,1,0.4384400521813852
VEN,2009-12-31,2009,1,0.4384400521813852
VEN,2010-01-31,2010,0,0.87008640654788
VEN,2010-02-28,2010,0,0.8452907923654696
VEN,2010-03-31,2010,0,0.8452907923654696
VEN,2010-04-30,2010,0,0.6510093622510821
VEN,2010-05-31,2010,0,0.6510093622510821
VEN,2010-06-30,2010,0,0.6510093622510821
VEN,2010-07-31,2010,0,0.008960994539618836
VEN,2010-08-31,2010,0,0.008960994539618836
VEN,2010-09-30,2010,0,0.008960994539618836
VEN,2010-10-31,2010,0,0.008960994539618836
VEN,2010-11-30,2010,0,0.008960994539618836
VEN,2010-12-31,2010,0,0.008960994539618836
VEN,2011-01-31,2011,0,0.9418530052883254
VEN,2011-02-28,2011,0,0.9028320458503817
VEN,2011-03-31,2011,0,0.9028320458503817
VEN,2011-04-30,2011,0,0.6844886014085446
VEN,2011-05-31,2011,0,0.6844886014085446
VEN,2011-06-30,2011,0,0.6844886014085446
VEN,2011-07-31,2011,0,0.010466653519496511
VEN,2011-08-31,2011,0,0.010466653519496511
VEN,2011-09-30,2011,0,0.010466653519496511
VEN,2011-10-31,2011,0,0.010466653519496511
VEN,2011-11-30,2011,0,0.010466653519496511
VEN,2011-12-31,2011,0,0.010466653519496511
VEN,2012-01-31,2012,0,0.5258874331542173
VEN,2012-02-29,2012,0,0.5258874331542173
VEN,2012-03-31,2012,0,0.5258874331542173
VEN,2012-04-30,2012,0,0.5258874331542173
VEN,2012-05-31,2012,0,0.5258874331542173
VEN,2012-06-30,2012,0,0.5258874331542173
VEN,2012-07-31,2012,0,0.5258874331542173
VEN,2012-08-31,2012,0,0.5258874331542173
VEN,2012-09-30,2012,0,0.5258874331542173
VEN,2012-10-31,2012,0,0.5258874331542173
VEN,2012-11-30,2012,0,0.5258874331542173
VEN,2012-12-31,2012,0,0.5258874331542173
VEN,2013-01-31,2013,0,0.5192144273298931
VEN,2013-02-28,2013,0,0.8368877027689982
VEN,2013-03-31,2013,0,0.8404514162464394
VEN,2013-04-30,2013,0,0.8404514162464394
VEN,2013-05-31,2013,0,0.5665661508713487
VEN,2013-06-30,2013,0,0.5665661508713487
VEN,2013-07-31,2013,0,0.5665661508713487
VEN,2013-08-31,2013,0,0.007506464311838921
VEN,2013-09-30,2013,0,0.007506464311838921
VEN,2013-10-31,2013,0,0.007506464311838921
VEN,2013-11-30,2013,0,0.007506464311838921
VEN,2013-12-31,2013,0,0.007506464311838921
VEN,2014-01-31,2014,0,0.18146341231650953
VEN,2014-02-28,2014,0,0.6022922404762379
VEN,2014-03-31,2014,0,0.6022922404762379
VEN,2014-04-30,2014,0,0.6022922404762379
VEN,2014-05-31,2014,0,0.6022922404762379
VEN,2014-06-30,2014,0,0.6022922404762379
VEN,2014-07-31,2014,0,0.6022922404762379
VEN,2014-08-31,2014,0,0.6022922404762379
VEN,2014-09-30,2014,0,0.6022922404762379
VEN,2014-10-31,2014,0,0.6022922404762379
VEN,2014-11-30,2014,0,0.6022922404762379
VEN,2014-12-31,2014,0,0.6022922404762379
VEN,2015-01-31,2015,0,0.38188812866413197
VEN,2015-02-28,2015,0,0.38188812866413197
VEN,2015-03-31,2015,0,0.38188812866413197
VEN,2015-04-30,2015,0,0.38188812866413197
VEN,2015-05-31,2015,0,0.38188812866413197
VEN,2015-06-30,2015,0,0.38188812866413197
VEN,2015-07-31,2015,0,0.38188812866413197
VEN,2015-08-31,2015,0,0.38188812866413197
VEN,2015-09-30,2015,0,0.38188812866413197
VEN,2015-10-31,2015,0,0.38188812866413197
VEN,2015-11-30,2015,0,0.38188812866413197
VEN,2015-12-31,2015,0,0.38188812866413197
VEN,2016-01-31,2016,0,0.3287090073830717
VEN,2016-02-29,2016,0,0.3287090073830717
VEN,2016-03-31,2016,0,0.7065102146143101
VEN,2016-04-30,2016,0,0.7136381826506164
VEN,2016-05-31,2016,0,0.7136381826506164
VEN,2016-06-30,2016,0,0.4210562153306699
VEN,2016-07-31,2016,0,0.4210562153306699
VEN,2016-08-31,2016,0,0.4210562153306699
VEN,2016-09-30,2016,0,0.29602286661152144
VEN,2016-10-31,2016,0,0.29602286661152144
VEN,2016-11-30,2016,0,0.29602286661152144
VEN,2016-12-31,2016,0,0.29602286661152144
VNM,2002-01-31,2002,0,0.3614134886417986
VNM,2002-02-28,2002,0,0.3913348436478754
VNM,2002-03-31,2002,0,0.3882162508934401
VNM,2002-04-30,2002,0,0.3535595205461384
VNM,2002-05-31,2002,0,0.38819000304592705
VNM,2002-06-30,2002,0,0.2894512115740661
VNM,2002-07-31,2002,0,0.2901916402354325
VNM,2002-08-31,2002,0,0.33496440115285203
VNM,2002-09-30,2002,0,0.3761396169658927
VNM,2002-10-31,2002,0,0.38397616517331407
VNM,2002-11-30,2002,0,0.3850276001135548
VNM,2002-12-31,2002,0,0.27184506700474603
VNM,2003-01-31,2003,0,0.3344614042830186
VNM,2003-02-28,2003,0,0.34937803975053844
VNM,2003-03-31,2003,0,0.41350069765059266
VNM,2003-04-30,2003,0,0.43368994176318376
VNM,2003-05-31,2003,0,0.4436970423727028
VNM,2003-06-30,2003,0,0.23923178135501352
VNM,2003-07-31,2003,0,0.22334053459467856
VNM,2003-08-31,2003,0,0.2218781915897562
VNM,2003-09-30,2003,0,0.3009968667874058
VNM,2003-10-31,2003,0,0.5710343746124495
VNM,2003-11-30,2003,0,0.4729628081278576
VNM,2003-12-31,2003,0,0.48080709562039337
VNM,2004-01-31,2004,0,0.33753718318386067
VNM,2004-02-29,2004,0,0.28448557345142056
VNM,2004-03-31,2004,0,0.24977848742296388
VNM,2004-04-30,2004,0,0.2628626226610597
VNM,2004-05-31,2004,0,0.24482891897745732
VNM,2004-06-30,2004,0,0.2616415039192712
VNM,2004-07-31,2004,0,0.26132129956797995
VNM,2004-08-31,2004,0,0.24203886592531784
VNM,2004-09-30,2004,0,0.2657040827194369
VNM,2004-10-31,2004,0,0.26036368027597073
VNM,2004-12-31,2004,0,0.24277679431810112
VNM,2005-01-31,2005,0,0.22657220944922252
VNM,2005-02-28,2005,0,0.24735985222972262
VNM,2005-03-31,2005,0,0.23305127876065196
VNM,2005-04-30,2005,0,0.22820165156606045
VNM,2005-05-31,2005,0,0.20461513135775142
VNM,2005-06-30,2005,0,0.22591855737426605
VNM,2005-07-31,2005,0,0.18474822588967393
VNM,2005-08-31,2005,0,0.2249474276996451
VNM,2005-09-30,2005,0,0.2224934053568292
VNM,2005-10-31,2005,0,0.21139334532310308
VNM,2005-11-30,2005,0,0.20783916583615186
VNM,2005-12-31,2005,0,0.23255096593422542
VNM,2006-01-31,2006,0,0.13881554681399275
VNM,2006-02-28,2006,0,0.19534368904976984
VNM,2006-03-31,2006,0,0.1951777925496453
VNM,2006-04-30,2006,0,0.19973526760393384
VNM,2006-05-31,2006,0,0.21475280381621598
VNM,2006-06-30,2006,0,0.2349144813773031
VNM,2006-07-31,2006,0,0.24911164637229205
VNM,2006-08-31,2006,0,0.2619792239959777
VNM,2006-09-30,2006,0,0.27571633691835534
VNM,2006-10-31,2006,0,0.24635728927616735
VNM,2006-11-30,2006,0,0.2552348370074213
VNM,2006-12-31,2006,0,0.16860821687079894
VNM,2007-01-31,2007,0,0.13628086949919035
VNM,2007-02-28,2007,0,0.12835700982816903
VNM,2007-03-31,2007,0,0.12738636101251222
VNM,2007-04-30,2007,0,0.12274150003726733
VNM,2007-05-31,2007,0,0.12435847268414085
VNM,2007-06-30,2007,0,0.11118808534561835
VNM,2007-07-31,2007,0,0.09503017545201925
VNM,2007-08-31,2007,0,0.2668974768904122
VNM,2007-09-30,2007,0,0.0934074924294343
VNM,2007-10-31,2007,0,0.0999761180388191
VNM,2007-11-30,2007,0,0.09846087240479669
VNM,2007-12-31,2007,0,0.10010437328522777
VNM,2008-01-31,2008,0,0.07877823848609737
VNM,2008-02-29,2008,0,0.0649729909810422
VNM,2008-03-31,2008,0,0.08685378686700053
VNM,2008-04-30,2008,0,0.08893708634902284
VNM,2008-05-31,2008,0,0.12892864039102447
VNM,2008-06-30,2008,0,0.30124046665050674
VNM,2008-07-31,2008,0,0.29753837077971695
VNM,2008-08-31,2008,0,0.3226486948014257
VNM,2008-09-30,2008,0,0.38174277017985647
VNM,2008-10-31,2008,0,0.380786386429009
VNM,2008-11-30,2008,0,0.38450534570234945
VNM,2008-12-31,2008,0,0.31920159011200894
VNM,2009-01-31,2009,0,0.6330697952949228
VNM,2009-02-28,2009,0,0.6348315125150146
VNM,2009-03-31,2009,0,0.6343506868607023
VNM,2009-04-30,2009,0,0.6328559324976709
VNM,2009-05-31,2009,0,0.639697906657907
VNM,2009-06-30,2009,0,0.6360231289970784
VNM,2009-07-31,2009,0,0.6305856953350947
VNM,2009-08-31,2009,0,0.6123895951074397
VNM,2009-09-30,2009,0,0.5840189624608741
VNM,2009-10-31,2009,0,0.5998161444909115
VNM,2009-11-30,2009,0,0.6894645295788963
VNM,2009-12-31,2009,0,0.7084221863388485
VNM,2010-01-31,2010,0,0.7126578391568459
VNM,2010-02-28,2010,0,0.6717546516800164
VNM,2010-03-31,2010,0,0.6645458118326263
VNM,2010-04-30,2010,0,0.6640804487088835
VNM,2010-05-31,2010,0,0.6676137057120674
VNM,2010-06-30,2010,0,0.6680230318612643
VNM,2010-07-31,2010,0,0.6677085556972036
VNM,2010-08-31,2010,0,0.6675585044263698
VNM,2010-09-30,2010,0,0.6625538848952827
VNM,2010-10-31,2010,0,0.6620787747142942
VNM,2010-11-30,2010,0,0.6674090171428714
VNM,2010-12-31,2010,0,0.6678575450324986
VNM,2011-01-31,2011,0,0.6754570074591966
VNM,2011-02-28,2011,0,0.7322637330906512
VNM,2011-03-31,2011,0,0.7194536040826424
VNM,2011-04-30,2011,0,0.718716930537784
VNM,2011-05-31,2011,0,0.6961962489295608
VNM,2011-06-30,2011,0,0.6940995907254619
VNM,2011-07-31,2011,0,0.6935966438664958
VNM,2011-08-31,2011,0,0.6230281868419401
VNM,2011-09-30,2011,0,0.6131850037007563
VNM,2011-10-31,2011,0,0.6899556943930628
VNM,2011-11-30,2011,0,0.6975354949066319
VNM,2011-12-31,2011,0,0.7012019113592136
VNM,2012-01-31,2012,0,0.7155552402341354
VNM,2012-02-29,2012,0,0.6944240748765169
VNM,2012-03-31,2012,0,0.7014546540591473
VNM,2012-04-30,2012,0,0.701897427336853
VNM,2012-05-31,2012,0,0.7244612075131354
VNM,2012-06-30,2012,0,0.6771158005363656
VNM,2012-07-31,2012,0,0.678872035460772
VNM,2012-08-31,2012,0,0.6812721560140509
VNM,2012-09-30,2012,0,0.6812721560140509
VNM,2012-10-31,2012,0,0.6881492455810971
VNM,2012-11-30,2012,0,0.6881492455810971
VNM,2012-12-31,2012,0,0.5199014988677533
VNM,2013-01-31,2013,0,0.4877870603068089
VNM,2013-02-28,2013,0,0.4877870603068089
VNM,2013-03-31,2013,0,0.4877870603068089
VNM,2013-04-30,2013,0,0.4877870603068089
VNM,2013-05-31,2013,0,0.4877870603068089
VNM,2013-06-30,2013,0,0.705208955511842
VNM,2013-07-31,2013,0,0.7053265192118271
VNM,2013-08-31,2013,0,0.7053265192118271
VNM,2013-09-30,2013,0,0.7033667555522548
VNM,2013-10-31,2013,0,0.7033667555522548
VNM,2013-11-30,2013,0,0.7033667555522548
VNM,2013-12-31,2013,0,0.6704866619801085
VNM,2014-01-31,2014,0,0.7054436784880562
VNM,2014-02-28,2014,0,0.7054436784880562
VNM,2014-03-31,2014,0,0.7054436784880562
VNM,2014-04-30,2014,0,0.7054436784880562
VNM,2014-05-31,2014,0,0.7054436784880562
VNM,2014-06-30,2014,0,0.7353559900264113
VNM,2014-07-31,2014,0,0.7354517815869378
VNM,2014-08-31,2014,0,0.7354517815869378
VNM,2014-09-30,2014,0,0.7335625207380111
VNM,2014-10-31,2014,0,0.7335625207380111
VNM,2014-11-30,2014,0,0.7335625207380111
VNM,2014-12-31,2014,0,0.7054444374622217
VNM,2015-01-31,2015,0,0.7400701409709639
VNM,2015-02-28,2015,0,0.7401874077613855
VNM,2015-03-31,2015,0,0.7401874077613855
VNM,2015-04-30,2015,0,0.7385406014532359
VNM,2015-05-31,2015,0,0.6742217220864095
VNM,2015-06-30,2015,0,0.7188076251900403
VNM,2015-07-31,2015,0,0.6759443082438736
VNM,2015-08-31,2015,0,0.6726920381349557
VNM,2015-09-30,2015,0,0.6726920381349557
VNM,2015-10-31,2015,0,0.6710151174680994
VNM,2015-11-30,2015,0,0.6996124800049897
VNM,2015-12-31,2015,0,0.6996124800049897
VNM,2016-01-31,2016,0,0.6401420300805076
VNM,2016-02-29,2016,0,0.7377683264837666
VNM,2016-03-31,2016,0,0.6520503168395081
VNM,2016-04-30,2016,0,0.6603552406219997
VNM,2016-05-31,2016,0,0.7235073170934037
VNM,2016-06-30,2016,0,0.7018341566488959
VNM,2016-07-31,2016,0,0.6306669005085708
VNM,2016-08-31,2016,0,0.5993748139777827
VNM,2016-09-30,2016,0,0.5754022983370712
VNM,2016-10-31,2016,0,0.5471271474057959
VNM,2016-11-30,2016,0,0.5211358992056851
VNM,2016-12-31,2016,0,0.5144953715429912
YEM,2002-01-31,2002,0,0.300654231250018
YEM,2002-02-28,2002,0,0.29800231131984645
YEM,2002-03-31,2002,0,0.2953664330563053
YEM,2002-04-30,2002,0,0.35148100254687875
YEM,2002-05-31,2002,0,0.3706974320243148
YEM,2002-06-30,2002,0,0.28865644730242157
YEM,2002-07-31,2002,0,0.3055453884170742
YEM,2002-08-31,2002,0,0.3201263148375169
YEM,2002-09-30,2002,0,0.31981380295494577
YEM,2002-10-31,2002,0,0.41564069115744495
YEM,2002-11-30,2002,0,0.4440853505723678
YEM,2002-12-31,2002,0,0.4219907143474714
YEM,2003-01-31,2003,0,0.6112103613376668
YEM,2003-02-28,2003,0,0.6014692527872771
YEM,2003-03-31,2003,0,0.5067296164923114
YEM,2003-04-30,2003,0,0.48745859869249936
YEM,2003-05-31,2003,0,0.4914957950876019
YEM,2003-06-30,2003,0,0.5255891842373108
YEM,2003-07-31,2003,0,0.5748907955193651
YEM,2003-08-31,2003,0,0.5682345438459164
YEM,2003-09-30,2003,0,0.5188760785921918
YEM,2003-10-31,2003,0,0.49919704544875987
YEM,2003-11-30,2003,0,0.5330694400546645
YEM,2003-12-31,2003,0,0.5783092801124213
YEM,2004-01-31,2004,0,0.6408549173053391
YEM,2004-02-29,2004,0,0.6265527737986069
YEM,2004-03-31,2004,0,0.46634612777141443
YEM,2004-04-30,2004,0,0.49307079523921715
YEM,2004-05-31,2004,0,0.4872108065696252
YEM,2004-06-30,2004,0,0.4713209982380468
YEM,2004-07-31,2004,0,0.4596142268324409
YEM,2004-08-31,2004,0,0.47205624748188063
YEM,2004-09-30,2004,0,0.4436598352958934
YEM,2004-10-31,2004,0,0.5204798391166088
YEM,2004-11-30,2004,0,0.5279511229423381
YEM,2004-12-31,2004,0,0.5561236114832457
YEM,2005-01-31,2005,0,0.5777457149263492
YEM,2005-02-28,2005,0,0.5420803302454511
YEM,2005-03-31,2005,0,0.4798520451557407
YEM,2005-04-30,2005,0,0.6327328175659996
YEM,2005-05-31,2005,0,0.5550763235584549
YEM,2005-06-30,2005,0,0.24922307099208357
YEM,2005-07-31,2005,0,0.23955068552942457
YEM,2005-08-31,2005,0,0.235973513916821
YEM,2005-09-30,2005,0,0.23330985739287857
YEM,2005-10-31,2005,0,0.22004035714184414
YEM,2005-11-30,2005,0,0.21195018678343158
YEM,2005-12-31,2005,0,0.2843363171150481
YEM,2006-01-31,2006,0,0.24990144373457612
YEM,2006-02-28,2006,0,0.26141696611083853
YEM,2006-03-31,2006,0,0.2547591932844477
YEM,2006-04-30,2006,0,0.23098988706957382
YEM,2006-05-31,2006,0,0.18131848899439773
YEM,2006-06-30,2006,0,0.6145456784356925
YEM,2006-07-31,2006,0,0.47701735499673315
YEM,2006-08-31,2006,0,0.39177190956038926
YEM,2006-09-30,2006,0,0.33817690526329885
YEM,2006-10-31,2006,0,0.31614679618585145
YEM,2006-11-30,2006,0,0.2820521648408604
YEM,2006-12-31,2006,0,0.2840180418767547
YEM,2007-01-31,2007,0,0.34053534114555695
YEM,2007-02-28,2007,0,0.3454894632737282
YEM,2007-03-31,2007,0,0.36679465021043034
YEM,2007-04-30,2007,0,0.3522158845260392
YEM,2007-05-31,2007,0,0.4574745361949161
YEM,2007-06-30,2007,0,0.4121181617152376
YEM,2007-07-31,2007,0,0.39238232038279247
YEM,2007-08-31,2007,0,0.40296233757955985
YEM,2007-09-30,2007,0,0.4049372163819551
YEM,2007-10-31,2007,0,0.3178774880395016
YEM,2007-11-30,2007,0,0.41672050861660853
YEM,2007-12-31,2007,0,0.4117770026873293
YEM,2008-01-31,2008,0,0.3896362995662657
YEM,2008-02-29,2008,0,0.4472812433812112
YEM,2008-03-31,2008,0,0.4590139239884052
YEM,2008-04-30,2008,0,0.4796166786813773
YEM,2008-05-31,2008,0,0.5161163709205223
YEM,2008-06-30,2008,0,0.45706938913113515
YEM,2008-07-31,2008,0,0.46724105196409865
YEM,2008-08-31,2008,0,0.6009167923639017
YEM,2008-09-30,2008,0,0.6415193047129485
YEM,2008-10-31,2008,0,0.6407208632456366
YEM,2008-11-30,2008,0,0.632425164378514
YEM,2008-12-31,2008,0,0.6595615248082013
YEM,2009-01-31,2009,0,0.6485121984381494
YEM,2009-02-28,2009,0,0.6706451671728874
YEM,2009-03-31,2009,0,0.6364306064317968
YEM,2009-04-30,2009,0,0.6033971216511497
YEM,2009-05-31,2009,0,0.5659805307613234
YEM,2009-06-30,2009,0,0.7271999190180749
YEM,2009-07-31,2009,0,0.6402002788662925
YEM,2009-08-31,2009,0,0.6357221337501124
YEM,2009-09-30,2009,0,0.6320823107006482
YEM,2009-10-31,2009,0,0.6159582336496277
YEM,2009-11-30,2009,0,0.6172128059576165
YEM,2009-12-31,2009,0,0.6216924386600188
YEM,2010-01-31,2010,0,0.6499256536529494
YEM,2010-02-28,2010,0,0.6134771457192145
YEM,2010-03-31,2010,0,0.6334328583321689
YEM,2010-04-30,2010,0,0.6203013245309216
YEM,2010-05-31,2010,0,0.6079799427701468
YEM,2010-06-30,2010,0,0.5931756272107797
YEM,2010-07-31,2010,0,0.67324011526877
YEM,2010-08-31,2010,0,0.17422868872946823
YEM,2010-09-30,2010,0,0.17774674641917562
YEM,2010-10-31,2010,0,0.1640022696198634
YEM,2010-11-30,2010,0,0.2099752247148669
YEM,2010-12-31,2010,0,0.20981079759375112
YEM,2011-01-31,2011,0,0.17266023685275242
YEM,2011-02-28,2011,0,0.28343716206556296
YEM,2011-03-31,2011,0,0.25702853885276294
YEM,2011-04-30,2011,0,0.2607208341381287
YEM,2011-05-31,2011,0,0.24124783355543522
YEM,2011-06-30,2011,0,0.30223606031972666
YEM,2011-07-31,2011,0,0.2354995369217322
YEM,2011-08-31,2011,0,0.3629282390673614
YEM,2011-09-30,2011,0,0.3310479428615868
YEM,2011-10-31,2011,0,0.3355470591670899
YEM,2011-11-30,2011,0,0.3000177203206788
YEM,2011-12-31,2011,0,0.4471620127377007
YEM,2012-01-31,2012,0,0.45592770893961215
YEM,2012-02-29,2012,0,0.45592770893961215
YEM,2012-03-31,2012,0,0.45592770893961215
YEM,2012-04-30,2012,0,0.45592770893961215
YEM,2012-05-31,2012,0,0.45592770893961215
YEM,2012-06-30,2012,0,0.45592770893961215
YEM,2012-07-31,2012,0,0.6892105955291047
YEM,2012-08-31,2012,0,0.689010139638591
YEM,2012-09-30,2012,0,0.689010139638591
YEM,2012-10-31,2012,0,0.6879508242163661
YEM,2012-11-30,2012,0,0.6879508242163661
YEM,2012-12-31,2012,0,0.6879508242163661
YEM,2013-01-31,2013,0,0.7138446935828711
YEM,2013-02-28,2013,0,0.7138446935828711
YEM,2013-03-31,2013,0,0.7138446935828711
YEM,2013-04-30,2013,0,0.7138446935828711
YEM,2013-05-31,2013,0,0.7138446935828711
YEM,2013-06-30,2013,0,0.7138446935828711
YEM,2013-07-31,2013,0,0.5379186798223914
YEM,2013-08-31,2013,0,0.5379186798223914
YEM,2013-09-30,2013,0,0.5379186798223914
YEM,2013-10-31,2013,0,0.5379186798223914
YEM,2013-11-30,2013,0,0.5379186798223914
YEM,2013-12-31,2013,0,0.5379186798223914
YEM,2014-01-31,2014,0,0.5451274301236475
YEM,2014-02-28,2014,0,0.5451274301236475
YEM,2014-03-31,2014,0,0.5451274301236475
YEM,2014-04-30,2014,0,0.5451274301236475
YEM,2014-05-31,2014,0,0.5451274301236475
YEM,2014-06-30,2014,0,0.5451274301236475
YEM,2014-07-31,2014,0,0.5451274301236475
YEM,2014-08-31,2014,0,0.5451274301236475
YEM,2014-09-30,2014,0,0.5451274301236475
YEM,2014-10-31,2014,0,0.5451274301236475
YEM,2014-11-30,2014,0,0.5451274301236475
YEM,2014-12-31,2014,0,0.5451274301236475
YEM,2015-01-31,2015,0,0.7166927280062477
YEM,2015-02-28,2015,0,0.7166983611836124
YEM,2015-03-31,2015,0,0.7166983611836124
YEM,2015-04-30,2015,0,0.7163815034939514
YEM,2015-05-31,2015,0,0.7168934118656828
YEM,2015-06-30,2015,0,0.7168934118656828
YEM,2015-07-31,2015,0,0.7093574915452293
YEM,2015-08-31,2015,0,0.6724964402708863
YEM,2015-09-30,2015,0,0.673556623007949
YEM,2015-10-31,2015,0,0.6671593202405912
YEM,2015-11-30,2015,0,0.6519990522456243
YEM,2015-12-31,2015,0,0.6519990522456243
YEM,2016-01-31,2016,0,0.6710402650035403
YEM,2016-02-29,2016,0,0.6285804484929721
YEM,2016-03-31,2016,0,0.6361656809068404
YEM,2016-04-30,2016,0,0.66136672679565
YEM,2016-05-31,2016,0,0.6797288351205877
YEM,2016-06-30,2016,0,0.6079775898351693
YEM,2016-07-31,2016,0,0.5989816796634773
YEM,2016-08-31,2016,0,0.6818789821871789
YEM,2016-09-30,2016,0,0.31448221947543076
YEM,2016-10-31,2016,0,0.3134477447645269
YEM,2016-11-30,2016,0,0.15250632037162018
YEM,2016-12-31,2016,0,0.19083778745833557
ZAF,2002-01-31,2002,0,0.8853667305660062
ZAF,2002-02-28,2002,0,0.5390030515746
ZAF,2002-03-31,2002,0,0.15889952438249139
ZAF,2002-04-30,2002,0,0.13219087047340194
ZAF,2002-05-31,2002,0,0.0017508671484054163
ZAF,2002-06-30,2002,0,2.0392088861826057e-05
ZAF,2002-07-31,2002,0,2.0262664847800115e-05
ZAF,2002-08-31,2002,0,2.306539467658007e-05
ZAF,2002-09-30,2002,0,2.319937418614558e-05
ZAF,2002-10-31,2002,0,2.2567281254718018e-05
ZAF,2002-11-30,2002,0,0.003094754464634387
ZAF,2002-12-31,2002,0,0.2393649155374741
ZAF,2003-01-31,2003,0,0.2577410383708733
ZAF,2003-02-28,2003,0,0.2668013347384634
ZAF,2003-03-31,2003,0,0.28445695381703734
ZAF,2003-04-30,2003,0,0.24588722728251325
ZAF,2003-05-31,2003,0,0.5520358834316147
ZAF,2003-06-30,2003,0,0.5189973379541158
ZAF,2003-07-31,2003,0,0.5678775096329928
ZAF,2003-08-31,2003,0,0.20869686504999574
ZAF,2003-09-30,2003,0,0.2185918746926107
ZAF,2003-10-31,2003,0,0.238088067882844
ZAF,2003-11-30,2003,0,0.004662846374961084
ZAF,2003-12-31,2003,0,0.005711216144401437
ZAF,2004-01-31,2004,0,0.0049683076109577045
ZAF,2004-02-29,2004,0,0.004590620694550629
ZAF,2004-03-31,2004,0,0.004111845246996734
ZAF,2004-04-30,2004,0,0.005002917794443918
ZAF,2004-05-31,2004,0,0.3709043553279331
ZAF,2004-06-30,2004,0,0.3765978429598577
ZAF,2004-07-31,2004,0,0.3660009777719205
ZAF,2004-08-31,2004,0,0.42711695080944967
ZAF,2004-09-30,2004,0,0.4104794964035493
ZAF,2004-10-31,2004,0,0.38476351929122665
ZAF,2004-11-30,2004,0,0.3298415715325281
ZAF,2004-12-31,2004,0,0.3613559847473796
ZAF,2005-01-31,2005,0,0.4328965725315856
ZAF,2005-02-28,2005,0,0.42965349574534456
ZAF,2005-03-31,2005,0,0.48426734633346585
ZAF,2005-04-30,2005,0,0.46040263465083453
ZAF,2005-05-31,2005,0,0.7011155247198457
ZAF,2005-06-30,2005,0,0.662825105443741
ZAF,2005-07-31,2005,0,0.6574338484277011
ZAF,2005-08-31,2005,0,0.5033052465079666
ZAF,2005-09-30,2005,0,0.479655965759564
ZAF,2005-10-31,2005,0,0.5048950252909872
ZAF,2005-11-30,2005,0,0.006250268307132287
ZAF,2005-12-31,2005,0,0.0063292529947556065
ZAF,2006-01-31,2006,0,0.00332006275347045
ZAF,2006-02-28,2006,0,0.0037234666758962855
ZAF,2006-03-31,2006,0,0.004796417858549166
ZAF,2006-04-30,2006,0,0.0047658153817498675
ZAF,2006-05-31,2006,0,0.5739503581666596
ZAF,2006-06-30,2006,0,0.622147642518582
ZAF,2006-07-31,2006,0,0.5425844256153544
ZAF,2006-08-31,2006,0,0.5432564540960404
ZAF,2006-09-30,2006,0,0.5940829892655819
ZAF,2006-10-31,2006,0,0.5365927611137192
ZAF,2006-11-30,2006,0,0.4191601248476485
ZAF,2006-12-31,2006,0,0.3620795179296167
ZAF,2007-01-31,2007,0,0.45233180581714066
ZAF,2007-02-28,2007,0,0.475463432325956
ZAF,2007-03-31,2007,0,0.44085295820421305
ZAF,2007-04-30,2007,0,0.41340754666769386
ZAF,2007-05-31,2007,0,0.444672814396841
ZAF,2007-06-30,2007,0,0.44519338827421906
ZAF,2007-07-31,2007,0,0.45427406934732034
ZAF,2007-08-31,2007,0,0.4462463637691533
ZAF,2007-09-30,2007,0,0.29043128588175615
ZAF,2007-10-31,2007,0,0.24949489088337864
ZAF,2007-11-30,2007,0,0.2953902347788533
ZAF,2007-12-31,2007,0,0.29055487828063536
ZAF,2008-01-31,2008,0,0.5129677444915957
ZAF,2008-02-29,2008,0,0.5023276616069697
ZAF,2008-03-31,2008,0,0.5646580155592339
ZAF,2008-04-30,2008,0,0.3615648222211175
ZAF,2008-05-31,2008,0,0.3529063706528356
ZAF,2008-06-30,2008,0,0.35155475349666765
ZAF,2008-07-31,2008,0,0.23113130776750773
ZAF,2008-08-31,2008,0,0.2747307673049004
ZAF,2008-09-30,2008,0,0.31380042806954545
ZAF,2008-10-31,2008,0,0.8656307235128428
ZAF,2008-11-30,2008,0,0.8095785976236859
ZAF,2008-12-31,2008,0,0.5383180239631687
ZAF,2009-01-31,2009,0,0.5381424837750661
ZAF,2009-02-28,2009,0,0.4384975306689168
ZAF,2009-03-31,2009,0,0.32695533124993126
ZAF,2009-04-30,2009,0,0.0007098957972675809
ZAF,2009-05-31,2009,0,0.0005974425768237527
ZAF,2009-06-30,2009,0,0.0006639535884727149
ZAF,2009-07-31,2009,0,0.0007887096234307442
ZAF,2009-08-31,2009,0,0.0008567812333987077
ZAF,2009-09-30,2009,0,0.0007306280252050063
ZAF,2009-10-31,2009,0,0.20823214824515818
ZAF,2009-11-30,2009,0,0.20311522219621345
ZAF,2009-12-31,2009,0,0.24250430191330521
ZAF,2010-01-31,2010,0,0.26354657517617275
ZAF,2010-02-28,2010,0,0.2993213882548818
ZAF,2010-03-31,2010,0,0.2545065320149877
ZAF,2010-04-30,2010,0,0.29778723982169497
ZAF,2010-05-31,2010,0,0.3588095336860249
ZAF,2010-06-30,2010,0,0.3878908698418827
ZAF,2010-07-31,2010,0,0.3308011665573046
ZAF,2010-08-31,2010,0,0.331070407154126
ZAF,2010-09-30,2010,0,0.2644994175222043
ZAF,2010-10-31,2010,0,0.2821481164066888
ZAF,2010-11-30,2010,0,0.28268477467379227
ZAF,2010-12-31,2010,0,0.2131440139548468
ZAF,2011-01-31,2011,0,0.3995596112742332
ZAF,2011-02-28,2011,0,0.324048058984721
ZAF,2011-03-31,2011,0,0.3973169222525327
ZAF,2011-04-30,2011,0,0.3567136506978257
ZAF,2011-05-31,2011,0,0.39078698259344424
ZAF,2011-06-30,2011,0,0.46005428102531354
ZAF,2011-07-31,2011,0,0.4620173923472889
ZAF,2011-08-31,2011,0,0.49676360579288265
ZAF,2011-09-30,2011,0,0.8112377441888527
ZAF,2011-10-31,2011,0,0.7631459722953087
ZAF,2011-11-30,2011,0,0.7943589306113783
ZAF,2011-12-31,2011,0,0.5379632035554652
ZAF,2012-01-31,2012,0,0.3051303969158731
ZAF,2012-02-29,2012,0,0.21664443121187688
ZAF,2012-03-31,2012,0,0.001465192924972528
ZAF,2012-04-30,2012,0,0.0019131879061761615
ZAF,2012-05-31,2012,0,0.004364929725989629
ZAF,2012-06-30,2012,0,0.0030099491369411347
ZAF,2012-07-31,2012,0,0.003464835143464473
ZAF,2012-08-31,2012,0,0.0017340503596299426
ZAF,2012-09-30,2012,0,0.30068389519367367
ZAF,2012-10-31,2012,0,0.34349597233031565
ZAF,2012-11-30,2012,0,0.002254642056913786
ZAF,2012-12-31,2012,0,0.002034511711986338
ZAF,2013-01-31,2013,0,0.004195084853567508
ZAF,2013-02-28,2013,0,0.004377253204287353
ZAF,2013-03-31,2013,0,0.005670749037914777
ZAF,2013-04-30,2013,0,0.003968107981826634
ZAF,2013-05-31,2013,0,0.705385708521161
ZAF,2013-06-30,2013,0,0.7346936053698044
ZAF,2013-07-31,2013,0,0.6895773802036195
ZAF,2013-08-31,2013,0,0.46157886736415205
ZAF,2013-09-30,2013,0,0.4022607718233617
ZAF,2013-10-31,2013,0,0.4009162891858402
ZAF,2013-11-30,2013,0,0.003997206483278812
ZAF,2013-12-31,2013,0,0.0053516368570364695
ZAF,2014-01-31,2014,1,0.2025164778230689
ZAF,2014-02-28,2014,1,0.10764797074388127
ZAF,2014-03-31,2014,1,0.10018673553665017
ZAF,2014-04-30,2014,1,0.09902709526606429
ZAF,2014-05-31,2014,1,0.5101537282158373
ZAF,2014-06-30,2014,1,0.5103513896292223
ZAF,2014-07-31,2014,1,0.47313604580996393
ZAF,2014-08-31,2014,1,0.5571616895749489
ZAF,2014-09-30,2014,1,0.6147540986491792
ZAF,2014-10-31,2014,1,0.5245754771829777
ZAF,2014-11-30,2014,1,0.547057337391362
ZAF,2014-12-31,2014,1,0.5620663454727213
ZAF,2015-01-31,2015,0,0.540468062374711
ZAF,2015-02-28,2015,0,0.6031777623097351
ZAF,2015-03-31,2015,0,0.5772579848894263
ZAF,2015-04-30,2015,0,0.5565278275175595
ZAF,2015-05-31,2015,0,0.5629752340826497
ZAF,2015-06-30,2015,0,0.5316355043994889
ZAF,2015-07-31,2015,0,0.5627324045386682
ZAF,2015-08-31,2015,0,0.5859338620143288
ZAF,2015-09-30,2015,0,0.5897504377028422
ZAF,2015-10-31,2015,0,0.6318882081392615
ZAF,2015-11-30,2015,0,0.6257136051635379
ZAF,2015-12-31,2015,0,0.6953109048737345
ZAF,2016-01-31,2016,0,0.660477710614177
ZAF,2016-02-29,2016,0,0.6155950718721163
ZAF,2016-03-31,2016,0,0.3068511045922943
ZAF,2016-04-30,2016,0,0.27442558118329685
ZAF,2016-05-31,2016,0,0.38678900918775005
ZAF,2016-06-30,2016,0,0.31057832420448833
ZAF,2016-07-31,2016,0,0.2820378572805394
ZAF,2016-08-31,2016,0,0.1475294757471696
ZAF,2016-09-30,2016,0,0.17341225820245815
ZAF,2016-10-31,2016,0,0.19554171574705806
ZAF,2016-11-30,2016,0,0.1968313196627662
ZAF,2016-12-31,2016,0,0.24131825124386894
ZMB,2002-01-31,2002,0,0.2311939877931824
ZMB,2002-02-28,2002,0,0.23960311171386492
ZMB,2002-03-31,2002,0,0.3380020907450768
ZMB,2002-04-30,2002,0,0.3728943017223344
ZMB,2002-05-31,2002,0,0.44690982996279766
ZMB,2002-06-30,2002,0,0.4118518618236376
ZMB,2002-07-31,2002,0,0.46959504923415124
ZMB,2002-08-31,2002,0,0.4471940575352625
ZMB,2002-09-30,2002,0,0.4507034679793006
ZMB,2002-10-31,2002,0,0.44332903445711
ZMB,2002-11-30,2002,0,0.4494552755415988
ZMB,2002-12-31,2002,0,0.14621591116709368
ZMB,2003-01-31,2003,0,0.03472122984722249
ZMB,2003-02-28,2003,0,0.03605263854457554
ZMB,2003-03-31,2003,0,0.0446334097270599
ZMB,2003-04-30,2003,0,0.041748636628465674
ZMB,2003-05-31,2003,0,0.0378873029765299
ZMB,2003-06-30,2003,0,0.06273525737042224
ZMB,2003-07-31,2003,0,0.05304976590602977
ZMB,2003-08-31,2003,0,0.036966394066585695
ZMB,2003-09-30,2003,0,0.0418679049648788
ZMB,2003-10-31,2003,0,0.04508941499093021
ZMB,2003-11-30,2003,0,0.046787176294655404
ZMB,2003-12-31,2003,0,0.09157328435201213
ZMB,2004-01-31,2004,0,0.22266639516983952
ZMB,2004-02-29,2004,0,0.18990878715905044
ZMB,2004-03-31,2004,0,0.2162581664529862
ZMB,2004-04-30,2004,0,0.19740339565894674
ZMB,2004-05-31,2004,0,0.18576500157436304
ZMB,2004-06-30,2004,0,0.21584303319818618
ZMB,2004-07-31,2004,0,0.23270034279075436
ZMB,2004-08-31,2004,0,0.23231880307622113
ZMB,2004-09-30,2004,0,0.2713920944076719
ZMB,2004-10-31,2004,0,0.21261757100033768
ZMB,2004-11-30,2004,0,0.20911562911829268
ZMB,2004-12-31,2004,0,0.20362218807908722
ZMB,2005-01-31,2005,0,0.1576187878020234
ZMB,2005-02-28,2005,0,0.16271813715834313
ZMB,2005-03-31,2005,0,0.15718659613168337
ZMB,2005-04-30,2005,0,0.1584082855284492
ZMB,2005-05-31,2005,0,0.16274634259737097
ZMB,2005-06-30,2005,0,0.17887411859244157
ZMB,2005-07-31,2005,0,0.16840534936859208
ZMB,2005-08-31,2005,0,0.06724382466610711
ZMB,2005-09-30,2005,0,0.10393924745745262
ZMB,2005-10-31,2005,0,0.08972165173277988
ZMB,2005-11-30,2005,0,0.008125943920584317
ZMB,2005-12-31,2005,0,0.012030423808900717
ZMB,2006-01-31,2006,0,0.009721738706351471
ZMB,2006-02-28,2006,0,0.01744873069981915
ZMB,2006-03-31,2006,0,0.015772396006168865
ZMB,2006-04-30,2006,0,0.013555884962113456
ZMB,2006-05-31,2006,0,0.0960334662276993
ZMB,2006-06-30,2006,0,0.10095635382388407
ZMB,2006-07-31,2006,0,0.1665435054685248
ZMB,2006-08-31,2006,0,0.10544441603799082
ZMB,2006-09-30,2006,0,0.13472222899140038
ZMB,2006-10-31,2006,0,0.07835703618165414
ZMB,2006-11-30,2006,0,0.001097293889574754
ZMB,2006-12-31,2006,0,0.0014022280459740132
ZMB,2007-01-31,2007,0,0.0013639718141491978
ZMB,2007-02-28,2007,0,0.0011954627798257832
ZMB,2007-03-31,2007,0,0.0010371792805821281
ZMB,2007-04-30,2007,0,0.0015388177730386683
ZMB,2007-05-31,2007,0,0.2674112652288276
ZMB,2007-06-30,2007,0,0.17723779597397668
ZMB,2007-07-31,2007,0,0.22246276781084942
ZMB,2007-08-31,2007,0,0.24933874967345215
ZMB,2007-09-30,2007,0,0.23835956243075443
ZMB,2007-10-31,2007,0,0.2641060675106482
ZMB,2007-11-30,2007,0,0.28307231109956277
ZMB,2007-12-31,2007,0,0.26479406376382847
ZMB,2008-01-31,2008,1,0.20277262346528716
ZMB,2008-02-29,2008,1,0.18560861603912832
ZMB,2008-03-31,2008,1,0.21791301387554454
ZMB,2008-04-30,2008,1,0.1300740249344117
ZMB,2008-05-31,2008,1,0.13551603042505633
ZMB,2008-06-30,2008,1,0.0832847735941677
ZMB,2008-07-31,2008,1,0.28373728524494496
ZMB,2008-08-31,2008,1,0.2943711387353785
ZMB,2008-09-30,2008,1,0.3571857705630394
ZMB,2008-10-31,2008,1,0.6816977189219459
ZMB,2008-11-30,2008,1,0.551169631141268
ZMB,2008-12-31,2008,1,0.7295935663565867
ZMB,2009-01-31,2009,0,0.007409998365278376
ZMB,2009-02-28,2009,0,0.015105831768726348
ZMB,2009-03-31,2009,0,0.010503319633092837
ZMB,2009-04-30,2009,0,2.9834103632854027e-05
ZMB,2009-05-31,2009,0,1.2189651371447136e-05
ZMB,2009-06-30,2009,0,1.4042395024758447e-05
ZMB,2009-07-31,2009,0,0.0026567628158629
ZMB,2009-08-31,2009,0,0.0014008958939500825
ZMB,2009-09-30,2009,0,0.0015837006490217978
ZMB,2009-10-31,2009,0,0.196080193815752
ZMB,2009-11-30,2009,0,0.26380399916176817
ZMB,2009-12-31,2009,0,0.24183404319049315
ZMB,2010-01-31,2010,0,0.2533457823025856
ZMB,2010-02-28,2010,0,0.3577133058829223
ZMB,2010-03-31,2010,0,0.35462437970605853
ZMB,2010-04-30,2010,0,0.37888413696811524
ZMB,2010-05-31,2010,0,0.4782561822377786
ZMB,2010-06-30,2010,0,0.5090082143864975
ZMB,2010-07-31,2010,0,0.34771900067601125
ZMB,2010-08-31,2010,0,0.38184407971825507
ZMB,2010-09-30,2010,0,0.37126981265569076
ZMB,2010-10-31,2010,0,0.34391375088523346
ZMB,2010-11-30,2010,0,0.3942855338508295
ZMB,2010-12-31,2010,0,0.34855367970871687
ZMB,2011-01-31,2011,0,0.46600303132099347
ZMB,2011-02-28,2011,0,0.424057850468892
ZMB,2011-03-31,2011,0,0.439337411908075
ZMB,2011-04-30,2011,0,0.4761251676849272
ZMB,2011-05-31,2011,0,0.4239184564959595
ZMB,2011-06-30,2011,0,0.47540140220259436
ZMB,2011-07-31,2011,0,0.5289120358806987
ZMB,2011-08-31,2011,0,0.5730923639412008
ZMB,2011-09-30,2011,0,0.4520088500284203
ZMB,2011-10-31,2011,0,0.5040744488891948
ZMB,2011-11-30,2011,0,0.5044123440717088
ZMB,2011-12-31,2011,0,0.5430042967139103
ZMB,2012-01-31,2012,0,0.4647709078833963
ZMB,2012-02-29,2012,0,0.44905544541706477
ZMB,2012-03-31,2012,0,0.5278943440533355
ZMB,2012-04-30,2012,0,0.5027009507290181
ZMB,2012-05-31,2012,0,0.47992885598121054
ZMB,2012-06-30,2012,0,0.35474592286765305
ZMB,2012-07-31,2012,0,0.30756643831076813
ZMB,2012-08-31,2012,0,0.2909560480743063
ZMB,2012-09-30,2012,0,0.32285466519634165
ZMB,2012-10-31,2012,0,0.4012252082019509
ZMB,2012-11-30,2012,0,0.36659290598949873
ZMB,2012-12-31,2012,0,0.37076936059175364
ZMB,2013-01-31,2013,0,0.5230470619380126
ZMB,2013-02-28,2013,0,0.5128143816932764
ZMB,2013-03-31,2013,0,0.5277431068885106
ZMB,2013-04-30,2013,0,0.47222775476863693
ZMB,2013-05-31,2013,0,0.49388476186310365
ZMB,2013-06-30,2013,0,0.5239717844804189
ZMB,2013-07-31,2013,0,0.5567984045567952
ZMB,2013-08-31,2013,0,0.524310276005731
ZMB,2013-09-30,2013,0,0.5150790918632988
ZMB,2013-10-31,2013,0,0.5414290338013166
ZMB,2013-11-30,2013,0,0.5585795241423296
ZMB,2013-12-31,2013,0,0.5640782485031519
ZMB,2014-01-31,2014,1,0.42793985047119976
ZMB,2014-02-28,2014,1,0.5033595284096832
ZMB,2014-03-31,2014,1,0.5920414525123129
ZMB,2014-04-30,2014,1,0.6210017834142642
ZMB,2014-05-31,2014,1,0.6972159359903098
ZMB,2014-06-30,2014,1,0.37365574006282964
ZMB,2014-07-31,2014,1,0.31851371318013505
ZMB,2014-08-31,2014,1,0.26419507715755586
ZMB,2014-09-30,2014,1,0.3112648366465661
ZMB,2014-10-31,2014,1,0.3147862383926261
ZMB,2014-11-30,2014,1,0.3038838566737798
ZMB,2014-12-31,2014,1,0.37667931792273407
ZMB,2015-01-31,2015,0,0.45839324448866703
ZMB,2015-02-28,2015,0,0.5556734068697601
ZMB,2015-03-31,2015,0,0.6730004270597715
ZMB,2015-04-30,2015,0,0.6333413812053076
ZMB,2015-05-31,2015,0,0.5554399074204083
ZMB,2015-06-30,2015,0,0.4132747804715982
ZMB,2015-07-31,2015,0,0.4514493935166675
ZMB,2015-08-31,2015,0,0.644083001163873
ZMB,2015-09-30,2015,0,0.8775041141970625
ZMB,2015-10-31,2015,0,0.9156704063382853
ZMB,2015-11-30,2015,0,0.29639624966304556
ZMB,2015-12-31,2015,0,0.1307039378974883
ZMB,2016-01-31,2016,0,0.11797489950306438
ZMB,2016-02-29,2016,0,0.15852084992007223
ZMB,2016-03-31,2016,0,0.11523205551726572
ZMB,2016-04-30,2016,0,0.04584594567417137
ZMB,2016-05-31,2016,0,0.0948822345611406
ZMB,2016-06-30,2016,0,0.06886523452892264
ZMB,2016-07-31,2016,0,0.10144998377689372
ZMB,2016-08-31,2016,0,0.10209871281852946
ZMB,2016-09-30,2016,0,0.13414312138061352
ZMB,2016-10-31,2016,0,0.16115235473648817
ZMB,2016-11-30,2016,0,0.22837182301837458
ZMB,2016-12-31,2016,0,0.22898801300149638
