iso3,date,reserves_usd_mn,series_id
ARG,1950-12-01,445.0,TRESEGARM052N
ARG,1951-12-01,253.0,TRESEGARM052N
ARG,1952-12-01,133.0,TRESEGARM052N
ARG,1953-12-01,160.0,TRESEGARM052N
ARG,1954-12-01,152.0,TRESEGARM052N
ARG,1955-12-01,85.0,TRESEGARM052N
ARG,1956-12-01,158.0,TRESEGARM052N
ARG,1957-01-01,217.5,TRESEGARM052N
ARG,1957-02-01,222.5,TRESEGARM052N
ARG,1957-03-01,243.5,TRESEGARM052N
ARG,1957-04-01,277.0,TRESEGARM052N
ARG,1957-05-01,280.0,TRESEGARM052N
ARG,1957-06-01,242.0,TRESEGARM052N
ARG,1957-07-01,238.0,TRESEGARM052N
ARG,1957-08-01,225.0,TRESEGARM052N
ARG,1957-09-01,206.0,TRESEGARM052N
ARG,1957-10-01,187.0,TRESEGARM052N
ARG,1957-11-01,168.0,TRESEGARM052N
ARG,1957-12-01,160.0,TRESEGARM052N
ARG,1958-01-01,50.0,TRESEGARM052N
ARG,1958-02-01,95.0,TRESEGARM052N
ARG,1958-03-01,85.0,TRESEGARM052N
ARG,1958-04-01,50.0,TRESEGARM052N
ARG,1958-05-01,34.0,TRESEGARM052N
ARG,1958-06-01,27.0,TRESEGARM052N
ARG,1958-07-01,45.0,TRESEGARM052N
ARG,1958-08-01,35.0,TRESEGARM052N
ARG,1958-09-01,31.0,TRESEGARM052N
ARG,1958-10-01,27.0,TRESEGARM052N
ARG,1958-11-01,30.0,TRESEGARM052N
ARG,1958-12-01,38.0,TRESEGARM052N
ARG,1959-01-01,41.0,TRESEGARM052N
ARG,1959-02-01,59.0,TRESEGARM052N
ARG,1959-03-01,48.0,TRESEGARM052N
ARG,1959-04-01,39.0,TRESEGARM052N
ARG,1959-05-01,61.0,TRESEGARM052N
ARG,1959-06-01,44.0,TRESEGARM052N
ARG,1959-07-01,56.0,TRESEGARM052N
ARG,1959-08-01,88.0,TRESEGARM052N
ARG,1959-09-01,126.0,TRESEGARM052N
ARG,1959-10-01,162.0,TRESEGARM052N
ARG,1959-11-01,186.0,TRESEGARM052N
ARG,1959-12-01,220.0,TRESEGARM052N
ARG,1960-01-01,257.0,TRESEGARM052N
ARG,1960-02-01,301.0,TRESEGARM052N
ARG,1960-03-01,341.0,TRESEGARM052N
ARG,1960-04-01,353.0,TRESEGARM052N
ARG,1960-05-01,390.0,TRESEGARM052N
ARG,1960-06-01,400.0,TRESEGARM052N
ARG,1960-07-01,424.0,TRESEGARM052N
ARG,1960-08-01,428.0,TRESEGARM052N
ARG,1960-09-01,452.0,TRESEGARM052N
ARG,1960-10-01,428.0,TRESEGARM052N
ARG,1960-11-01,435.0,TRESEGARM052N
ARG,1960-12-01,422.0,TRESEGARM052N
ARG,1961-01-01,402.0,TRESEGARM052N
ARG,1961-02-01,414.0,TRESEGARM052N
ARG,1961-03-01,401.0,TRESEGARM052N
ARG,1961-04-01,372.0,TRESEGARM052N
ARG,1961-05-01,350.0,TRESEGARM052N
ARG,1961-06-01,313.0,TRESEGARM052N
ARG,1961-07-01,302.0,TRESEGARM052N
ARG,1961-08-01,306.0,TRESEGARM052N
ARG,1961-09-01,287.0,TRESEGARM052N
ARG,1961-10-01,242.0,TRESEGARM052N
ARG,1961-11-01,208.0,TRESEGARM052N
ARG,1961-12-01,196.0,TRESEGARM052N
ARG,1962-01-01,134.0,TRESEGARM052N
ARG,1962-02-01,117.0,TRESEGARM052N
ARG,1962-03-01,125.0,TRESEGARM052N
ARG,1962-04-01,64.0,TRESEGARM052N
ARG,1962-05-01,63.0,TRESEGARM052N
ARG,1962-06-01,88.0,TRESEGARM052N
ARG,1962-07-01,92.0,TRESEGARM052N
ARG,1962-08-01,79.0,TRESEGARM052N
ARG,1962-09-01,97.0,TRESEGARM052N
ARG,1962-10-01,53.0,TRESEGARM052N
ARG,1962-11-01,59.0,TRESEGARM052N
ARG,1962-12-01,54.0,TRESEGARM052N
ARG,1963-01-01,51.0,TRESEGARM052N
ARG,1963-02-01,71.0,TRESEGARM052N
ARG,1963-03-01,87.0,TRESEGARM052N
ARG,1963-04-01,122.0,TRESEGARM052N
ARG,1963-05-01,126.0,TRESEGARM052N
ARG,1963-06-01,123.0,TRESEGARM052N
ARG,1963-07-01,176.0,TRESEGARM052N
ARG,1963-08-01,205.0,TRESEGARM052N
ARG,1963-09-01,221.0,TRESEGARM052N
ARG,1963-10-01,195.0,TRESEGARM052N
ARG,1963-11-01,167.0,TRESEGARM052N
ARG,1963-12-01,192.0,TRESEGARM052N
ARG,1964-01-01,197.0,TRESEGARM052N
ARG,1964-02-01,203.0,TRESEGARM052N
ARG,1964-03-01,200.0,TRESEGARM052N
ARG,1964-04-01,219.0,TRESEGARM052N
ARG,1964-05-01,247.0,TRESEGARM052N
ARG,1964-06-01,170.0,TRESEGARM052N
ARG,1964-07-01,163.0,TRESEGARM052N
ARG,1964-08-01,118.0,TRESEGARM052N
ARG,1964-09-01,125.0,TRESEGARM052N
ARG,1964-10-01,113.0,TRESEGARM052N
ARG,1964-11-01,98.0,TRESEGARM052N
ARG,1964-12-01,82.0,TRESEGARM052N
ARG,1965-01-01,55.0,TRESEGARM052N
ARG,1965-02-01,44.0,TRESEGARM052N
ARG,1965-03-01,42.0,TRESEGARM052N
ARG,1965-04-01,53.0,TRESEGARM052N
ARG,1965-05-01,85.0,TRESEGARM052N
ARG,1965-06-01,49.0,TRESEGARM052N
ARG,1965-07-01,62.0,TRESEGARM052N
ARG,1965-08-01,94.0,TRESEGARM052N
ARG,1965-09-01,131.0,TRESEGARM052N
ARG,1965-10-01,144.0,TRESEGARM052N
ARG,1965-11-01,133.0,TRESEGARM052N
ARG,1965-12-01,170.0,TRESEGARM052N
ARG,1966-01-01,189.0,TRESEGARM052N
ARG,1966-02-01,194.0,TRESEGARM052N
ARG,1966-03-01,215.0,TRESEGARM052N
ARG,1966-04-01,228.0,TRESEGARM052N
ARG,1966-05-01,254.0,TRESEGARM052N
ARG,1966-06-01,220.0,TRESEGARM052N
ARG,1966-07-01,199.0,TRESEGARM052N
ARG,1966-08-01,216.0,TRESEGARM052N
ARG,1966-09-01,186.0,TRESEGARM052N
ARG,1966-10-01,146.0,TRESEGARM052N
ARG,1966-11-01,134.0,TRESEGARM052N
ARG,1966-12-01,132.0,TRESEGARM052N
ARG,1967-01-01,132.0,TRESEGARM052N
ARG,1967-02-01,116.0,TRESEGARM052N
ARG,1967-03-01,172.0,TRESEGARM052N
ARG,1967-04-01,248.0,TRESEGARM052N
ARG,1967-05-01,357.0,TRESEGARM052N
ARG,1967-06-01,586.0,TRESEGARM052N
ARG,1967-07-01,616.0,TRESEGARM052N
ARG,1967-08-01,613.0,TRESEGARM052N
ARG,1967-09-01,616.01,TRESEGARM052N
ARG,1967-10-01,596.01,TRESEGARM052N
ARG,1967-11-01,603.01,TRESEGARM052N
ARG,1967-12-01,643.01,TRESEGARM052N
ARG,1968-01-01,601.01,TRESEGARM052N
ARG,1968-02-01,582.01,TRESEGARM052N
ARG,1968-03-01,604.51,TRESEGARM052N
ARG,1968-04-01,617.52,TRESEGARM052N
ARG,1968-05-01,635.52,TRESEGARM052N
ARG,1968-06-01,636.52,TRESEGARM052N
ARG,1968-07-01,638.58,TRESEGARM052N
ARG,1968-08-01,616.15,TRESEGARM052N
ARG,1968-09-01,624.15,TRESEGARM052N
ARG,1968-10-01,631.65,TRESEGARM052N
ARG,1968-11-01,652.65,TRESEGARM052N
ARG,1968-12-01,650.65,TRESEGARM052N
ARG,1969-01-01,677.64,TRESEGARM052N
ARG,1969-02-01,697.65,TRESEGARM052N
ARG,1969-03-01,705.65,TRESEGARM052N
ARG,1969-04-01,754.65,TRESEGARM052N
ARG,1969-05-01,697.66,TRESEGARM052N
ARG,1969-06-01,611.66,TRESEGARM052N
ARG,1969-07-01,671.66,TRESEGARM052N
ARG,1969-08-01,633.67,TRESEGARM052N
ARG,1969-09-01,560.67,TRESEGARM052N
ARG,1969-10-01,493.78,TRESEGARM052N
ARG,1969-11-01,447.78,TRESEGARM052N
ARG,1969-12-01,402.79,TRESEGARM052N
ARG,1970-01-01,423.59,TRESEGARM052N
ARG,1970-02-01,422.59,TRESEGARM052N
ARG,1970-03-01,468.59,TRESEGARM052N
ARG,1970-04-01,495.57,TRESEGARM052N
ARG,1970-05-01,540.91,TRESEGARM052N
ARG,1970-06-01,566.91,TRESEGARM052N
ARG,1970-07-01,638.91,TRESEGARM052N
ARG,1970-08-01,631.86,TRESEGARM052N
ARG,1970-09-01,565.86,TRESEGARM052N
ARG,1970-10-01,604.07,TRESEGARM052N
ARG,1970-11-01,545.07,TRESEGARM052N
ARG,1970-12-01,532.57,TRESEGARM052N
ARG,1971-01-01,531.65,TRESEGARM052N
ARG,1971-02-01,513.65,TRESEGARM052N
ARG,1971-03-01,469.65,TRESEGARM052N
ARG,1971-04-01,442.64,TRESEGARM052N
ARG,1971-05-01,432.93,TRESEGARM052N
ARG,1971-06-01,381.93,TRESEGARM052N
ARG,1971-07-01,375.93,TRESEGARM052N
ARG,1971-08-01,358.93,TRESEGARM052N
ARG,1971-09-01,318.93,TRESEGARM052N
ARG,1971-10-01,235.02,TRESEGARM052N
ARG,1971-11-01,185.78,TRESEGARM052N
ARG,1971-12-01,192.447207125,TRESEGARM052N
ARG,1972-01-01,160.513544477,TRESEGARM052N
ARG,1972-02-01,132.8849140871,TRESEGARM052N
ARG,1972-03-01,201.6800934072,TRESEGARM052N
ARG,1972-04-01,150.5509473227,TRESEGARM052N
ARG,1972-05-01,97.6052331921,TRESEGARM052N
ARG,1972-06-01,111.7224364071,TRESEGARM052N
ARG,1972-07-01,91.7224364071,TRESEGARM052N
ARG,1972-08-01,80.9446284349,TRESEGARM052N
ARG,1972-09-01,102.9446284349,TRESEGARM052N
ARG,1972-10-01,90.9446284349,TRESEGARM052N
ARG,1972-11-01,170.3040551754,TRESEGARM052N
ARG,1972-12-01,313.3040551754,TRESEGARM052N
ARG,1973-01-01,423.7904566091,TRESEGARM052N
ARG,1973-02-01,489.433439974,TRESEGARM052N
ARG,1973-03-01,476.383919495,TRESEGARM052N
ARG,1973-04-01,549.2366247219,TRESEGARM052N
ARG,1973-05-01,615.3210688984,TRESEGARM052N
ARG,1973-06-01,648.3210688984,TRESEGARM052N
ARG,1973-07-01,822.4309066463,TRESEGARM052N
ARG,1973-08-01,940.3813861673,TRESEGARM052N
ARG,1973-09-01,1060.4429701001,TRESEGARM052N
ARG,1973-10-01,1045.4429701001,TRESEGARM052N
ARG,1973-11-01,1030.4188431925,TRESEGARM052N
ARG,1973-12-01,1148.7045057973,TRESEGARM052N
ARG,1974-01-01,1145.736232688,TRESEGARM052N
ARG,1974-02-01,1197.736232688,TRESEGARM052N
ARG,1974-03-01,1291.5057604023,TRESEGARM052N
ARG,1974-04-01,1410.2054407216,TRESEGARM052N
ARG,1974-05-01,1593.8422704443,TRESEGARM052N
ARG,1974-06-01,1684.873997335,TRESEGARM052N
ARG,1974-07-01,1658.6192860295,TRESEGARM052N
ARG,1974-08-01,1460.6097114214,TRESEGARM052N
ARG,1974-09-01,1353.1716111829,TRESEGARM052N
ARG,1974-10-01,1280.9209590489,TRESEGARM052N
ARG,1974-11-01,1164.6688231566,TRESEGARM052N
ARG,1974-12-01,1144.3254813119,TRESEGARM052N
ARG,1975-01-01,1006.7075462637,TRESEGARM052N
ARG,1975-02-01,881.1980818545,TRESEGARM052N
ARG,1975-03-01,743.9260748521,TRESEGARM052N
ARG,1975-04-01,582.4637005903,TRESEGARM052N
ARG,1975-05-01,425.810184038,TRESEGARM052N
ARG,1975-06-01,410.5470146794,TRESEGARM052N
ARG,1975-07-01,359.4534324263,TRESEGARM052N
ARG,1975-08-01,256.7330199674,TRESEGARM052N
ARG,1975-09-01,178.6998288548,TRESEGARM052N
ARG,1975-10-01,255.7312321413,TRESEGARM052N
ARG,1975-11-01,281.2646962402,TRESEGARM052N
ARG,1975-12-01,287.7857461085,TRESEGARM052N
ARG,1976-01-01,232.6567167734,TRESEGARM052N
ARG,1976-02-01,158.6566506617,TRESEGARM052N
ARG,1976-03-01,258.983614964,TRESEGARM052N
ARG,1976-04-01,289.296879373,TRESEGARM052N
ARG,1976-05-01,528.0030386295,TRESEGARM052N
ARG,1976-06-01,612.1665387702,TRESEGARM052N
ARG,1976-07-01,681.759304584,TRESEGARM052N
ARG,1976-08-01,797.7979931331,TRESEGARM052N
ARG,1976-09-01,767.6068685766,TRESEGARM052N
ARG,1976-10-01,733.4041940122,TRESEGARM052N
ARG,1976-11-01,643.9878120018,TRESEGARM052N
ARG,1976-12-01,1444.8552242809,TRESEGARM052N
ARG,1977-01-01,1379.1118909555,TRESEGARM052N
ARG,1977-02-01,1481.4004440146,TRESEGARM052N
ARG,1977-03-01,1539.1669662152,TRESEGARM052N
ARG,1977-04-01,1651.8084330867,TRESEGARM052N
ARG,1977-05-01,1812.3550130384,TRESEGARM052N
ARG,1977-06-01,1847.1248179242,TRESEGARM052N
ARG,1977-07-01,2066.4982136455,TRESEGARM052N
ARG,1977-08-01,2294.8982537685,TRESEGARM052N
ARG,1977-09-01,2533.9988947245,TRESEGARM052N
ARG,1977-10-01,2818.5433885677,TRESEGARM052N
ARG,1977-11-01,2878.5072543472,TRESEGARM052N
ARG,1977-12-01,3153.7915554271,TRESEGARM052N
ARG,1978-01-01,3717.3194324114,TRESEGARM052N
ARG,1978-02-01,4107.0861640895,TRESEGARM052N
ARG,1978-03-01,4212.8039377171,TRESEGARM052N
ARG,1978-04-01,4385.6454145802,TRESEGARM052N
ARG,1978-05-01,4962.3905121331,TRESEGARM052N
ARG,1978-06-01,4791.3728496336,TRESEGARM052N
ARG,1978-07-01,5136.5852296754,TRESEGARM052N
ARG,1978-08-01,5287.2503499431,TRESEGARM052N
ARG,1978-09-01,5344.2385349388,TRESEGARM052N
ARG,1978-10-01,5142.9674544354,TRESEGARM052N
ARG,1978-11-01,4749.8063905228,TRESEGARM052N
ARG,1978-12-01,4966.4945417813,TRESEGARM052N
ARG,1979-01-01,5255.9438915701,TRESEGARM052N
ARG,1979-02-01,5467.2644069321,TRESEGARM052N
ARG,1979-03-01,5871.4347395561,TRESEGARM052N
ARG,1979-04-01,6346.3706829885,TRESEGARM052N
ARG,1979-05-01,6849.0381697768,TRESEGARM052N
ARG,1979-06-01,7523.4598864751,TRESEGARM052N
ARG,1979-07-01,7807.8922925024,TRESEGARM052N
ARG,1979-08-01,8063.3186405036,TRESEGARM052N
ARG,1979-09-01,8730.3372916209,TRESEGARM052N
ARG,1979-10-01,9175.4487309347,TRESEGARM052N
ARG,1979-11-01,9391.6998044613,TRESEGARM052N
ARG,1979-12-01,9388.041760127,TRESEGARM052N
ARG,1980-01-01,9669.6077925906,TRESEGARM052N
ARG,1980-02-01,9729.8970021342,TRESEGARM052N
ARG,1980-03-01,9493.4710983278,TRESEGARM052N
ARG,1980-04-01,9033.7998972652,TRESEGARM052N
ARG,1980-05-01,8268.0796777756,TRESEGARM052N
ARG,1980-06-01,8141.5323753911,TRESEGARM052N
ARG,1980-07-01,9139.3581746069,TRESEGARM052N
ARG,1980-08-01,9458.0799309304,TRESEGARM052N
ARG,1980-09-01,8444.5920422679,TRESEGARM052N
ARG,1980-10-01,7803.5808412033,TRESEGARM052N
ARG,1980-11-01,7027.8838963676,TRESEGARM052N
ARG,1980-12-01,6719.4620573202,TRESEGARM052N
ARG,1981-01-01,5697.1275281047,TRESEGARM052N
ARG,1981-02-01,4538.2584079027,TRESEGARM052N
ARG,1981-03-01,3756.0482447291,TRESEGARM052N
ARG,1981-04-01,5202.66094629,TRESEGARM052N
ARG,1981-05-01,4108.5318815976,TRESEGARM052N
ARG,1981-06-01,3817.9285138624,TRESEGARM052N
ARG,1981-07-01,3673.8019350792,TRESEGARM052N
ARG,1981-08-01,3751.2103673001,TRESEGARM052N
ARG,1981-09-01,3816.2133765314,TRESEGARM052N
ARG,1981-10-01,3472.8630113216,TRESEGARM052N
ARG,1981-11-01,3320.1859880183,TRESEGARM052N
ARG,1981-12-01,3268.3567761743,TRESEGARM052N
ARG,1982-01-01,3393.9109282288,TRESEGARM052N
ARG,1982-02-01,3484.141537814,TRESEGARM052N
ARG,1982-03-01,3228.1077478274,TRESEGARM052N
ARG,1982-04-01,2805.955920812,TRESEGARM052N
ARG,1982-05-01,3045.011241766,TRESEGARM052N
ARG,1982-06-01,2937.8789805646,TRESEGARM052N
ARG,1982-07-01,3150.7858647735,TRESEGARM052N
ARG,1982-08-01,2680.513820992,TRESEGARM052N
ARG,1982-09-01,2978.3566820162,TRESEGARM052N
ARG,1982-10-01,3073.0573152217,TRESEGARM052N
ARG,1982-11-01,2940.5859901402,TRESEGARM052N
ARG,1982-12-01,2506.3938094717,TRESEGARM052N
ARG,1983-01-01,3314.5618026689,TRESEGARM052N
ARG,1983-02-01,3859.1041984895,TRESEGARM052N
ARG,1983-03-01,3365.7927880632,TRESEGARM052N
ARG,1983-04-01,3142.639362718,TRESEGARM052N
ARG,1983-05-01,2824.4031802896,TRESEGARM052N
ARG,1983-06-01,3177.3331552834,TRESEGARM052N
ARG,1983-07-01,3131.952918824,TRESEGARM052N
ARG,1983-08-01,2701.0313381385,TRESEGARM052N
ARG,1983-09-01,2350.0317051003,TRESEGARM052N
ARG,1983-10-01,2378.8803864485,TRESEGARM052N
ARG,1983-11-01,2453.3571953863,TRESEGARM052N
ARG,1983-12-01,1172.355965032,TRESEGARM052N
ARG,1984-01-01,1572.8710898544,TRESEGARM052N
ARG,1984-02-01,1599.0636078366,TRESEGARM052N
ARG,1984-03-01,1472.0638522035,TRESEGARM052N
ARG,1984-04-01,1717.9319372031,TRESEGARM052N
ARG,1984-05-01,1953.1562093207,TRESEGARM052N
ARG,1984-06-01,1740.1546822311,TRESEGARM052N
ARG,1984-07-01,1197.235547449,TRESEGARM052N
ARG,1984-08-01,1352.5489813346,TRESEGARM052N
ARG,1984-09-01,1352.5394605395,TRESEGARM052N
ARG,1984-10-01,1488.1026719232,TRESEGARM052N
ARG,1984-11-01,1241.6232871969,TRESEGARM052N
ARG,1984-12-01,1242.617532029,TRESEGARM052N
ARG,1985-01-01,1194.2145468953,TRESEGARM052N
ARG,1985-02-01,860.3357958361,TRESEGARM052N
ARG,1985-03-01,813.3469468679,TRESEGARM052N
ARG,1985-04-01,954.9410452865,TRESEGARM052N
ARG,1985-05-01,1223.327673518,TRESEGARM052N
ARG,1985-06-01,1713.3294333746,TRESEGARM052N
ARG,1985-07-01,2006.0628643748,TRESEGARM052N
ARG,1985-08-01,1916.3623788619,TRESEGARM052N
ARG,1985-09-01,2919.7521744197,TRESEGARM052N
ARG,1985-10-01,3054.9318215916,TRESEGARM052N
ARG,1985-11-01,3318.2951593861,TRESEGARM052N
ARG,1985-12-01,3273.0,TRESEGARM052N
ARG,1986-01-01,3183.3567674478,TRESEGARM052N
ARG,1986-02-01,2943.7281805888,TRESEGARM052N
ARG,1986-03-01,2701.5229189669,TRESEGARM052N
ARG,1986-04-01,3333.6176135094,TRESEGARM052N
ARG,1986-05-01,3472.1446535129,TRESEGARM052N
ARG,1986-06-01,4198.6730961717,TRESEGARM052N
ARG,1986-07-01,4023.3130685258,TRESEGARM052N
ARG,1986-08-01,3871.3344275749,TRESEGARM052N
ARG,1986-09-01,3775.3632966073,TRESEGARM052N
ARG,1986-10-01,3499.0829565816,TRESEGARM052N
ARG,1986-11-01,2957.0,TRESEGARM052N
ARG,1986-12-01,2718.0,TRESEGARM052N
ARG,1987-01-01,2518.7402712638,TRESEGARM052N
ARG,1987-02-01,2171.3361735481,TRESEGARM052N
ARG,1987-03-01,2594.4097039199,TRESEGARM052N
ARG,1987-04-01,1999.4021213784,TRESEGARM052N
ARG,1987-05-01,1877.476037311,TRESEGARM052N
ARG,1987-06-01,1490.5432609974,TRESEGARM052N
ARG,1987-07-01,1519.5008427002,TRESEGARM052N
ARG,1987-08-01,1396.5431128123,TRESEGARM052N
ARG,1987-09-01,1030.5374486545,TRESEGARM052N
ARG,1987-10-01,1440.3620450492,TRESEGARM052N
ARG,1987-11-01,1690.0,TRESEGARM052N
ARG,1987-12-01,1617.0,TRESEGARM052N
ARG,1988-01-01,1399.0,TRESEGARM052N
ARG,1988-02-01,1266.0,TRESEGARM052N
ARG,1988-03-01,1467.6797719296,TRESEGARM052N
ARG,1988-04-01,1537.0211779362,TRESEGARM052N
ARG,1988-05-01,1489.2063219097,TRESEGARM052N
ARG,1988-06-01,1857.7680209699,TRESEGARM052N
ARG,1988-07-01,1899.8657366592,TRESEGARM052N
ARG,1988-08-01,2742.0691880612,TRESEGARM052N
ARG,1988-09-01,3040.0710230205,TRESEGARM052N
ARG,1988-10-01,2890.3058049234,TRESEGARM052N
ARG,1988-11-01,2981.4645633787,TRESEGARM052N
ARG,1988-12-01,3363.4575365693,TRESEGARM052N
ARG,1989-01-01,3208.8215306363,TRESEGARM052N
ARG,1989-02-01,2204.4887408817,TRESEGARM052N
ARG,1989-03-01,1610.4127486847,TRESEGARM052N
ARG,1989-04-01,1294.3427916197,TRESEGARM052N
ARG,1989-05-01,1472.0,TRESEGARM052N
ARG,1989-06-01,936.0,TRESEGARM052N
ARG,1989-07-01,1653.0,TRESEGARM052N
ARG,1989-08-01,1949.0,TRESEGARM052N
ARG,1989-09-01,2267.0,TRESEGARM052N
ARG,1989-10-01,2341.2786679956,TRESEGARM052N
ARG,1989-11-01,1870.2961742019,TRESEGARM052N
ARG,1989-12-01,1463.3022577339,TRESEGARM052N
ARG,1990-01-01,1325.4589199077,TRESEGARM052N
ARG,1990-02-01,982.1471800477,TRESEGARM052N
ARG,1990-03-01,1215.1089835315,TRESEGARM052N
ARG,1990-04-01,1648.0842309546,TRESEGARM052N
ARG,1990-05-01,2349.5059368399,TRESEGARM052N
ARG,1990-06-01,2950.2300360093,TRESEGARM052N
ARG,1990-07-01,2786.5465545025,TRESEGARM052N
ARG,1990-08-01,2732.830582235,TRESEGARM052N
ARG,1990-09-01,3257.1243559393,TRESEGARM052N
ARG,1990-10-01,3263.1617924798,TRESEGARM052N
ARG,1990-11-01,3789.6850004994,TRESEGARM052N
ARG,1990-12-01,4592.335362991,TRESEGARM052N
ARG,1991-01-01,4118.0539757238,TRESEGARM052N
ARG,1991-02-01,3562.3147337917,TRESEGARM052N
ARG,1991-03-01,2353.7229707716,TRESEGARM052N
ARG,1991-04-01,2440.7221876592,TRESEGARM052N
ARG,1991-05-01,2978.953633682,TRESEGARM052N
ARG,1991-06-01,3257.2124115992,TRESEGARM052N
ARG,1991-07-01,3487.4933619701,TRESEGARM052N
ARG,1991-08-01,3336.0831405843,TRESEGARM052N
ARG,1991-09-01,4211.4678522572,TRESEGARM052N
ARG,1991-10-01,4201.8399609178,TRESEGARM052N
ARG,1991-11-01,4809.8074779775,TRESEGARM052N
ARG,1991-12-01,6004.6508360869,TRESEGARM052N
ARG,1992-01-01,6039.5335918396,TRESEGARM052N
ARG,1992-02-01,5823.7585505966,TRESEGARM052N
ARG,1992-03-01,6514.2471879287,TRESEGARM052N
ARG,1992-04-01,7073.0288031121,TRESEGARM052N
ARG,1992-05-01,7788.1814611056,TRESEGARM052N
ARG,1992-06-01,7892.0254891017,TRESEGARM052N
ARG,1992-07-01,8526.3917220265,TRESEGARM052N
ARG,1992-08-01,8687.1639826801,TRESEGARM052N
ARG,1992-09-01,8693.9401908802,TRESEGARM052N
ARG,1992-10-01,9010.6854485638,TRESEGARM052N
ARG,1992-11-01,8604.0554452387,TRESEGARM052N
ARG,1992-12-01,9989.7289067334,TRESEGARM052N
ARG,1993-01-01,10288.8467905756,TRESEGARM052N
ARG,1993-02-01,10452.3899338095,TRESEGARM052N
ARG,1993-03-01,10502.9750925991,TRESEGARM052N
ARG,1993-04-01,9966.3220047285,TRESEGARM052N
ARG,1993-05-01,9964.4157240422,TRESEGARM052N
ARG,1993-06-01,9940.667763723,TRESEGARM052N
ARG,1993-07-01,11243.5735677998,TRESEGARM052N
ARG,1993-08-01,12682.4699295788,TRESEGARM052N
ARG,1993-09-01,11658.8812185204,TRESEGARM052N
ARG,1993-10-01,11830.7745524781,TRESEGARM052N
ARG,1993-11-01,11963.0211501773,TRESEGARM052N
ARG,1993-12-01,13791.118837702,TRESEGARM052N
ARG,1994-01-01,13810.3630095377,TRESEGARM052N
ARG,1994-02-01,13661.6329366329,TRESEGARM052N
ARG,1994-03-01,13226.9801275858,TRESEGARM052N
ARG,1994-04-01,12829.2498619128,TRESEGARM052N
ARG,1994-05-01,13165.48567784,TRESEGARM052N
ARG,1994-06-01,13246.9377363738,TRESEGARM052N
ARG,1994-07-01,13810.9969460449,TRESEGARM052N
ARG,1994-08-01,13586.2513210279,TRESEGARM052N
ARG,1994-09-01,13068.9438104378,TRESEGARM052N
ARG,1994-10-01,12986.5320868158,TRESEGARM052N
ARG,1994-11-01,12930.5318921313,TRESEGARM052N
ARG,1994-12-01,14326.930188189,TRESEGARM052N
ARG,1995-01-01,12049.3311289103,TRESEGARM052N
ARG,1995-02-01,11348.9893615495,TRESEGARM052N
ARG,1995-03-01,8450.1641921847,TRESEGARM052N
ARG,1995-04-01,9755.6176187442,TRESEGARM052N
ARG,1995-05-01,9148.9780456825,TRESEGARM052N
ARG,1995-06-01,10843.7011845691,TRESEGARM052N
ARG,1995-07-01,11046.1563950369,TRESEGARM052N
ARG,1995-08-01,9578.6468299454,TRESEGARM052N
ARG,1995-09-01,11176.2747043849,TRESEGARM052N
ARG,1995-10-01,10533.1056320767,TRESEGARM052N
ARG,1995-11-01,10555.5070725835,TRESEGARM052N
ARG,1995-12-01,14287.8092016387,TRESEGARM052N
ARG,1996-01-01,13026.4121140505,TRESEGARM052N
ARG,1996-02-01,13777.7292027106,TRESEGARM052N
ARG,1996-03-01,14422.3672864626,TRESEGARM052N
ARG,1996-04-01,13869.2543425523,TRESEGARM052N
ARG,1996-05-01,14012.0069671989,TRESEGARM052N
ARG,1996-06-01,15653.9577274308,TRESEGARM052N
ARG,1996-07-01,14350.0028797876,TRESEGARM052N
ARG,1996-08-01,14617.5278186326,TRESEGARM052N
ARG,1996-09-01,15192.8009805022,TRESEGARM052N
ARG,1996-10-01,14007.1961941014,TRESEGARM052N
ARG,1996-11-01,14889.75170212,TRESEGARM052N
ARG,1996-12-01,18103.9178510624,TRESEGARM052N
ARG,1997-01-01,17600.682001085,TRESEGARM052N
ARG,1997-02-01,18735.7939708027,TRESEGARM052N
ARG,1997-03-01,17438.2438445077,TRESEGARM052N
ARG,1997-04-01,17287.5228701193,TRESEGARM052N
ARG,1997-05-01,19114.9002723741,TRESEGARM052N
ARG,1997-06-01,19740.1000485849,TRESEGARM052N
ARG,1997-07-01,19644.1049300109,TRESEGARM052N
ARG,1997-08-01,19832.405890374,TRESEGARM052N
ARG,1997-09-01,19364.1847053941,TRESEGARM052N
ARG,1997-10-01,19604.3303311555,TRESEGARM052N
ARG,1997-11-01,19955.7478652487,TRESEGARM052N
ARG,1997-12-01,22319.8378931717,TRESEGARM052N
ARG,1998-01-01,21079.7081394332,TRESEGARM052N
ARG,1998-02-01,21510.5046920655,TRESEGARM052N
ARG,1998-03-01,21055.1446852453,TRESEGARM052N
ARG,1998-04-01,21272.9286724663,TRESEGARM052N
ARG,1998-05-01,22370.0716467319,TRESEGARM052N
ARG,1998-06-01,22768.981644137,TRESEGARM052N
ARG,1998-07-01,22497.5322500661,TRESEGARM052N
ARG,1998-08-01,24361.3194443744,TRESEGARM052N
ARG,1998-09-01,23966.5741557795,TRESEGARM052N
ARG,1998-10-01,22717.0633264371,TRESEGARM052N
ARG,1998-11-01,22938.1931501026,TRESEGARM052N
ARG,1998-12-01,24752.1332258541,TRESEGARM052N
ARG,1999-01-01,23862.9073159139,TRESEGARM052N
ARG,1999-02-01,24113.7060041131,TRESEGARM052N
ARG,1999-03-01,24371.4473045353,TRESEGARM052N
ARG,1999-04-01,23694.3695948621,TRESEGARM052N
ARG,1999-05-01,23378.3066063322,TRESEGARM052N
ARG,1999-06-01,22980.8577912137,TRESEGARM052N
ARG,1999-07-01,24167.2874293681,TRESEGARM052N
ARG,1999-08-01,23957.8959544331,TRESEGARM052N
ARG,1999-09-01,21763.4805263932,TRESEGARM052N
ARG,1999-10-01,22397.5409231492,TRESEGARM052N
ARG,1999-11-01,24491.6566991177,TRESEGARM052N
ARG,1999-12-01,26252.0589863723,TRESEGARM052N
ARG,2000-01-01,24290.1019804212,TRESEGARM052N
ARG,2000-02-01,24652.360888746,TRESEGARM052N
ARG,2000-03-01,24574.3418260916,TRESEGARM052N
ARG,2000-04-01,24672.7328074087,TRESEGARM052N
ARG,2000-05-01,23542.275242269,TRESEGARM052N
ARG,2000-06-01,25678.5788099954,TRESEGARM052N
ARG,2000-07-01,26110.6760388961,TRESEGARM052N
ARG,2000-08-01,24633.9771225284,TRESEGARM052N
ARG,2000-09-01,24867.554311852,TRESEGARM052N
ARG,2000-10-01,23246.9740483541,TRESEGARM052N
ARG,2000-11-01,22438.7119559209,TRESEGARM052N
ARG,2000-12-01,25146.9026944134,TRESEGARM052N
ARG,2001-01-01,25436.3996943706,TRESEGARM052N
ARG,2001-02-01,25366.0218914734,TRESEGARM052N
ARG,2001-03-01,21919.3703103975,TRESEGARM052N
ARG,2001-04-01,20540.4297917898,TRESEGARM052N
ARG,2001-05-01,20201.9828513555,TRESEGARM052N
ARG,2001-06-01,21077.4818287359,TRESEGARM052N
ARG,2001-07-01,16699.0376682019,TRESEGARM052N
ARG,2001-08-01,14399.3830330263,TRESEGARM052N
ARG,2001-09-01,20555.2075896828,TRESEGARM052N
ARG,2001-10-01,18056.372842927,TRESEGARM052N
ARG,2001-11-01,14723.2739091792,TRESEGARM052N
ARG,2001-12-01,14553.0642596102,TRESEGARM052N
ARG,2002-01-01,13752.3463083372,TRESEGARM052N
ARG,2002-02-01,13902.5330036405,TRESEGARM052N
ARG,2002-03-01,12816.7683483773,TRESEGARM052N
ARG,2002-04-01,12220.5681032319,TRESEGARM052N
ARG,2002-05-01,10208.5865136461,TRESEGARM052N
ARG,2002-06-01,9647.29213203,TRESEGARM052N
ARG,2002-07-01,9001.9356109147,TRESEGARM052N
ARG,2002-08-01,9121.488460987,TRESEGARM052N
ARG,2002-09-01,9416.3563419851,TRESEGARM052N
ARG,2002-10-01,9894.2873039058,TRESEGARM052N
ARG,2002-11-01,10041.3164192452,TRESEGARM052N
ARG,2002-12-01,10489.3400687375,TRESEGARM052N
ARG,2003-01-01,9330.8159102339,TRESEGARM052N
ARG,2003-02-01,10293.4522564,TRESEGARM052N
ARG,2003-03-01,10539.0150665929,TRESEGARM052N
ARG,2003-04-01,10998.77232542,TRESEGARM052N
ARG,2003-05-01,11385.7877450632,TRESEGARM052N
ARG,2003-06-01,12183.4235192137,TRESEGARM052N
ARG,2003-07-01,13484.1646720988,TRESEGARM052N
ARG,2003-08-01,13597.0162860201,TRESEGARM052N
ARG,2003-09-01,13429.6632806598,TRESEGARM052N
ARG,2003-10-01,12914.6311849973,TRESEGARM052N
ARG,2003-11-01,13513.9860165063,TRESEGARM052N
ARG,2003-12-01,14153.4396649625,TRESEGARM052N
ARG,2004-01-01,14697.435273754,TRESEGARM052N
ARG,2004-02-01,14670.6225417011,TRESEGARM052N
ARG,2004-03-01,14627.4485447455,TRESEGARM052N
ARG,2004-04-01,15364.3992301662,TRESEGARM052N
ARG,2004-05-01,16181.4847420533,TRESEGARM052N
ARG,2004-06-01,16926.1155804406,TRESEGARM052N
ARG,2004-07-01,17415.3908812425,TRESEGARM052N
ARG,2004-08-01,17359.3207032551,TRESEGARM052N
ARG,2004-09-01,17500.7595750201,TRESEGARM052N
ARG,2004-10-01,17854.5980025779,TRESEGARM052N
ARG,2004-11-01,18181.3660286416,TRESEGARM052N
ARG,2004-12-01,18884.3427539788,TRESEGARM052N
ARG,2005-01-01,19402.0519069424,TRESEGARM052N
ARG,2005-02-01,20031.5387397538,TRESEGARM052N
ARG,2005-03-01,19586.5854860231,TRESEGARM052N
ARG,2005-04-01,20140.9753665885,TRESEGARM052N
ARG,2005-05-01,21378.4227489387,TRESEGARM052N
ARG,2005-06-01,22284.5477603581,TRESEGARM052N
ARG,2005-07-01,24349.8996991176,TRESEGARM052N
ARG,2005-08-01,24487.6636115468,TRESEGARM052N
ARG,2005-09-01,24783.3173446547,TRESEGARM052N
ARG,2005-10-01,25730.6912503253,TRESEGARM052N
ARG,2005-11-01,25649.835355322,TRESEGARM052N
ARG,2005-12-01,27178.8385015579,TRESEGARM052N
ARG,2006-01-01,18674.88241195,TRESEGARM052N
ARG,2006-02-01,19543.3888358918,TRESEGARM052N
ARG,2006-03-01,20524.6073147973,TRESEGARM052N
ARG,2006-04-01,21241.5399214894,TRESEGARM052N
ARG,2006-05-01,23026.6342451473,TRESEGARM052N
ARG,2006-06-01,24411.2914795463,TRESEGARM052N
ARG,2006-07-01,25105.3209154257,TRESEGARM052N
ARG,2006-08-01,26267.5550489874,TRESEGARM052N
ARG,2006-09-01,26957.3871539932,TRESEGARM052N
ARG,2006-10-01,27983.3926835766,TRESEGARM052N
ARG,2006-11-01,29180.041651715,TRESEGARM052N
ARG,2006-12-01,30903.4651129806,TRESEGARM052N
ARG,2007-01-01,32575.6249183992,TRESEGARM052N
ARG,2007-02-01,33740.1397249077,TRESEGARM052N
ARG,2007-03-01,35650.9342017911,TRESEGARM052N
ARG,2007-04-01,37399.1605908954,TRESEGARM052N
ARG,2007-05-01,39408.5819103148,TRESEGARM052N
ARG,2007-06-01,41976.5419813039,TRESEGARM052N
ARG,2007-07-01,42990.663757258,TRESEGARM052N
ARG,2007-08-01,41955.1702439331,TRESEGARM052N
ARG,2007-09-01,41571.2964837602,TRESEGARM052N
ARG,2007-10-01,41593.3735607117,TRESEGARM052N
ARG,2007-11-01,43486.6478634354,TRESEGARM052N
ARG,2007-12-01,44682.0568557802,TRESEGARM052N
ARG,2008-01-01,46013.0696068469,TRESEGARM052N
ARG,2008-02-01,47535.2268160617,TRESEGARM052N
ARG,2008-03-01,48806.2572971675,TRESEGARM052N
ARG,2008-04-01,48664.6331863271,TRESEGARM052N
ARG,2008-05-01,46974.4066138323,TRESEGARM052N
ARG,2008-06-01,45850.7643596471,TRESEGARM052N
ARG,2008-07-01,45886.9626213728,TRESEGARM052N
ARG,2008-08-01,45539.3494734451,TRESEGARM052N
ARG,2008-09-01,45517.0040678069,TRESEGARM052N
ARG,2008-10-01,43467.6156095743,TRESEGARM052N
ARG,2008-11-01,44540.1217004428,TRESEGARM052N
ARG,2008-12-01,44854.6202069802,TRESEGARM052N
ARG,2009-01-01,45464.6914684931,TRESEGARM052N
ARG,2009-02-01,45447.5833179365,TRESEGARM052N
ARG,2009-03-01,44930.6100560538,TRESEGARM052N
ARG,2009-04-01,44801.6085533584,TRESEGARM052N
ARG,2009-05-01,44911.5494249573,TRESEGARM052N
ARG,2009-06-01,44401.1710755909,TRESEGARM052N
ARG,2009-07-01,44482.8560456439,TRESEGARM052N
ARG,2009-08-01,45834.6614818394,TRESEGARM052N
ARG,2009-09-01,46315.5403296382,TRESEGARM052N
ARG,2009-10-01,47098.6195761426,TRESEGARM052N
ARG,2009-11-01,47733.9874821972,TRESEGARM052N
ARG,2009-12-01,46092.9886353253,TRESEGARM052N
ARG,2010-01-01,46258.3285183754,TRESEGARM052N
ARG,2010-02-01,45830.0243512361,TRESEGARM052N
ARG,2010-03-01,45497.8083002489,TRESEGARM052N
ARG,2010-04-01,46061.4095291663,TRESEGARM052N
ARG,2010-05-01,46846.3880449351,TRESEGARM052N
ARG,2010-06-01,47257.4116759288,TRESEGARM052N
ARG,2010-07-01,49230.8983685329,TRESEGARM052N
ARG,2010-08-01,48351.3051644709,TRESEGARM052N
ARG,2010-09-01,49132.5782137267,TRESEGARM052N
ARG,2010-10-01,49810.5361028368,TRESEGARM052N
ARG,2010-11-01,49551.2061412664,TRESEGARM052N
ARG,2010-12-01,49733.8697240928,TRESEGARM052N
ARG,2011-01-01,50276.9686792843,TRESEGARM052N
ARG,2011-02-01,49884.3408261749,TRESEGARM052N
ARG,2011-03-01,48827.6075017113,TRESEGARM052N
ARG,2011-04-01,49258.5610789511,TRESEGARM052N
ARG,2011-05-01,49408.9893039362,TRESEGARM052N
ARG,2011-06-01,49047.1889983362,TRESEGARM052N
ARG,2011-07-01,49056.299364499,TRESEGARM052N
ARG,2011-08-01,46808.1330873666,TRESEGARM052N
ARG,2011-09-01,45367.0332702609,TRESEGARM052N
ARG,2011-10-01,44095.4114320268,TRESEGARM052N
ARG,2011-11-01,42582.3386346793,TRESEGARM052N
ARG,2011-12-01,43226.8309577587,TRESEGARM052N
ARG,2012-01-01,43136.8048689512,TRESEGARM052N
ARG,2012-02-01,43221.6294785073,TRESEGARM052N
ARG,2012-03-01,43964.3888119821,TRESEGARM052N
ARG,2012-04-01,44538.4325544326,TRESEGARM052N
ARG,2012-05-01,43862.9310918264,TRESEGARM052N
ARG,2012-06-01,43156.2805905193,TRESEGARM052N
ARG,2012-07-01,43604.5916238373,TRESEGARM052N
ARG,2012-08-01,41801.1392228532,TRESEGARM052N
ARG,2012-09-01,41500.3324335688,TRESEGARM052N
ARG,2012-10-01,41865.0631490798,TRESEGARM052N
ARG,2012-11-01,41799.9513610226,TRESEGARM052N
ARG,2012-12-01,39920.301983203,TRESEGARM052N
ARG,2013-01-01,39169.3754789661,TRESEGARM052N
ARG,2013-02-01,38435.3167631986,TRESEGARM052N
ARG,2013-03-01,37232.9311207218,TRESEGARM052N
ARG,2013-04-01,36575.2935867731,TRESEGARM052N
ARG,2013-05-01,35768.0812775928,TRESEGARM052N
ARG,2013-06-01,34540.3579560206,TRESEGARM052N
ARG,2013-07-01,34407.8588397496,TRESEGARM052N
ARG,2013-08-01,33800.5836261401,TRESEGARM052N
ARG,2013-09-01,32069.0929024386,TRESEGARM052N
ARG,2013-10-01,30562.3008807732,TRESEGARM052N
ARG,2013-11-01,28249.1190716692,TRESEGARM052N
ARG,2013-12-01,28143.0386309564,TRESEGARM052N
ARG,2014-01-01,25244.3729108629,TRESEGARM052N
ARG,2014-02-01,24884.4706615309,TRESEGARM052N
ARG,2014-03-01,24424.0196741234,TRESEGARM052N
ARG,2014-04-01,25613.426071256,TRESEGARM052N
ARG,2014-05-01,26054.4927112742,TRESEGARM052N
ARG,2014-06-01,26603.8792609295,TRESEGARM052N
ARG,2014-07-01,26429.1293396613,TRESEGARM052N
ARG,2014-08-01,26018.7771764015,TRESEGARM052N
ARG,2014-09-01,25449.1515534483,TRESEGARM052N
ARG,2014-10-01,25749.9776218861,TRESEGARM052N
ARG,2014-11-01,26560.2487976933,TRESEGARM052N
ARG,2014-12-01,29016.9548139639,TRESEGARM052N
ARG,2015-01-01,28899.5777782842,TRESEGARM052N
ARG,2015-02-01,29023.0353606014,TRESEGARM052N
ARG,2015-03-01,29113.7107201334,TRESEGARM052N
ARG,2015-04-01,31529.4483757599,TRESEGARM052N
ARG,2015-05-01,30905.3694745707,TRESEGARM052N
ARG,2015-06-01,31501.3231772432,TRESEGARM052N
ARG,2015-07-01,31727.6672197617,TRESEGARM052N
ARG,2015-08-01,31325.5154058802,TRESEGARM052N
ARG,2015-09-01,31021.3550508974,TRESEGARM052N
ARG,2015-10-01,24670.1661825805,TRESEGARM052N
ARG,2015-11-01,23463.4782588992,TRESEGARM052N
ARG,2015-12-01,23416.5108848894,TRESEGARM052N
ARG,2016-01-01,27860.9741420479,TRESEGARM052N
ARG,2016-02-01,25951.4612831788,TRESEGARM052N
ARG,2016-03-01,27093.7314839111,TRESEGARM052N
ARG,2016-04-01,31801.5809030461,TRESEGARM052N
ARG,2016-05-01,27735.3654995061,TRESEGARM052N
ARG,2016-06-01,27897.7213663019,TRESEGARM052N
ARG,2016-07-01,29856.6117143263,TRESEGARM052N
ARG,2016-08-01,28547.8995918662,TRESEGARM052N
ARG,2016-09-01,27326.8228714263,TRESEGARM052N
ARG,2016-10-01,34814.1618728726,TRESEGARM052N
ARG,2016-11-01,34927.1782140334,TRESEGARM052N
ARG,2016-12-01,36323.2999765464,TRESEGARM052N
ARG,2017-01-01,44547.2074529536,TRESEGARM052N
ARG,2017-02-01,48369.9963107394,TRESEGARM052N
ARG,2017-03-01,48573.4543551998,TRESEGARM052N
ARG,2017-04-01,45596.7490587879,TRESEGARM052N
ARG,2017-05-01,43783.8148111889,TRESEGARM052N
ARG,2017-06-01,45452.6439795999,TRESEGARM052N
ARG,2017-07-01,44974.8398382808,TRESEGARM052N
ARG,2017-08-01,46636.5232414513,TRESEGARM052N
ARG,2017-09-01,47622.1735970845,TRESEGARM052N
ARG,2017-10-01,49251.1749097051,TRESEGARM052N
ARG,2017-11-01,52411.7285943073,TRESEGARM052N
ARG,2017-12-01,53030.8095318904,TRESEGARM052N
ARG,2018-01-01,59727.8479758229,TRESEGARM052N
ARG,2018-02-01,59292.0088631895,TRESEGARM052N
ARG,2018-03-01,59691.4311344879,TRESEGARM052N
ARG,2018-04-01,53722.7118295582,TRESEGARM052N
ARG,2018-05-01,47589.8464176235,TRESEGARM052N
ARG,2018-06-01,59268.2506719376,TRESEGARM052N
ARG,2018-07-01,55501.0766550392,TRESEGARM052N
ARG,2018-08-01,50253.5062274346,TRESEGARM052N
ARG,2018-09-01,46531.8435780451,TRESEGARM052N
ARG,2018-10-01,51509.9820306521,TRESEGARM052N
ARG,2018-11-01,48729.8577719742,TRESEGARM052N
ARG,2018-12-01,63963.9220851007,TRESEGARM052N
ARG,2019-01-01,64236.2099456428,TRESEGARM052N
ARG,2019-02-01,65128.4171929369,TRESEGARM052N
ARG,2019-03-01,63774.7524249025,TRESEGARM052N
ARG,2019-04-01,69032.5690054045,TRESEGARM052N
ARG,2019-05-01,62492.1787330216,TRESEGARM052N
ARG,2019-06-01,62018.5821029848,TRESEGARM052N
ARG,2019-07-01,64930.7078610265,TRESEGARM052N
ARG,2019-08-01,51158.1034677132,TRESEGARM052N
ARG,2019-09-01,45763.5190765473,TRESEGARM052N
ARG,2019-10-01,40264.5247473493,TRESEGARM052N
ARG,2019-11-01,40855.2237621055,TRESEGARM052N
ARG,2019-12-01,42192.5267469573,TRESEGARM052N
ARG,2020-01-01,41831.385649253,TRESEGARM052N
ARG,2020-02-01,41766.0854730816,TRESEGARM052N
ARG,2020-03-01,40534.1708157694,TRESEGARM052N
ARG,2020-04-01,40251.726298271,TRESEGARM052N
ARG,2020-05-01,39141.5654994891,TRESEGARM052N
ARG,2020-06-01,39706.5900353616,TRESEGARM052N
ARG,2020-07-01,39586.6460705841,TRESEGARM052N
ARG,2020-08-01,38933.239456774,TRESEGARM052N
ARG,2020-09-01,37628.6542076123,TRESEGARM052N
ARG,2020-10-01,36134.0651743814,TRESEGARM052N
ARG,2020-11-01,35113.2030229663,TRESEGARM052N
ARG,2020-12-01,35649.9702857587,TRESEGARM052N
ARG,2021-01-01,35807.8338232191,TRESEGARM052N
ARG,2021-02-01,36050.9277908305,TRESEGARM052N
ARG,2021-03-01,36052.66272785,TRESEGARM052N
ARG,2021-04-01,36758.8794515,TRESEGARM052N
ARG,2021-05-01,38086.9359739147,TRESEGARM052N
ARG,2021-06-01,38830.8303516108,TRESEGARM052N
ARG,2021-07-01,38999.0459522536,TRESEGARM052N
ARG,2021-08-01,42570.5459525297,TRESEGARM052N
ARG,2021-09-01,39354.0150967479,TRESEGARM052N
ARG,2021-10-01,39265.6499574367,TRESEGARM052N
ARG,2021-11-01,38008.8192333878,TRESEGARM052N
ARG,2021-12-01,36448.3690718398,TRESEGARM052N
ARG,2022-01-01,34024.9539832571,TRESEGARM052N
ARG,2022-02-01,33279.8454831615,TRESEGARM052N
ARG,2022-03-01,39277.0097788091,TRESEGARM052N
ARG,2022-04-01,38199.3895625391,TRESEGARM052N
ARG,2022-05-01,37909.7457145234,TRESEGARM052N
ARG,2022-06-01,39146.9277343212,TRESEGARM052N
ARG,2022-07-01,34713.2082120001,TRESEGARM052N
ARG,2022-08-01,33316.5566868053,TRESEGARM052N
ARG,2022-09-01,34289.6359950319,TRESEGARM052N
ARG,2022-10-01,35411.6038574709,TRESEGARM052N
ARG,2022-11-01,34646.9131280551,TRESEGARM052N
ARG,2022-12-01,41197.8866991547,TRESEGARM052N
ARG,2023-01-01,37596.1068142972,TRESEGARM052N
ARG,2023-02-01,35031.3047456142,TRESEGARM052N
ARG,2023-03-01,35142.8549124944,TRESEGARM052N
ARG,2023-04-01,31020.3536487574,TRESEGARM052N
ARG,2023-05-01,29099.5801226101,TRESEGARM052N
ARG,2023-06-01,24130.1131737555,TRESEGARM052N
ARG,2023-07-01,20574.1100114305,TRESEGARM052N
ARG,2023-08-01,24013.5332549335,TRESEGARM052N
ARG,2023-09-01,23316.2833858975,TRESEGARM052N
ARG,2023-10-01,18716.7968752347,TRESEGARM052N
ARG,2023-11-01,17481.8464551275,TRESEGARM052N
ARG,2023-12-01,18986.7719722626,TRESEGARM052N
ARG,2024-01-01,23573.3876577351,TRESEGARM052N
ARG,2024-02-01,22609.3502737981,TRESEGARM052N
ARG,2024-03-01,22741.6342988376,TRESEGARM052N
ARG,2024-04-01,23021.1727283238,TRESEGARM052N
ARG,2024-05-01,24073.4302418352,TRESEGARM052N
ARG,2024-06-01,24348.206920899,TRESEGARM052N
ARG,2024-07-01,21564.0714987497,TRESEGARM052N
ARG,2024-08-01,21712.6745757696,TRESEGARM052N
ARG,2024-09-01,21895.1557301585,TRESEGARM052N
ARG,2024-10-01,23189.1462649007,TRESEGARM052N
ARG,2024-11-01,24983.8739971836,TRESEGARM052N
ARG,2024-12-01,24380.6454486721,TRESEGARM052N
ARG,2025-01-01,22758.0939406315,TRESEGARM052N
ARG,2025-02-01,22467.6872849404,TRESEGARM052N
ARG,2025-03-01,18956.593277379,TRESEGARM052N
ARG,2025-04-01,32475.9310874763,TRESEGARM052N
ARG,2025-05-01,30500.2440368,TRESEGARM052N
ARG,2025-06-01,33473.9185269257,TRESEGARM052N
ARG,2025-07-01,32205.6582901325,TRESEGARM052N
ARG,2025-08-01,33224.425971853,TRESEGARM052N
ARG,2025-09-01,33158.79545017,TRESEGARM052N
ARG,2025-10-01,31615.0179893907,TRESEGARM052N
ARG,2025-11-01,32197.1640061127,TRESEGARM052N
ARG,2025-12-01,32328.8460457958,TRESEGARM052N
ARG,2026-01-01,34812.8032035055,TRESEGARM052N
ARG,2026-02-01,35116.7492615335,TRESEGARM052N
ARG,2026-03-01,32687.253052277,TRESEGARM052N
ARG,2026-04-01,35291.404551859,TRESEGARM052N
ARG,2026-05-01,39100.412499054,TRESEGARM052N
ARG,2026-06-01,36678.2265541989,TRESEGARM052N
ARG,2026-07-01,39480.4192405015,TRESEGARM052N
BRA,1950-12-01,348.0,TRESEGBRM052N
BRA,1951-12-01,198.0,TRESEGBRM052N
BRA,1952-12-01,209.0,TRESEGBRM052N
BRA,1953-12-01,284.0,TRESEGBRM052N
BRA,1954-12-01,161.0,TRESEGBRM052N
BRA,1955-12-01,168.0,TRESEGBRM052N
BRA,1956-12-01,287.0,TRESEGBRM052N
BRA,1957-01-01,283.0,TRESEGBRM052N
BRA,1957-02-01,277.0,TRESEGBRM052N
BRA,1957-03-01,249.0,TRESEGBRM052N
BRA,1957-04-01,209.0,TRESEGBRM052N
BRA,1957-05-01,175.0,TRESEGBRM052N
BRA,1957-06-01,126.0,TRESEGBRM052N
BRA,1957-07-01,90.0,TRESEGBRM052N
BRA,1957-08-01,113.0,TRESEGBRM052N
BRA,1957-09-01,124.0,TRESEGBRM052N
BRA,1957-10-01,159.0,TRESEGBRM052N
BRA,1957-11-01,141.0,TRESEGBRM052N
BRA,1957-12-01,152.0,TRESEGBRM052N
BRA,1958-01-01,112.0,TRESEGBRM052N
BRA,1958-02-01,106.0,TRESEGBRM052N
BRA,1958-03-01,96.0,TRESEGBRM052N
BRA,1958-04-01,97.0,TRESEGBRM052N
BRA,1958-05-01,138.0,TRESEGBRM052N
BRA,1958-06-01,120.0,TRESEGBRM052N
BRA,1958-07-01,126.0,TRESEGBRM052N
BRA,1958-08-01,180.0,TRESEGBRM052N
BRA,1958-09-01,152.0,TRESEGBRM052N
BRA,1958-10-01,141.0,TRESEGBRM052N
BRA,1958-11-01,130.0,TRESEGBRM052N
BRA,1958-12-01,140.0,TRESEGBRM052N
BRA,1959-01-01,173.0,TRESEGBRM052N
BRA,1959-02-01,185.0,TRESEGBRM052N
BRA,1959-03-01,152.0,TRESEGBRM052N
BRA,1959-04-01,114.0,TRESEGBRM052N
BRA,1959-05-01,124.0,TRESEGBRM052N
BRA,1959-06-01,114.0,TRESEGBRM052N
BRA,1959-07-01,134.0,TRESEGBRM052N
BRA,1959-08-01,147.0,TRESEGBRM052N
BRA,1959-09-01,150.0,TRESEGBRM052N
BRA,1959-10-01,124.0,TRESEGBRM052N
BRA,1959-11-01,118.0,TRESEGBRM052N
BRA,1959-12-01,111.0,TRESEGBRM052N
BRA,1960-01-01,98.0,TRESEGBRM052N
BRA,1960-02-01,112.0,TRESEGBRM052N
BRA,1960-03-01,96.0,TRESEGBRM052N
BRA,1960-04-01,122.0,TRESEGBRM052N
BRA,1960-05-01,131.0,TRESEGBRM052N
BRA,1960-06-01,130.0,TRESEGBRM052N
BRA,1960-07-01,130.0,TRESEGBRM052N
BRA,1960-08-01,132.0,TRESEGBRM052N
BRA,1960-09-01,139.0,TRESEGBRM052N
BRA,1960-10-01,141.0,TRESEGBRM052N
BRA,1960-11-01,131.0,TRESEGBRM052N
BRA,1960-12-01,141.0,TRESEGBRM052N
BRA,1961-01-01,44.0,TRESEGBRM052N
BRA,1961-02-01,33.0,TRESEGBRM052N
BRA,1961-03-01,40.0,TRESEGBRM052N
BRA,1961-04-01,37.0,TRESEGBRM052N
BRA,1961-05-01,53.0,TRESEGBRM052N
BRA,1961-06-01,49.0,TRESEGBRM052N
BRA,1961-07-01,41.0,TRESEGBRM052N
BRA,1961-08-01,49.0,TRESEGBRM052N
BRA,1961-09-01,81.0,TRESEGBRM052N
BRA,1961-10-01,91.0,TRESEGBRM052N
BRA,1961-11-01,167.0,TRESEGBRM052N
BRA,1961-12-01,185.0,TRESEGBRM052N
BRA,1962-01-01,133.0,TRESEGBRM052N
BRA,1962-02-01,135.0,TRESEGBRM052N
BRA,1962-03-01,132.0,TRESEGBRM052N
BRA,1962-04-01,157.0,TRESEGBRM052N
BRA,1962-05-01,146.0,TRESEGBRM052N
BRA,1962-06-01,122.0,TRESEGBRM052N
BRA,1962-07-01,102.0,TRESEGBRM052N
BRA,1962-08-01,86.0,TRESEGBRM052N
BRA,1962-09-01,82.0,TRESEGBRM052N
BRA,1962-10-01,56.0,TRESEGBRM052N
BRA,1962-11-01,80.0,TRESEGBRM052N
BRA,1962-12-01,60.0,TRESEGBRM052N
BRA,1963-01-01,60.0,TRESEGBRM052N
BRA,1963-02-01,60.0,TRESEGBRM052N
BRA,1963-03-01,60.0,TRESEGBRM052N
BRA,1963-04-01,60.0,TRESEGBRM052N
BRA,1963-05-01,60.0,TRESEGBRM052N
BRA,1963-06-01,60.0,TRESEGBRM052N
BRA,1963-07-01,61.0,TRESEGBRM052N
BRA,1963-08-01,63.0,TRESEGBRM052N
BRA,1963-09-01,64.0,TRESEGBRM052N
BRA,1963-10-01,66.0,TRESEGBRM052N
BRA,1963-11-01,68.0,TRESEGBRM052N
BRA,1963-12-01,69.0,TRESEGBRM052N
BRA,1964-01-01,73.0,TRESEGBRM052N
BRA,1964-02-01,77.0,TRESEGBRM052N
BRA,1964-03-01,81.0,TRESEGBRM052N
BRA,1964-04-01,74.0,TRESEGBRM052N
BRA,1964-05-01,67.0,TRESEGBRM052N
BRA,1964-06-01,61.0,TRESEGBRM052N
BRA,1964-07-01,68.0,TRESEGBRM052N
BRA,1964-08-01,75.0,TRESEGBRM052N
BRA,1964-09-01,83.0,TRESEGBRM052N
BRA,1964-10-01,108.0,TRESEGBRM052N
BRA,1964-11-01,130.0,TRESEGBRM052N
BRA,1964-12-01,154.0,TRESEGBRM052N
BRA,1965-01-01,179.0,TRESEGBRM052N
BRA,1965-02-01,204.0,TRESEGBRM052N
BRA,1965-03-01,228.0,TRESEGBRM052N
BRA,1965-04-01,254.0,TRESEGBRM052N
BRA,1965-05-01,280.0,TRESEGBRM052N
BRA,1965-06-01,311.0,TRESEGBRM052N
BRA,1965-07-01,339.0,TRESEGBRM052N
BRA,1965-08-01,356.0,TRESEGBRM052N
BRA,1965-09-01,366.0,TRESEGBRM052N
BRA,1965-10-01,382.0,TRESEGBRM052N
BRA,1965-11-01,398.0,TRESEGBRM052N
BRA,1965-12-01,421.0,TRESEGBRM052N
BRA,1966-01-01,420.0,TRESEGBRM052N
BRA,1966-02-01,439.0,TRESEGBRM052N
BRA,1966-03-01,383.0,TRESEGBRM052N
BRA,1966-04-01,360.0,TRESEGBRM052N
BRA,1966-05-01,416.0,TRESEGBRM052N
BRA,1966-06-01,358.0,TRESEGBRM052N
BRA,1966-07-01,314.0,TRESEGBRM052N
BRA,1966-08-01,316.0,TRESEGBRM052N
BRA,1966-09-01,375.12,TRESEGBRM052N
BRA,1966-10-01,377.12,TRESEGBRM052N
BRA,1966-11-01,405.12,TRESEGBRM052N
BRA,1966-12-01,380.12,TRESEGBRM052N
BRA,1967-01-01,311.12,TRESEGBRM052N
BRA,1967-02-01,327.12,TRESEGBRM052N
BRA,1967-03-01,351.12,TRESEGBRM052N
BRA,1967-04-01,317.12,TRESEGBRM052N
BRA,1967-05-01,340.12,TRESEGBRM052N
BRA,1967-06-01,228.12,TRESEGBRM052N
BRA,1967-07-01,197.12,TRESEGBRM052N
BRA,1967-08-01,169.45,TRESEGBRM052N
BRA,1967-09-01,186.5,TRESEGBRM052N
BRA,1967-10-01,197.33,TRESEGBRM052N
BRA,1967-11-01,166.34,TRESEGBRM052N
BRA,1967-12-01,154.46,TRESEGBRM052N
BRA,1968-01-01,183.46,TRESEGBRM052N
BRA,1968-02-01,198.46,TRESEGBRM052N
BRA,1968-03-01,266.34,TRESEGBRM052N
BRA,1968-04-01,303.32,TRESEGBRM052N
BRA,1968-05-01,240.32,TRESEGBRM052N
BRA,1968-06-01,166.31,TRESEGBRM052N
BRA,1968-07-01,148.33,TRESEGBRM052N
BRA,1968-08-01,216.33,TRESEGBRM052N
BRA,1968-09-01,206.33,TRESEGBRM052N
BRA,1968-10-01,225.33,TRESEGBRM052N
BRA,1968-11-01,244.33,TRESEGBRM052N
BRA,1968-12-01,212.33,TRESEGBRM052N
BRA,1969-01-01,204.33,TRESEGBRM052N
BRA,1969-02-01,223.33,TRESEGBRM052N
BRA,1969-03-01,251.33,TRESEGBRM052N
BRA,1969-04-01,282.33,TRESEGBRM052N
BRA,1969-05-01,346.33,TRESEGBRM052N
BRA,1969-06-01,331.33,TRESEGBRM052N
BRA,1969-07-01,359.31,TRESEGBRM052N
BRA,1969-08-01,423.31,TRESEGBRM052N
BRA,1969-09-01,460.31,TRESEGBRM052N
BRA,1969-10-01,517.31,TRESEGBRM052N
BRA,1969-11-01,585.31,TRESEGBRM052N
BRA,1969-12-01,611.33,TRESEGBRM052N
BRA,1970-01-01,714.13,TRESEGBRM052N
BRA,1970-02-01,799.13,TRESEGBRM052N
BRA,1970-03-01,865.13,TRESEGBRM052N
BRA,1970-04-01,890.11,TRESEGBRM052N
BRA,1970-05-01,946.11,TRESEGBRM052N
BRA,1970-06-01,968.01,TRESEGBRM052N
BRA,1970-07-01,987.01,TRESEGBRM052N
BRA,1970-08-01,1009.78,TRESEGBRM052N
BRA,1970-09-01,1031.78,TRESEGBRM052N
BRA,1970-10-01,1067.16,TRESEGBRM052N
BRA,1970-11-01,1135.66,TRESEGBRM052N
BRA,1970-12-01,1141.66,TRESEGBRM052N
BRA,1971-01-01,1183.74,TRESEGBRM052N
BRA,1971-02-01,1234.72,TRESEGBRM052N
BRA,1971-03-01,1273.72,TRESEGBRM052N
BRA,1971-04-01,1333.05,TRESEGBRM052N
BRA,1971-05-01,1320.12,TRESEGBRM052N
BRA,1971-06-01,1390.12,TRESEGBRM052N
BRA,1971-07-01,1412.72,TRESEGBRM052N
BRA,1971-08-01,1497.72,TRESEGBRM052N
BRA,1971-09-01,1534.72,TRESEGBRM052N
BRA,1971-10-01,1529.75,TRESEGBRM052N
BRA,1971-11-01,1596.75,TRESEGBRM052N
BRA,1971-12-01,1696.1864179428,TRESEGBRM052N
BRA,1972-01-01,1773.8242769631,TRESEGBRM052N
BRA,1972-02-01,1894.8242769631,TRESEGBRM052N
BRA,1972-03-01,2026.6939908764,TRESEGBRM052N
BRA,1972-04-01,2162.7482767458,TRESEGBRM052N
BRA,1972-05-01,2397.7482767458,TRESEGBRM052N
BRA,1972-06-01,2435.7482767458,TRESEGBRM052N
BRA,1972-07-01,2638.7482767458,TRESEGBRM052N
BRA,1972-08-01,2961.7482767458,TRESEGBRM052N
BRA,1972-09-01,3297.7482767458,TRESEGBRM052N
BRA,1972-10-01,3530.7482767458,TRESEGBRM052N
BRA,1972-11-01,3866.7482767458,TRESEGBRM052N
BRA,1972-12-01,4132.7482767458,TRESEGBRM052N
BRA,1973-01-01,4242.7482767458,TRESEGBRM052N
BRA,1973-02-01,4419.7183187523,TRESEGBRM052N
BRA,1973-03-01,4902.7183187523,TRESEGBRM052N
BRA,1973-04-01,5125.790699475,TRESEGBRM052N
BRA,1973-05-01,5526.899270559,TRESEGBRM052N
BRA,1973-06-01,5962.899270559,TRESEGBRM052N
BRA,1973-07-01,6101.9113340128,TRESEGBRM052N
BRA,1973-08-01,6230.9113340128,TRESEGBRM052N
BRA,1973-09-01,6405.9113340128,TRESEGBRM052N
BRA,1973-10-01,6423.9113340128,TRESEGBRM052N
BRA,1973-11-01,6448.9113340128,TRESEGBRM052N
BRA,1973-12-01,6359.9113340128,TRESEGBRM052N
BRA,1974-01-01,5852.9113340128,TRESEGBRM052N
BRA,1974-02-01,6041.9113340128,TRESEGBRM052N
BRA,1974-03-01,6479.9113340128,TRESEGBRM052N
BRA,1974-04-01,6468.9716512817,TRESEGBRM052N
BRA,1974-05-01,6282.0922858195,TRESEGBRM052N
BRA,1974-06-01,6460.0922858195,TRESEGBRM052N
BRA,1974-07-01,6106.1670680507,TRESEGBRM052N
BRA,1974-08-01,6056.1408724832,TRESEGBRM052N
BRA,1974-09-01,5646.3627032437,TRESEGBRM052N
BRA,1974-10-01,5474.5763287048,TRESEGBRM052N
BRA,1974-11-01,5255.8856815884,TRESEGBRM052N
BRA,1974-12-01,5215.7527796926,TRESEGBRM052N
BRA,1975-01-01,4936.8131500747,TRESEGBRM052N
BRA,1975-02-01,4774.810539761,TRESEGBRM052N
BRA,1975-03-01,4445.2073804898,TRESEGBRM052N
BRA,1975-04-01,4259.9684183471,TRESEGBRM052N
BRA,1975-05-01,4140.6609151023,TRESEGBRM052N
BRA,1975-06-01,3743.7634248022,TRESEGBRM052N
BRA,1975-07-01,3696.0594068089,TRESEGBRM052N
BRA,1975-08-01,3832.9445437551,TRESEGBRM052N
BRA,1975-09-01,3712.5870816798,TRESEGBRM052N
BRA,1975-10-01,3631.6021015873,TRESEGBRM052N
BRA,1975-11-01,3618.4743551542,TRESEGBRM052N
BRA,1975-12-01,3980.3746813788,TRESEGBRM052N
BRA,1976-01-01,3807.8390177028,TRESEGBRM052N
BRA,1976-02-01,3612.8351978388,TRESEGBRM052N
BRA,1976-03-01,3489.3658263935,TRESEGBRM052N
BRA,1976-04-01,3471.8024490723,TRESEGBRM052N
BRA,1976-05-01,3347.6973571048,TRESEGBRM052N
BRA,1976-06-01,3662.8788126,TRESEGBRM052N
BRA,1976-07-01,3891.9242225085,TRESEGBRM052N
BRA,1976-08-01,4351.8657280557,TRESEGBRM052N
BRA,1976-09-01,4537.2951961982,TRESEGBRM052N
BRA,1976-10-01,4954.0702759256,TRESEGBRM052N
BRA,1976-11-01,5085.8415549889,TRESEGBRM052N
BRA,1976-12-01,6488.0409317738,TRESEGBRM052N
BRA,1977-01-01,6134.9143019519,TRESEGBRM052N
BRA,1977-02-01,5819.6353467882,TRESEGBRM052N
BRA,1977-03-01,5761.6858319752,TRESEGBRM052N
BRA,1977-04-01,5733.1522615357,TRESEGBRM052N
BRA,1977-05-01,5747.8099020698,TRESEGBRM052N
BRA,1977-06-01,5649.2552322948,TRESEGBRM052N
BRA,1977-07-01,6085.1491248148,TRESEGBRM052N
BRA,1977-08-01,6136.5941654602,TRESEGBRM052N
BRA,1977-09-01,5926.1429407029,TRESEGBRM052N
BRA,1977-10-01,5981.6203011264,TRESEGBRM052N
BRA,1977-11-01,5934.7539944543,TRESEGBRM052N
BRA,1977-12-01,7192.0216223762,TRESEGBRM052N
BRA,1978-01-01,6693.1594250087,TRESEGBRM052N
BRA,1978-02-01,6797.0212102811,TRESEGBRM052N
BRA,1978-03-01,7207.3444886502,TRESEGBRM052N
BRA,1978-04-01,7490.437469835,TRESEGBRM052N
BRA,1978-05-01,7547.6481212994,TRESEGBRM052N
BRA,1978-06-01,8048.0606876941,TRESEGBRM052N
BRA,1978-07-01,8853.987931082,TRESEGBRM052N
BRA,1978-08-01,9745.1752451508,TRESEGBRM052N
BRA,1978-09-01,9962.4775818761,TRESEGBRM052N
BRA,1978-10-01,10233.2806280389,TRESEGBRM052N
BRA,1978-11-01,11129.7803188848,TRESEGBRM052N
BRA,1978-12-01,11826.3991771808,TRESEGBRM052N
BRA,1979-01-01,11268.9355363673,TRESEGBRM052N
BRA,1979-02-01,11252.4349626382,TRESEGBRM052N
BRA,1979-03-01,11067.4943064914,TRESEGBRM052N
BRA,1979-04-01,11342.5373794443,TRESEGBRM052N
BRA,1979-05-01,10791.9275451799,TRESEGBRM052N
BRA,1979-06-01,10037.8548048504,TRESEGBRM052N
BRA,1979-07-01,10090.4601856547,TRESEGBRM052N
BRA,1979-08-01,9769.1753469387,TRESEGBRM052N
BRA,1979-09-01,9259.8842760761,TRESEGBRM052N
BRA,1979-10-01,9202.5255552498,TRESEGBRM052N
BRA,1979-11-01,8870.6193598661,TRESEGBRM052N
BRA,1979-12-01,8966.257354829,TRESEGBRM052N
BRA,1980-01-01,7840.6030955641,TRESEGBRM052N
BRA,1980-02-01,7702.6401574285,TRESEGBRM052N
BRA,1980-03-01,6914.5430668254,TRESEGBRM052N
BRA,1980-04-01,6618.0897271471,TRESEGBRM052N
BRA,1980-05-01,5789.3052280132,TRESEGBRM052N
BRA,1980-06-01,5621.6413720538,TRESEGBRM052N
BRA,1980-07-01,6158.6612447923,TRESEGBRM052N
BRA,1980-08-01,5847.0459834748,TRESEGBRM052N
BRA,1980-09-01,5308.3654366149,TRESEGBRM052N
BRA,1980-10-01,5567.7639108231,TRESEGBRM052N
BRA,1980-11-01,4994.9888935283,TRESEGBRM052N
BRA,1980-12-01,5769.3295420342,TRESEGBRM052N
BRA,1981-01-01,5538.7651642884,TRESEGBRM052N
BRA,1981-02-01,5585.2180150638,TRESEGBRM052N
BRA,1981-03-01,5505.5817771184,TRESEGBRM052N
BRA,1981-04-01,5287.2555383309,TRESEGBRM052N
BRA,1981-05-01,5394.7062576402,TRESEGBRM052N
BRA,1981-06-01,5200.7324282366,TRESEGBRM052N
BRA,1981-07-01,5343.1629532179,TRESEGBRM052N
BRA,1981-08-01,5439.5069556109,TRESEGBRM052N
BRA,1981-09-01,5457.7649807121,TRESEGBRM052N
BRA,1981-10-01,5469.4765859701,TRESEGBRM052N
BRA,1981-11-01,5656.7220827056,TRESEGBRM052N
BRA,1981-12-01,6603.5178442577,TRESEGBRM052N
BRA,1982-01-01,6402.6129484683,TRESEGBRM052N
BRA,1982-02-01,6231.381114162,TRESEGBRM052N
BRA,1982-03-01,6292.7199473494,TRESEGBRM052N
BRA,1982-04-01,6235.5507627869,TRESEGBRM052N
BRA,1982-05-01,6077.8732022739,TRESEGBRM052N
BRA,1982-06-01,6126.880455135,TRESEGBRM052N
BRA,1982-07-01,6160.4352620003,TRESEGBRM052N
BRA,1982-08-01,6101.1630715473,TRESEGBRM052N
BRA,1982-09-01,4185.3792442913,TRESEGBRM052N
BRA,1982-10-01,3619.2310768002,TRESEGBRM052N
BRA,1982-11-01,3537.1892525268,TRESEGBRM052N
BRA,1982-12-01,3927.9072179486,TRESEGBRM052N
BRA,1983-01-01,3006.5744492059,TRESEGBRM052N
BRA,1983-02-01,3064.0,TRESEGBRM052N
BRA,1983-03-01,3389.334386832,TRESEGBRM052N
BRA,1983-04-01,3509.5548657345,TRESEGBRM052N
BRA,1983-05-01,3327.1185063887,TRESEGBRM052N
BRA,1983-06-01,3758.1175188566,TRESEGBRM052N
BRA,1983-07-01,3777.010556318,TRESEGBRM052N
BRA,1983-08-01,4135.0104460462,TRESEGBRM052N
BRA,1983-09-01,3853.0105683668,TRESEGBRM052N
BRA,1983-10-01,3676.2486759367,TRESEGBRM052N
BRA,1983-11-01,4100.5470342336,TRESEGBRM052N
BRA,1983-12-01,4355.0837564781,TRESEGBRM052N
BRA,1984-01-01,4370.3959132999,TRESEGBRM052N
BRA,1984-02-01,5086.144941058,TRESEGBRM052N
BRA,1984-03-01,5618.0,TRESEGBRM052N
BRA,1984-04-01,6516.7958115715,TRESEGBRM052N
BRA,1984-05-01,6808.9789117428,TRESEGBRM052N
BRA,1984-06-01,7570.9693419818,TRESEGBRM052N
BRA,1984-07-01,7969.9119927041,TRESEGBRM052N
BRA,1984-08-01,8966.3012890895,TRESEGBRM052N
BRA,1984-09-01,9234.2787212787,TRESEGBRM052N
BRA,1984-10-01,9459.2751798216,TRESEGBRM052N
BRA,1984-11-01,10093.9299840716,TRESEGBRM052N
BRA,1984-12-01,11507.9213969956,TRESEGBRM052N
BRA,1985-01-01,9888.3064885695,TRESEGBRM052N
BRA,1985-02-01,9877.9859925166,TRESEGBRM052N
BRA,1985-03-01,10660.0,TRESEGBRM052N
BRA,1985-04-01,10603.3742950313,TRESEGBRM052N
BRA,1985-05-01,10544.0128090557,TRESEGBRM052N
BRA,1985-06-01,10759.0182486124,TRESEGBRM052N
BRA,1985-07-01,11094.722027428,TRESEGBRM052N
BRA,1985-08-01,11234.4641762611,TRESEGBRM052N
BRA,1985-09-01,10888.5213734069,TRESEGBRM052N
BRA,1985-10-01,10826.5505283237,TRESEGBRM052N
BRA,1985-11-01,10865.579386943,TRESEGBRM052N
BRA,1985-12-01,10604.5821616872,TRESEGBRM052N
BRA,1986-01-01,9887.169068969,TRESEGBRM052N
BRA,1986-02-01,9658.1614249223,TRESEGBRM052N
BRA,1986-03-01,10122.8285556555,TRESEGBRM052N
BRA,1986-04-01,10294.010135588,TRESEGBRM052N
BRA,1986-05-01,10364.7265849699,TRESEGBRM052N
BRA,1986-06-01,10900.3730184524,TRESEGBRM052N
BRA,1986-07-01,9896.8824129991,TRESEGBRM052N
BRA,1986-08-01,9425.0602283425,TRESEGBRM052N
BRA,1986-09-01,9198.7565257487,TRESEGBRM052N
BRA,1986-10-01,8121.0282023899,TRESEGBRM052N
BRA,1986-11-01,7695.9121030209,TRESEGBRM052N
BRA,1986-12-01,7233.512231967,TRESEGBRM052N
BRA,1987-01-01,5291.2892255039,TRESEGBRM052N
BRA,1987-02-01,4663.9690955981,TRESEGBRM052N
BRA,1987-03-01,4701.1923607986,TRESEGBRM052N
BRA,1987-04-01,4953.4195992371,TRESEGBRM052N
BRA,1987-05-01,5488.8076230299,TRESEGBRM052N
BRA,1987-06-01,5248.7174679856,TRESEGBRM052N
BRA,1987-07-01,6001.0388719222,TRESEGBRM052N
BRA,1987-08-01,6890.2509594993,TRESEGBRM052N
BRA,1987-09-01,6898.4920252857,TRESEGBRM052N
BRA,1987-10-01,6813.1735253319,TRESEGBRM052N
BRA,1987-11-01,7439.2785935074,TRESEGBRM052N
BRA,1987-12-01,6956.7844259388,TRESEGBRM052N
BRA,1988-01-01,6283.9558810669,TRESEGBRM052N
BRA,1988-02-01,6277.0402517863,TRESEGBRM052N
BRA,1988-03-01,5982.9468224131,TRESEGBRM052N
BRA,1988-04-01,6679.7838881584,TRESEGBRM052N
BRA,1988-05-01,7777.6701019531,TRESEGBRM052N
BRA,1988-06-01,6511.6398427261,TRESEGBRM052N
BRA,1988-07-01,6941.8186900379,TRESEGBRM052N
BRA,1988-08-01,8015.5735717322,TRESEGBRM052N
BRA,1988-09-01,8394.8742128626,TRESEGBRM052N
BRA,1988-10-01,8331.1903148091,TRESEGBRM052N
BRA,1988-11-01,8548.1372361212,TRESEGBRM052N
BRA,1988-12-01,7996.1306226534,TRESEGBRM052N
BRA,1989-01-01,8366.5307569282,TRESEGBRM052N
BRA,1989-02-01,8258.4301617507,TRESEGBRM052N
BRA,1989-03-01,9395.6576237445,TRESEGBRM052N
BRA,1989-04-01,8721.6873129397,TRESEGBRM052N
BRA,1989-05-01,7613.8233428678,TRESEGBRM052N
BRA,1989-06-01,7496.2240602253,TRESEGBRM052N
BRA,1989-07-01,8375.4209990988,TRESEGBRM052N
BRA,1989-08-01,9005.0082956259,TRESEGBRM052N
BRA,1989-09-01,8859.3327488898,TRESEGBRM052N
BRA,1989-10-01,9069.1322344042,TRESEGBRM052N
BRA,1989-11-01,8275.2,TRESEGBRM052N
BRA,1989-12-01,8484.9,TRESEGBRM052N
BRA,1990-01-01,7807.7109334818,TRESEGBRM052N
BRA,1990-02-01,7618.0756060626,TRESEGBRM052N
BRA,1990-03-01,6051.1455602675,TRESEGBRM052N
BRA,1990-04-01,7587.9574768485,TRESEGBRM052N
BRA,1990-05-01,8611.5548931369,TRESEGBRM052N
BRA,1990-06-01,8790.7250370684,TRESEGBRM052N
BRA,1990-07-01,9065.463868025,TRESEGBRM052N
BRA,1990-08-01,8976.1670561169,TRESEGBRM052N
BRA,1990-09-01,8456.5098872023,TRESEGBRM052N
BRA,1990-10-01,8181.7571395868,TRESEGBRM052N
BRA,1990-11-01,7064.4574968968,TRESEGBRM052N
BRA,1990-12-01,8238.526007597,TRESEGBRM052N
BRA,1991-01-01,8122.6467961778,TRESEGBRM052N
BRA,1991-02-01,8402.679612478,TRESEGBRM052N
BRA,1991-03-01,7221.1954736998,TRESEGBRM052N
BRA,1991-04-01,7653.2254994503,TRESEGBRM052N
BRA,1991-05-01,8497.9258246179,TRESEGBRM052N
BRA,1991-06-01,9112.6248442306,TRESEGBRM052N
BRA,1991-07-01,8810.2598489902,TRESEGBRM052N
BRA,1991-08-01,7990.5096530517,TRESEGBRM052N
BRA,1991-09-01,6828.9046511628,TRESEGBRM052N
BRA,1991-10-01,7105.6953620574,TRESEGBRM052N
BRA,1991-11-01,7132.1022119128,TRESEGBRM052N
BRA,1991-12-01,8675.9451401107,TRESEGBRM052N
BRA,1992-01-01,10788.793104171,TRESEGBRM052N
BRA,1992-02-01,13169.4293857711,TRESEGBRM052N
BRA,1992-03-01,15844.4993141289,TRESEGBRM052N
BRA,1992-04-01,17314.2105963893,TRESEGBRM052N
BRA,1992-05-01,19554.5549659997,TRESEGBRM052N
BRA,1992-06-01,21104.6432112547,TRESEGBRM052N
BRA,1992-07-01,22094.0880365086,TRESEGBRM052N
BRA,1992-08-01,22502.2965968237,TRESEGBRM052N
BRA,1992-09-01,21286.0759043243,TRESEGBRM052N
BRA,1992-10-01,23407.2387841467,TRESEGBRM052N
BRA,1992-11-01,23780.0031682994,TRESEGBRM052N
BRA,1992-12-01,23007.500004125,TRESEGBRM052N
BRA,1993-01-01,22576.8697091135,TRESEGBRM052N
BRA,1993-02-01,22058.4320769517,TRESEGBRM052N
BRA,1993-03-01,21418.7482912852,TRESEGBRM052N
BRA,1993-04-01,21782.7133130928,TRESEGBRM052N
BRA,1993-05-01,23225.3132347879,TRESEGBRM052N
BRA,1993-06-01,23630.2518710032,TRESEGBRM052N
BRA,1993-07-01,24927.9164875649,TRESEGBRM052N
BRA,1993-08-01,26104.1949739527,TRESEGBRM052N
BRA,1993-09-01,25929.5049293707,TRESEGBRM052N
BRA,1993-10-01,27995.4814956101,TRESEGBRM052N
BRA,1993-11-01,29974.7834114366,TRESEGBRM052N
BRA,1993-12-01,31104.5691185912,TRESEGBRM052N
BRA,1994-01-01,34262.2808732486,TRESEGBRM052N
BRA,1994-02-01,35307.6696128847,TRESEGBRM052N
BRA,1994-03-01,36990.9769283361,TRESEGBRM052N
BRA,1994-04-01,37127.7813494878,TRESEGBRM052N
BRA,1994-05-01,40200.2811211112,TRESEGBRM052N
BRA,1994-06-01,41600.1347075454,TRESEGBRM052N
BRA,1994-07-01,41781.0261335427,TRESEGBRM052N
BRA,1994-08-01,41583.8842200507,TRESEGBRM052N
BRA,1994-09-01,41952.1000539996,TRESEGBRM052N
BRA,1994-10-01,41423.5140853016,TRESEGBRM052N
BRA,1994-11-01,40512.236068024,TRESEGBRM052N
BRA,1994-12-01,37388.5369980861,TRESEGBRM052N
BRA,1995-01-01,36883.8420438168,TRESEGBRM052N
BRA,1995-02-01,36573.8154631056,TRESEGBRM052N
BRA,1995-03-01,32223.8515342038,TRESEGBRM052N
BRA,1995-04-01,30331.8264348018,TRESEGBRM052N
BRA,1995-05-01,32101.0498712482,TRESEGBRM052N
BRA,1995-06-01,31864.2425221234,TRESEGBRM052N
BRA,1995-07-01,40119.229340815,TRESEGBRM052N
BRA,1995-08-01,45901.9130757291,TRESEGBRM052N
BRA,1995-09-01,46899.9215343365,TRESEGBRM052N
BRA,1995-10-01,47836.9143366572,TRESEGBRM052N
BRA,1995-11-01,49393.0081530139,TRESEGBRM052N
BRA,1995-12-01,50073.0083808018,TRESEGBRM052N
BRA,1996-01-01,51827.9847761424,TRESEGBRM052N
BRA,1996-02-01,54053.1040870518,TRESEGBRM052N
BRA,1996-03-01,53966.006858913,TRESEGBRM052N
BRA,1996-04-01,55009.7645212136,TRESEGBRM052N
BRA,1996-05-01,57626.9030707017,TRESEGBRM052N
BRA,1996-06-01,58373.9655012651,TRESEGBRM052N
BRA,1996-07-01,57912.1649216962,TRESEGBRM052N
BRA,1996-08-01,57966.8752698485,TRESEGBRM052N
BRA,1996-09-01,57136.789045205,TRESEGBRM052N
BRA,1996-10-01,56958.8213775918,TRESEGBRM052N
BRA,1996-11-01,58653.9479591173,TRESEGBRM052N
BRA,1996-12-01,58789.943587583,TRESEGBRM052N
BRA,1997-01-01,57807.7964843429,TRESEGBRM052N
BRA,1997-02-01,58135.1691565578,TRESEGBRM052N
BRA,1997-03-01,57678.1693944433,TRESEGBRM052N
BRA,1997-04-01,54542.0707902851,TRESEGBRM052N
BRA,1997-05-01,57891.3075336432,TRESEGBRM052N
BRA,1997-06-01,56253.3289597704,TRESEGBRM052N
BRA,1997-07-01,59258.3219635266,TRESEGBRM052N
BRA,1997-08-01,62120.5004090727,TRESEGBRM052N
BRA,1997-09-01,60976.5010095742,TRESEGBRM052N
BRA,1997-10-01,52735.0422432901,TRESEGBRM052N
BRA,1997-11-01,51019.5094967867,TRESEGBRM052N
BRA,1997-12-01,51329.5047871422,TRESEGBRM052N
BRA,1998-01-01,52679.0193113098,TRESEGBRM052N
BRA,1998-02-01,57082.4052742867,TRESEGBRM052N
BRA,1998-03-01,67644.4290197137,TRESEGBRM052N
BRA,1998-04-01,73697.1909343101,TRESEGBRM052N
BRA,1998-05-01,71877.9421720244,TRESEGBRM052N
BRA,1998-06-01,70115.9577407964,TRESEGBRM052N
BRA,1998-07-01,68481.7424209187,TRESEGBRM052N
BRA,1998-08-01,66173.3707468384,TRESEGBRM052N
BRA,1998-09-01,44379.3787853647,TRESEGBRM052N
BRA,1998-10-01,40986.5999062039,TRESEGBRM052N
BRA,1998-11-01,39809.4035368111,TRESEGBRM052N
BRA,1998-12-01,43164.7527720479,TRESEGBRM052N
BRA,1999-01-01,33469.97671236,TRESEGBRM052N
BRA,1999-02-01,32779.6256042313,TRESEGBRM052N
BRA,1999-03-01,31214.9768178451,TRESEGBRM052N
BRA,1999-04-01,41759.8340686016,TRESEGBRM052N
BRA,1999-05-01,41953.1792082601,TRESEGBRM052N
BRA,1999-06-01,39070.5683531078,TRESEGBRM052N
BRA,1999-07-01,39977.4167844563,TRESEGBRM052N
BRA,1999-08-01,39725.8477253759,TRESEGBRM052N
BRA,1999-09-01,41049.6909189518,TRESEGBRM052N
BRA,1999-10-01,38679.9713170637,TRESEGBRM052N
BRA,1999-11-01,40914.9439544924,TRESEGBRM052N
BRA,1999-12-01,35279.3244434703,TRESEGBRM052N
BRA,2000-01-01,36543.2998004469,TRESEGBRM052N
BRA,2000-02-01,37300.4749061082,TRESEGBRM052N
BRA,2000-03-01,38169.9490539654,TRESEGBRM052N
BRA,2000-04-01,27666.37986362,TRESEGBRM052N
BRA,2000-05-01,27529.3656894818,TRESEGBRM052N
BRA,2000-06-01,27159.5138128798,TRESEGBRM052N
BRA,2000-07-01,28152.6721234085,TRESEGBRM052N
BRA,2000-08-01,30332.865249063,TRESEGBRM052N
BRA,2000-09-01,30381.86271181,TRESEGBRM052N
BRA,2000-10-01,29409.89069093,TRESEGBRM052N
BRA,2000-11-01,31750.773177047,TRESEGBRM052N
BRA,2000-12-01,32433.9847506899,TRESEGBRM052N
BRA,2001-01-01,35071.9894544223,TRESEGBRM052N
BRA,2001-02-01,35050.9199868426,TRESEGBRM052N
BRA,2001-03-01,34142.0956256043,TRESEGBRM052N
BRA,2001-04-01,34358.5626465439,TRESEGBRM052N
BRA,2001-05-01,35155.1803590847,TRESEGBRM052N
BRA,2001-06-01,37016.3507900523,TRESEGBRM052N
BRA,2001-07-01,35252.1138672537,TRESEGBRM052N
BRA,2001-08-01,35993.7396949751,TRESEGBRM052N
BRA,2001-09-01,39725.6024238463,TRESEGBRM052N
BRA,2001-10-01,37179.9122634379,TRESEGBRM052N
BRA,2001-11-01,36931.5353719856,TRESEGBRM052N
BRA,2001-12-01,35563.0403980627,TRESEGBRM052N
BRA,2002-01-01,35857.5244000639,TRESEGBRM052N
BRA,2002-02-01,35580.2816431961,TRESEGBRM052N
BRA,2002-03-01,36395.8286401778,TRESEGBRM052N
BRA,2002-04-01,32669.0929392083,TRESEGBRM052N
BRA,2002-05-01,32530.0744777155,TRESEGBRM052N
BRA,2002-06-01,41648.7549075577,TRESEGBRM052N
BRA,2002-07-01,38728.0999711711,TRESEGBRM052N
BRA,2002-08-01,37302.9884532676,TRESEGBRM052N
BRA,2002-09-01,38033.1407751854,TRESEGBRM052N
BRA,2002-10-01,35513.4153893426,TRESEGBRM052N
BRA,2002-11-01,35245.8400610907,TRESEGBRM052N
BRA,2002-12-01,37461.990439998,TRESEGBRM052N
BRA,2003-01-01,38380.2703415938,TRESEGBRM052N
BRA,2003-02-01,38150.8349114511,TRESEGBRM052N
BRA,2003-03-01,41974.0863930916,TRESEGBRM052N
BRA,2003-04-01,41136.3851830776,TRESEGBRM052N
BRA,2003-05-01,42982.5161344112,TRESEGBRM052N
BRA,2003-06-01,47580.4257920023,TRESEGBRM052N
BRA,2003-07-01,47262.6723554851,TRESEGBRM052N
BRA,2003-08-01,47387.1918425127,TRESEGBRM052N
BRA,2003-09-01,52259.4700691129,TRESEGBRM052N
BRA,2003-10-01,53676.4476265907,TRESEGBRM052N
BRA,2003-11-01,53996.8393651226,TRESEGBRM052N
BRA,2003-12-01,48846.5964570736,TRESEGBRM052N
BRA,2004-01-01,52830.2257788741,TRESEGBRM052N
BRA,2004-02-01,52532.1715079146,TRESEGBRM052N
BRA,2004-03-01,51154.5803595712,TRESEGBRM052N
BRA,2004-04-01,50078.4223217279,TRESEGBRM052N
BRA,2004-05-01,50114.9321421643,TRESEGBRM052N
BRA,2004-06-01,49377.239031662,TRESEGBRM052N
BRA,2004-07-01,49243.3290143852,TRESEGBRM052N
BRA,2004-08-01,49154.6718699992,TRESEGBRM052N
BRA,2004-09-01,49047.2862605381,TRESEGBRM052N
BRA,2004-10-01,48957.0943475112,TRESEGBRM052N
BRA,2004-11-01,49645.9291384951,TRESEGBRM052N
BRA,2004-12-01,52461.7848599627,TRESEGBRM052N
BRA,2005-01-01,53566.3580670493,TRESEGBRM052N
BRA,2005-02-01,58547.0885960421,TRESEGBRM052N
BRA,2005-03-01,61497.7840615226,TRESEGBRM052N
BRA,2005-04-01,61121.4407415204,TRESEGBRM052N
BRA,2005-05-01,60258.7047566236,TRESEGBRM052N
BRA,2005-06-01,59412.5363139285,TRESEGBRM052N
BRA,2005-07-01,54224.3525185297,TRESEGBRM052N
BRA,2005-08-01,54607.9037397867,TRESEGBRM052N
BRA,2005-09-01,56496.9270464224,TRESEGBRM052N
BRA,2005-10-01,59736.7836423499,TRESEGBRM052N
BRA,2005-11-01,63741.6320203396,TRESEGBRM052N
BRA,2005-12-01,53245.2097607774,TRESEGBRM052N
BRA,2006-01-01,56309.3732262336,TRESEGBRM052N
BRA,2006-02-01,56816.3268650159,TRESEGBRM052N
BRA,2006-03-01,59195.8701539372,TRESEGBRM052N
BRA,2006-04-01,55856.3886096575,TRESEGBRM052N
BRA,2006-05-01,62675.5280265676,TRESEGBRM052N
BRA,2006-06-01,62007.8316478194,TRESEGBRM052N
BRA,2006-07-01,66136.1539691791,TRESEGBRM052N
BRA,2006-08-01,70804.2957904633,TRESEGBRM052N
BRA,2006-09-01,72745.6438456585,TRESEGBRM052N
BRA,2006-10-01,77518.7088442649,TRESEGBRM052N
BRA,2006-11-01,82415.4220937738,TRESEGBRM052N
BRA,2006-12-01,85156.1834637377,TRESEGBRM052N
BRA,2007-01-01,90383.435932934,TRESEGBRM052N
BRA,2007-02-01,100352.253725369,TRESEGBRM052N
BRA,2007-03-01,108816.5228772477,TRESEGBRM052N
BRA,2007-04-01,121099.0210997773,TRESEGBRM052N
BRA,2007-05-01,135701.4486920686,TRESEGBRM052N
BRA,2007-06-01,146398.3255498604,TRESEGBRM052N
BRA,2007-07-01,155190.6182181846,TRESEGBRM052N
BRA,2007-08-01,160370.5677886779,TRESEGBRM052N
BRA,2007-09-01,162159.54952645,TRESEGBRM052N
BRA,2007-10-01,167013.7755756796,TRESEGBRM052N
BRA,2007-11-01,176213.1580888633,TRESEGBRM052N
BRA,2007-12-01,179432.8658556243,TRESEGBRM052N
BRA,2008-01-01,186506.5096514349,TRESEGBRM052N
BRA,2008-02-01,191852.1566416216,TRESEGBRM052N
BRA,2008-03-01,194222.8336732171,TRESEGBRM052N
BRA,2008-04-01,194825.5703195739,TRESEGBRM052N
BRA,2008-05-01,196949.0016497108,TRESEGBRM052N
BRA,2008-06-01,199821.6100718638,TRESEGBRM052N
BRA,2008-07-01,202569.2981894502,TRESEGBRM052N
BRA,2008-08-01,204216.4728708947,TRESEGBRM052N
BRA,2008-09-01,205538.6200948006,TRESEGBRM052N
BRA,2008-10-01,196439.6347485875,TRESEGBRM052N
BRA,2008-11-01,193788.3851061736,TRESEGBRM052N
BRA,2008-12-01,192843.6336084464,TRESEGBRM052N
BRA,2009-01-01,187108.1816037691,TRESEGBRM052N
BRA,2009-02-01,185851.8423097852,TRESEGBRM052N
BRA,2009-03-01,189397.5933149707,TRESEGBRM052N
BRA,2009-04-01,189591.604697846,TRESEGBRM052N
BRA,2009-05-01,194210.0141134583,TRESEGBRM052N
BRA,2009-06-01,200457.7373755839,TRESEGBRM052N
BRA,2009-07-01,206348.5688865916,TRESEGBRM052N
BRA,2009-08-01,214711.6689120006,TRESEGBRM052N
BRA,2009-09-01,220552.8370572247,TRESEGBRM052N
BRA,2009-10-01,229998.9400970238,TRESEGBRM052N
BRA,2009-11-01,235389.8788216204,TRESEGBRM052N
BRA,2009-12-01,237364.4647894934,TRESEGBRM052N
BRA,2010-01-01,239318.2766982469,TRESEGBRM052N
BRA,2010-02-01,239884.9688935033,TRESEGBRM052N
BRA,2010-03-01,242560.9939573275,TRESEGBRM052N
BRA,2010-04-01,246017.6552576724,TRESEGBRM052N
BRA,2010-05-01,248541.2940518156,TRESEGBRM052N
BRA,2010-06-01,251769.4510392562,TRESEGBRM052N
BRA,2010-07-01,256035.8713682258,TRESEGBRM052N
BRA,2010-08-01,259973.4544924736,TRESEGBRM052N
BRA,2010-09-01,273793.3620759445,TRESEGBRM052N
BRA,2010-10-01,283475.095655055,TRESEGBRM052N
BRA,2010-11-01,283966.234457841,TRESEGBRM052N
BRA,2010-12-01,287056.0372535401,TRESEGBRM052N
BRA,2011-01-01,296262.6629175339,TRESEGBRM052N
BRA,2011-02-01,305991.7792311794,TRESEGBRM052N
BRA,2011-03-01,315590.8098661,TRESEGBRM052N
BRA,2011-04-01,326402.6279162791,TRESEGBRM052N
BRA,2011-05-01,331356.7307783669,TRESEGBRM052N
BRA,2011-06-01,334143.7257476391,TRESEGBRM052N
BRA,2011-07-01,344376.9727527992,TRESEGBRM052N
BRA,2011-08-01,351435.589105773,TRESEGBRM052N
BRA,2011-09-01,347954.5027810957,TRESEGBRM052N
BRA,2011-10-01,351062.7067899494,TRESEGBRM052N
BRA,2011-11-01,350184.9486301463,TRESEGBRM052N
BRA,2011-12-01,350356.0387647951,TRESEGBRM052N
BRA,2012-01-01,353188.5980495612,TRESEGBRM052N
BRA,2012-02-01,354416.9410898262,TRESEGBRM052N
BRA,2012-03-01,363417.8438124431,TRESEGBRM052N
BRA,2012-04-01,372485.8369356165,TRESEGBRM052N
BRA,2012-05-01,370725.2402138545,TRESEGBRM052N
BRA,2012-06-01,372182.3356580726,TRESEGBRM052N
BRA,2012-07-01,374399.4710740094,TRESEGBRM052N
BRA,2012-08-01,375439.7633926906,TRESEGBRM052N
BRA,2012-09-01,376706.4990357851,TRESEGBRM052N
BRA,2012-10-01,374848.897345296,TRESEGBRM052N
BRA,2012-11-01,374830.4788839101,TRESEGBRM052N
BRA,2012-12-01,369565.9723926358,TRESEGBRM052N
BRA,2013-01-01,369819.0821364318,TRESEGBRM052N
BRA,2013-02-01,370309.6662520412,TRESEGBRM052N
BRA,2013-03-01,373486.4446728946,TRESEGBRM052N
BRA,2013-04-01,375490.1040653284,TRESEGBRM052N
BRA,2013-05-01,371403.473227219,TRESEGBRM052N
BRA,2013-06-01,366764.4398118071,TRESEGBRM052N
BRA,2013-07-01,369136.3694900888,TRESEGBRM052N
BRA,2013-08-01,363979.3410776224,TRESEGBRM052N
BRA,2013-09-01,365777.6706188218,TRESEGBRM052N
BRA,2013-10-01,361643.2510510448,TRESEGBRM052N
BRA,2013-11-01,359703.9171293042,TRESEGBRM052N
BRA,2013-12-01,356214.1486129279,TRESEGBRM052N
BRA,2014-01-01,358231.2124767022,TRESEGBRM052N
BRA,2014-02-01,359825.6851047083,TRESEGBRM052N
BRA,2014-03-01,361129.6947028196,TRESEGBRM052N
BRA,2014-04-01,363922.7948778622,TRESEGBRM052N
BRA,2014-05-01,366067.1984649633,TRESEGBRM052N
BRA,2014-06-01,370666.0077585228,TRESEGBRM052N
BRA,2014-07-01,374011.2685712011,TRESEGBRM052N
BRA,2014-08-01,376374.9963360823,TRESEGBRM052N
BRA,2014-09-01,372904.8891091904,TRESEGBRM052N
BRA,2014-10-01,373318.1563179158,TRESEGBRM052N
BRA,2014-11-01,372869.9357242777,TRESEGBRM052N
BRA,2014-12-01,360964.7115417409,TRESEGBRM052N
BRA,2015-01-01,359044.9427721982,TRESEGBRM052N
BRA,2015-02-01,359916.5012452289,TRESEGBRM052N
BRA,2015-03-01,360179.5064819509,TRESEGBRM052N
BRA,2015-04-01,361922.9003725453,TRESEGBRM052N
BRA,2015-05-01,364075.7555133492,TRESEGBRM052N
BRA,2015-06-01,366124.8225496484,TRESEGBRM052N
BRA,2015-07-01,365885.9653127651,TRESEGBRM052N
BRA,2015-08-01,365707.8418330977,TRESEGBRM052N
BRA,2015-09-01,358962.3494373499,TRESEGBRM052N
BRA,2015-10-01,358765.0017841941,TRESEGBRM052N
BRA,2015-11-01,354723.5604841038,TRESEGBRM052N
BRA,2015-12-01,354174.8929182883,TRESEGBRM052N
BRA,2016-01-01,355104.6581247074,TRESEGBRM052N
BRA,2016-02-01,356707.3332475994,TRESEGBRM052N
BRA,2016-03-01,355029.8237915575,TRESEGBRM052N
BRA,2016-04-01,359411.2898053512,TRESEGBRM052N
BRA,2016-05-01,360823.0628645252,TRESEGBRM052N
BRA,2016-06-01,361299.9505337141,TRESEGBRM052N
BRA,2016-07-01,366423.968790466,TRESEGBRM052N
BRA,2016-08-01,366715.2363869771,TRESEGBRM052N
BRA,2016-09-01,367565.4650572308,TRESEGBRM052N
BRA,2016-10-01,364775.491017272,TRESEGBRM052N
BRA,2016-11-01,363012.3832921637,TRESEGBRM052N
BRA,2016-12-01,362504.9536204391,TRESEGBRM052N
BRA,2017-01-01,365080.0670141734,TRESEGBRM052N
BRA,2017-02-01,366258.6221825378,TRESEGBRM052N
BRA,2017-03-01,367412.2350924304,TRESEGBRM052N
BRA,2017-04-01,372199.6112335742,TRESEGBRM052N
BRA,2017-05-01,373748.0183392972,TRESEGBRM052N
BRA,2017-06-01,374481.6855658618,TRESEGBRM052N
BRA,2017-07-01,378277.4767927489,TRESEGBRM052N
BRA,2017-08-01,378989.9824261564,TRESEGBRM052N
BRA,2017-09-01,378461.9333858114,TRESEGBRM052N
BRA,2017-10-01,377596.9038262515,TRESEGBRM052N
BRA,2017-11-01,378283.2556966277,TRESEGBRM052N
BRA,2017-12-01,371150.6192061925,TRESEGBRM052N
BRA,2018-01-01,372782.4276347181,TRESEGBRM052N
BRA,2018-02-01,374178.5084431732,TRESEGBRM052N
BRA,2018-03-01,376708.7571283374,TRESEGBRM052N
BRA,2018-04-01,377122.8287867099,TRESEGBRM052N
BRA,2018-05-01,379737.5018197432,TRESEGBRM052N
BRA,2018-06-01,376783.1136377709,TRESEGBRM052N
BRA,2018-07-01,376784.2742887153,TRESEGBRM052N
BRA,2018-08-01,378792.107744547,TRESEGBRM052N
BRA,2018-09-01,378148.6168919757,TRESEGBRM052N
BRA,2018-10-01,377644.404223987,TRESEGBRM052N
BRA,2018-11-01,377089.7453626442,TRESEGBRM052N
BRA,2018-12-01,371933.9018184237,TRESEGBRM052N
BRA,2019-01-01,374117.1018256866,TRESEGBRM052N
BRA,2019-02-01,375599.5483400255,TRESEGBRM052N
BRA,2019-03-01,381359.2356786252,TRESEGBRM052N
BRA,2019-04-01,381019.7215089436,TRESEGBRM052N
BRA,2019-05-01,383343.2605526,TRESEGBRM052N
BRA,2019-06-01,385035.6305185426,TRESEGBRM052N
BRA,2019-07-01,382636.988265368,TRESEGBRM052N
BRA,2019-08-01,383171.2981415803,TRESEGBRM052N
BRA,2019-09-01,373250.6398262496,TRESEGBRM052N
BRA,2019-10-01,366565.2122204111,TRESEGBRM052N
BRA,2019-11-01,363210.433601,TRESEGBRM052N
BRA,2019-12-01,353587.9043374988,TRESEGBRM052N
BRA,2020-01-01,355954.6283468956,TRESEGBRM052N
BRA,2020-02-01,359034.0228714792,TRESEGBRM052N
BRA,2020-03-01,339690.5504358721,TRESEGBRM052N
BRA,2020-04-01,335653.3488725881,TRESEGBRM052N
BRA,2020-05-01,341948.9313312144,TRESEGBRM052N
BRA,2020-06-01,344919.6750868684,TRESEGBRM052N
BRA,2020-07-01,350392.6537202818,TRESEGBRM052N
BRA,2020-08-01,351822.1673717817,TRESEGBRM052N
BRA,2020-09-01,352500.5668185916,TRESEGBRM052N
BRA,2020-10-01,350475.4961084035,TRESEGBRM052N
BRA,2020-11-01,352166.9987443676,TRESEGBRM052N
BRA,2020-12-01,351518.5453520038,TRESEGBRM052N
BRA,2021-01-01,351392.6232079734,TRESEGBRM052N
BRA,2021-02-01,352322.8462875713,TRESEGBRM052N
BRA,2021-03-01,343713.7377246893,TRESEGBRM052N
BRA,2021-04-01,347167.9184971748,TRESEGBRM052N
BRA,2021-05-01,348598.3871020004,TRESEGBRM052N
BRA,2021-06-01,345613.167260121,TRESEGBRM052N
BRA,2021-07-01,348075.3734866196,TRESEGBRM052N
BRA,2021-08-01,362858.8875067248,TRESEGBRM052N
BRA,2021-09-01,361560.2743062549,TRESEGBRM052N
BRA,2021-10-01,360510.5760463375,TRESEGBRM052N
BRA,2021-11-01,360334.7744282775,TRESEGBRM052N
BRA,2021-12-01,354623.0619246613,TRESEGBRM052N
BRA,2022-01-01,350909.1609141938,TRESEGBRM052N
BRA,2022-02-01,349879.0108811167,TRESEGBRM052N
BRA,2022-03-01,345066.4968789622,TRESEGBRM052N
BRA,2022-04-01,337141.2406995646,TRESEGBRM052N
BRA,2022-05-01,338732.320910865,TRESEGBRM052N
BRA,2022-06-01,334400.7197539423,TRESEGBRM052N
BRA,2022-07-01,339041.972179048,TRESEGBRM052N
BRA,2022-08-01,332500.0132557579,TRESEGBRM052N
BRA,2022-09-01,320616.2842712296,TRESEGBRM052N
BRA,2022-10-01,318715.2069987396,TRESEGBRM052N
BRA,2022-11-01,324207.0817631624,TRESEGBRM052N
BRA,2022-12-01,317118.7381034217,TRESEGBRM052N
BRA,2023-01-01,323085.4769259742,TRESEGBRM052N
BRA,2023-02-01,320494.9229218591,TRESEGBRM052N
BRA,2023-03-01,332907.3817364098,TRESEGBRM052N
BRA,2023-04-01,337421.9522258987,TRESEGBRM052N
BRA,2023-05-01,335282.7854815702,TRESEGBRM052N
BRA,2023-06-01,335621.08683089,TRESEGBRM052N
BRA,2023-07-01,337262.2758256839,TRESEGBRM052N
BRA,2023-08-01,336086.2404276194,TRESEGBRM052N
BRA,2023-09-01,332595.2274819447,TRESEGBRM052N
BRA,2023-10-01,331937.0100669299,TRESEGBRM052N
BRA,2023-11-01,339911.4243365212,TRESEGBRM052N
BRA,2023-12-01,346424.3599994937,TRESEGBRM052N
BRA,2024-01-01,346509.2697477751,TRESEGBRM052N
BRA,2024-02-01,344171.9156127546,TRESEGBRM052N
BRA,2024-03-01,345780.2873040053,TRESEGBRM052N
BRA,2024-04-01,342027.9500908209,TRESEGBRM052N
BRA,2024-05-01,345846.3333311685,TRESEGBRM052N
BRA,2024-06-01,348121.4483465432,TRESEGBRM052N
BRA,2024-07-01,353181.3326821441,TRESEGBRM052N
BRA,2024-08-01,358784.5836908885,TRESEGBRM052N
BRA,2024-09-01,361036.877886551,TRESEGBRM052N
BRA,2024-10-01,354674.1503416958,TRESEGBRM052N
BRA,2024-11-01,351918.3454912557,TRESEGBRM052N
BRA,2024-12-01,318856.5103319018,TRESEGBRM052N
BRA,2025-01-01,316592.6002073827,TRESEGBRM052N
BRA,2025-02-01,320621.4203500519,TRESEGBRM052N
BRA,2025-03-01,323167.0359152577,TRESEGBRM052N
BRA,2025-04-01,326997.393550041,TRESEGBRM052N
BRA,2025-05-01,327746.5871188131,TRESEGBRM052N
BRA,2025-06-01,330727.803710488,TRESEGBRM052N
BRA,2025-07-01,331375.4020261782,TRESEGBRM052N
BRA,2025-08-01,336407.0901812325,TRESEGBRM052N
BRA,2025-09-01,338657.8394111785,TRESEGBRM052N
BRA,2025-10-01,336315.4888925369,TRESEGBRM052N
BRA,2025-11-01,337322.5418216599,TRESEGBRM052N
BRA,2025-12-01,334296.8281211384,TRESEGBRM052N
BRA,2026-01-01,336523.7168096272,TRESEGBRM052N
BRA,2026-02-01,342024.3027220042,TRESEGBRM052N
BRA,2026-03-01,336420.2501603699,TRESEGBRM052N
BRA,2026-04-01,341327.9449955951,TRESEGBRM052N
BRA,2026-05-01,345811.3257917302,TRESEGBRM052N
BRA,2026-06-01,345222.6493789863,TRESEGBRM052N
IDN,1950-12-01,147.0,TRESEGIDM052N
IDN,1951-12-01,231.0,TRESEGIDM052N
IDN,1952-12-01,79.0,TRESEGIDM052N
IDN,1953-12-01,65.0,TRESEGIDM052N
IDN,1954-12-01,163.5,TRESEGIDM052N
IDN,1955-12-01,226.5,TRESEGIDM052N
IDN,1956-12-01,210.0,TRESEGIDM052N
IDN,1957-12-01,185.0,TRESEGIDM052N
IDN,1958-12-01,180.0,TRESEGIDM052N
IDN,1959-12-01,267.0,TRESEGIDM052N
IDN,1960-12-01,293.75,TRESEGIDM052N
IDN,1961-12-01,89.0,TRESEGIDM052N
IDN,1962-12-01,63.0,TRESEGIDM052N
IDN,1963-12-01,21.0,TRESEGIDM052N
IDN,1964-12-01,21.0,TRESEGIDM052N
IDN,1965-03-01,15.0,TRESEGIDM052N
IDN,1965-06-01,20.0,TRESEGIDM052N
IDN,1965-09-01,22.0,TRESEGIDM052N
IDN,1965-12-01,17.0,TRESEGIDM052N
IDN,1966-03-01,13.0,TRESEGIDM052N
IDN,1966-06-01,13.0,TRESEGIDM052N
IDN,1966-09-01,27.0,TRESEGIDM052N
IDN,1966-12-01,19.0,TRESEGIDM052N
IDN,1967-03-01,13.0,TRESEGIDM052N
IDN,1967-06-01,16.0,TRESEGIDM052N
IDN,1967-09-01,15.0,TRESEGIDM052N
IDN,1967-12-01,2.0,TRESEGIDM052N
IDN,1968-03-01,7.0,TRESEGIDM052N
IDN,1968-06-01,3.0,TRESEGIDM052N
IDN,1968-09-01,1.0,TRESEGIDM052N
IDN,1968-12-01,82.5,TRESEGIDM052N
IDN,1969-12-01,117.7,TRESEGIDM052N
IDN,1970-12-01,156.02,TRESEGIDM052N
IDN,1971-01-01,159.54,TRESEGIDM052N
IDN,1971-02-01,151.84,TRESEGIDM052N
IDN,1971-03-01,180.94,TRESEGIDM052N
IDN,1971-04-01,149.79,TRESEGIDM052N
IDN,1971-05-01,127.19,TRESEGIDM052N
IDN,1971-06-01,102.43,TRESEGIDM052N
IDN,1971-07-01,177.73,TRESEGIDM052N
IDN,1971-08-01,167.93,TRESEGIDM052N
IDN,1971-09-01,166.73,TRESEGIDM052N
IDN,1971-10-01,180.23,TRESEGIDM052N
IDN,1971-11-01,185.23,TRESEGIDM052N
IDN,1971-12-01,142.6325715217,TRESEGIDM052N
IDN,1972-01-01,228.6549427609,TRESEGIDM052N
IDN,1972-02-01,208.6549427609,TRESEGIDM052N
IDN,1972-03-01,264.3018240469,TRESEGIDM052N
IDN,1972-04-01,297.8921068752,TRESEGIDM052N
IDN,1972-05-01,291.8658216574,TRESEGIDM052N
IDN,1972-06-01,361.1926823069,TRESEGIDM052N
IDN,1972-07-01,389.1926823069,TRESEGIDM052N
IDN,1972-08-01,368.8789642663,TRESEGIDM052N
IDN,1972-09-01,470.5789642663,TRESEGIDM052N
IDN,1972-10-01,523.9686825242,TRESEGIDM052N
IDN,1972-11-01,548.2549644835,TRESEGIDM052N
IDN,1972-12-01,572.2012540458,TRESEGIDM052N
IDN,1973-01-01,606.1012540458,TRESEGIDM052N
IDN,1973-02-01,607.2233548986,TRESEGIDM052N
IDN,1973-03-01,680.3757404449,TRESEGIDM052N
IDN,1973-04-01,647.3668496802,TRESEGIDM052N
IDN,1973-05-01,637.2398697642,TRESEGIDM052N
IDN,1973-06-01,770.4512938566,TRESEGIDM052N
IDN,1973-07-01,854.5512938566,TRESEGIDM052N
IDN,1973-08-01,815.3811388398,TRESEGIDM052N
IDN,1973-09-01,914.0236745793,TRESEGIDM052N
IDN,1973-10-01,873.2306593188,TRESEGIDM052N
IDN,1973-11-01,789.7827251844,TRESEGIDM052N
IDN,1973-12-01,804.7347548733,TRESEGIDM052N
IDN,1974-01-01,865.9506183187,TRESEGIDM052N
IDN,1974-02-01,847.7420472346,TRESEGIDM052N
IDN,1974-03-01,930.1146752848,TRESEGIDM052N
IDN,1974-04-01,1278.061662436,TRESEGIDM052N
IDN,1974-05-01,1260.7375355285,TRESEGIDM052N
IDN,1974-06-01,1383.7565716629,TRESEGIDM052N
IDN,1974-07-01,1824.6324608793,TRESEGIDM052N
IDN,1974-08-01,1680.8687777131,TRESEGIDM052N
IDN,1974-09-01,1586.5916498548,TRESEGIDM052N
IDN,1974-10-01,2023.9808027065,TRESEGIDM052N
IDN,1974-11-01,1732.0754080478,TRESEGIDM052N
IDN,1974-12-01,1489.5004506871,TRESEGIDM052N
IDN,1975-01-01,1621.9162346827,TRESEGIDM052N
IDN,1975-02-01,1392.7990460893,TRESEGIDM052N
IDN,1975-03-01,938.3839302364,TRESEGIDM052N
IDN,1975-04-01,906.9798690948,TRESEGIDM052N
IDN,1975-05-01,551.1103388331,TRESEGIDM052N
IDN,1975-06-01,651.7851706482,TRESEGIDM052N
IDN,1975-07-01,727.0910249183,TRESEGIDM052N
IDN,1975-08-01,566.9474469552,TRESEGIDM052N
IDN,1975-09-01,435.2930912522,TRESEGIDM052N
IDN,1975-10-01,779.3296740393,TRESEGIDM052N
IDN,1975-11-01,558.5359454862,TRESEGIDM052N
IDN,1975-12-01,584.3336821983,TRESEGIDM052N
IDN,1976-01-01,1036.7215189073,TRESEGIDM052N
IDN,1976-02-01,863.9214321698,TRESEGIDM052N
IDN,1976-03-01,757.7426533081,TRESEGIDM052N
IDN,1976-04-01,1184.1877105824,TRESEGIDM052N
IDN,1976-05-01,1101.3377738738,TRESEGIDM052N
IDN,1976-06-01,951.0531351411,TRESEGIDM052N
IDN,1976-07-01,1418.756550717,TRESEGIDM052N
IDN,1976-08-01,1300.2721443585,TRESEGIDM052N
IDN,1976-09-01,1199.8977691436,TRESEGIDM052N
IDN,1976-10-01,1723.3881134439,TRESEGIDM052N
IDN,1976-11-01,1712.8682764225,TRESEGIDM052N
IDN,1976-12-01,1496.5170359409,TRESEGIDM052N
IDN,1977-01-01,1784.1784434435,TRESEGIDM052N
IDN,1977-02-01,1781.9717192402,TRESEGIDM052N
IDN,1977-03-01,1787.5215709165,TRESEGIDM052N
IDN,1977-04-01,2272.4036261125,TRESEGIDM052N
IDN,1977-05-01,2191.3954464855,TRESEGIDM052N
IDN,1977-06-01,2066.0304980492,TRESEGIDM052N
IDN,1977-07-01,2460.654682946,TRESEGIDM052N
IDN,1977-08-01,2444.6646938967,TRESEGIDM052N
IDN,1977-09-01,2407.3010589286,TRESEGIDM052N
IDN,1977-10-01,2857.5121186847,TRESEGIDM052N
IDN,1977-11-01,2817.5023479927,TRESEGIDM052N
IDN,1977-12-01,2508.7354260106,TRESEGIDM052N
IDN,1978-01-01,2676.5724896823,TRESEGIDM052N
IDN,1978-02-01,2456.5111631767,TRESEGIDM052N
IDN,1978-03-01,2302.3922066139,TRESEGIDM052N
IDN,1978-04-01,2503.4715057723,TRESEGIDM052N
IDN,1978-05-01,2270.0772181451,TRESEGIDM052N
IDN,1978-06-01,2162.9926472813,TRESEGIDM052N
IDN,1978-07-01,2633.59142053,TRESEGIDM052N
IDN,1978-08-01,2478.5343882738,TRESEGIDM052N
IDN,1978-09-01,2374.6626955613,TRESEGIDM052N
IDN,1978-10-01,2862.6644004847,TRESEGIDM052N
IDN,1978-11-01,2715.1538307993,TRESEGIDM052N
IDN,1978-12-01,2626.1166968457,TRESEGIDM052N
IDN,1979-01-01,2996.3863618944,TRESEGIDM052N
IDN,1979-02-01,2939.2702852088,TRESEGIDM052N
IDN,1979-03-01,2939.6412299881,TRESEGIDM052N
IDN,1979-04-01,3156.2942553912,TRESEGIDM052N
IDN,1979-05-01,3257.3531694339,TRESEGIDM052N
IDN,1979-06-01,3194.835763479,TRESEGIDM052N
IDN,1979-07-01,3445.9235083126,TRESEGIDM052N
IDN,1979-08-01,3354.5859115151,TRESEGIDM052N
IDN,1979-09-01,3290.4786528127,TRESEGIDM052N
IDN,1979-10-01,3785.367631313,TRESEGIDM052N
IDN,1979-11-01,3980.9583391305,TRESEGIDM052N
IDN,1979-12-01,4061.8208247385,TRESEGIDM052N
IDN,1980-01-01,4712.2840589677,TRESEGIDM052N
IDN,1980-02-01,4570.3577579494,TRESEGIDM052N
IDN,1980-03-01,4182.5563739748,TRESEGIDM052N
IDN,1980-04-01,4824.6344731696,TRESEGIDM052N
IDN,1980-05-01,5013.7903201735,TRESEGIDM052N
IDN,1980-06-01,5407.7503481416,TRESEGIDM052N
IDN,1980-07-01,6019.2758598425,TRESEGIDM052N
IDN,1980-08-01,5835.5103373356,TRESEGIDM052N
IDN,1980-09-01,5626.5524508222,TRESEGIDM052N
IDN,1980-10-01,6101.1042021465,TRESEGIDM052N
IDN,1980-11-01,5605.3009707811,TRESEGIDM052N
IDN,1980-12-01,5391.6964293294,TRESEGIDM052N
IDN,1981-01-01,5993.4772944848,TRESEGIDM052N
IDN,1981-02-01,5525.3560160431,TRESEGIDM052N
IDN,1981-03-01,6145.4420600544,TRESEGIDM052N
IDN,1981-04-01,6603.2862600293,TRESEGIDM052N
IDN,1981-05-01,6163.9865461358,TRESEGIDM052N
IDN,1981-06-01,5835.3263573959,TRESEGIDM052N
IDN,1981-07-01,6421.0508859656,TRESEGIDM052N
IDN,1981-08-01,5917.0760641422,TRESEGIDM052N
IDN,1981-09-01,5560.3143629467,TRESEGIDM052N
IDN,1981-10-01,6224.8464572436,TRESEGIDM052N
IDN,1981-11-01,5784.1286803038,TRESEGIDM052N
IDN,1981-12-01,5014.1697144737,TRESEGIDM052N
IDN,1982-01-01,5430.2455469308,TRESEGIDM052N
IDN,1982-02-01,5353.025355519,TRESEGIDM052N
IDN,1982-03-01,5234.8767592311,TRESEGIDM052N
IDN,1982-04-01,4750.9040538372,TRESEGIDM052N
IDN,1982-05-01,4483.2525185722,TRESEGIDM052N
IDN,1982-06-01,3712.6728037988,TRESEGIDM052N
IDN,1982-07-01,3859.0076713761,TRESEGIDM052N
IDN,1982-08-01,3348.6802968995,TRESEGIDM052N
IDN,1982-09-01,3279.0030588674,TRESEGIDM052N
IDN,1982-10-01,3312.5519994185,TRESEGIDM052N
IDN,1982-11-01,3166.0518417267,TRESEGIDM052N
IDN,1982-12-01,3144.4625975443,TRESEGIDM052N
IDN,1983-01-01,3059.5860407682,TRESEGIDM052N
IDN,1983-02-01,2765.2224271688,TRESEGIDM052N
IDN,1983-03-01,1831.3826156203,TRESEGIDM052N
IDN,1983-04-01,2179.9420539128,TRESEGIDM052N
IDN,1983-05-01,2552.5740385748,TRESEGIDM052N
IDN,1983-06-01,2703.0496058401,TRESEGIDM052N
IDN,1983-07-01,3153.1250185063,TRESEGIDM052N
IDN,1983-08-01,3428.8420766912,TRESEGIDM052N
IDN,1983-09-01,3506.1346093051,TRESEGIDM052N
IDN,1983-10-01,3615.7730223472,TRESEGIDM052N
IDN,1983-11-01,3644.9867354486,TRESEGIDM052N
IDN,1983-12-01,3718.3932105741,TRESEGIDM052N
IDN,1984-01-01,3745.0740184766,TRESEGIDM052N
IDN,1984-02-01,3986.4594691681,TRESEGIDM052N
IDN,1984-03-01,4065.9547458971,TRESEGIDM052N
IDN,1984-04-01,4121.1743456292,TRESEGIDM052N
IDN,1984-05-01,4172.5864879728,TRESEGIDM052N
IDN,1984-06-01,4300.8446278861,TRESEGIDM052N
IDN,1984-07-01,4534.3410092719,TRESEGIDM052N
IDN,1984-08-01,4566.6023138547,TRESEGIDM052N
IDN,1984-09-01,4749.9171828172,TRESEGIDM052N
IDN,1984-10-01,4747.7155134318,TRESEGIDM052N
IDN,1984-11-01,4722.1727000208,TRESEGIDM052N
IDN,1984-12-01,4773.0062881145,TRESEGIDM052N
IDN,1985-01-01,4767.1158778054,TRESEGIDM052N
IDN,1985-02-01,4717.2182289168,TRESEGIDM052N
IDN,1985-03-01,5049.4482950864,TRESEGIDM052N
IDN,1985-04-01,5077.099582718,TRESEGIDM052N
IDN,1985-05-01,5099.1060967133,TRESEGIDM052N
IDN,1985-06-01,4934.9215269736,TRESEGIDM052N
IDN,1985-07-01,5059.6999585054,TRESEGIDM052N
IDN,1985-08-01,5057.9246666114,TRESEGIDM052N
IDN,1985-09-01,5093.7886919581,TRESEGIDM052N
IDN,1985-10-01,5214.7567546135,TRESEGIDM052N
IDN,1985-11-01,5328.0143819144,TRESEGIDM052N
IDN,1985-12-01,4974.2413884007,TRESEGIDM052N
IDN,1986-01-01,5063.6156916342,TRESEGIDM052N
IDN,1986-02-01,5259.0296381058,TRESEGIDM052N
IDN,1986-03-01,4860.6397152061,TRESEGIDM052N
IDN,1986-04-01,5040.9744511213,TRESEGIDM052N
IDN,1986-05-01,4887.344527767,TRESEGIDM052N
IDN,1986-06-01,4858.8083889733,TRESEGIDM052N
IDN,1986-07-01,4993.4188907359,TRESEGIDM052N
IDN,1986-08-01,4991.4641241642,TRESEGIDM052N
IDN,1986-09-01,4639.892903946,TRESEGIDM052N
IDN,1986-10-01,4529.5911573102,TRESEGIDM052N
IDN,1986-11-01,4593.4763168087,TRESEGIDM052N
IDN,1986-12-01,4051.2685479432,TRESEGIDM052N
IDN,1987-01-01,3565.8614526556,TRESEGIDM052N
IDN,1987-02-01,3888.2792217643,TRESEGIDM052N
IDN,1987-03-01,4005.3138590695,TRESEGIDM052N
IDN,1987-04-01,4491.0130705123,TRESEGIDM052N
IDN,1987-05-01,4111.2358636217,TRESEGIDM052N
IDN,1987-06-01,4146.6700074125,TRESEGIDM052N
IDN,1987-07-01,5428.1069557614,TRESEGIDM052N
IDN,1987-08-01,5019.8338592045,TRESEGIDM052N
IDN,1987-09-01,4975.0466786953,TRESEGIDM052N
IDN,1987-10-01,5060.0956602153,TRESEGIDM052N
IDN,1987-11-01,5420.780073086,TRESEGIDM052N
IDN,1987-12-01,5592.3247967768,TRESEGIDM052N
IDN,1988-01-01,5085.1908176651,TRESEGIDM052N
IDN,1988-02-01,5158.4797890439,TRESEGIDM052N
IDN,1988-03-01,5410.2993368755,TRESEGIDM052N
IDN,1988-04-01,5259.5467229566,TRESEGIDM052N
IDN,1988-05-01,5246.1966561574,TRESEGIDM052N
IDN,1988-06-01,5304.1154652687,TRESEGIDM052N
IDN,1988-07-01,4868.3863143702,TRESEGIDM052N
IDN,1988-08-01,4955.7212124335,TRESEGIDM052N
IDN,1988-09-01,4955.8889232993,TRESEGIDM052N
IDN,1988-10-01,4730.060101751,TRESEGIDM052N
IDN,1988-11-01,5056.1573981718,TRESEGIDM052N
IDN,1988-12-01,5048.3197669255,TRESEGIDM052N
IDN,1989-01-01,4710.4748669411,TRESEGIDM052N
IDN,1989-02-01,4608.8900729464,TRESEGIDM052N
IDN,1989-03-01,4850.675244645,TRESEGIDM052N
IDN,1989-04-01,5222.3399955948,TRESEGIDM052N
IDN,1989-05-01,4905.5562865315,TRESEGIDM052N
IDN,1989-06-01,4376.7591883538,TRESEGIDM052N
IDN,1989-07-01,4703.4951075061,TRESEGIDM052N
IDN,1989-08-01,4371.0697493238,TRESEGIDM052N
IDN,1989-09-01,4379.5143593944,TRESEGIDM052N
IDN,1989-10-01,4602.836366889,TRESEGIDM052N
IDN,1989-11-01,4504.4962733559,TRESEGIDM052N
IDN,1989-12-01,5453.5311010067,TRESEGIDM052N
IDN,1990-01-01,5160.1021076911,TRESEGIDM052N
IDN,1990-02-01,4948.5099090083,TRESEGIDM052N
IDN,1990-03-01,5239.3264562791,TRESEGIDM052N
IDN,1990-04-01,4640.7226057283,TRESEGIDM052N
IDN,1990-05-01,4006.2836917304,TRESEGIDM052N
IDN,1990-06-01,4693.0050624868,TRESEGIDM052N
IDN,1990-07-01,5391.6644279354,TRESEGIDM052N
IDN,1990-08-01,5680.9822557621,TRESEGIDM052N
IDN,1990-09-01,5424.2841804763,TRESEGIDM052N
IDN,1990-10-01,5735.9125622389,TRESEGIDM052N
IDN,1990-11-01,6065.8643838548,TRESEGIDM052N
IDN,1990-12-01,7459.0578552019,TRESEGIDM052N
IDN,1991-01-01,7332.0798989928,TRESEGIDM052N
IDN,1991-02-01,8493.2633501904,TRESEGIDM052N
IDN,1991-03-01,8069.2789773416,TRESEGIDM052N
IDN,1991-04-01,8090.2265908664,TRESEGIDM052N
IDN,1991-05-01,8412.777071601,TRESEGIDM052N
IDN,1991-06-01,8673.3234639956,TRESEGIDM052N
IDN,1991-07-01,8538.770521064,TRESEGIDM052N
IDN,1991-08-01,8467.3821378434,TRESEGIDM052N
IDN,1991-09-01,8478.8190150479,TRESEGIDM052N
IDN,1991-10-01,8566.9565353448,TRESEGIDM052N
IDN,1991-11-01,9284.8125507414,TRESEGIDM052N
IDN,1991-12-01,9257.9394112346,TRESEGIDM052N
IDN,1992-01-01,9495.6445678754,TRESEGIDM052N
IDN,1992-02-01,9249.7387980557,TRESEGIDM052N
IDN,1992-03-01,9619.7620027435,TRESEGIDM052N
IDN,1992-04-01,10087.9240637756,TRESEGIDM052N
IDN,1992-05-01,10630.5206487287,TRESEGIDM052N
IDN,1992-06-01,10714.3069755127,TRESEGIDM052N
IDN,1992-07-01,11025.4265784761,TRESEGIDM052N
IDN,1992-08-01,11212.5538161543,TRESEGIDM052N
IDN,1992-09-01,10724.1235772358,TRESEGIDM052N
IDN,1992-10-01,10413.0073628861,TRESEGIDM052N
IDN,1992-11-01,10744.3802135734,TRESEGIDM052N
IDN,1992-12-01,10448.6110027913,TRESEGIDM052N
IDN,1993-01-01,10876.5124714987,TRESEGIDM052N
IDN,1993-02-01,10935.7519561299,TRESEGIDM052N
IDN,1993-03-01,11046.3568732965,TRESEGIDM052N
IDN,1993-04-01,11198.1530918128,TRESEGIDM052N
IDN,1993-05-01,11026.86608166,TRESEGIDM052N
IDN,1993-06-01,11063.4834779045,TRESEGIDM052N
IDN,1993-07-01,10967.3801207425,TRESEGIDM052N
IDN,1993-08-01,11101.1002979848,TRESEGIDM052N
IDN,1993-09-01,11236.3231195188,TRESEGIDM052N
IDN,1993-10-01,11176.4005635349,TRESEGIDM052N
IDN,1993-11-01,11198.7578112253,TRESEGIDM052N
IDN,1993-12-01,11262.6567515158,TRESEGIDM052N
IDN,1994-01-01,11366.0505597252,TRESEGIDM052N
IDN,1994-02-01,11676.7828908059,TRESEGIDM052N
IDN,1994-03-01,11640.0738906876,TRESEGIDM052N
IDN,1994-04-01,10779.041627709,TRESEGIDM052N
IDN,1994-05-01,10608.769229679,TRESEGIDM052N
IDN,1994-06-01,10914.868214683,TRESEGIDM052N
IDN,1994-07-01,10644.1088928402,TRESEGIDM052N
IDN,1994-08-01,11312.9707202316,TRESEGIDM052N
IDN,1994-09-01,11346.4436484389,TRESEGIDM052N
IDN,1994-10-01,11443.8620670715,TRESEGIDM052N
IDN,1994-11-01,12351.1666537502,TRESEGIDM052N
IDN,1994-12-01,12132.6785630136,TRESEGIDM052N
IDN,1995-01-01,11953.4822148781,TRESEGIDM052N
IDN,1995-02-01,11939.3334902947,TRESEGIDM052N
IDN,1995-03-01,12287.7890232998,TRESEGIDM052N
IDN,1995-04-01,12329.8020292112,TRESEGIDM052N
IDN,1995-05-01,12468.1063272787,TRESEGIDM052N
IDN,1995-06-01,12844.8614623647,TRESEGIDM052N
IDN,1995-07-01,13298.9155513899,TRESEGIDM052N
IDN,1995-08-01,13187.3031790096,TRESEGIDM052N
IDN,1995-09-01,13249.1383282872,TRESEGIDM052N
IDN,1995-10-01,13265.6528913639,TRESEGIDM052N
IDN,1995-11-01,13574.956160088,TRESEGIDM052N
IDN,1995-12-01,13708.247115922,TRESEGIDM052N
IDN,1996-01-01,13731.4217599401,TRESEGIDM052N
IDN,1996-02-01,14956.4672360262,TRESEGIDM052N
IDN,1996-03-01,14953.2298386095,TRESEGIDM052N
IDN,1996-04-01,14951.6215138865,TRESEGIDM052N
IDN,1996-05-01,14946.6729662298,TRESEGIDM052N
IDN,1996-06-01,15579.4415936216,TRESEGIDM052N
IDN,1996-07-01,15497.6052176181,TRESEGIDM052N
IDN,1996-08-01,15476.8719911433,TRESEGIDM052N
IDN,1996-09-01,15489.7918056383,TRESEGIDM052N
IDN,1996-10-01,15655.8467573356,TRESEGIDM052N
IDN,1996-11-01,16913.9001235148,TRESEGIDM052N
IDN,1996-12-01,18251.1047173555,TRESEGIDM052N
IDN,1997-01-01,18957.3872381702,TRESEGIDM052N
IDN,1997-02-01,18962.8228502617,TRESEGIDM052N
IDN,1997-03-01,19011.7872321747,TRESEGIDM052N
IDN,1997-04-01,19505.6334993814,TRESEGIDM052N
IDN,1997-05-01,20161.5625714512,TRESEGIDM052N
IDN,1997-06-01,20336.3045097857,TRESEGIDM052N
IDN,1997-07-01,20233.1590201931,TRESEGIDM052N
IDN,1997-08-01,19276.1049855052,TRESEGIDM052N
IDN,1997-09-01,20275.1781598854,TRESEGIDM052N
IDN,1997-10-01,18328.5011010845,TRESEGIDM052N
IDN,1997-11-01,18074.6468298423,TRESEGIDM052N
IDN,1997-12-01,16586.8894118885,TRESEGIDM052N
IDN,1998-01-01,18147.550194741,TRESEGIDM052N
IDN,1998-02-01,15478.7778896372,TRESEGIDM052N
IDN,1998-03-01,15769.9537311957,TRESEGIDM052N
IDN,1998-04-01,16882.6272307361,TRESEGIDM052N
IDN,1998-05-01,18168.7100633097,TRESEGIDM052N
IDN,1998-06-01,17949.9191598492,TRESEGIDM052N
IDN,1998-07-01,18608.8894108904,TRESEGIDM052N
IDN,1998-08-01,18971.6457299935,TRESEGIDM052N
IDN,1998-09-01,19649.9992145064,TRESEGIDM052N
IDN,1998-10-01,20813.9137219721,TRESEGIDM052N
IDN,1998-11-01,21795.0635399026,TRESEGIDM052N
IDN,1998-12-01,22713.3751765311,TRESEGIDM052N
IDN,1999-01-01,23751.0316536514,TRESEGIDM052N
IDN,1999-02-01,23591.6247978282,TRESEGIDM052N
IDN,1999-03-01,25160.7438380475,TRESEGIDM052N
IDN,1999-04-01,24924.2369724985,TRESEGIDM052N
IDN,1999-05-01,25396.2425912432,TRESEGIDM052N
IDN,1999-06-01,26318.6495224253,TRESEGIDM052N
IDN,1999-07-01,26039.0988985384,TRESEGIDM052N
IDN,1999-08-01,26181.021966181,TRESEGIDM052N
IDN,1999-09-01,26032.4185825836,TRESEGIDM052N
IDN,1999-10-01,26264.9745919974,TRESEGIDM052N
IDN,1999-11-01,26254.611873841,TRESEGIDM052N
IDN,1999-12-01,26445.0324173645,TRESEGIDM052N
IDN,2000-01-01,27060.9237156471,TRESEGIDM052N
IDN,2000-02-01,27584.8871322003,TRESEGIDM052N
IDN,2000-03-01,28460.901847911,TRESEGIDM052N
IDN,2000-04-01,28084.6557629645,TRESEGIDM052N
IDN,2000-05-01,27768.8115403654,TRESEGIDM052N
IDN,2000-06-01,28686.6291200569,TRESEGIDM052N
IDN,2000-07-01,28339.6559530032,TRESEGIDM052N
IDN,2000-08-01,31105.1245476917,TRESEGIDM052N
IDN,2000-09-01,28859.4089560937,TRESEGIDM052N
IDN,2000-10-01,28117.8999946268,TRESEGIDM052N
IDN,2000-11-01,28005.595627471,TRESEGIDM052N
IDN,2000-12-01,28501.8601114768,TRESEGIDM052N
IDN,2001-01-01,28743.490125639,TRESEGIDM052N
IDN,2001-02-01,28507.3670801296,TRESEGIDM052N
IDN,2001-03-01,28088.7763101,TRESEGIDM052N
IDN,2001-04-01,28139.7601355157,TRESEGIDM052N
IDN,2001-05-01,27988.0070957789,TRESEGIDM052N
IDN,2001-06-01,27967.4514390349,TRESEGIDM052N
IDN,2001-07-01,28208.685091013,TRESEGIDM052N
IDN,2001-08-01,27699.5927240967,TRESEGIDM052N
IDN,2001-09-01,28151.5676832648,TRESEGIDM052N
IDN,2001-10-01,27818.1536623272,TRESEGIDM052N
IDN,2001-11-01,27258.3877238584,TRESEGIDM052N
IDN,2001-12-01,27246.2096803382,TRESEGIDM052N
IDN,2002-01-01,26988.5241248253,TRESEGIDM052N
IDN,2002-02-01,27106.6036918485,TRESEGIDM052N
IDN,2002-03-01,27169.6664200274,TRESEGIDM052N
IDN,2002-04-01,27286.225520457,TRESEGIDM052N
IDN,2002-05-01,27785.2502985294,TRESEGIDM052N
IDN,2002-06-01,28329.5164679617,TRESEGIDM052N
IDN,2002-07-01,29409.2524352876,TRESEGIDM052N
IDN,2002-08-01,29154.2595480082,TRESEGIDM052N
IDN,2002-09-01,29018.4917819725,TRESEGIDM052N
IDN,2002-10-01,29018.3215341794,TRESEGIDM052N
IDN,2002-11-01,29014.973674036,TRESEGIDM052N
IDN,2002-12-01,30970.7174974441,TRESEGIDM052N
IDN,2003-01-01,31048.6861701571,TRESEGIDM052N
IDN,2003-02-01,31134.0269390631,TRESEGIDM052N
IDN,2003-03-01,31558.8724769684,TRESEGIDM052N
IDN,2003-04-01,32605.7585854476,TRESEGIDM052N
IDN,2003-05-01,33054.0386913861,TRESEGIDM052N
IDN,2003-06-01,32989.7661163161,TRESEGIDM052N
IDN,2003-07-01,32578.2354495572,TRESEGIDM052N
IDN,2003-08-01,32349.8663971816,TRESEGIDM052N
IDN,2003-09-01,32841.7868916589,TRESEGIDM052N
IDN,2003-10-01,33597.881916178,TRESEGIDM052N
IDN,2003-11-01,33847.8026220018,TRESEGIDM052N
IDN,2003-12-01,34962.3113915962,TRESEGIDM052N
IDN,2004-01-01,34671.8745888247,TRESEGIDM052N
IDN,2004-02-01,34736.2215184965,TRESEGIDM052N
IDN,2004-03-01,36073.1874372633,TRESEGIDM052N
IDN,2004-04-01,35840.4041962296,TRESEGIDM052N
IDN,2004-05-01,35231.5083508245,TRESEGIDM052N
IDN,2004-06-01,33609.2115377002,TRESEGIDM052N
IDN,2004-07-01,33590.9437962291,TRESEGIDM052N
IDN,2004-08-01,33547.7878373562,TRESEGIDM052N
IDN,2004-09-01,33502.4923386384,TRESEGIDM052N
IDN,2004-10-01,34020.088370528,TRESEGIDM052N
IDN,2004-11-01,34511.5404933326,TRESEGIDM052N
IDN,2004-12-01,34952.4959093168,TRESEGIDM052N
IDN,2005-01-01,34829.4887449995,TRESEGIDM052N
IDN,2005-02-01,35203.1875296057,TRESEGIDM052N
IDN,2005-03-01,34714.8988105274,TRESEGIDM052N
IDN,2005-04-01,35095.1221699523,TRESEGIDM052N
IDN,2005-05-01,33320.7184037694,TRESEGIDM052N
IDN,2005-06-01,32601.5030759595,TRESEGIDM052N
IDN,2005-07-01,30972.3737205818,TRESEGIDM052N
IDN,2005-08-01,29851.3767261112,TRESEGIDM052N
IDN,2005-09-01,28860.2981520778,TRESEGIDM052N
IDN,2005-10-01,31191.9153286297,TRESEGIDM052N
IDN,2005-11-01,31708.5975633029,TRESEGIDM052N
IDN,2005-12-01,33140.4990492525,TRESEGIDM052N
IDN,2006-01-01,33342.1893045902,TRESEGIDM052N
IDN,2006-02-01,33817.9697783601,TRESEGIDM052N
IDN,2006-03-01,38330.5305844933,TRESEGIDM052N
IDN,2006-04-01,40844.8813161592,TRESEGIDM052N
IDN,2006-05-01,42256.0414986933,TRESEGIDM052N
IDN,2006-06-01,38488.4772232841,TRESEGIDM052N
IDN,2006-07-01,39374.7858179358,TRESEGIDM052N
IDN,2006-08-01,40430.6459989045,TRESEGIDM052N
IDN,2006-09-01,40824.6164502056,TRESEGIDM052N
IDN,2006-10-01,38353.2463168349,TRESEGIDM052N
IDN,2006-11-01,40082.5894504335,TRESEGIDM052N
IDN,2006-12-01,41103.1452815939,TRESEGIDM052N
IDN,2007-01-01,41751.8091807138,TRESEGIDM052N
IDN,2007-02-01,44102.8377142303,TRESEGIDM052N
IDN,2007-03-01,45669.2716080463,TRESEGIDM052N
IDN,2007-04-01,47718.9891910092,TRESEGIDM052N
IDN,2007-05-01,48581.156566102,TRESEGIDM052N
IDN,2007-06-01,49405.5457622557,TRESEGIDM052N
IDN,2007-07-01,50327.3052305412,TRESEGIDM052N
IDN,2007-08-01,49863.6033148294,TRESEGIDM052N
IDN,2007-09-01,51157.9763915287,TRESEGIDM052N
IDN,2007-10-01,52316.325751746,TRESEGIDM052N
IDN,2007-11-01,53032.3745698566,TRESEGIDM052N
IDN,2007-12-01,54976.431523296,TRESEGIDM052N
IDN,2008-01-01,53842.3343691125,TRESEGIDM052N
IDN,2008-02-01,54873.6979076959,TRESEGIDM052N
IDN,2008-03-01,56827.9700716344,TRESEGIDM052N
IDN,2008-04-01,56704.2731861972,TRESEGIDM052N
IDN,2008-05-01,55391.4447408358,TRESEGIDM052N
IDN,2008-06-01,57295.0636527488,TRESEGIDM052N
IDN,2008-07-01,58457.047654389,TRESEGIDM052N
IDN,2008-08-01,56388.6969613481,TRESEGIDM052N
IDN,2008-09-01,55019.7074853504,TRESEGIDM052N
IDN,2008-10-01,48805.0578684167,TRESEGIDM052N
IDN,2008-11-01,48270.0793961078,TRESEGIDM052N
IDN,2008-12-01,49596.7132213198,TRESEGIDM052N
IDN,2009-01-01,48773.3011488402,TRESEGIDM052N
IDN,2009-02-01,48365.4071717139,TRESEGIDM052N
IDN,2009-03-01,52662.955467891,TRESEGIDM052N
IDN,2009-04-01,54457.5711660076,TRESEGIDM052N
IDN,2009-05-01,55688.3303498902,TRESEGIDM052N
IDN,2009-06-01,55380.6471036701,TRESEGIDM052N
IDN,2009-07-01,55230.1909961509,TRESEGIDM052N
IDN,2009-08-01,58114.7843339848,TRESEGIDM052N
IDN,2009-09-01,59977.779443441,TRESEGIDM052N
IDN,2009-10-01,62091.4660472134,TRESEGIDM052N
IDN,2009-11-01,63105.8592556453,TRESEGIDM052N
IDN,2009-12-01,63563.2929681398,TRESEGIDM052N
IDN,2010-01-01,67004.3073467916,TRESEGIDM052N
IDN,2010-02-01,67143.946847767,TRESEGIDM052N
IDN,2010-03-01,69222.5412167183,TRESEGIDM052N
IDN,2010-04-01,75849.5549577341,TRESEGIDM052N
IDN,2010-05-01,71753.2396192547,TRESEGIDM052N
IDN,2010-06-01,73431.0246978615,TRESEGIDM052N
IDN,2010-07-01,76059.6639535152,TRESEGIDM052N
IDN,2010-08-01,78418.1724993776,TRESEGIDM052N
IDN,2010-09-01,83489.3046554912,TRESEGIDM052N
IDN,2010-10-01,88673.0568126479,TRESEGIDM052N
IDN,2010-11-01,89563.6901985951,TRESEGIDM052N
IDN,2010-12-01,92908.0555840428,TRESEGIDM052N
IDN,2011-01-01,92231.3118721524,TRESEGIDM052N
IDN,2011-02-01,96333.7046963071,TRESEGIDM052N
IDN,2011-03-01,102374.4942280653,TRESEGIDM052N
IDN,2011-04-01,110212.6713814455,TRESEGIDM052N
IDN,2011-05-01,112719.9930238514,TRESEGIDM052N
IDN,2011-06-01,116130.2321962149,TRESEGIDM052N
IDN,2011-07-01,118879.2694246639,TRESEGIDM052N
IDN,2011-08-01,120545.9094505645,TRESEGIDM052N
IDN,2011-09-01,110673.4236858606,TRESEGIDM052N
IDN,2011-10-01,109854.4003905759,TRESEGIDM052N
IDN,2011-11-01,107280.4054414955,TRESEGIDM052N
IDN,2011-12-01,106538.747662435,TRESEGIDM052N
IDN,2012-01-01,107939.4958907106,TRESEGIDM052N
IDN,2012-02-01,108041.8578884145,TRESEGIDM052N
IDN,2012-03-01,106610.7086082083,TRESEGIDM052N
IDN,2012-04-01,112510.8777378771,TRESEGIDM052N
IDN,2012-05-01,107911.1277439329,TRESEGIDM052N
IDN,2012-06-01,102857.7602648727,TRESEGIDM052N
IDN,2012-07-01,102763.0571082258,TRESEGIDM052N
IDN,2012-08-01,105096.3566729982,TRESEGIDM052N
IDN,2012-09-01,106038.9973425001,TRESEGIDM052N
IDN,2012-10-01,106288.1720672921,TRESEGIDM052N
IDN,2012-11-01,107237.0165470742,TRESEGIDM052N
IDN,2012-12-01,108837.3078330659,TRESEGIDM052N
IDN,2013-01-01,104693.0678923161,TRESEGIDM052N
IDN,2013-02-01,101274.0773036023,TRESEGIDM052N
IDN,2013-03-01,100899.1561429274,TRESEGIDM052N
IDN,2013-04-01,103640.2811478804,TRESEGIDM052N
IDN,2013-05-01,101631.9974807221,TRESEGIDM052N
IDN,2013-06-01,95001.4260022981,TRESEGIDM052N
IDN,2013-07-01,89344.7678273555,TRESEGIDM052N
IDN,2013-08-01,89462.0787926285,TRESEGIDM052N
IDN,2013-09-01,92312.3715481971,TRESEGIDM052N
IDN,2013-10-01,93584.9163988631,TRESEGIDM052N
IDN,2013-11-01,93834.0635566445,TRESEGIDM052N
IDN,2013-12-01,96363.5312390833,TRESEGIDM052N
IDN,2014-01-01,97468.8558948612,TRESEGIDM052N
IDN,2014-02-01,99408.625943885,TRESEGIDM052N
IDN,2014-03-01,99340.0121947616,TRESEGIDM052N
IDN,2014-04-01,102303.837263246,TRESEGIDM052N
IDN,2014-05-01,103897.1538360815,TRESEGIDM052N
IDN,2014-06-01,104374.6880610813,TRESEGIDM052N
IDN,2014-07-01,107285.2403351112,TRESEGIDM052N
IDN,2014-08-01,108023.1625492905,TRESEGIDM052N
IDN,2014-09-01,108094.6057620037,TRESEGIDM052N
IDN,2014-10-01,108950.1104334457,TRESEGIDM052N
IDN,2014-11-01,108144.9136371144,TRESEGIDM052N
IDN,2014-12-01,108835.5345619973,TRESEGIDM052N
IDN,2015-01-01,111066.762807115,TRESEGIDM052N
IDN,2015-02-01,112481.7942453201,TRESEGIDM052N
IDN,2015-03-01,108570.5545349391,TRESEGIDM052N
IDN,2015-04-01,107850.4624203441,TRESEGIDM052N
IDN,2015-05-01,107798.0249104169,TRESEGIDM052N
IDN,2015-06-01,105083.9919699904,TRESEGIDM052N
IDN,2015-07-01,104823.9698089261,TRESEGIDM052N
IDN,2015-08-01,102489.0134558196,TRESEGIDM052N
IDN,2015-09-01,98876.1494774595,TRESEGIDM052N
IDN,2015-10-01,97836.2288709344,TRESEGIDM052N
IDN,2015-11-01,97583.8054800865,TRESEGIDM052N
IDN,2015-12-01,103268.2470887186,TRESEGIDM052N
IDN,2016-01-01,99334.128541036,TRESEGIDM052N
IDN,2016-02-01,101451.5117050948,TRESEGIDM052N
IDN,2016-03-01,104443.8096767322,TRESEGIDM052N
IDN,2016-04-01,104565.4259350409,TRESEGIDM052N
IDN,2016-05-01,100532.8329003114,TRESEGIDM052N
IDN,2016-06-01,106477.4011690979,TRESEGIDM052N
IDN,2016-07-01,108046.7258225474,TRESEGIDM052N
IDN,2016-08-01,110225.9370405921,TRESEGIDM052N
IDN,2016-09-01,112357.3220213057,TRESEGIDM052N
IDN,2016-10-01,111845.8689443619,TRESEGIDM052N
IDN,2016-11-01,108490.9814187973,TRESEGIDM052N
IDN,2016-12-01,113493.3928510588,TRESEGIDM052N
IDN,2017-01-01,113904.5892549271,TRESEGIDM052N
IDN,2017-02-01,116709.6453940437,TRESEGIDM052N
IDN,2017-03-01,118665.2599469744,TRESEGIDM052N
IDN,2017-04-01,120083.391594007,TRESEGIDM052N
IDN,2017-05-01,121739.9780596808,TRESEGIDM052N
IDN,2017-06-01,119948.9583097841,TRESEGIDM052N
IDN,2017-07-01,124484.9150731326,TRESEGIDM052N
IDN,2017-08-01,125386.9694815404,TRESEGIDM052N
IDN,2017-09-01,126079.7014873807,TRESEGIDM052N
IDN,2017-10-01,123253.0815554647,TRESEGIDM052N
IDN,2017-11-01,122638.2050036447,TRESEGIDM052N
IDN,2017-12-01,126857.3953829568,TRESEGIDM052N
IDN,2018-01-01,128498.1720454506,TRESEGIDM052N
IDN,2018-02-01,124612.6904424125,TRESEGIDM052N
IDN,2018-03-01,122543.191256546,TRESEGIDM052N
IDN,2018-04-01,121437.8759184906,TRESEGIDM052N
IDN,2018-05-01,119547.9401773647,TRESEGIDM052N
IDN,2018-06-01,116681.8588598885,TRESEGIDM052N
IDN,2018-07-01,115225.0499674492,TRESEGIDM052N
IDN,2018-08-01,114902.1492655603,TRESEGIDM052N
IDN,2018-09-01,111841.286259472,TRESEGIDM052N
IDN,2018-10-01,112068.7036784456,TRESEGIDM052N
IDN,2018-11-01,114115.2462226329,TRESEGIDM052N
IDN,2018-12-01,117424.6459429219,TRESEGIDM052N
IDN,2019-01-01,116772.1930147213,TRESEGIDM052N
IDN,2019-02-01,119934.0124811273,TRESEGIDM052N
IDN,2019-03-01,121269.1998660616,TRESEGIDM052N
IDN,2019-04-01,121039.1792471169,TRESEGIDM052N
IDN,2019-05-01,117113.6093561008,TRESEGIDM052N
IDN,2019-06-01,120281.9517993369,TRESEGIDM052N
IDN,2019-07-01,122299.287090662,TRESEGIDM052N
IDN,2019-08-01,122549.4822055163,TRESEGIDM052N
IDN,2019-09-01,120568.3370019209,TRESEGIDM052N
IDN,2019-10-01,122915.409932134,TRESEGIDM052N
IDN,2019-11-01,122953.9190506394,TRESEGIDM052N
IDN,2019-12-01,125339.3902206575,TRESEGIDM052N
IDN,2020-01-01,127735.5598016914,TRESEGIDM052N
IDN,2020-02-01,126302.3090685693,TRESEGIDM052N
IDN,2020-03-01,116874.6556291843,TRESEGIDM052N
IDN,2020-04-01,123563.2057700564,TRESEGIDM052N
IDN,2020-05-01,126211.1252253061,TRESEGIDM052N
IDN,2020-06-01,127236.0119119417,TRESEGIDM052N
IDN,2020-07-01,130128.4788161316,TRESEGIDM052N
IDN,2020-08-01,132062.0229467269,TRESEGIDM052N
IDN,2020-09-01,130366.6493064318,TRESEGIDM052N
IDN,2020-10-01,128828.3553018368,TRESEGIDM052N
IDN,2020-11-01,129065.3973780667,TRESEGIDM052N
IDN,2020-12-01,131139.0290658419,TRESEGIDM052N
IDN,2021-01-01,133352.5324664509,TRESEGIDM052N
IDN,2021-02-01,134292.8863478201,TRESEGIDM052N
IDN,2021-03-01,132849.6000657017,TRESEGIDM052N
IDN,2021-04-01,134332.5742659592,TRESEGIDM052N
IDN,2021-05-01,131585.6715175072,TRESEGIDM052N
IDN,2021-06-01,132654.2636800018,TRESEGIDM052N
IDN,2021-07-01,132723.9219395287,TRESEGIDM052N
IDN,2021-08-01,140209.6664779717,TRESEGIDM052N
IDN,2021-09-01,142462.7494792811,TRESEGIDM052N
IDN,2021-10-01,140945.7722934253,TRESEGIDM052N
IDN,2021-11-01,141346.5418263574,TRESEGIDM052N
IDN,2021-12-01,140310.2350874956,TRESEGIDM052N
IDN,2022-01-01,136827.5850419831,TRESEGIDM052N
IDN,2022-02-01,136604.3478919148,TRESEGIDM052N
IDN,2022-03-01,134259.2322494401,TRESEGIDM052N
IDN,2022-04-01,130864.3676410174,TRESEGIDM052N
IDN,2022-05-01,130872.6999876502,TRESEGIDM052N
IDN,2022-06-01,131759.2793109877,TRESEGIDM052N
IDN,2022-07-01,127754.1868144156,TRESEGIDM052N
IDN,2022-08-01,127836.5465409741,TRESEGIDM052N
IDN,2022-09-01,126579.0378394467,TRESEGIDM052N
IDN,2022-10-01,126038.262186347,TRESEGIDM052N
IDN,2022-11-01,129563.5583936846,TRESEGIDM052N
IDN,2022-12-01,132644.3579802716,TRESEGIDM052N
IDN,2023-01-01,134547.2285934664,TRESEGIDM052N
IDN,2023-02-01,135754.814227411,TRESEGIDM052N
IDN,2023-03-01,140196.854408603,TRESEGIDM052N
IDN,2023-04-01,139131.9371335397,TRESEGIDM052N
IDN,2023-05-01,134322.7625926968,TRESEGIDM052N
IDN,2023-06-01,132642.6376661994,TRESEGIDM052N
IDN,2023-07-01,132735.0233028308,TRESEGIDM052N
IDN,2023-08-01,132175.9789697345,TRESEGIDM052N
IDN,2023-09-01,130147.3645527108,TRESEGIDM052N
IDN,2023-10-01,128113.2149850451,TRESEGIDM052N
IDN,2023-11-01,132914.3513682707,TRESEGIDM052N
IDN,2023-12-01,141149.3648571122,TRESEGIDM052N
IDN,2024-01-01,139905.3643318328,TRESEGIDM052N
IDN,2024-02-01,138899.24426589,TRESEGIDM052N
IDN,2024-03-01,134841.9535211497,TRESEGIDM052N
IDN,2024-04-01,130363.5785209406,TRESEGIDM052N
IDN,2024-05-01,133070.4459446761,TRESEGIDM052N
IDN,2024-06-01,134304.1948475713,TRESEGIDM052N
IDN,2024-07-01,139327.4881306317,TRESEGIDM052N
IDN,2024-08-01,143869.7603560964,TRESEGIDM052N
IDN,2024-09-01,143232.254637964,TRESEGIDM052N
IDN,2024-10-01,144216.272327337,TRESEGIDM052N
IDN,2024-11-01,143518.2701972439,TRESEGIDM052N
IDN,2024-12-01,149117.6820334589,TRESEGIDM052N
IDN,2025-01-01,149007.2796457768,TRESEGIDM052N
IDN,2025-02-01,147262.5448893892,TRESEGIDM052N
IDN,2025-03-01,149435.1796680122,TRESEGIDM052N
IDN,2025-04-01,144109.8717649013,TRESEGIDM052N
IDN,2025-05-01,144092.4281376082,TRESEGIDM052N
IDN,2025-06-01,144250.582849684,TRESEGIDM052N
IDN,2025-07-01,143598.5886861702,TRESEGIDM052N
IDN,2025-08-01,141883.3115715848,TRESEGIDM052N
IDN,2025-09-01,138806.6007370213,TRESEGIDM052N
IDN,2025-10-01,139041.9029757337,TRESEGIDM052N
IDN,2025-11-01,138657.1914689393,TRESEGIDM052N
IDN,2025-12-01,144531.0578696711,TRESEGIDM052N
IDN,2026-01-01,140116.1439200256,TRESEGIDM052N
IDN,2026-02-01,137397.5488235696,TRESEGIDM052N
IDN,2026-03-01,135365.2443403597,TRESEGIDM052N
IDN,2026-04-01,133341.954435636,TRESEGIDM052N
IDN,2026-05-01,132252.219664546,TRESEGIDM052N
IDN,2026-06-01,134307.0395521364,TRESEGIDM052N
IRN,1950-12-01,110.77,TRESEGIRM052N
IRN,1951-12-01,60.2,TRESEGIRM052N
IRN,1952-12-01,39.02,TRESEGIRM052N
IRN,1953-12-01,48.02,TRESEGIRM052N
IRN,1954-12-01,48.02,TRESEGIRM052N
IRN,1955-12-01,67.0,TRESEGIRM052N
IRN,1956-12-01,91.0,TRESEGIRM052N
IRN,1957-01-01,99.0,TRESEGIRM052N
IRN,1957-02-01,79.0,TRESEGIRM052N
IRN,1957-03-01,81.0,TRESEGIRM052N
IRN,1957-04-01,110.0,TRESEGIRM052N
IRN,1957-05-01,92.0,TRESEGIRM052N
IRN,1957-06-01,77.0,TRESEGIRM052N
IRN,1957-07-01,114.0,TRESEGIRM052N
IRN,1957-08-01,98.0,TRESEGIRM052N
IRN,1957-09-01,92.0,TRESEGIRM052N
IRN,1957-10-01,134.0,TRESEGIRM052N
IRN,1957-11-01,116.0,TRESEGIRM052N
IRN,1957-12-01,108.0,TRESEGIRM052N
IRN,1958-01-01,143.0,TRESEGIRM052N
IRN,1958-02-01,130.0,TRESEGIRM052N
IRN,1958-03-01,140.0,TRESEGIRM052N
IRN,1958-04-01,149.0,TRESEGIRM052N
IRN,1958-05-01,123.0,TRESEGIRM052N
IRN,1958-06-01,123.0,TRESEGIRM052N
IRN,1958-07-01,166.0,TRESEGIRM052N
IRN,1958-08-01,146.0,TRESEGIRM052N
IRN,1958-09-01,134.0,TRESEGIRM052N
IRN,1958-10-01,166.0,TRESEGIRM052N
IRN,1958-11-01,134.0,TRESEGIRM052N
IRN,1958-12-01,113.0,TRESEGIRM052N
IRN,1959-01-01,141.0,TRESEGIRM052N
IRN,1959-02-01,110.0,TRESEGIRM052N
IRN,1959-03-01,89.0,TRESEGIRM052N
IRN,1959-04-01,140.0,TRESEGIRM052N
IRN,1959-05-01,98.0,TRESEGIRM052N
IRN,1959-06-01,70.0,TRESEGIRM052N
IRN,1959-07-01,115.07,TRESEGIRM052N
IRN,1959-08-01,87.07,TRESEGIRM052N
IRN,1959-09-01,56.57,TRESEGIRM052N
IRN,1959-10-01,91.77,TRESEGIRM052N
IRN,1959-11-01,61.77,TRESEGIRM052N
IRN,1959-12-01,76.77,TRESEGIRM052N
IRN,1960-01-01,121.52,TRESEGIRM052N
IRN,1960-02-01,94.52,TRESEGIRM052N
IRN,1960-03-01,70.52,TRESEGIRM052N
IRN,1960-04-01,69.52,TRESEGIRM052N
IRN,1960-05-01,70.02,TRESEGIRM052N
IRN,1960-06-01,42.02,TRESEGIRM052N
IRN,1960-07-01,97.0,TRESEGIRM052N
IRN,1960-08-01,72.0,TRESEGIRM052N
IRN,1960-09-01,47.0,TRESEGIRM052N
IRN,1960-10-01,90.0,TRESEGIRM052N
IRN,1960-11-01,55.0,TRESEGIRM052N
IRN,1960-12-01,53.0,TRESEGIRM052N
IRN,1961-01-01,88.0,TRESEGIRM052N
IRN,1961-02-01,71.0,TRESEGIRM052N
IRN,1961-03-01,60.0,TRESEGIRM052N
IRN,1961-04-01,101.0,TRESEGIRM052N
IRN,1961-05-01,70.0,TRESEGIRM052N
IRN,1961-06-01,52.0,TRESEGIRM052N
IRN,1961-07-01,113.0,TRESEGIRM052N
IRN,1961-08-01,76.0,TRESEGIRM052N
IRN,1961-09-01,80.0,TRESEGIRM052N
IRN,1961-10-01,109.0,TRESEGIRM052N
IRN,1961-11-01,80.0,TRESEGIRM052N
IRN,1961-12-01,79.0,TRESEGIRM052N
IRN,1962-01-01,100.0,TRESEGIRM052N
IRN,1962-02-01,73.0,TRESEGIRM052N
IRN,1962-03-01,54.0,TRESEGIRM052N
IRN,1962-04-01,123.0,TRESEGIRM052N
IRN,1962-05-01,93.0,TRESEGIRM052N
IRN,1962-06-01,80.0,TRESEGIRM052N
IRN,1962-07-01,137.0,TRESEGIRM052N
IRN,1962-08-01,116.0,TRESEGIRM052N
IRN,1962-09-01,81.0,TRESEGIRM052N
IRN,1962-10-01,145.5,TRESEGIRM052N
IRN,1962-11-01,118.5,TRESEGIRM052N
IRN,1962-12-01,81.5,TRESEGIRM052N
IRN,1963-01-01,149.5,TRESEGIRM052N
IRN,1963-02-01,126.5,TRESEGIRM052N
IRN,1963-03-01,94.5,TRESEGIRM052N
IRN,1963-04-01,160.5,TRESEGIRM052N
IRN,1963-05-01,141.5,TRESEGIRM052N
IRN,1963-06-01,115.5,TRESEGIRM052N
IRN,1963-07-01,170.5,TRESEGIRM052N
IRN,1963-08-01,130.5,TRESEGIRM052N
IRN,1963-09-01,96.5,TRESEGIRM052N
IRN,1963-10-01,171.5,TRESEGIRM052N
IRN,1963-11-01,139.5,TRESEGIRM052N
IRN,1963-12-01,99.51,TRESEGIRM052N
IRN,1964-01-01,158.5,TRESEGIRM052N
IRN,1964-02-01,128.5,TRESEGIRM052N
IRN,1964-03-01,102.5,TRESEGIRM052N
IRN,1964-04-01,163.5,TRESEGIRM052N
IRN,1964-05-01,125.5,TRESEGIRM052N
IRN,1964-06-01,79.5,TRESEGIRM052N
IRN,1964-07-01,135.5,TRESEGIRM052N
IRN,1964-08-01,92.5,TRESEGIRM052N
IRN,1964-09-01,71.5,TRESEGIRM052N
IRN,1964-10-01,106.01,TRESEGIRM052N
IRN,1964-11-01,64.01,TRESEGIRM052N
IRN,1964-12-01,50.01,TRESEGIRM052N
IRN,1965-01-01,69.01,TRESEGIRM052N
IRN,1965-02-01,48.01,TRESEGIRM052N
IRN,1965-03-01,205.01,TRESEGIRM052N
IRN,1965-04-01,274.01,TRESEGIRM052N
IRN,1965-05-01,224.01,TRESEGIRM052N
IRN,1965-06-01,175.01,TRESEGIRM052N
IRN,1965-07-01,231.47,TRESEGIRM052N
IRN,1965-08-01,180.47,TRESEGIRM052N
IRN,1965-09-01,137.47,TRESEGIRM052N
IRN,1965-10-01,222.47,TRESEGIRM052N
IRN,1965-11-01,163.47,TRESEGIRM052N
IRN,1965-12-01,105.48,TRESEGIRM052N
IRN,1966-01-01,188.47,TRESEGIRM052N
IRN,1966-02-01,149.47,TRESEGIRM052N
IRN,1966-03-01,155.23,TRESEGIRM052N
IRN,1966-04-01,207.23,TRESEGIRM052N
IRN,1966-05-01,160.23,TRESEGIRM052N
IRN,1966-06-01,112.23,TRESEGIRM052N
IRN,1966-07-01,199.23,TRESEGIRM052N
IRN,1966-08-01,147.23,TRESEGIRM052N
IRN,1966-09-01,150.23,TRESEGIRM052N
IRN,1966-10-01,150.23,TRESEGIRM052N
IRN,1966-11-01,141.23,TRESEGIRM052N
IRN,1966-12-01,138.23,TRESEGIRM052N
IRN,1967-01-01,135.23,TRESEGIRM052N
IRN,1967-02-01,129.23,TRESEGIRM052N
IRN,1967-03-01,110.23,TRESEGIRM052N
IRN,1967-04-01,124.23,TRESEGIRM052N
IRN,1967-05-01,138.23,TRESEGIRM052N
IRN,1967-06-01,149.23,TRESEGIRM052N
IRN,1967-07-01,135.23,TRESEGIRM052N
IRN,1967-08-01,122.23,TRESEGIRM052N
IRN,1967-09-01,119.23,TRESEGIRM052N
IRN,1967-10-01,129.23,TRESEGIRM052N
IRN,1967-11-01,141.23,TRESEGIRM052N
IRN,1967-12-01,180.25,TRESEGIRM052N
IRN,1968-01-01,212.25,TRESEGIRM052N
IRN,1968-02-01,199.0,TRESEGIRM052N
IRN,1968-03-01,193.0,TRESEGIRM052N
IRN,1968-04-01,203.0,TRESEGIRM052N
IRN,1968-05-01,187.0,TRESEGIRM052N
IRN,1968-06-01,148.0,TRESEGIRM052N
IRN,1968-07-01,123.0,TRESEGIRM052N
IRN,1968-08-01,106.27,TRESEGIRM052N
IRN,1968-09-01,109.27,TRESEGIRM052N
IRN,1968-10-01,104.27,TRESEGIRM052N
IRN,1968-11-01,106.01,TRESEGIRM052N
IRN,1968-12-01,133.0,TRESEGIRM052N
IRN,1969-01-01,124.0,TRESEGIRM052N
IRN,1969-02-01,118.0,TRESEGIRM052N
IRN,1969-03-01,110.0,TRESEGIRM052N
IRN,1969-04-01,127.0,TRESEGIRM052N
IRN,1969-05-01,146.0,TRESEGIRM052N
IRN,1969-06-01,137.0,TRESEGIRM052N
IRN,1969-07-01,90.01,TRESEGIRM052N
IRN,1969-08-01,80.01,TRESEGIRM052N
IRN,1969-09-01,155.01,TRESEGIRM052N
IRN,1969-10-01,163.01,TRESEGIRM052N
IRN,1969-11-01,151.01,TRESEGIRM052N
IRN,1969-12-01,152.01,TRESEGIRM052N
IRN,1970-01-01,119.01,TRESEGIRM052N
IRN,1970-02-01,115.01,TRESEGIRM052N
IRN,1970-03-01,132.01,TRESEGIRM052N
IRN,1970-04-01,140.01,TRESEGIRM052N
IRN,1970-05-01,117.01,TRESEGIRM052N
IRN,1970-06-01,103.01,TRESEGIRM052N
IRN,1970-07-01,121.01,TRESEGIRM052N
IRN,1970-08-01,83.01,TRESEGIRM052N
IRN,1970-09-01,64.01,TRESEGIRM052N
IRN,1970-10-01,72.01,TRESEGIRM052N
IRN,1970-11-01,75.0,TRESEGIRM052N
IRN,1970-12-01,77.0,TRESEGIRM052N
IRN,1971-01-01,90.54,TRESEGIRM052N
IRN,1971-02-01,113.54,TRESEGIRM052N
IRN,1971-03-01,154.54,TRESEGIRM052N
IRN,1971-04-01,138.16,TRESEGIRM052N
IRN,1971-05-01,114.16,TRESEGIRM052N
IRN,1971-06-01,182.16,TRESEGIRM052N
IRN,1971-07-01,229.16,TRESEGIRM052N
IRN,1971-08-01,259.16,TRESEGIRM052N
IRN,1971-09-01,194.16,TRESEGIRM052N
IRN,1971-10-01,246.16,TRESEGIRM052N
IRN,1971-11-01,221.17,TRESEGIRM052N
IRN,1971-12-01,479.270289345063,TRESEGIRM052N
IRN,1972-01-01,390.73953643965,TRESEGIRM052N
IRN,1972-02-01,435.75039361354,TRESEGIRM052N
IRN,1972-03-01,635.750393613539,TRESEGIRM052N
IRN,1972-04-01,653.088106006284,TRESEGIRM052N
IRN,1972-05-01,665.088106006284,TRESEGIRM052N
IRN,1972-06-01,683.030997284655,TRESEGIRM052N
IRN,1972-07-01,638.030997284655,TRESEGIRM052N
IRN,1972-08-01,676.659573368069,TRESEGIRM052N
IRN,1972-09-01,653.659573368069,TRESEGIRM052N
IRN,1972-10-01,622.173877701725,TRESEGIRM052N
IRN,1972-11-01,610.173877701725,TRESEGIRM052N
IRN,1972-12-01,818.259595090668,TRESEGIRM052N
IRN,1973-01-01,845.463112848883,TRESEGIRM052N
IRN,1973-02-01,805.402859158457,TRESEGIRM052N
IRN,1973-03-01,1003.40285915846,TRESEGIRM052N
IRN,1973-04-01,974.847940284514,TRESEGIRM052N
IRN,1973-05-01,959.847940284514,TRESEGIRM052N
IRN,1973-06-01,1038.84794028451,TRESEGIRM052N
IRN,1973-07-01,1048.84794028451,TRESEGIRM052N
IRN,1973-08-01,986.847940284514,TRESEGIRM052N
IRN,1973-09-01,832.847940284514,TRESEGIRM052N
IRN,1973-10-01,617.860003738295,TRESEGIRM052N
IRN,1973-11-01,621.860003738295,TRESEGIRM052N
IRN,1973-12-01,1078.4790398727,TRESEGIRM052N
IRN,1974-01-01,1059.4790398727,TRESEGIRM052N
IRN,1974-02-01,1346.4790398727,TRESEGIRM052N
IRN,1974-03-01,2001.4790398727,TRESEGIRM052N
IRN,1974-04-01,2506.98443826767,TRESEGIRM052N
IRN,1974-05-01,3610.98443826767,TRESEGIRM052N
IRN,1974-06-01,5280.98443826767,TRESEGIRM052N
IRN,1974-07-01,5922.69858543655,TRESEGIRM052N
IRN,1974-08-01,6147.69949193136,TRESEGIRM052N
IRN,1974-09-01,6492.65654075484,TRESEGIRM052N
IRN,1974-10-01,7251.7136646666,TRESEGIRM052N
IRN,1974-11-01,7345.36892967603,TRESEGIRM052N
IRN,1974-12-01,8223.19594565257,TRESEGIRM052N
IRN,1975-01-01,8340.98233405352,TRESEGIRM052N
IRN,1975-02-01,9828.97379743005,TRESEGIRM052N
IRN,1975-03-01,8168.92929407192,TRESEGIRM052N
IRN,1975-04-01,9037.63412542287,TRESEGIRM052N
IRN,1975-05-01,9510.16029217515,TRESEGIRM052N
IRN,1975-06-01,9523.01644522066,TRESEGIRM052N
IRN,1975-07-01,8848.09218321554,TRESEGIRM052N
IRN,1975-08-01,9013.02027491159,TRESEGIRM052N
IRN,1975-09-01,8710.0966702764,TRESEGIRM052N
IRN,1975-10-01,8507.55372285055,TRESEGIRM052N
IRN,1975-11-01,8480.96618234808,TRESEGIRM052N
IRN,1975-12-01,8743.59804404907,TRESEGIRM052N
IRN,1976-01-01,8011.2317632655,TRESEGIRM052N
IRN,1976-02-01,8560.21674238306,TRESEGIRM052N
IRN,1976-03-01,7887.57410445251,TRESEGIRM052N
IRN,1976-04-01,7799.99355756351,TRESEGIRM052N
IRN,1976-05-01,8477.6205493119,TRESEGIRM052N
IRN,1976-06-01,8470.85560528905,TRESEGIRM052N
IRN,1976-07-01,8275.79726947643,TRESEGIRM052N
IRN,1976-08-01,8906.09639035201,TRESEGIRM052N
IRN,1976-09-01,9476.73590811087,TRESEGIRM052N
IRN,1976-10-01,8391.21655530267,TRESEGIRM052N
IRN,1976-11-01,8973.4901704283,TRESEGIRM052N
IRN,1976-12-01,8681.24847072098,TRESEGIRM052N
IRN,1977-01-01,8814.23111190725,TRESEGIRM052N
IRN,1977-02-01,9990.88532464382,TRESEGIRM052N
IRN,1977-03-01,10203.2355785198,TRESEGIRM052N
IRN,1977-04-01,10395.5212756837,TRESEGIRM052N
IRN,1977-05-01,11307.7488717655,TRESEGIRM052N
IRN,1977-06-01,10872.2763937851,TRESEGIRM052N
IRN,1977-07-01,11439.0547077163,TRESEGIRM052N
IRN,1977-08-01,11408.9239676437,TRESEGIRM052N
IRN,1977-09-01,11308.6726990909,TRESEGIRM052N
IRN,1977-10-01,11390.2950950514,TRESEGIRM052N
IRN,1977-11-01,11354.911104182,TRESEGIRM052N
IRN,1977-12-01,12105.7890302728,TRESEGIRM052N
IRN,1978-01-01,12687.6396438292,TRESEGIRM052N
IRN,1978-02-01,13565.7533719682,TRESEGIRM052N
IRN,1978-03-01,12316.8680483847,TRESEGIRM052N
IRN,1978-04-01,12419.8106930773,TRESEGIRM052N
IRN,1978-05-01,12305.1835774219,TRESEGIRM052N
IRN,1978-06-01,11901.8173945868,TRESEGIRM052N
IRN,1978-07-01,11813.3522075319,TRESEGIRM052N
IRN,1978-08-01,11779.0582046233,TRESEGIRM052N
IRN,1978-09-01,11552.7904191081,TRESEGIRM052N
IRN,1978-10-01,11770.3327729709,TRESEGIRM052N
IRN,1978-11-01,11523.0738775866,TRESEGIRM052N
IRN,1978-12-01,11977.2337229608,TRESEGIRM052N
IRN,1979-01-01,11653.0297591658,TRESEGIRM052N
IRN,1979-02-01,12666.3452380383,TRESEGIRM052N
IRN,1979-03-01,11739.0546010051,TRESEGIRM052N
IRN,1979-04-01,10892.3846068297,TRESEGIRM052N
IRN,1979-05-01,10643.327675094,TRESEGIRM052N
IRN,1979-06-01,11016.4358985946,TRESEGIRM052N
IRN,1979-07-01,11519.3297189332,TRESEGIRM052N
IRN,1979-08-01,11963.2267092819,TRESEGIRM052N
IRN,1979-09-01,12451.7944979836,TRESEGIRM052N
IRN,1979-10-01,13562.4963042835,TRESEGIRM052N
IRN,1979-11-01,14714.8705044629,TRESEGIRM052N
IRN,1979-12-01,15209.6411727532,TRESEGIRM052N
IRN,1980-01-01,14702.4448518222,TRESEGIRM052N
IRN,1980-02-01,14461.8226867247,TRESEGIRM052N
IRN,1980-03-01,14886.6399588029,TRESEGIRM052N
IRN,1980-04-01,15925.221985749,TRESEGIRM052N
IRN,1980-05-01,15394.2742803355,TRESEGIRM052N
IRN,1980-06-01,15488.1016736052,TRESEGIRM052N
IRN,1980-07-01,14958.9672010955,TRESEGIRM052N
IRN,1980-08-01,14124.6256831875,TRESEGIRM052N
IRN,1980-09-01,13031.1879159162,TRESEGIRM052N
IRN,1980-10-01,12386.48017936,TRESEGIRM052N
IRN,1980-11-01,11487.0667474684,TRESEGIRM052N
IRN,1980-12-01,10222.9102627425,TRESEGIRM052N
IRN,1981-01-01,10680.6018670477,TRESEGIRM052N
IRN,1981-02-01,8435.25223020203,TRESEGIRM052N
IRN,1981-03-01,4174.96573743039,TRESEGIRM052N
IRN,1981-04-01,5098.70505392859,TRESEGIRM052N
IRN,1981-05-01,4587.52207558773,TRESEGIRM052N
IRN,1981-06-01,4547.8874372092,TRESEGIRM052N
IRN,1981-07-01,4058.02868861951,TRESEGIRM052N
IRN,1981-08-01,3231.4294328898,TRESEGIRM052N
IRN,1981-09-01,3819.08804299574,TRESEGIRM052N
IRN,1981-10-01,2620.35271966703,TRESEGIRM052N
IRN,1981-11-01,2030.27827299251,TRESEGIRM052N
IRN,1981-12-01,1605.41038771727,TRESEGIRM052N
IRN,1982-01-01,1064.03673150831,TRESEGIRM052N
IRN,1982-02-01,1185.87085922794,TRESEGIRM052N
IRN,1982-03-01,1323.82146088137,TRESEGIRM052N
IRN,1982-04-01,1505.21211968145,TRESEGIRM052N
IRN,1982-05-01,1678.20773433252,TRESEGIRM052N
IRN,1982-06-01,1970.81819719165,TRESEGIRM052N
IRN,1982-07-01,3002.66206582284,TRESEGIRM052N
IRN,1982-08-01,3289.62403650965,TRESEGIRM052N
IRN,1982-09-01,3402.25568920824,TRESEGIRM052N
IRN,1982-10-01,4476.14612967858,TRESEGIRM052N
IRN,1982-11-01,5707.69993459318,TRESEGIRM052N
IRN,1982-12-01,5701.20581824562,TRESEGIRM052N
IRN,1983-01-01,6655.5727110183,TRESEGIRM052N
IRN,1983-02-01,6332.86711470971,TRESEGIRM052N
IRN,1983-03-01,6849.68934427787,TRESEGIRM052N
KOR,1950-12-01,25.3,TRESEGKRM052N
KOR,1951-12-01,36.8,TRESEGKRM052N
KOR,1952-12-01,81.4,TRESEGKRM052N
KOR,1953-12-01,107.3,TRESEGKRM052N
KOR,1954-12-01,105.5,TRESEGKRM052N
KOR,1955-12-01,94.8,TRESEGKRM052N
KOR,1956-12-01,97.2,TRESEGKRM052N
KOR,1957-01-01,98.9,TRESEGKRM052N
KOR,1957-02-01,101.4,TRESEGKRM052N
KOR,1957-03-01,102.9,TRESEGKRM052N
KOR,1957-04-01,103.7,TRESEGKRM052N
KOR,1957-05-01,103.8,TRESEGKRM052N
KOR,1957-06-01,104.9,TRESEGKRM052N
KOR,1957-07-01,104.7,TRESEGKRM052N
KOR,1957-08-01,105.0,TRESEGKRM052N
KOR,1957-09-01,104.3,TRESEGKRM052N
KOR,1957-10-01,107.9,TRESEGKRM052N
KOR,1957-11-01,110.7,TRESEGKRM052N
KOR,1957-12-01,114.1,TRESEGKRM052N
KOR,1958-01-01,118.0,TRESEGKRM052N
KOR,1958-02-01,118.9,TRESEGKRM052N
KOR,1958-03-01,120.0,TRESEGKRM052N
KOR,1958-04-01,122.6,TRESEGKRM052N
KOR,1958-05-01,114.9,TRESEGKRM052N
KOR,1958-06-01,116.9,TRESEGKRM052N
KOR,1958-07-01,120.2,TRESEGKRM052N
KOR,1958-08-01,124.0,TRESEGKRM052N
KOR,1958-09-01,126.7,TRESEGKRM052N
KOR,1958-10-01,130.0,TRESEGKRM052N
KOR,1958-11-01,134.4,TRESEGKRM052N
KOR,1958-12-01,144.9,TRESEGKRM052N
KOR,1959-01-01,146.2,TRESEGKRM052N
KOR,1959-02-01,145.4,TRESEGKRM052N
KOR,1959-03-01,147.8,TRESEGKRM052N
KOR,1959-04-01,149.1,TRESEGKRM052N
KOR,1959-05-01,143.1,TRESEGKRM052N
KOR,1959-06-01,145.1,TRESEGKRM052N
KOR,1959-07-01,146.9,TRESEGKRM052N
KOR,1959-08-01,148.4,TRESEGKRM052N
KOR,1959-09-01,149.0,TRESEGKRM052N
KOR,1959-10-01,149.9,TRESEGKRM052N
KOR,1959-11-01,145.1,TRESEGKRM052N
KOR,1959-12-01,145.5,TRESEGKRM052N
KOR,1960-01-01,144.1,TRESEGKRM052N
KOR,1960-02-01,142.0,TRESEGKRM052N
KOR,1960-03-01,139.3,TRESEGKRM052N
KOR,1960-04-01,139.1,TRESEGKRM052N
KOR,1960-05-01,134.0,TRESEGKRM052N
KOR,1960-06-01,137.3,TRESEGKRM052N
KOR,1960-07-01,139.0,TRESEGKRM052N
KOR,1960-08-01,142.8,TRESEGKRM052N
KOR,1960-09-01,147.6,TRESEGKRM052N
KOR,1960-10-01,151.6,TRESEGKRM052N
KOR,1960-11-01,153.0,TRESEGKRM052N
KOR,1960-12-01,155.2,TRESEGKRM052N
KOR,1961-01-01,155.3,TRESEGKRM052N
KOR,1961-02-01,153.2,TRESEGKRM052N
KOR,1961-03-01,167.9,TRESEGKRM052N
KOR,1961-04-01,170.9,TRESEGKRM052N
KOR,1961-05-01,174.3,TRESEGKRM052N
KOR,1961-06-01,177.5,TRESEGKRM052N
KOR,1961-07-01,181.5,TRESEGKRM052N
KOR,1961-08-01,193.9,TRESEGKRM052N
KOR,1961-09-01,196.8,TRESEGKRM052N
KOR,1961-10-01,200.8,TRESEGKRM052N
KOR,1961-11-01,205.6,TRESEGKRM052N
KOR,1961-12-01,205.2,TRESEGKRM052N
KOR,1962-01-01,208.4,TRESEGKRM052N
KOR,1962-02-01,212.1,TRESEGKRM052N
KOR,1962-03-01,211.8,TRESEGKRM052N
KOR,1962-04-01,206.2,TRESEGKRM052N
KOR,1962-05-01,198.0,TRESEGKRM052N
KOR,1962-06-01,192.4,TRESEGKRM052N
KOR,1962-07-01,184.5,TRESEGKRM052N
KOR,1962-08-01,177.2,TRESEGKRM052N
KOR,1962-09-01,172.3,TRESEGKRM052N
KOR,1962-10-01,168.5,TRESEGKRM052N
KOR,1962-11-01,164.8,TRESEGKRM052N
KOR,1962-12-01,166.8,TRESEGKRM052N
KOR,1963-01-01,152.5,TRESEGKRM052N
KOR,1963-02-01,139.8,TRESEGKRM052N
KOR,1963-03-01,137.0,TRESEGKRM052N
KOR,1963-04-01,129.3,TRESEGKRM052N
KOR,1963-05-01,120.8,TRESEGKRM052N
KOR,1963-06-01,109.5,TRESEGKRM052N
KOR,1963-07-01,105.8,TRESEGKRM052N
KOR,1963-08-01,106.7,TRESEGKRM052N
KOR,1963-09-01,105.4,TRESEGKRM052N
KOR,1963-10-01,106.2,TRESEGKRM052N
KOR,1963-11-01,119.6,TRESEGKRM052N
KOR,1963-12-01,129.6,TRESEGKRM052N
KOR,1964-01-01,134.1,TRESEGKRM052N
KOR,1964-02-01,133.8,TRESEGKRM052N
KOR,1964-03-01,133.3,TRESEGKRM052N
KOR,1964-04-01,130.8,TRESEGKRM052N
KOR,1964-05-01,131.6,TRESEGKRM052N
KOR,1964-06-01,132.28,TRESEGKRM052N
KOR,1964-07-01,128.88,TRESEGKRM052N
KOR,1964-08-01,124.88,TRESEGKRM052N
KOR,1964-09-01,125.68,TRESEGKRM052N
KOR,1964-10-01,131.48,TRESEGKRM052N
KOR,1964-11-01,128.68,TRESEGKRM052N
KOR,1964-12-01,133.58,TRESEGKRM052N
KOR,1965-01-01,136.18,TRESEGKRM052N
KOR,1965-02-01,133.98,TRESEGKRM052N
KOR,1965-03-01,121.68,TRESEGKRM052N
KOR,1965-04-01,119.59,TRESEGKRM052N
KOR,1965-05-01,117.29,TRESEGKRM052N
KOR,1965-06-01,114.69,TRESEGKRM052N
KOR,1965-07-01,114.69,TRESEGKRM052N
KOR,1965-08-01,118.29,TRESEGKRM052N
KOR,1965-09-01,123.49,TRESEGKRM052N
KOR,1965-10-01,128.29,TRESEGKRM052N
KOR,1965-11-01,134.59,TRESEGKRM052N
KOR,1965-12-01,142.99,TRESEGKRM052N
KOR,1966-01-01,146.99,TRESEGKRM052N
KOR,1966-02-01,149.3,TRESEGKRM052N
KOR,1966-03-01,154.8,TRESEGKRM052N
KOR,1966-04-01,160.1,TRESEGKRM052N
KOR,1966-05-01,155.8,TRESEGKRM052N
KOR,1966-06-01,166.9,TRESEGKRM052N
KOR,1966-07-01,175.0,TRESEGKRM052N
KOR,1966-08-01,186.0,TRESEGKRM052N
KOR,1966-09-01,196.8,TRESEGKRM052N
KOR,1966-10-01,210.0,TRESEGKRM052N
KOR,1966-11-01,223.4,TRESEGKRM052N
KOR,1966-12-01,241.81,TRESEGKRM052N
KOR,1967-01-01,252.0,TRESEGKRM052N
KOR,1967-02-01,268.0,TRESEGKRM052N
KOR,1967-03-01,271.1,TRESEGKRM052N
KOR,1967-04-01,294.0,TRESEGKRM052N
KOR,1967-05-01,312.0,TRESEGKRM052N
KOR,1967-06-01,302.8,TRESEGKRM052N
KOR,1967-07-01,309.7,TRESEGKRM052N
KOR,1967-08-01,309.22,TRESEGKRM052N
KOR,1967-09-01,301.32,TRESEGKRM052N
KOR,1967-10-01,314.82,TRESEGKRM052N
KOR,1967-11-01,330.22,TRESEGKRM052N
KOR,1967-12-01,353.22,TRESEGKRM052N
KOR,1968-01-01,357.82,TRESEGKRM052N
KOR,1968-02-01,359.82,TRESEGKRM052N
KOR,1968-03-01,374.22,TRESEGKRM052N
KOR,1968-04-01,386.52,TRESEGKRM052N
KOR,1968-05-01,386.52,TRESEGKRM052N
KOR,1968-06-01,376.22,TRESEGKRM052N
KOR,1968-07-01,380.52,TRESEGKRM052N
KOR,1968-08-01,350.02,TRESEGKRM052N
KOR,1968-09-01,358.82,TRESEGKRM052N
KOR,1968-10-01,367.32,TRESEGKRM052N
KOR,1968-11-01,355.02,TRESEGKRM052N
KOR,1968-12-01,387.72,TRESEGKRM052N
KOR,1969-01-01,382.92,TRESEGKRM052N
KOR,1969-02-01,377.42,TRESEGKRM052N
KOR,1969-03-01,373.12,TRESEGKRM052N
KOR,1969-04-01,372.22,TRESEGKRM052N
KOR,1969-05-01,389.32,TRESEGKRM052N
KOR,1969-06-01,408.82,TRESEGKRM052N
KOR,1969-07-01,443.22,TRESEGKRM052N
KOR,1969-08-01,471.22,TRESEGKRM052N
KOR,1969-09-01,529.12,TRESEGKRM052N
KOR,1969-10-01,522.62,TRESEGKRM052N
KOR,1969-11-01,524.32,TRESEGKRM052N
KOR,1969-12-01,549.52,TRESEGKRM052N
KOR,1970-01-01,537.92,TRESEGKRM052N
KOR,1970-02-01,542.46,TRESEGKRM052N
KOR,1970-03-01,550.91,TRESEGKRM052N
KOR,1970-04-01,551.69,TRESEGKRM052N
KOR,1970-05-01,557.79,TRESEGKRM052N
KOR,1970-06-01,598.59,TRESEGKRM052N
KOR,1970-07-01,599.99,TRESEGKRM052N
KOR,1970-08-01,614.39,TRESEGKRM052N
KOR,1970-09-01,614.79,TRESEGKRM052N
KOR,1970-10-01,584.91,TRESEGKRM052N
KOR,1970-11-01,586.91,TRESEGKRM052N
KOR,1970-12-01,606.31,TRESEGKRM052N
KOR,1971-01-01,590.5,TRESEGKRM052N
KOR,1971-02-01,563.1,TRESEGKRM052N
KOR,1971-03-01,566.7,TRESEGKRM052N
KOR,1971-04-01,566.93,TRESEGKRM052N
KOR,1971-05-01,570.43,TRESEGKRM052N
KOR,1971-06-01,578.03,TRESEGKRM052N
KOR,1971-07-01,575.53,TRESEGKRM052N
KOR,1971-08-01,571.93,TRESEGKRM052N
KOR,1971-09-01,568.63,TRESEGKRM052N
KOR,1971-10-01,553.13,TRESEGKRM052N
KOR,1971-11-01,568.33,TRESEGKRM052N
KOR,1971-12-01,433.5126649288,TRESEGKRM052N
KOR,1972-01-01,431.532690996,TRESEGKRM052N
KOR,1972-02-01,404.632690996,TRESEGKRM052N
KOR,1972-03-01,375.532690996,TRESEGKRM052N
KOR,1972-04-01,372.8978340393,TRESEGKRM052N
KOR,1972-05-01,380.6978340393,TRESEGKRM052N
KOR,1972-06-01,415.5978340393,TRESEGKRM052N
KOR,1972-07-01,457.5978340393,TRESEGKRM052N
KOR,1972-08-01,491.0978340393,TRESEGKRM052N
KOR,1972-09-01,521.8978340393,TRESEGKRM052N
KOR,1972-10-01,545.0978340393,TRESEGKRM052N
KOR,1972-11-01,548.0978340393,TRESEGKRM052N
KOR,1972-12-01,522.9978340393,TRESEGKRM052N
KOR,1973-01-01,569.0978340393,TRESEGKRM052N
KOR,1973-02-01,572.4528681423,TRESEGKRM052N
KOR,1973-03-01,514.2528681423,TRESEGKRM052N
KOR,1973-04-01,534.5769950499,TRESEGKRM052N
KOR,1973-05-01,574.4769950499,TRESEGKRM052N
KOR,1973-06-01,602.3769950499,TRESEGKRM052N
KOR,1973-07-01,622.2769950499,TRESEGKRM052N
KOR,1973-08-01,702.6769950499,TRESEGKRM052N
KOR,1973-09-01,792.5769950499,TRESEGKRM052N
KOR,1973-10-01,819.8769950499,TRESEGKRM052N
KOR,1973-11-01,884.9125219321,TRESEGKRM052N
KOR,1973-12-01,884.8125219321,TRESEGKRM052N
KOR,1974-01-01,881.8125219321,TRESEGKRM052N
KOR,1974-02-01,829.8125219321,TRESEGKRM052N
KOR,1974-03-01,763.0125219321,TRESEGKRM052N
KOR,1974-04-01,685.672839201,TRESEGKRM052N
KOR,1974-05-01,607.4366488397,TRESEGKRM052N
KOR,1974-06-01,569.0366488397,TRESEGKRM052N
KOR,1974-07-01,443.9807045225,TRESEGKRM052N
KOR,1974-08-01,394.5534809706,TRESEGKRM052N
KOR,1974-09-01,299.489039295,TRESEGKRM052N
KOR,1974-10-01,230.2953895063,TRESEGKRM052N
KOR,1974-11-01,205.3331853226,TRESEGKRM052N
KOR,1974-12-01,277.189602823,TRESEGKRM052N
KOR,1975-01-01,283.8477322022,TRESEGKRM052N
KOR,1975-02-01,321.9853001655,TRESEGKRM052N
KOR,1975-03-01,300.9196951207,TRESEGKRM052N
KOR,1975-04-01,441.197338368,TRESEGKRM052N
KOR,1975-05-01,434.2544561408,TRESEGKRM052N
KOR,1975-06-01,493.2281296791,TRESEGKRM052N
KOR,1975-07-01,548.367810017,TRESEGKRM052N
KOR,1975-08-01,644.154169935,TRESEGKRM052N
KOR,1975-09-01,719.9880150463,TRESEGKRM052N
KOR,1975-10-01,821.0506065282,TRESEGKRM052N
KOR,1975-11-01,835.4229003746,TRESEGKRM052N
KOR,1975-12-01,781.3217063566,TRESEGKRM052N
KOR,1976-01-01,786.0152895023,TRESEGKRM052N
KOR,1976-02-01,887.3563374464,TRESEGKRM052N
KOR,1976-03-01,962.2634081526,TRESEGKRM052N
KOR,1976-04-01,1038.4786615157,TRESEGKRM052N
KOR,1976-05-01,1104.8727399524,TRESEGKRM052N
KOR,1976-06-01,1178.2520028013,TRESEGKRM052N
KOR,1976-07-01,1324.2551239311,TRESEGKRM052N
KOR,1976-08-01,1429.5475315948,TRESEGKRM052N
KOR,1976-09-01,1544.8763121416,TRESEGKRM052N
KOR,1976-10-01,1743.595960838,TRESEGKRM052N
KOR,1976-11-01,1751.681832832,TRESEGKRM052N
KOR,1976-12-01,1970.0120726004,TRESEGKRM052N
KOR,1977-01-01,1973.5473398645,TRESEGKRM052N
KOR,1977-02-01,1953.6079996468,TRESEGKRM052N
KOR,1977-03-01,2087.5314539505,TRESEGKRM052N
KOR,1977-04-01,2138.3216705692,TRESEGKRM052N
KOR,1977-05-01,2325.7075714203,TRESEGKRM052N
KOR,1977-06-01,2384.6126391852,TRESEGKRM052N
KOR,1977-07-01,2632.1523692478,TRESEGKRM052N
KOR,1977-08-01,2725.6954733043,TRESEGKRM052N
KOR,1977-09-01,2909.6079585884,TRESEGKRM052N
KOR,1977-10-01,2957.2125716967,TRESEGKRM052N
KOR,1977-11-01,2887.5979716583,TRESEGKRM052N
KOR,1977-12-01,2967.0957145088,TRESEGKRM052N
KOR,1978-01-01,2978.5998639207,TRESEGKRM052N
KOR,1978-02-01,2884.416147171,TRESEGKRM052N
KOR,1978-03-01,2644.5162152957,TRESEGKRM052N
KOR,1978-04-01,2331.6839137141,TRESEGKRM052N
KOR,1978-05-01,2334.3855898934,TRESEGKRM052N
KOR,1978-06-01,2435.5191531897,TRESEGKRM052N
KOR,1978-07-01,2544.6169249766,TRESEGKRM052N
KOR,1978-08-01,2583.7578091599,TRESEGKRM052N
KOR,1978-09-01,2612.3887779075,TRESEGKRM052N
KOR,1978-10-01,2508.1170972018,TRESEGKRM052N
KOR,1978-11-01,2448.5147154617,TRESEGKRM052N
KOR,1978-12-01,2763.9139764304,TRESEGKRM052N
KOR,1979-01-01,2746.1373482321,TRESEGKRM052N
KOR,1979-02-01,2682.7011474182,TRESEGKRM052N
KOR,1979-03-01,2731.2439179217,TRESEGKRM052N
KOR,1979-04-01,2665.8927457619,TRESEGKRM052N
KOR,1979-05-01,2694.4403949571,TRESEGKRM052N
KOR,1979-06-01,2513.8938131727,TRESEGKRM052N
KOR,1979-07-01,2587.7935807618,TRESEGKRM052N
KOR,1979-08-01,2634.9763085006,TRESEGKRM052N
KOR,1979-09-01,2794.6789200431,TRESEGKRM052N
KOR,1979-10-01,3072.6904211531,TRESEGKRM052N
KOR,1979-11-01,2951.798103401,TRESEGKRM052N
KOR,1979-12-01,2959.1634217039,TRESEGKRM052N
KOR,1980-01-01,2795.6840204617,TRESEGKRM052N
KOR,1980-02-01,2738.0659714058,TRESEGKRM052N
KOR,1980-03-01,2696.600405435,TRESEGKRM052N
KOR,1980-04-01,2512.9862886507,TRESEGKRM052N
KOR,1980-05-01,2551.5108605485,TRESEGKRM052N
KOR,1980-06-01,2521.1651741332,TRESEGKRM052N
KOR,1980-07-01,3139.7113356453,TRESEGKRM052N
KOR,1980-08-01,3328.1382709634,TRESEGKRM052N
KOR,1980-09-01,3713.7994225608,TRESEGKRM052N
KOR,1980-10-01,3448.4429596408,TRESEGKRM052N
KOR,1980-11-01,3296.5236167399,TRESEGKRM052N
KOR,1980-12-01,2924.8628140864,TRESEGKRM052N
KOR,1981-01-01,2693.0465008084,TRESEGKRM052N
KOR,1981-02-01,2769.6214405739,TRESEGKRM052N
KOR,1981-03-01,2857.858742763,TRESEGKRM052N
KOR,1981-04-01,2941.9452392557,TRESEGKRM052N
KOR,1981-05-01,2732.3730573111,TRESEGKRM052N
KOR,1981-06-01,2438.3837926644,TRESEGKRM052N
KOR,1981-07-01,2337.0850134946,TRESEGKRM052N
KOR,1981-08-01,2473.2123420276,TRESEGKRM052N
KOR,1981-09-01,2607.7510570673,TRESEGKRM052N
KOR,1981-10-01,2664.0961136704,TRESEGKRM052N
KOR,1981-11-01,2731.4567691549,TRESEGKRM052N
KOR,1981-12-01,2681.6932258572,TRESEGKRM052N
KOR,1982-01-01,2818.3527089514,TRESEGKRM052N
KOR,1982-02-01,2821.3058147697,TRESEGKRM052N
KOR,1982-03-01,2828.928762269,TRESEGKRM052N
KOR,1982-04-01,3037.3084906863,TRESEGKRM052N
KOR,1982-05-01,2851.5889388803,TRESEGKRM052N
KOR,1982-06-01,2555.4166621877,TRESEGKRM052N
KOR,1982-07-01,2164.4056613814,TRESEGKRM052N
KOR,1982-08-01,2332.6155879052,TRESEGKRM052N
KOR,1982-09-01,2592.2261158073,TRESEGKRM052N
KOR,1982-10-01,2701.6014512367,TRESEGKRM052N
KOR,1982-11-01,2797.1076031467,TRESEGKRM052N
KOR,1982-12-01,2807.3154865958,TRESEGKRM052N
KOR,1983-01-01,2590.8005867062,TRESEGKRM052N
KOR,1983-02-01,2377.7798360863,TRESEGKRM052N
KOR,1983-03-01,2268.7185509278,TRESEGKRM052N
KOR,1983-04-01,1882.5181270697,TRESEGKRM052N
KOR,1983-05-01,2249.3362952862,TRESEGKRM052N
KOR,1983-06-01,2007.8990919452,TRESEGKRM052N
KOR,1983-07-01,2306.2806925127,TRESEGKRM052N
KOR,1983-08-01,2189.4225634681,TRESEGKRM052N
KOR,1983-09-01,2216.9371161083,TRESEGKRM052N
KOR,1983-10-01,2082.6392102185,TRESEGKRM052N
KOR,1983-11-01,2296.3816548722,TRESEGKRM052N
KOR,1983-12-01,2346.6962520203,TRESEGKRM052N
KOR,1984-01-01,1951.4866985224,TRESEGKRM052N
KOR,1984-02-01,1904.6250190877,TRESEGKRM052N
KOR,1984-03-01,1932.8443240766,TRESEGKRM052N
KOR,1984-04-01,2032.7240837858,TRESEGKRM052N
KOR,1984-05-01,2035.5516011558,TRESEGKRM052N
KOR,1984-06-01,2074.8097398245,TRESEGKRM052N
KOR,1984-07-01,2126.3057354208,TRESEGKRM052N
KOR,1984-08-01,2451.4073807491,TRESEGKRM052N
KOR,1984-09-01,2557.5465534466,TRESEGKRM052N
KOR,1984-10-01,2647.2805216466,TRESEGKRM052N
KOR,1984-11-01,2757.4748805366,TRESEGKRM052N
KOR,1984-12-01,2753.6080798972,TRESEGKRM052N
KOR,1985-01-01,2478.56537322,TRESEGKRM052N
KOR,1985-02-01,2542.1465508971,TRESEGKRM052N
KOR,1985-03-01,2196.1004758207,TRESEGKRM052N
KOR,1985-04-01,2126.1856815771,TRESEGKRM052N
KOR,1985-05-01,1907.7719789495,TRESEGKRM052N
KOR,1985-06-01,1972.9158687058,TRESEGKRM052N
KOR,1985-07-01,2146.8940662669,TRESEGKRM052N
KOR,1985-08-01,2358.9722521329,TRESEGKRM052N
KOR,1985-09-01,2623.6232813874,TRESEGKRM052N
KOR,1985-10-01,3055.4006215573,TRESEGKRM052N
KOR,1985-11-01,3063.7320302593,TRESEGKRM052N
KOR,1985-12-01,2869.3206502636,TRESEGKRM052N
KOR,1986-01-01,2261.1790704135,TRESEGKRM052N
KOR,1986-02-01,2580.7353052001,TRESEGKRM052N
KOR,1986-03-01,2616.6092688924,TRESEGKRM052N
KOR,1986-04-01,2802.0287521902,TRESEGKRM052N
KOR,1986-05-01,2671.7224947987,TRESEGKRM052N
KOR,1986-06-01,2714.2885387596,TRESEGKRM052N
KOR,1986-07-01,3589.3408600727,TRESEGKRM052N
KOR,1986-08-01,3611.7291414227,TRESEGKRM052N
KOR,1986-09-01,3827.1337280979,TRESEGKRM052N
KOR,1986-10-01,3824.5486964983,TRESEGKRM052N
KOR,1986-11-01,3693.7876646011,TRESEGKRM052N
KOR,1986-12-01,3319.5825021712,TRESEGKRM052N
KOR,1987-01-01,3792.6491317024,TRESEGKRM052N
KOR,1987-02-01,4034.5683244419,TRESEGKRM052N
KOR,1987-03-01,3507.7223185015,TRESEGKRM052N
KOR,1987-04-01,3448.1007210596,TRESEGKRM052N
KOR,1987-05-01,3359.4432936636,TRESEGKRM052N
KOR,1987-06-01,3327.0116811083,TRESEGKRM052N
KOR,1987-07-01,3294.8551087907,TRESEGKRM052N
KOR,1987-08-01,3410.1313608855,TRESEGKRM052N
KOR,1987-09-01,3506.6461911526,TRESEGKRM052N
KOR,1987-10-01,3598.2303454654,TRESEGKRM052N
KOR,1987-11-01,4487.526459315,TRESEGKRM052N
KOR,1987-12-01,3583.6785980791,TRESEGKRM052N
KOR,1988-01-01,4670.2767162221,TRESEGKRM052N
KOR,1988-02-01,5643.8086423954,TRESEGKRM052N
KOR,1988-03-01,6964.3636849188,TRESEGKRM052N
KOR,1988-04-01,7643.9008166655,TRESEGKRM052N
KOR,1988-05-01,8232.935215439,TRESEGKRM052N
KOR,1988-06-01,8984.1939711664,TRESEGKRM052N
KOR,1988-07-01,9560.7408650106,TRESEGKRM052N
KOR,1988-08-01,10684.3347833928,TRESEGKRM052N
KOR,1988-09-01,11726.7970992051,TRESEGKRM052N
KOR,1988-10-01,12657.6976217715,TRESEGKRM052N
KOR,1988-11-01,13742.6951781054,TRESEGKRM052N
KOR,1988-12-01,12346.6939093809,TRESEGKRM052N
KOR,1989-01-01,13373.4235337301,TRESEGKRM052N
KOR,1989-02-01,13462.4398245058,TRESEGKRM052N
KOR,1989-03-01,14090.5583631733,TRESEGKRM052N
KOR,1989-04-01,14882.3537489797,TRESEGKRM052N
KOR,1989-05-01,15696.5032583012,TRESEGKRM052N
KOR,1989-06-01,15771.4151261342,TRESEGKRM052N
KOR,1989-07-01,14682.7803270246,TRESEGKRM052N
KOR,1989-08-01,16625.003694701,TRESEGKRM052N
KOR,1989-09-01,17045.2340581287,TRESEGKRM052N
KOR,1989-10-01,17393.4292928519,TRESEGKRM052N
KOR,1989-11-01,17365.8213206794,TRESEGKRM052N
KOR,1989-12-01,15213.5741740479,TRESEGKRM052N
KOR,1990-01-01,13920.9139717384,TRESEGKRM052N
KOR,1990-02-01,13712.0633109914,TRESEGKRM052N
KOR,1990-03-01,13861.3141400213,TRESEGKRM052N
KOR,1990-04-01,14417.0159865585,TRESEGKRM052N
KOR,1990-05-01,14834.9049921936,TRESEGKRM052N
KOR,1990-06-01,14642.1511120525,TRESEGKRM052N
KOR,1990-07-01,15598.4071122279,TRESEGKRM052N
KOR,1990-08-01,15813.6029160257,TRESEGKRM052N
KOR,1990-09-01,15887.9693635984,TRESEGKRM052N
KOR,1990-10-01,16122.0244205345,TRESEGKRM052N
KOR,1990-11-01,16115.9287976715,TRESEGKRM052N
KOR,1990-12-01,14792.9980680315,TRESEGKRM052N
KOR,1991-01-01,14484.2720479784,TRESEGKRM052N
KOR,1991-02-01,14106.1625262799,TRESEGKRM052N
KOR,1991-03-01,12981.8607186612,TRESEGKRM052N
KOR,1991-04-01,13188.4950980129,TRESEGKRM052N
KOR,1991-05-01,13605.4339233038,TRESEGKRM052N
KOR,1991-06-01,13383.9637431974,TRESEGKRM052N
KOR,1991-07-01,13695.0944131693,TRESEGKRM052N
KOR,1991-08-01,13348.0153686744,TRESEGKRM052N
KOR,1991-09-01,13858.3128590971,TRESEGKRM052N
KOR,1991-10-01,13547.5613864633,TRESEGKRM052N
KOR,1991-11-01,13583.4395686632,TRESEGKRM052N
KOR,1991-12-01,13701.0993434322,TRESEGKRM052N
KOR,1992-01-01,13990.7167190666,TRESEGKRM052N
KOR,1992-02-01,14480.4899911622,TRESEGKRM052N
KOR,1992-03-01,14426.3983539095,TRESEGKRM052N
KOR,1992-04-01,15028.5844697696,TRESEGKRM052N
KOR,1992-05-01,15295.8654732815,TRESEGKRM052N
KOR,1992-06-01,14523.4266225867,TRESEGKRM052N
KOR,1992-07-01,15201.0931719716,TRESEGKRM052N
KOR,1992-08-01,15978.8423387755,TRESEGKRM052N
KOR,1992-09-01,15390.7676092848,TRESEGKRM052N
KOR,1992-10-01,15670.5489870232,TRESEGKRM052N
KOR,1992-11-01,16773.4437340041,TRESEGKRM052N
KOR,1992-12-01,17120.6155526833,TRESEGKRM052N
KOR,1993-01-01,17819.7202929593,TRESEGKRM052N
KOR,1993-02-01,18043.7422298367,TRESEGKRM052N
KOR,1993-03-01,18643.1592913551,TRESEGKRM052N
KOR,1993-04-01,19169.2881524278,TRESEGKRM052N
KOR,1993-05-01,19126.2500877796,TRESEGKRM052N
KOR,1993-06-01,18894.4831399168,TRESEGKRM052N
KOR,1993-07-01,18762.5664471644,TRESEGKRM052N
KOR,1993-08-01,18920.2550166869,TRESEGKRM052N
KOR,1993-09-01,19667.1421181557,TRESEGKRM052N
KOR,1993-10-01,19961.987231005,TRESEGKRM052N
KOR,1993-11-01,21430.4026418323,TRESEGKRM052N
KOR,1993-12-01,20228.1589872473,TRESEGKRM052N
KOR,1994-01-01,20510.4572819502,TRESEGKRM052N
KOR,1994-02-01,20711.5601725332,TRESEGKRM052N
KOR,1994-03-01,20721.8538973551,TRESEGKRM052N
KOR,1994-04-01,20980.4347520614,TRESEGKRM052N
KOR,1994-05-01,21370.2241442846,TRESEGKRM052N
KOR,1994-06-01,21684.7524008157,TRESEGKRM052N
KOR,1994-07-01,21512.7773406921,TRESEGKRM052N
KOR,1994-08-01,21996.2218241042,TRESEGKRM052N
KOR,1994-09-01,22343.3331264325,TRESEGKRM052N
KOR,1994-10-01,23680.706356794,TRESEGKRM052N
KOR,1994-11-01,23989.0581711495,TRESEGKRM052N
KOR,1994-12-01,25639.2573496758,TRESEGKRM052N
KOR,1995-01-01,26248.5806303752,TRESEGKRM052N
KOR,1995-02-01,26366.3399342765,TRESEGKRM052N
KOR,1995-03-01,26535.5148829392,TRESEGKRM052N
KOR,1995-04-01,27260.5416578184,TRESEGKRM052N
KOR,1995-05-01,27048.9095660889,TRESEGKRM052N
KOR,1995-06-01,28351.5171084027,TRESEGKRM052N
KOR,1995-07-01,30918.3797079299,TRESEGKRM052N
KOR,1995-08-01,31143.5917360676,TRESEGKRM052N
KOR,1995-09-01,31155.1060041876,TRESEGKRM052N
KOR,1995-10-01,32132.8637274771,TRESEGKRM052N
KOR,1995-11-01,33188.5531223992,TRESEGKRM052N
KOR,1995-12-01,32677.7367057711,TRESEGKRM052N
KOR,1996-01-01,33228.3102750514,TRESEGKRM052N
KOR,1996-02-01,35078.010486986,TRESEGKRM052N
KOR,1996-03-01,33418.4115223601,TRESEGKRM052N
KOR,1996-04-01,35893.7217683711,TRESEGKRM052N
KOR,1996-05-01,36203.7413206383,TRESEGKRM052N
KOR,1996-06-01,36527.1652162053,TRESEGKRM052N
KOR,1996-07-01,35029.867032661,TRESEGKRM052N
KOR,1996-08-01,33522.5370047797,TRESEGKRM052N
KOR,1996-09-01,32829.096771482,TRESEGKRM052N
KOR,1996-10-01,33031.3095270394,TRESEGKRM052N
KOR,1996-11-01,33121.6191462314,TRESEGKRM052N
KOR,1996-12-01,34037.1228781534,TRESEGKRM052N
KOR,1997-01-01,31742.6284980496,TRESEGKRM052N
KOR,1997-02-01,30512.0353921388,TRESEGKRM052N
KOR,1997-03-01,29893.0820443832,TRESEGKRM052N
KOR,1997-04-01,30666.5702746621,TRESEGKRM052N
KOR,1997-05-01,32656.1379330742,TRESEGKRM052N
KOR,1997-06-01,34069.8647505723,TRESEGKRM052N
KOR,1997-07-01,33410.2471279531,TRESEGKRM052N
KOR,1997-08-01,31104.6150664198,TRESEGKRM052N
KOR,1997-09-01,30389.2074439546,TRESEGKRM052N
KOR,1997-10-01,30473.131856181,TRESEGKRM052N
KOR,1997-11-01,24367.4930717785,TRESEGKRM052N
KOR,1997-12-01,20367.914256185,TRESEGKRM052N
KOR,1998-01-01,23478.4518199369,TRESEGKRM052N
KOR,1998-02-01,26675.5724360394,TRESEGKRM052N
KOR,1998-03-01,29683.4007406151,TRESEGKRM052N
KOR,1998-04-01,35478.5353429934,TRESEGKRM052N
KOR,1998-05-01,38695.7400909918,TRESEGKRM052N
KOR,1998-06-01,40835.076072159,TRESEGKRM052N
KOR,1998-07-01,42956.3665180299,TRESEGKRM052N
KOR,1998-08-01,45029.0658670611,TRESEGKRM052N
KOR,1998-09-01,46911.9880593454,TRESEGKRM052N
KOR,1998-10-01,48768.4983437809,TRESEGKRM052N
KOR,1998-11-01,49948.9450465185,TRESEGKRM052N
KOR,1998-12-01,51974.5231950888,TRESEGKRM052N
KOR,1999-01-01,53531.4334445153,TRESEGKRM052N
KOR,1999-02-01,55390.5460135082,TRESEGKRM052N
KOR,1999-03-01,57385.166015808,TRESEGKRM052N
KOR,1999-04-01,59197.2027793354,TRESEGKRM052N
KOR,1999-05-01,61342.0027197492,TRESEGKRM052N
KOR,1999-06-01,61920.3756219158,TRESEGKRM052N
KOR,1999-07-01,64877.8355447147,TRESEGKRM052N
KOR,1999-08-01,64717.5302286015,TRESEGKRM052N
KOR,1999-09-01,65415.1479317145,TRESEGKRM052N
KOR,1999-10-01,66147.2228136305,TRESEGKRM052N
KOR,1999-11-01,69613.7061323662,TRESEGKRM052N
KOR,1999-12-01,73987.2903471221,TRESEGKRM052N
KOR,2000-01-01,76721.1327463655,TRESEGKRM052N
KOR,2000-02-01,79659.7342668113,TRESEGKRM052N
KOR,2000-03-01,83581.3305753845,TRESEGKRM052N
KOR,2000-04-01,84545.4781446645,TRESEGKRM052N
KOR,2000-05-01,86750.6928246611,TRESEGKRM052N
KOR,2000-06-01,90111.8052869333,TRESEGKRM052N
KOR,2000-07-01,90285.8374214291,TRESEGKRM052N
KOR,2000-08-01,91367.6406585578,TRESEGKRM052N
KOR,2000-09-01,92467.2675803816,TRESEGKRM052N
KOR,2000-10-01,92627.985697965,TRESEGKRM052N
KOR,2000-11-01,93275.6249357735,TRESEGKRM052N
KOR,2000-12-01,96130.4596234075,TRESEGKRM052N
KOR,2001-01-01,95351.4867582647,TRESEGKRM052N
KOR,2001-02-01,95269.6995639187,TRESEGKRM052N
KOR,2001-03-01,94379.4642204576,TRESEGKRM052N
KOR,2001-04-01,93409.7386383112,TRESEGKRM052N
KOR,2001-05-01,93566.1288258571,TRESEGKRM052N
KOR,2001-06-01,94187.8770825678,TRESEGKRM052N
KOR,2001-07-01,96991.6854390538,TRESEGKRM052N
KOR,2001-08-01,98958.4319173577,TRESEGKRM052N
KOR,2001-09-01,100015.839169105,TRESEGKRM052N
KOR,2001-10-01,100405.8310715646,TRESEGKRM052N
KOR,2001-11-01,101584.5594363929,TRESEGKRM052N
KOR,2001-12-01,102753.2824914919,TRESEGKRM052N
KOR,2002-01-01,104233.584603012,TRESEGKRM052N
KOR,2002-02-01,105023.968622392,TRESEGKRM052N
KOR,2002-03-01,106023.4945615919,TRESEGKRM052N
KOR,2002-04-01,107586.4537555811,TRESEGKRM052N
KOR,2002-05-01,109561.4920505732,TRESEGKRM052N
KOR,2002-06-01,112370.0210780225,TRESEGKRM052N
KOR,2002-07-01,115424.813366607,TRESEGKRM052N
KOR,2002-08-01,116470.4076486019,TRESEGKRM052N
KOR,2002-09-01,116622.2032711535,TRESEGKRM052N
KOR,2002-10-01,116926.4553077491,TRESEGKRM052N
KOR,2002-11-01,118261.7307176631,TRESEGKRM052N
KOR,2002-12-01,121345.2494559188,TRESEGKRM052N
KOR,2003-01-01,122834.9323294671,TRESEGKRM052N
KOR,2003-02-01,123917.0937322133,TRESEGKRM052N
KOR,2003-03-01,123758.6529111956,TRESEGKRM052N
KOR,2003-04-01,123552.7111416033,TRESEGKRM052N
KOR,2003-05-01,128273.2565491751,TRESEGKRM052N
KOR,2003-06-01,131589.3603943697,TRESEGKRM052N
KOR,2003-07-01,132831.4836343187,TRESEGKRM052N
KOR,2003-08-01,136123.702940739,TRESEGKRM052N
KOR,2003-09-01,141472.1897715477,TRESEGKRM052N
KOR,2003-10-01,143245.4902670553,TRESEGKRM052N
KOR,2003-11-01,150272.8287646544,TRESEGKRM052N
KOR,2003-12-01,155284.2411176874,TRESEGKRM052N
KOR,2004-01-01,157374.5105306506,TRESEGKRM052N
KOR,2004-02-01,162935.0782082819,TRESEGKRM052N
KOR,2004-03-01,163487.8075923617,TRESEGKRM052N
KOR,2004-04-01,163568.7893297618,TRESEGKRM052N
KOR,2004-05-01,166471.2982346262,TRESEGKRM052N
KOR,2004-06-01,166957.7347296653,TRESEGKRM052N
KOR,2004-07-01,167935.4944491579,TRESEGKRM052N
KOR,2004-08-01,170421.1941789806,TRESEGKRM052N
KOR,2004-09-01,174376.1513495647,TRESEGKRM052N
KOR,2004-10-01,178318.7459735316,TRESEGKRM052N
KOR,2004-11-01,192532.2098015304,TRESEGKRM052N
KOR,2004-12-01,198996.564800159,TRESEGKRM052N
KOR,2005-01-01,199625.6845151373,TRESEGKRM052N
KOR,2005-02-01,202093.0665413499,TRESEGKRM052N
KOR,2005-03-01,205375.0318602789,TRESEGKRM052N
KOR,2005-04-01,206304.6925583695,TRESEGKRM052N
KOR,2005-05-01,206021.9520731101,TRESEGKRM052N
KOR,2005-06-01,204911.3064746462,TRESEGKRM052N
KOR,2005-07-01,205611.8396472573,TRESEGKRM052N
KOR,2005-08-01,206638.5197495504,TRESEGKRM052N
KOR,2005-09-01,206657.0194663072,TRESEGKRM052N
KOR,2005-10-01,207230.7414249776,TRESEGKRM052N
KOR,2005-11-01,208155.7225526218,TRESEGKRM052N
KOR,2005-12-01,210317.1768387503,TRESEGKRM052N
KOR,2006-01-01,216859.7214231099,TRESEGKRM052N
KOR,2006-02-01,215876.3739898486,TRESEGKRM052N
KOR,2006-03-01,217270.5253045587,TRESEGKRM052N
KOR,2006-04-01,222817.8221803787,TRESEGKRM052N
KOR,2006-05-01,224615.9521781422,TRESEGKRM052N
KOR,2006-06-01,225641.8559325645,TRESEGKRM052N
KOR,2006-07-01,225642.8819547243,TRESEGKRM052N
KOR,2006-08-01,226951.0802910364,TRESEGKRM052N
KOR,2006-09-01,228149.3799656005,TRESEGKRM052N
KOR,2006-10-01,229385.6802284588,TRESEGKRM052N
KOR,2006-11-01,234183.3037919337,TRESEGKRM052N
KOR,2006-12-01,238882.310981532,TRESEGKRM052N
KOR,2007-01-01,240154.1236189261,TRESEGKRM052N
KOR,2007-02-01,242737.5777246278,TRESEGKRM052N
KOR,2007-03-01,243840.3246704019,TRESEGKRM052N
KOR,2007-04-01,247185.0533366662,TRESEGKRM052N
KOR,2007-05-01,250667.086628462,TRESEGKRM052N
KOR,2007-06-01,250627.7102264564,TRESEGKRM052N
KOR,2007-07-01,254764.4510344954,TRESEGKRM052N
KOR,2007-08-01,255228.0158602488,TRESEGKRM052N
KOR,2007-09-01,257219.9022446899,TRESEGKRM052N
KOR,2007-10-01,260064.8389500439,TRESEGKRM052N
KOR,2007-11-01,261853.737593423,TRESEGKRM052N
KOR,2007-12-01,262150.1529639135,TRESEGKRM052N
KOR,2008-01-01,261797.3237838097,TRESEGKRM052N
KOR,2008-02-01,262292.2948903534,TRESEGKRM052N
KOR,2008-03-01,264170.9849781611,TRESEGKRM052N
KOR,2008-04-01,260407.8291681213,TRESEGKRM052N
KOR,2008-05-01,258123.9227619112,TRESEGKRM052N
KOR,2008-06-01,258024.0067791792,TRESEGKRM052N
KOR,2008-07-01,247447.7785635094,TRESEGKRM052N
KOR,2008-08-01,243124.7431263766,TRESEGKRM052N
KOR,2008-09-01,239597.0204248414,TRESEGKRM052N
KOR,2008-10-01,212173.8909187107,TRESEGKRM052N
KOR,2008-11-01,200428.2886295359,TRESEGKRM052N
KOR,2008-12-01,201144.4819760735,TRESEGKRM052N
KOR,2009-01-01,201659.9208242575,TRESEGKRM052N
KOR,2009-02-01,201458.0503153366,TRESEGKRM052N
KOR,2009-03-01,206266.9596960813,TRESEGKRM052N
KOR,2009-04-01,212402.0363083255,TRESEGKRM052N
KOR,2009-05-01,226697.7049524278,TRESEGKRM052N
KOR,2009-06-01,231657.78684882,TRESEGKRM052N
KOR,2009-07-01,237433.0224829056,TRESEGKRM052N
KOR,2009-08-01,245386.6959473427,TRESEGKRM052N
KOR,2009-09-01,254189.6629458081,TRESEGKRM052N
KOR,2009-10-01,264117.2864978425,TRESEGKRM052N
KOR,2009-11-01,270813.5769926576,TRESEGKRM052N
KOR,2009-12-01,269932.9312498507,TRESEGKRM052N
KOR,2010-01-01,273607.3424989688,TRESEGKRM052N
KOR,2010-02-01,270590.5600352954,TRESEGKRM052N
KOR,2010-03-01,272248.2037064739,TRESEGKRM052N
KOR,2010-04-01,278802.8494017305,TRESEGKRM052N
KOR,2010-05-01,270142.1488451218,TRESEGKRM052N
KOR,2010-06-01,274150.8386043361,TRESEGKRM052N
KOR,2010-07-01,285869.5528862905,TRESEGKRM052N
KOR,2010-08-01,285273.5944971761,TRESEGKRM052N
KOR,2010-09-01,289706.9466046847,TRESEGKRM052N
KOR,2010-10-01,293274.5410497203,TRESEGKRM052N
KOR,2010-11-01,290134.6014406748,TRESEGKRM052N
KOR,2010-12-01,291491.117611862,TRESEGKRM052N
KOR,2011-01-01,295869.2474393102,TRESEGKRM052N
KOR,2011-02-01,297598.3304961649,TRESEGKRM052N
KOR,2011-03-01,298555.916723377,TRESEGKRM052N
KOR,2011-04-01,307122.7509556392,TRESEGKRM052N
KOR,2011-05-01,305031.0043483272,TRESEGKRM052N
KOR,2011-06-01,304415.7706181331,TRESEGKRM052N
KOR,2011-07-01,309700.919288378,TRESEGKRM052N
KOR,2011-08-01,310877.4883835025,TRESEGKRM052N
KOR,2011-09-01,302042.4051122074,TRESEGKRM052N
KOR,2011-10-01,309614.4750442847,TRESEGKRM052N
KOR,2011-11-01,306453.878412019,TRESEGKRM052N
KOR,2011-12-01,304254.938469971,TRESEGKRM052N
KOR,2012-01-01,309188.3704183121,TRESEGKRM052N
KOR,2012-02-01,313641.8559605268,TRESEGKRM052N
KOR,2012-03-01,313800.9266481375,TRESEGKRM052N
KOR,2012-04-01,314674.7825909411,TRESEGKRM052N
KOR,2012-05-01,308699.8548151959,TRESEGKRM052N
KOR,2012-06-01,310239.0260027468,TRESEGKRM052N
KOR,2012-07-01,311369.9630892088,TRESEGKRM052N
KOR,2012-08-01,313911.3807095509,TRESEGKRM052N
KOR,2012-09-01,319044.0689285997,TRESEGKRM052N
KOR,2012-10-01,320490.7025874813,TRESEGKRM052N
KOR,2012-11-01,322331.3537712886,TRESEGKRM052N
KOR,2012-12-01,323207.0839674849,TRESEGKRM052N
KOR,2013-01-01,325151.477730815,TRESEGKRM052N
KOR,2013-02-01,322603.0153946739,TRESEGKRM052N
KOR,2013-03-01,322618.7922702152,TRESEGKRM052N
KOR,2013-04-01,324004.1576910732,TRESEGKRM052N
KOR,2013-05-01,323308.7140278696,TRESEGKRM052N
KOR,2013-06-01,321631.0931129774,TRESEGKRM052N
KOR,2013-07-01,324893.9603666654,TRESEGKRM052N
KOR,2013-08-01,326280.3268245644,TRESEGKRM052N
KOR,2013-09-01,332117.7714054813,TRESEGKRM052N
KOR,2013-10-01,338394.3582914556,TRESEGKRM052N
KOR,2013-11-01,340201.9354324248,TRESEGKRM052N
KOR,2013-12-01,341649.679569216,TRESEGKRM052N
KOR,2014-01-01,343568.3565968733,TRESEGKRM052N
KOR,2014-02-01,347005.1515755597,TRESEGKRM052N
KOR,2014-03-01,349538.435821922,TRESEGKRM052N
KOR,2014-04-01,351031.8769848595,TRESEGKRM052N
KOR,2014-05-01,356101.5883396678,TRESEGKRM052N
KOR,2014-06-01,361742.5101777961,TRESEGKRM052N
KOR,2014-07-01,363209.2546843119,TRESEGKRM052N
KOR,2014-08-01,362725.144998512,TRESEGKRM052N
KOR,2014-09-01,359579.4707440793,TRESEGKRM052N
KOR,2014-10-01,358904.8453343386,TRESEGKRM052N
KOR,2014-11-01,358286.154899846,TRESEGKRM052N
KOR,2014-12-01,358784.9662873618,TRESEGKRM052N
KOR,2015-01-01,357380.5797075688,TRESEGKRM052N
KOR,2015-02-01,357536.8381349832,TRESEGKRM052N
KOR,2015-03-01,357928.3265308558,TRESEGKRM052N
KOR,2015-04-01,365124.3980423092,TRESEGKRM052N
KOR,2015-05-01,366699.9452816739,TRESEGKRM052N
KOR,2015-06-01,369951.7728716414,TRESEGKRM052N
KOR,2015-07-01,366014.6949121339,TRESEGKRM052N
KOR,2015-08-01,363114.0046311823,TRESEGKRM052N
KOR,2015-09-01,363301.1345030777,TRESEGKRM052N
KOR,2015-10-01,364804.7504027692,TRESEGKRM052N
KOR,2015-11-01,363649.910233028,TRESEGKRM052N
KOR,2015-12-01,363149.3303646065,TRESEGKRM052N
KOR,2016-01-01,362478.3849567504,TRESEGKRM052N
KOR,2016-02-01,360927.7193748943,TRESEGKRM052N
KOR,2016-03-01,365037.7062662528,TRESEGKRM052N
KOR,2016-04-01,367683.9414380117,TRESEGKRM052N
KOR,2016-05-01,366078.7724262507,TRESEGKRM052N
KOR,2016-06-01,365090.2655941394,TRESEGKRM052N
KOR,2016-07-01,366584.8598902615,TRESEGKRM052N
KOR,2016-08-01,370646.1714569873,TRESEGKRM052N
KOR,2016-09-01,372953.9629228673,TRESEGKRM052N
KOR,2016-10-01,370364.905019091,TRESEGKRM052N
KOR,2016-11-01,367182.7532059289,TRESEGKRM052N
KOR,2016-12-01,366307.9503740684,TRESEGKRM052N
KOR,2017-01-01,369243.2504492613,TRESEGKRM052N
KOR,2017-02-01,369104.3667018349,TRESEGKRM052N
KOR,2017-03-01,370483.3189253136,TRESEGKRM052N
KOR,2017-04-01,371771.2877792268,TRESEGKRM052N
KOR,2017-05-01,373660.3990129683,TRESEGKRM052N
KOR,2017-06-01,375762.0667810888,TRESEGKRM052N
KOR,2017-07-01,378938.3476864774,TRESEGKRM052N
KOR,2017-08-01,379996.4640718765,TRESEGKRM052N
KOR,2017-09-01,379854.2987726799,TRESEGKRM052N
KOR,2017-10-01,379641.7377680232,TRESEGKRM052N
KOR,2017-11-01,382422.0529794057,TRESEGKRM052N
KOR,2017-12-01,384453.1533183837,TRESEGKRM052N
KOR,2018-01-01,390908.6897451376,TRESEGKRM052N
KOR,2018-02-01,389927.6879839535,TRESEGKRM052N
KOR,2018-03-01,391901.7106796032,TRESEGKRM052N
KOR,2018-04-01,393570.5328081624,TRESEGKRM052N
KOR,2018-05-01,394138.1107417161,TRESEGKRM052N
KOR,2018-06-01,395418.7622822654,TRESEGKRM052N
KOR,2018-07-01,397543.4537412248,TRESEGKRM052N
KOR,2018-08-01,396217.6055173366,TRESEGKRM052N
KOR,2018-09-01,398063.8410020524,TRESEGKRM052N
KOR,2018-10-01,397839.3215303743,TRESEGKRM052N
KOR,2018-11-01,398078.9310952046,TRESEGKRM052N
KOR,2018-12-01,398780.3297417022,TRESEGKRM052N
KOR,2019-01-01,400587.0589224434,TRESEGKRM052N
KOR,2019-02-01,399735.2938696527,TRESEGKRM052N
KOR,2019-03-01,400314.7540886551,TRESEGKRM052N
KOR,2019-04-01,398986.2848516711,TRESEGKRM052N
KOR,2019-05-01,396919.5901705768,TRESEGKRM052N
KOR,2019-06-01,398016.3976725079,TRESEGKRM052N
KOR,2019-07-01,398052.0507765387,TRESEGKRM052N
KOR,2019-08-01,396414.2190328894,TRESEGKRM052N
KOR,2019-09-01,398253.8891630201,TRESEGKRM052N
KOR,2019-10-01,401283.3666636247,TRESEGKRM052N
KOR,2019-11-01,402393.9481177948,TRESEGKRM052N
KOR,2019-12-01,403704.7463138558,TRESEGKRM052N
KOR,2020-01-01,404547.0907366993,TRESEGKRM052N
KOR,2020-02-01,404034.7903261694,TRESEGKRM052N
KOR,2020-03-01,395038.3064740272,TRESEGKRM052N
KOR,2020-04-01,398510.8018860038,TRESEGKRM052N
KOR,2020-05-01,401410.9049525213,TRESEGKRM052N
KOR,2020-06-01,404799.1487662074,TRESEGKRM052N
KOR,2020-07-01,410593.40472643,TRESEGKRM052N
KOR,2020-08-01,412984.4463954652,TRESEGKRM052N
KOR,2020-09-01,414590.6065598318,TRESEGKRM052N
KOR,2020-10-01,420544.8316119797,TRESEGKRM052N
KOR,2020-11-01,430424.5423550779,TRESEGKRM052N
KOR,2020-12-01,437112.5926143033,TRESEGKRM052N
KOR,2021-01-01,436754.1600583813,TRESEGKRM052N
KOR,2021-02-01,441529.9213144578,TRESEGKRM052N
KOR,2021-03-01,440162.8918284357,TRESEGKRM052N
KOR,2021-04-01,446318.0287363312,TRESEGKRM052N
KOR,2021-05-01,450469.7425141613,TRESEGKRM052N
KOR,2021-06-01,448131.2877675215,TRESEGKRM052N
KOR,2021-07-01,452713.795151004,TRESEGKRM052N
KOR,2021-08-01,457985.9949591552,TRESEGKRM052N
KOR,2021-09-01,457948.8878994855,TRESEGKRM052N
KOR,2021-10-01,463271.2894508665,TRESEGKRM052N
KOR,2021-11-01,457996.2895183504,TRESEGKRM052N
KOR,2021-12-01,457169.3799369119,TRESEGKRM052N
KOR,2022-01-01,455583.8824834427,TRESEGKRM052N
KOR,2022-02-01,455833.5771014233,TRESEGKRM052N
KOR,2022-03-01,451865.3721522574,TRESEGKRM052N
KOR,2022-04-01,443460.7564199602,TRESEGKRM052N
KOR,2022-05-01,441813.3302455241,TRESEGKRM052N
KOR,2022-06-01,432319.7261041937,TRESEGKRM052N
KOR,2022-07-01,432821.2101064068,TRESEGKRM052N
KOR,2022-08-01,430529.6459833688,TRESEGKRM052N
KOR,2022-09-01,410980.2076789791,TRESEGKRM052N
KOR,2022-10-01,408128.7038869611,TRESEGKRM052N
KOR,2022-11-01,410240.3100063375,TRESEGKRM052N
KOR,2022-12-01,417280.0904345498,TRESEGKRM052N
KOR,2023-01-01,424026.4850893226,TRESEGKRM052N
KOR,2023-02-01,419443.9041513048,TRESEGKRM052N
KOR,2023-03-01,419972.2291489184,TRESEGKRM052N
KOR,2023-04-01,420531.8021479796,TRESEGKRM052N
KOR,2023-05-01,414860.1227976042,TRESEGKRM052N
KOR,2023-06-01,415323.7580634445,TRESEGKRM052N
KOR,2023-07-01,415718.9546030039,TRESEGKRM052N
KOR,2023-08-01,412228.7354186123,TRESEGKRM052N
KOR,2023-09-01,408085.3592315805,TRESEGKRM052N
KOR,2023-10-01,406854.4663741662,TRESEGKRM052N
KOR,2023-11-01,410959.4872306357,TRESEGKRM052N
KOR,2023-12-01,414004.4558859849,TRESEGKRM052N
KOR,2024-01-01,409630.9581914901,TRESEGKRM052N
KOR,2024-02-01,409633.3867627376,TRESEGKRM052N
KOR,2024-03-01,413141.8519731801,TRESEGKRM052N
KOR,2024-04-01,407146.3216324295,TRESEGKRM052N
KOR,2024-05-01,406727.3594603269,TRESEGKRM052N
KOR,2024-06-01,406109.3210886832,TRESEGKRM052N
KOR,2024-07-01,407440.3826322278,TRESEGKRM052N
KOR,2024-08-01,409770.6935919678,TRESEGKRM052N
KOR,2024-09-01,413851.59641169,TRESEGKRM052N
KOR,2024-10-01,409616.885730183,TRESEGKRM052N
KOR,2024-11-01,409307.0577964283,TRESEGKRM052N
KOR,2024-12-01,409457.2481167461,TRESEGKRM052N
KOR,2025-01-01,404837.9816043386,TRESEGKRM052N
KOR,2025-02-01,402989.8554931801,TRESEGKRM052N
KOR,2025-03-01,403524.1926124143,TRESEGKRM052N
KOR,2025-04-01,398460.8280294684,TRESEGKRM052N
KOR,2025-05-01,398428.163623337,TRESEGKRM052N
KOR,2025-06-01,403999.6028466612,TRESEGKRM052N
KOR,2025-07-01,405014.449173331,TRESEGKRM052N
KOR,2025-08-01,410037.8926474432,TRESEGKRM052N
KOR,2025-09-01,415801.2686778419,TRESEGKRM052N
KOR,2025-10-01,422616.4374805308,TRESEGKRM052N
KOR,2025-11-01,424524.7577814338,TRESEGKRM052N
KOR,2025-12-01,421905.4149197362,TRESEGKRM052N
KOR,2026-01-01,419762.8450224291,TRESEGKRM052N
KOR,2026-02-01,421404.0461755671,TRESEGKRM052N
KOR,2026-03-01,417445.958587066,TRESEGKRM052N
KOR,2026-04-01,421814.0514306981,TRESEGKRM052N
KOR,2026-05-01,420981.1478988984,TRESEGKRM052N
KOR,2026-06-01,421335.0691987952,TRESEGKRM052N
MEX,1950-12-01,89.0,TRESEGMXM052N
MEX,1951-12-01,88.5,TRESEGMXM052N
MEX,1952-12-01,137.56,TRESEGMXM052N
MEX,1953-12-01,91.58,TRESEGMXM052N
MEX,1954-12-01,147.08,TRESEGMXM052N
MEX,1955-12-01,298.5,TRESEGMXM052N
MEX,1956-12-01,344.5,TRESEGMXM052N
MEX,1957-01-01,346.5,TRESEGMXM052N
MEX,1957-02-01,338.5,TRESEGMXM052N
MEX,1957-03-01,315.5,TRESEGMXM052N
MEX,1957-04-01,304.5,TRESEGMXM052N
MEX,1957-05-01,293.5,TRESEGMXM052N
MEX,1957-06-01,263.5,TRESEGMXM052N
MEX,1957-07-01,259.5,TRESEGMXM052N
MEX,1957-08-01,295.5,TRESEGMXM052N
MEX,1957-09-01,264.5,TRESEGMXM052N
MEX,1957-10-01,259.5,TRESEGMXM052N
MEX,1957-11-01,266.5,TRESEGMXM052N
MEX,1957-12-01,295.5,TRESEGMXM052N
MEX,1958-01-01,289.5,TRESEGMXM052N
MEX,1958-02-01,284.5,TRESEGMXM052N
MEX,1958-03-01,263.5,TRESEGMXM052N
MEX,1958-04-01,256.5,TRESEGMXM052N
MEX,1958-05-01,242.5,TRESEGMXM052N
MEX,1958-06-01,202.5,TRESEGMXM052N
MEX,1958-07-01,194.5,TRESEGMXM052N
MEX,1958-08-01,214.5,TRESEGMXM052N
MEX,1958-09-01,217.5,TRESEGMXM052N
MEX,1958-10-01,224.5,TRESEGMXM052N
MEX,1958-11-01,221.5,TRESEGMXM052N
MEX,1958-12-01,247.5,TRESEGMXM052N
MEX,1959-01-01,232.5,TRESEGMXM052N
MEX,1959-02-01,217.5,TRESEGMXM052N
MEX,1959-03-01,233.0,TRESEGMXM052N
MEX,1959-04-01,257.5,TRESEGMXM052N
MEX,1959-05-01,281.5,TRESEGMXM052N
MEX,1959-06-01,257.5,TRESEGMXM052N
MEX,1959-07-01,261.5,TRESEGMXM052N
MEX,1959-08-01,264.5,TRESEGMXM052N
MEX,1959-09-01,242.5,TRESEGMXM052N
MEX,1959-10-01,249.5,TRESEGMXM052N
MEX,1959-11-01,287.0,TRESEGMXM052N
MEX,1959-12-01,316.0,TRESEGMXM052N
MEX,1960-01-01,292.0,TRESEGMXM052N
MEX,1960-02-01,309.0,TRESEGMXM052N
MEX,1960-03-01,325.0,TRESEGMXM052N
MEX,1960-04-01,314.0,TRESEGMXM052N
MEX,1960-05-01,300.0,TRESEGMXM052N
MEX,1960-06-01,294.0,TRESEGMXM052N
MEX,1960-07-01,288.0,TRESEGMXM052N
MEX,1960-08-01,291.0,TRESEGMXM052N
MEX,1960-09-01,275.0,TRESEGMXM052N
MEX,1960-10-01,266.0,TRESEGMXM052N
MEX,1960-11-01,271.0,TRESEGMXM052N
MEX,1960-12-01,306.0,TRESEGMXM052N
MEX,1961-01-01,269.0,TRESEGMXM052N
MEX,1961-02-01,238.0,TRESEGMXM052N
MEX,1961-03-01,222.0,TRESEGMXM052N
MEX,1961-04-01,240.0,TRESEGMXM052N
MEX,1961-05-01,209.0,TRESEGMXM052N
MEX,1961-06-01,198.0,TRESEGMXM052N
MEX,1961-07-01,197.0,TRESEGMXM052N
MEX,1961-08-01,236.0,TRESEGMXM052N
MEX,1961-09-01,228.0,TRESEGMXM052N
MEX,1961-10-01,229.0,TRESEGMXM052N
MEX,1961-11-01,255.0,TRESEGMXM052N
MEX,1961-12-01,301.0,TRESEGMXM052N
MEX,1962-01-01,277.0,TRESEGMXM052N
MEX,1962-02-01,269.0,TRESEGMXM052N
MEX,1962-03-01,298.0,TRESEGMXM052N
MEX,1962-04-01,290.0,TRESEGMXM052N
MEX,1962-05-01,274.0,TRESEGMXM052N
MEX,1962-06-01,252.0,TRESEGMXM052N
MEX,1962-07-01,255.0,TRESEGMXM052N
MEX,1962-08-01,275.0,TRESEGMXM052N
MEX,1962-09-01,266.0,TRESEGMXM052N
MEX,1962-10-01,265.0,TRESEGMXM052N
MEX,1962-11-01,309.0,TRESEGMXM052N
MEX,1962-12-01,333.0,TRESEGMXM052N
MEX,1963-01-01,346.0,TRESEGMXM052N
MEX,1963-02-01,364.0,TRESEGMXM052N
MEX,1963-03-01,351.0,TRESEGMXM052N
MEX,1963-04-01,362.0,TRESEGMXM052N
MEX,1963-05-01,354.0,TRESEGMXM052N
MEX,1963-06-01,348.0,TRESEGMXM052N
MEX,1963-07-01,399.0,TRESEGMXM052N
MEX,1963-08-01,391.0,TRESEGMXM052N
MEX,1963-09-01,375.0,TRESEGMXM052N
MEX,1963-10-01,368.0,TRESEGMXM052N
MEX,1963-11-01,367.0,TRESEGMXM052N
MEX,1963-12-01,409.0,TRESEGMXM052N
MEX,1964-01-01,414.0,TRESEGMXM052N
MEX,1964-02-01,416.0,TRESEGMXM052N
MEX,1964-03-01,405.0,TRESEGMXM052N
MEX,1964-04-01,391.0,TRESEGMXM052N
MEX,1964-05-01,355.0,TRESEGMXM052N
MEX,1964-06-01,343.0,TRESEGMXM052N
MEX,1964-07-01,351.0,TRESEGMXM052N
MEX,1964-08-01,364.0,TRESEGMXM052N
MEX,1964-09-01,335.0,TRESEGMXM052N
MEX,1964-10-01,344.0,TRESEGMXM052N
MEX,1964-11-01,414.0,TRESEGMXM052N
MEX,1964-12-01,418.0,TRESEGMXM052N
MEX,1965-01-01,383.0,TRESEGMXM052N
MEX,1965-02-01,395.0,TRESEGMXM052N
MEX,1965-03-01,412.0,TRESEGMXM052N
MEX,1965-04-01,341.0,TRESEGMXM052N
MEX,1965-05-01,355.5,TRESEGMXM052N
MEX,1965-06-01,328.5,TRESEGMXM052N
MEX,1965-07-01,316.5,TRESEGMXM052N
MEX,1965-08-01,372.5,TRESEGMXM052N
MEX,1965-09-01,359.5,TRESEGMXM052N
MEX,1965-10-01,348.5,TRESEGMXM052N
MEX,1965-11-01,372.5,TRESEGMXM052N
MEX,1965-12-01,379.5,TRESEGMXM052N
MEX,1966-01-01,376.5,TRESEGMXM052N
MEX,1966-02-01,380.5,TRESEGMXM052N
MEX,1966-03-01,411.0,TRESEGMXM052N
MEX,1966-04-01,420.0,TRESEGMXM052N
MEX,1966-05-01,394.5,TRESEGMXM052N
MEX,1966-06-01,399.5,TRESEGMXM052N
MEX,1966-07-01,396.5,TRESEGMXM052N
MEX,1966-08-01,381.5,TRESEGMXM052N
MEX,1966-09-01,358.99,TRESEGMXM052N
MEX,1966-10-01,341.99,TRESEGMXM052N
MEX,1966-11-01,404.99,TRESEGMXM052N
MEX,1966-12-01,454.99,TRESEGMXM052N
MEX,1967-01-01,380.99,TRESEGMXM052N
MEX,1967-02-01,411.99,TRESEGMXM052N
MEX,1967-03-01,398.99,TRESEGMXM052N
MEX,1967-04-01,399.99,TRESEGMXM052N
MEX,1967-05-01,378.99,TRESEGMXM052N
MEX,1967-06-01,369.99,TRESEGMXM052N
MEX,1967-07-01,360.99,TRESEGMXM052N
MEX,1967-08-01,323.99,TRESEGMXM052N
MEX,1967-09-01,361.99,TRESEGMXM052N
MEX,1967-10-01,344.99,TRESEGMXM052N
MEX,1967-11-01,379.99,TRESEGMXM052N
MEX,1967-12-01,420.0,TRESEGMXM052N
MEX,1968-01-01,427.01,TRESEGMXM052N
MEX,1968-02-01,432.58,TRESEGMXM052N
MEX,1968-03-01,436.58,TRESEGMXM052N
MEX,1968-04-01,438.58,TRESEGMXM052N
MEX,1968-05-01,470.58,TRESEGMXM052N
MEX,1968-06-01,433.56,TRESEGMXM052N
MEX,1968-07-01,451.56,TRESEGMXM052N
MEX,1968-08-01,444.51,TRESEGMXM052N
MEX,1968-09-01,424.51,TRESEGMXM052N
MEX,1968-10-01,450.92,TRESEGMXM052N
MEX,1968-11-01,464.92,TRESEGMXM052N
MEX,1968-12-01,491.92,TRESEGMXM052N
MEX,1969-01-01,475.92,TRESEGMXM052N
MEX,1969-02-01,475.92,TRESEGMXM052N
MEX,1969-03-01,492.92,TRESEGMXM052N
MEX,1969-04-01,494.42,TRESEGMXM052N
MEX,1969-05-01,501.22,TRESEGMXM052N
MEX,1969-06-01,507.22,TRESEGMXM052N
MEX,1969-07-01,501.22,TRESEGMXM052N
MEX,1969-08-01,449.73,TRESEGMXM052N
MEX,1969-09-01,466.04,TRESEGMXM052N
MEX,1969-10-01,474.38,TRESEGMXM052N
MEX,1969-11-01,456.39,TRESEGMXM052N
MEX,1969-12-01,493.39,TRESEGMXM052N
MEX,1970-01-01,571.05,TRESEGMXM052N
MEX,1970-02-01,536.05,TRESEGMXM052N
MEX,1970-03-01,551.25,TRESEGMXM052N
MEX,1970-04-01,578.6,TRESEGMXM052N
MEX,1970-05-01,547.25,TRESEGMXM052N
MEX,1970-06-01,524.25,TRESEGMXM052N
MEX,1970-07-01,518.25,TRESEGMXM052N
MEX,1970-08-01,523.13,TRESEGMXM052N
MEX,1970-09-01,476.35,TRESEGMXM052N
MEX,1970-10-01,444.1,TRESEGMXM052N
MEX,1970-11-01,491.1,TRESEGMXM052N
MEX,1970-12-01,568.1,TRESEGMXM052N
MEX,1971-01-01,621.69,TRESEGMXM052N
MEX,1971-02-01,636.89,TRESEGMXM052N
MEX,1971-03-01,663.09,TRESEGMXM052N
MEX,1971-04-01,672.52,TRESEGMXM052N
MEX,1971-05-01,666.17,TRESEGMXM052N
MEX,1971-06-01,695.72,TRESEGMXM052N
MEX,1971-07-01,712.93,TRESEGMXM052N
MEX,1971-08-01,737.91,TRESEGMXM052N
MEX,1971-09-01,708.91,TRESEGMXM052N
MEX,1971-10-01,772.14,TRESEGMXM052N
MEX,1971-11-01,763.14,TRESEGMXM052N
MEX,1971-12-01,752.0954347778,TRESEGMXM052N
MEX,1972-01-01,820.688127946,TRESEGMXM052N
MEX,1972-02-01,849.688127946,TRESEGMXM052N
MEX,1972-03-01,858.6772707721,TRESEGMXM052N
MEX,1972-04-01,970.7315566416,TRESEGMXM052N
MEX,1972-05-01,947.8726999021,TRESEGMXM052N
MEX,1972-06-01,986.8726999021,TRESEGMXM052N
MEX,1972-07-01,1042.8726999021,TRESEGMXM052N
MEX,1972-08-01,1014.8726999021,TRESEGMXM052N
MEX,1972-09-01,951.8726999021,TRESEGMXM052N
MEX,1972-10-01,857.883557076,TRESEGMXM052N
MEX,1972-11-01,850.883557076,TRESEGMXM052N
MEX,1972-12-01,975.883557076,TRESEGMXM052N
MEX,1973-01-01,1046.8509855544,TRESEGMXM052N
MEX,1973-02-01,1111.0550096774,TRESEGMXM052N
MEX,1973-03-01,1073.0550096774,TRESEGMXM052N
MEX,1973-04-01,1084.1153269463,TRESEGMXM052N
MEX,1973-05-01,1052.2118345765,TRESEGMXM052N
MEX,1973-06-01,1026.2118345765,TRESEGMXM052N
MEX,1973-07-01,988.2118345765,TRESEGMXM052N
MEX,1973-08-01,999.2118345765,TRESEGMXM052N
MEX,1973-09-01,894.2118345765,TRESEGMXM052N
MEX,1973-10-01,816.1997711227,TRESEGMXM052N
MEX,1973-11-01,981.2118345765,TRESEGMXM052N
MEX,1973-12-01,1160.2118345765,TRESEGMXM052N
MEX,1974-01-01,1095.2118345765,TRESEGMXM052N
MEX,1974-02-01,1084.2118345765,TRESEGMXM052N
MEX,1974-03-01,1384.2118345765,TRESEGMXM052N
MEX,1974-04-01,1395.2600883917,TRESEGMXM052N
MEX,1974-05-01,1401.3324691143,TRESEGMXM052N
MEX,1974-06-01,1392.3324691143,TRESEGMXM052N
MEX,1974-07-01,1152.5691467034,TRESEGMXM052N
MEX,1974-08-01,1099.4224389251,TRESEGMXM052N
MEX,1974-09-01,1202.0057460119,TRESEGMXM052N
MEX,1974-10-01,1126.7961235567,TRESEGMXM052N
MEX,1974-11-01,1338.4727240906,TRESEGMXM052N
MEX,1974-12-01,1237.6335769108,TRESEGMXM052N
MEX,1975-01-01,1233.9321459927,TRESEGMXM052N
MEX,1975-02-01,1259.8043133888,TRESEGMXM052N
MEX,1975-03-01,1318.8771740761,TRESEGMXM052N
MEX,1975-04-01,1296.7310560653,TRESEGMXM052N
MEX,1975-05-01,1318.1030874808,TRESEGMXM052N
MEX,1975-06-01,1240.7403655841,TRESEGMXM052N
MEX,1975-07-01,1379.4254207403,TRESEGMXM052N
MEX,1975-08-01,1246.5202149295,TRESEGMXM052N
MEX,1975-09-01,1171.3583149158,TRESEGMXM052N
MEX,1975-10-01,1259.2419695946,TRESEGMXM052N
MEX,1975-11-01,1582.5253175975,TRESEGMXM052N
MEX,1975-12-01,1383.4597178894,TRESEGMXM052N
MEX,1976-01-01,1277.0837991341,TRESEGMXM052N
MEX,1976-02-01,1445.0812853863,TRESEGMXM052N
MEX,1976-03-01,1354.798187131,TRESEGMXM052N
MEX,1976-04-01,1135.9684251714,TRESEGMXM052N
MEX,1976-05-01,1195.6365175683,TRESEGMXM052N
MEX,1976-06-01,1365.3308771164,TRESEGMXM052N
MEX,1976-07-01,1025.4852678784,TRESEGMXM052N
MEX,1976-08-01,1021.1901312012,TRESEGMXM052N
MEX,1976-09-01,715.2465983549,TRESEGMXM052N
MEX,1976-10-01,502.0173437669,TRESEGMXM052N
MEX,1976-11-01,1359.9888467299,TRESEGMXM052N
MEX,1976-12-01,1187.9991751008,TRESEGMXM052N
MEX,1977-01-01,1438.7675298208,TRESEGMXM052N
MEX,1977-02-01,1378.3616943186,TRESEGMXM052N
MEX,1977-03-01,1353.7977257761,TRESEGMXM052N
MEX,1977-04-01,1413.6975814961,TRESEGMXM052N
MEX,1977-05-01,1214.9110899926,TRESEGMXM052N
MEX,1977-06-01,1370.381880155,TRESEGMXM052N
MEX,1977-07-01,1529.6943713064,TRESEGMXM052N
MEX,1977-08-01,1526.790628301,TRESEGMXM052N
MEX,1977-09-01,1584.8755018441,TRESEGMXM052N
MEX,1977-10-01,1649.7226300483,TRESEGMXM052N
MEX,1977-11-01,1625.4306407605,TRESEGMXM052N
MEX,1977-12-01,1648.8971382062,TRESEGMXM052N
MEX,1978-01-01,1835.0051522018,TRESEGMXM052N
MEX,1978-02-01,1667.3808928598,TRESEGMXM052N
MEX,1978-03-01,1690.5429003123,TRESEGMXM052N
MEX,1978-04-01,1722.8813144346,TRESEGMXM052N
MEX,1978-05-01,1681.5255255102,TRESEGMXM052N
MEX,1978-06-01,1626.2919332246,TRESEGMXM052N
MEX,1978-07-01,1650.071484427,TRESEGMXM052N
MEX,1978-08-01,1716.9739484623,TRESEGMXM052N
MEX,1978-09-01,1697.14757886,TRESEGMXM052N
MEX,1978-10-01,1654.2211867404,TRESEGMXM052N
MEX,1978-11-01,1759.2174040974,TRESEGMXM052N
MEX,1978-12-01,1841.5121291012,TRESEGMXM052N
MEX,1979-01-01,1958.3969408528,TRESEGMXM052N
MEX,1979-02-01,1978.3882946814,TRESEGMXM052N
MEX,1979-03-01,2030.053737803,TRESEGMXM052N
MEX,1979-04-01,2074.8196352201,TRESEGMXM052N
MEX,1979-05-01,1926.9336990051,TRESEGMXM052N
MEX,1979-06-01,1941.4449611181,TRESEGMXM052N
MEX,1979-07-01,1950.7906443835,TRESEGMXM052N
MEX,1979-08-01,1942.8303753837,TRESEGMXM052N
MEX,1979-09-01,1886.9755955512,TRESEGMXM052N
MEX,1979-10-01,1972.2182580408,TRESEGMXM052N
MEX,1979-11-01,1927.293656245,TRESEGMXM052N
MEX,1979-12-01,2071.7087249552,TRESEGMXM052N
MEX,1980-01-01,2257.6602900842,TRESEGMXM052N
MEX,1980-02-01,2238.2398960472,TRESEGMXM052N
MEX,1980-03-01,2257.4243034163,TRESEGMXM052N
MEX,1980-04-01,2326.4494726891,TRESEGMXM052N
MEX,1980-05-01,2403.5133103838,TRESEGMXM052N
MEX,1980-06-01,2492.8259104915,TRESEGMXM052N
MEX,1980-07-01,2541.7491475279,TRESEGMXM052N
MEX,1980-08-01,2604.5584714524,TRESEGMXM052N
MEX,1980-09-01,2679.6118595567,TRESEGMXM052N
MEX,1980-10-01,2747.9932663364,TRESEGMXM052N
MEX,1980-11-01,2873.2459212308,TRESEGMXM052N
MEX,1980-12-01,2959.8924575567,TRESEGMXM052N
MEX,1981-01-01,3049.5738728878,TRESEGMXM052N
MEX,1981-02-01,3104.9753389457,TRESEGMXM052N
MEX,1981-03-01,3178.8052560201,TRESEGMXM052N
MEX,1981-04-01,3275.6230706906,TRESEGMXM052N
MEX,1981-05-01,3411.9072190535,TRESEGMXM052N
MEX,1981-06-01,2609.3788361949,TRESEGMXM052N
MEX,1981-07-01,2933.7873596066,TRESEGMXM052N
MEX,1981-08-01,3668.7783067518,TRESEGMXM052N
MEX,1981-09-01,2816.367633481,TRESEGMXM052N
MEX,1981-10-01,2769.073767491,TRESEGMXM052N
MEX,1981-11-01,3145.0382794024,TRESEGMXM052N
MEX,1981-12-01,4074.3537262441,TRESEGMXM052N
MEX,1982-01-01,2758.3443530479,TRESEGMXM052N
MEX,1982-02-01,2243.0676132523,TRESEGMXM052N
MEX,1982-03-01,2626.0667853963,TRESEGMXM052N
MEX,1982-04-01,1580.4459845703,TRESEGMXM052N
MEX,1982-05-01,3261.419514398,TRESEGMXM052N
MEX,1982-06-01,1557.1808748929,TRESEGMXM052N
MEX,1982-07-01,1629.1906342917,TRESEGMXM052N
MEX,1982-08-01,1315.123212902,TRESEGMXM052N
MEX,1982-09-01,1153.0425504622,TRESEGMXM052N
MEX,1982-10-01,926.9677888939,TRESEGMXM052N
MEX,1982-11-01,819.0964667107,TRESEGMXM052N
MEX,1982-12-01,833.8905938092,TRESEGMXM052N
MEX,1983-01-01,1252.8030377137,TRESEGMXM052N
MEX,1983-02-01,1462.1771373776,TRESEGMXM052N
MEX,1983-03-01,2102.164960576,TRESEGMXM052N
MEX,1983-04-01,2195.4130531237,TRESEGMXM052N
MEX,1983-05-01,2395.851091337,TRESEGMXM052N
MEX,1983-06-01,2524.8439990608,TRESEGMXM052N
MEX,1983-07-01,3213.0950068617,TRESEGMXM052N
MEX,1983-08-01,2407.7834534637,TRESEGMXM052N
MEX,1983-09-01,3060.7926275082,TRESEGMXM052N
MEX,1983-10-01,2936.1539765435,TRESEGMXM052N
MEX,1983-11-01,4090.0840459732,TRESEGMXM052N
MEX,1983-12-01,3912.9186516442,TRESEGMXM052N
MEX,1984-01-01,4353.8165931893,TRESEGMXM052N
MEX,1984-02-01,4588.2810619289,TRESEGMXM052N
MEX,1984-03-01,4716.6509520328,TRESEGMXM052N
MEX,1984-04-01,4929.0575917226,TRESEGMXM052N
MEX,1984-05-01,5232.3467847627,TRESEGMXM052N
MEX,1984-06-01,6078.6786321966,TRESEGMXM052N
MEX,1984-07-01,6161.358666464,TRESEGMXM052N
MEX,1984-08-01,6318.1903541946,TRESEGMXM052N
MEX,1984-09-01,7011.030969031,TRESEGMXM052N
MEX,1984-10-01,6950.0059574897,TRESEGMXM052N
MEX,1984-11-01,8053.0890410281,TRESEGMXM052N
MEX,1984-12-01,7272.0386496663,TRESEGMXM052N
MEX,1985-01-01,6914.1407400196,TRESEGMXM052N
MEX,1985-02-01,6123.115130001,TRESEGMXM052N
MEX,1985-03-01,6866.1189532119,TRESEGMXM052N
MEX,1985-04-01,6680.0693818081,TRESEGMXM052N
MEX,1985-05-01,6490.3574620197,TRESEGMXM052N
MEX,1985-06-01,6119.3593818632,TRESEGMXM052N
MEX,1985-07-01,4881.404572709,TRESEGMXM052N
MEX,1985-08-01,4671.4141472708,TRESEGMXM052N
MEX,1985-09-01,4889.4237602365,TRESEGMXM052N
MEX,1985-10-01,5027.185031185,TRESEGMXM052N
MEX,1985-11-01,4908.3935458481,TRESEGMXM052N
MEX,1985-12-01,4906.39543058,TRESEGMXM052N
MEX,1986-01-01,5270.8234596705,TRESEGMXM052N
MEX,1986-02-01,5313.3583210834,TRESEGMXM052N
MEX,1986-03-01,5002.7626475878,TRESEGMXM052N
MEX,1986-04-01,5205.4756382559,TRESEGMXM052N
MEX,1986-05-01,4490.8762760326,TRESEGMXM052N
MEX,1986-06-01,3460.7837148551,TRESEGMXM052N
MEX,1986-07-01,2922.1204854161,TRESEGMXM052N
MEX,1986-08-01,3446.1051296022,TRESEGMXM052N
MEX,1986-09-01,3334.3033538805,TRESEGMXM052N
MEX,1986-10-01,3713.5220058619,TRESEGMXM052N
MEX,1986-11-01,4139.6158017041,TRESEGMXM052N
MEX,1986-12-01,5669.8192482233,TRESEGMXM052N
MEX,1987-01-01,6365.9135505134,TRESEGMXM052N
MEX,1987-02-01,6740.3034057293,TRESEGMXM052N
MEX,1987-03-01,7740.3085507116,TRESEGMXM052N
MEX,1987-04-01,11467.0356872273,TRESEGMXM052N
MEX,1987-05-01,11700.0366677388,TRESEGMXM052N
MEX,1987-06-01,12551.5701761112,TRESEGMXM052N
MEX,1987-07-01,12701.6939414292,TRESEGMXM052N
MEX,1987-08-01,13307.7276677184,TRESEGMXM052N
MEX,1987-09-01,13313.8346961496,TRESEGMXM052N
MEX,1987-10-01,13158.3068234362,TRESEGMXM052N
MEX,1987-11-01,12929.5133189543,TRESEGMXM052N
MEX,1987-12-01,12464.0817999972,TRESEGMXM052N
MEX,1988-01-01,12313.9444687363,TRESEGMXM052N
MEX,1988-02-01,12539.80571623,TRESEGMXM052N
MEX,1988-03-01,14523.8003828919,TRESEGMXM052N
MEX,1988-04-01,14884.4243200222,TRESEGMXM052N
MEX,1988-05-01,14268.3149080785,TRESEGMXM052N
MEX,1988-06-01,12855.2673656619,TRESEGMXM052N
MEX,1988-07-01,10474.4508634549,TRESEGMXM052N
MEX,1988-08-01,10913.5160829072,TRESEGMXM052N
MEX,1988-09-01,8590.5813977496,TRESEGMXM052N
MEX,1988-10-01,7645.6402912556,TRESEGMXM052N
MEX,1988-11-01,5484.7864511457,TRESEGMXM052N
MEX,1988-12-01,5278.6833039523,TRESEGMXM052N
MEX,1989-01-01,5471.8408536745,TRESEGMXM052N
MEX,1989-02-01,5635.9811819431,TRESEGMXM052N
MEX,1989-03-01,5100.3820080924,TRESEGMXM052N
MEX,1989-04-01,5089.7275883961,TRESEGMXM052N
MEX,1989-05-01,4335.0828255192,TRESEGMXM052N
MEX,1989-06-01,4845.5569847442,TRESEGMXM052N
MEX,1989-07-01,5490.4105832368,TRESEGMXM052N
MEX,1989-08-01,5482.2139286738,TRESEGMXM052N
MEX,1989-09-01,6863.6669823515,TRESEGMXM052N
MEX,1989-10-01,6815.2922384932,TRESEGMXM052N
MEX,1989-11-01,6467.587455091,TRESEGMXM052N
MEX,1989-12-01,6329.1051068415,TRESEGMXM052N
MEX,1990-01-01,5561.3233648824,TRESEGMXM052N
MEX,1990-02-01,7922.680989189,TRESEGMXM052N
MEX,1990-03-01,4318.5188750423,TRESEGMXM052N
MEX,1990-04-01,5027.850528153,TRESEGMXM052N
MEX,1990-05-01,5488.1758091814,TRESEGMXM052N
MEX,1990-06-01,6507.5743486549,TRESEGMXM052N
MEX,1990-07-01,6825.7482588152,TRESEGMXM052N
MEX,1990-08-01,7133.6083322939,TRESEGMXM052N
MEX,1990-09-01,7578.2212783735,TRESEGMXM052N
MEX,1990-10-01,8176.3064728438,TRESEGMXM052N
MEX,1990-11-01,9428.4167843742,TRESEGMXM052N
MEX,1990-12-01,9862.8954773726,TRESEGMXM052N
MEX,1991-01-01,10562.7164050618,TRESEGMXM052N
MEX,1991-02-01,11477.9292005228,TRESEGMXM052N
MEX,1991-03-01,11610.3333871858,TRESEGMXM052N
MEX,1991-04-01,13158.2862084685,TRESEGMXM052N
MEX,1991-05-01,13659.5022794315,TRESEGMXM052N
MEX,1991-06-01,13998.8860583117,TRESEGMXM052N
MEX,1991-07-01,14399.2777940823,TRESEGMXM052N
MEX,1991-08-01,13929.2836419547,TRESEGMXM052N
MEX,1991-09-01,16444.3269493844,TRESEGMXM052N
MEX,1991-10-01,17294.8073354378,TRESEGMXM052N
MEX,1991-11-01,19692.9591306989,TRESEGMXM052N
MEX,1991-12-01,17725.5183166688,TRESEGMXM052N
MEX,1992-01-01,17959.9160902676,TRESEGMXM052N
MEX,1992-02-01,19088.2234865223,TRESEGMXM052N
MEX,1992-03-01,18517.5692729767,TRESEGMXM052N
MEX,1992-04-01,19375.6045530504,TRESEGMXM052N
MEX,1992-05-01,18857.7987349372,TRESEGMXM052N
MEX,1992-06-01,18943.1995763743,TRESEGMXM052N
MEX,1992-07-01,18961.7553578649,TRESEGMXM052N
MEX,1992-08-01,18840.9498628349,TRESEGMXM052N
MEX,1992-09-01,19212.6850005891,TRESEGMXM052N
MEX,1992-10-01,18589.7820504169,TRESEGMXM052N
MEX,1992-11-01,18913.9340790751,TRESEGMXM052N
MEX,1992-12-01,18941.9658063718,TRESEGMXM052N
MEX,1993-01-01,21220.0882885373,TRESEGMXM052N
MEX,1993-02-01,21567.099570656,TRESEGMXM052N
MEX,1993-03-01,21267.555971766,TRESEGMXM052N
MEX,1993-04-01,24521.3288997636,TRESEGMXM052N
MEX,1993-05-01,24232.7872526066,TRESEGMXM052N
MEX,1993-06-01,22980.6641603926,TRESEGMXM052N
MEX,1993-07-01,22939.4796862809,TRESEGMXM052N
MEX,1993-08-01,22974.9515895102,TRESEGMXM052N
MEX,1993-09-01,23065.5521567504,TRESEGMXM052N
MEX,1993-10-01,23224.1369203398,TRESEGMXM052N
MEX,1993-11-01,19194.4890122214,TRESEGMXM052N
MEX,1993-12-01,25109.6051643518,TRESEGMXM052N
MEX,1994-01-01,26629.5624644477,TRESEGMXM052N
MEX,1994-02-01,29315.7616781759,TRESEGMXM052N
MEX,1994-03-01,25885.2173421705,TRESEGMXM052N
MEX,1994-04-01,17669.6736842629,TRESEGMXM052N
MEX,1994-05-01,17433.6481184891,TRESEGMXM052N
MEX,1994-06-01,16508.9767797553,TRESEGMXM052N
MEX,1994-07-01,16709.0765855743,TRESEGMXM052N
MEX,1994-08-01,17077.4254433587,TRESEGMXM052N
MEX,1994-09-01,16374.4648174724,TRESEGMXM052N
MEX,1994-10-01,17666.8063850002,TRESEGMXM052N
MEX,1994-11-01,12888.5757671196,TRESEGMXM052N
MEX,1994-12-01,6278.238053264,TRESEGMXM052N
MEX,1995-01-01,4439.879886412,TRESEGMXM052N
MEX,1995-02-01,9573.7370840164,TRESEGMXM052N
MEX,1995-03-01,6940.0714110493,TRESEGMXM052N
MEX,1995-04-01,9004.8118252676,TRESEGMXM052N
MEX,1995-05-01,10996.0389259228,TRESEGMXM052N
MEX,1995-06-01,10069.5917080165,TRESEGMXM052N
MEX,1995-07-01,14234.2266000848,TRESEGMXM052N
MEX,1995-08-01,15829.101650697,TRESEGMXM052N
MEX,1995-09-01,16472.8661560245,TRESEGMXM052N
MEX,1995-10-01,14545.8143363583,TRESEGMXM052N
MEX,1995-11-01,14620.6846034954,TRESEGMXM052N
MEX,1995-12-01,16846.8089102877,TRESEGMXM052N
MEX,1996-01-01,16053.936151835,TRESEGMXM052N
MEX,1996-02-01,16494.4172778837,TRESEGMXM052N
MEX,1996-03-01,16877.513210056,TRESEGMXM052N
MEX,1996-04-01,16375.2031599599,TRESEGMXM052N
MEX,1996-05-01,16861.2806796156,TRESEGMXM052N
MEX,1996-06-01,16471.8179525632,TRESEGMXM052N
MEX,1996-07-01,17940.0193486551,TRESEGMXM052N
MEX,1996-08-01,17450.0383243955,TRESEGMXM052N
MEX,1996-09-01,17139.5996392926,TRESEGMXM052N
MEX,1996-10-01,18294.7298905349,TRESEGMXM052N
MEX,1996-11-01,18751.3862674708,TRESEGMXM052N
MEX,1996-12-01,19432.7233305341,TRESEGMXM052N
MEX,1997-01-01,20314.9514562335,TRESEGMXM052N
MEX,1997-02-01,21317.0112713333,TRESEGMXM052N
MEX,1997-03-01,21055.9507571713,TRESEGMXM052N
MEX,1997-04-01,22561.0531353865,TRESEGMXM052N
MEX,1997-05-01,24490.2722778244,TRESEGMXM052N
MEX,1997-06-01,23774.7753367972,TRESEGMXM052N
MEX,1997-07-01,24565.5571063104,TRESEGMXM052N
MEX,1997-08-01,25841.3280037526,TRESEGMXM052N
MEX,1997-09-01,26966.2457803347,TRESEGMXM052N
MEX,1997-10-01,28102.0268519057,TRESEGMXM052N
MEX,1997-11-01,27001.6890975227,TRESEGMXM052N
MEX,1997-12-01,28797.4668556517,TRESEGMXM052N
MEX,1998-01-01,29185.5452276687,TRESEGMXM052N
MEX,1998-02-01,29047.3102631337,TRESEGMXM052N
MEX,1998-03-01,30118.0992310642,TRESEGMXM052N
MEX,1998-04-01,31138.793367718,TRESEGMXM052N
MEX,1998-05-01,30968.8063811746,TRESEGMXM052N
MEX,1998-06-01,30645.9081852657,TRESEGMXM052N
MEX,1998-07-01,31679.0097979311,TRESEGMXM052N
MEX,1998-08-01,29773.6750913381,TRESEGMXM052N
MEX,1998-09-01,29265.8379631471,TRESEGMXM052N
MEX,1998-10-01,30674.7876942642,TRESEGMXM052N
MEX,1998-11-01,29765.6155453515,TRESEGMXM052N
MEX,1998-12-01,31799.0310856572,TRESEGMXM052N
MEX,1999-01-01,31680.5537393978,TRESEGMXM052N
MEX,1999-02-01,31494.1000396014,TRESEGMXM052N
MEX,1999-03-01,31284.0584177345,TRESEGMXM052N
MEX,1999-04-01,31469.6185030315,TRESEGMXM052N
MEX,1999-05-01,31145.6855091595,TRESEGMXM052N
MEX,1999-06-01,31346.2654019509,TRESEGMXM052N
MEX,1999-07-01,32060.3342896432,TRESEGMXM052N
MEX,1999-08-01,32066.912381302,TRESEGMXM052N
MEX,1999-09-01,32584.5205052309,TRESEGMXM052N
MEX,1999-10-01,32267.4631679231,TRESEGMXM052N
MEX,1999-11-01,31650.1769489102,TRESEGMXM052N
MEX,1999-12-01,31782.1905129215,TRESEGMXM052N
MEX,2000-01-01,33642.7342545518,TRESEGMXM052N
MEX,2000-02-01,33311.8555385914,TRESEGMXM052N
MEX,2000-03-01,36371.4371750667,TRESEGMXM052N
MEX,2000-04-01,34684.884346266,TRESEGMXM052N
MEX,2000-05-01,33566.0235226719,TRESEGMXM052N
MEX,2000-06-01,32974.2850584458,TRESEGMXM052N
MEX,2000-07-01,34322.8444473046,TRESEGMXM052N
MEX,2000-08-01,32882.0967925449,TRESEGMXM052N
MEX,2000-09-01,34108.1107347229,TRESEGMXM052N
MEX,2000-10-01,35270.7217223544,TRESEGMXM052N
MEX,2000-11-01,34689.9455702953,TRESEGMXM052N
MEX,2000-12-01,35508.8419260105,TRESEGMXM052N
MEX,2001-01-01,39421.4008209816,TRESEGMXM052N
MEX,2001-02-01,39105.9350892907,TRESEGMXM052N
MEX,2001-03-01,40233.9449738478,TRESEGMXM052N
MEX,2001-04-01,40309.3596242622,TRESEGMXM052N
MEX,2001-05-01,40561.0195746922,TRESEGMXM052N
MEX,2001-06-01,40758.6820632914,TRESEGMXM052N
MEX,2001-07-01,40820.3985325642,TRESEGMXM052N
MEX,2001-08-01,41167.7244998783,TRESEGMXM052N
MEX,2001-09-01,42805.9465396564,TRESEGMXM052N
MEX,2001-10-01,43369.8428324212,TRESEGMXM052N
MEX,2001-11-01,43858.3736701437,TRESEGMXM052N
MEX,2001-12-01,44740.742121561,TRESEGMXM052N
MEX,2002-01-01,47222.5730961031,TRESEGMXM052N
MEX,2002-02-01,47058.4079198307,TRESEGMXM052N
MEX,2002-03-01,46197.9298050702,TRESEGMXM052N
MEX,2002-04-01,45080.7908575529,TRESEGMXM052N
MEX,2002-05-01,44911.257677485,TRESEGMXM052N
MEX,2002-06-01,45524.5705073196,TRESEGMXM052N
MEX,2002-07-01,46055.9384859942,TRESEGMXM052N
MEX,2002-08-01,46488.7182578244,TRESEGMXM052N
MEX,2002-09-01,46607.8721762145,TRESEGMXM052N
MEX,2002-10-01,46067.3805196402,TRESEGMXM052N
MEX,2002-11-01,46770.9763069635,TRESEGMXM052N
MEX,2002-12-01,50594.4467597124,TRESEGMXM052N
MEX,2003-01-01,51501.0217256164,TRESEGMXM052N
MEX,2003-02-01,51953.6505580757,TRESEGMXM052N
MEX,2003-03-01,53883.2247790931,TRESEGMXM052N
MEX,2003-04-01,55035.0012050854,TRESEGMXM052N
MEX,2003-05-01,55691.1771244262,TRESEGMXM052N
MEX,2003-06-01,55197.9268042518,TRESEGMXM052N
MEX,2003-07-01,54134.9445748813,TRESEGMXM052N
MEX,2003-08-01,53937.5622050761,TRESEGMXM052N
MEX,2003-09-01,54789.9588315739,TRESEGMXM052N
MEX,2003-10-01,56164.5239941529,TRESEGMXM052N
MEX,2003-11-01,57251.7025369914,TRESEGMXM052N
MEX,2003-12-01,58955.6416444202,TRESEGMXM052N
MEX,2004-01-01,62952.7184405731,TRESEGMXM052N
MEX,2004-02-01,63062.6849298737,TRESEGMXM052N
MEX,2004-03-01,61590.7989436812,TRESEGMXM052N
MEX,2004-04-01,60303.253906877,TRESEGMXM052N
MEX,2004-05-01,60277.1982185842,TRESEGMXM052N
MEX,2004-06-01,60408.7172463598,TRESEGMXM052N
MEX,2004-07-01,60278.1587297315,TRESEGMXM052N
MEX,2004-08-01,61030.0336893887,TRESEGMXM052N
MEX,2004-09-01,62208.5808901903,TRESEGMXM052N
MEX,2004-10-01,60909.3111285083,TRESEGMXM052N
MEX,2004-11-01,63688.7445573775,TRESEGMXM052N
MEX,2004-12-01,64140.6965674203,TRESEGMXM052N
MEX,2005-01-01,65019.5674156922,TRESEGMXM052N
MEX,2005-02-01,64005.8146853481,TRESEGMXM052N
MEX,2005-03-01,64054.2330826875,TRESEGMXM052N
MEX,2005-04-01,62755.0241281797,TRESEGMXM052N
MEX,2005-05-01,61882.1002471981,TRESEGMXM052N
MEX,2005-06-01,65550.6728997225,TRESEGMXM052N
MEX,2005-07-01,66437.7963404005,TRESEGMXM052N
MEX,2005-08-01,68179.2319726372,TRESEGMXM052N
MEX,2005-09-01,69930.2574149517,TRESEGMXM052N
MEX,2005-10-01,71153.6533200506,TRESEGMXM052N
MEX,2005-11-01,72730.6892541291,TRESEGMXM052N
MEX,2005-12-01,74054.1373486702,TRESEGMXM052N
MEX,2006-01-01,76742.9155163912,TRESEGMXM052N
MEX,2006-02-01,75569.9023156603,TRESEGMXM052N
MEX,2006-03-01,75949.4603732888,TRESEGMXM052N
MEX,2006-04-01,78372.4982254679,TRESEGMXM052N
MEX,2006-05-01,81382.5335115825,TRESEGMXM052N
MEX,2006-06-01,84873.8688355634,TRESEGMXM052N
MEX,2006-07-01,82990.5922240644,TRESEGMXM052N
MEX,2006-08-01,83637.159778074,TRESEGMXM052N
MEX,2006-09-01,83389.6163641873,TRESEGMXM052N
MEX,2006-10-01,77515.9373479543,TRESEGMXM052N
MEX,2006-11-01,77004.7894696718,TRESEGMXM052N
MEX,2006-12-01,76270.5460233582,TRESEGMXM052N
MEX,2007-01-01,76762.4241300489,TRESEGMXM052N
MEX,2007-02-01,76589.1367201697,TRESEGMXM052N
MEX,2007-03-01,75772.9134418201,TRESEGMXM052N
MEX,2007-04-01,77497.698343641,TRESEGMXM052N
MEX,2007-05-01,77937.7830245849,TRESEGMXM052N
MEX,2007-06-01,77863.7835114689,TRESEGMXM052N
MEX,2007-07-01,78171.9320494164,TRESEGMXM052N
MEX,2007-08-01,79397.4450817987,TRESEGMXM052N
MEX,2007-09-01,82070.4533616194,TRESEGMXM052N
MEX,2007-10-01,83639.9663347018,TRESEGMXM052N
MEX,2007-11-01,85449.8123264954,TRESEGMXM052N
MEX,2007-12-01,87109.2362139551,TRESEGMXM052N
MEX,2008-01-01,90677.7471066202,TRESEGMXM052N
MEX,2008-02-01,90246.6026785586,TRESEGMXM052N
MEX,2008-03-01,91042.0073599123,TRESEGMXM052N
MEX,2008-04-01,92717.3291724326,TRESEGMXM052N
MEX,2008-05-01,93878.8383645601,TRESEGMXM052N
MEX,2008-06-01,93969.2160217497,TRESEGMXM052N
MEX,2008-07-01,95393.5711555767,TRESEGMXM052N
MEX,2008-08-01,97003.5906348186,TRESEGMXM052N
MEX,2008-09-01,98744.5155887502,TRESEGMXM052N
MEX,2008-10-01,84878.5886524499,TRESEGMXM052N
MEX,2008-11-01,88543.7247481066,TRESEGMXM052N
MEX,2008-12-01,95126.1034986517,TRESEGMXM052N
MEX,2009-01-01,90226.2968642852,TRESEGMXM052N
MEX,2009-02-01,89998.7974558232,TRESEGMXM052N
MEX,2009-03-01,85471.0251271964,TRESEGMXM052N
MEX,2009-04-01,84037.9838692086,TRESEGMXM052N
MEX,2009-05-01,82943.2736827845,TRESEGMXM052N
MEX,2009-06-01,81230.9283417973,TRESEGMXM052N
MEX,2009-07-01,81968.158119911,TRESEGMXM052N
MEX,2009-08-01,84375.0580671585,TRESEGMXM052N
MEX,2009-09-01,87517.3948905312,TRESEGMXM052N
MEX,2009-10-01,88360.3654298137,TRESEGMXM052N
MEX,2009-11-01,90369.7035118335,TRESEGMXM052N
MEX,2009-12-01,99589.2097425811,TRESEGMXM052N
MEX,2010-01-01,98380.536851901,TRESEGMXM052N
MEX,2010-02-01,99674.8213852412,TRESEGMXM052N
MEX,2010-03-01,101313.1700486065,TRESEGMXM052N
MEX,2010-04-01,103498.9521206311,TRESEGMXM052N
MEX,2010-05-01,103549.2246479454,TRESEGMXM052N
MEX,2010-06-01,105246.1020279009,TRESEGMXM052N
MEX,2010-07-01,109259.1899972228,TRESEGMXM052N
MEX,2010-08-01,111239.2609845035,TRESEGMXM052N
MEX,2010-09-01,113367.122702793,TRESEGMXM052N
MEX,2010-10-01,115941.2232430017,TRESEGMXM052N
MEX,2010-11-01,117086.6915991128,TRESEGMXM052N
MEX,2010-12-01,120264.9903605103,TRESEGMXM052N
MEX,2011-01-01,123230.4174698074,TRESEGMXM052N
MEX,2011-02-01,125212.2605119386,TRESEGMXM052N
MEX,2011-03-01,123624.640358797,TRESEGMXM052N
MEX,2011-04-01,126026.8037823985,TRESEGMXM052N
MEX,2011-05-01,125939.5270728612,TRESEGMXM052N
MEX,2011-06-01,128767.5549079597,TRESEGMXM052N
MEX,2011-07-01,132962.4118087933,TRESEGMXM052N
MEX,2011-08-01,137256.4899291436,TRESEGMXM052N
MEX,2011-09-01,135598.1296463563,TRESEGMXM052N
MEX,2011-10-01,139862.4465976443,TRESEGMXM052N
MEX,2011-11-01,141226.4247216906,TRESEGMXM052N
MEX,2011-12-01,143990.7970780668,TRESEGMXM052N
MEX,2012-01-01,148179.0315688681,TRESEGMXM052N
MEX,2012-02-01,148977.1140318814,TRESEGMXM052N
MEX,2012-03-01,149396.5954677018,TRESEGMXM052N
MEX,2012-04-01,152677.7321510768,TRESEGMXM052N
MEX,2012-05-01,152324.5348085489,TRESEGMXM052N
MEX,2012-06-01,156278.755298584,TRESEGMXM052N
MEX,2012-07-01,158597.2829194379,TRESEGMXM052N
MEX,2012-08-01,158728.2309547163,TRESEGMXM052N
MEX,2012-09-01,158453.3386654259,TRESEGMXM052N
MEX,2012-10-01,160492.210989057,TRESEGMXM052N
MEX,2012-11-01,161367.0588108431,TRESEGMXM052N
MEX,2012-12-01,160413.365459751,TRESEGMXM052N
MEX,2013-01-01,164593.94213833,TRESEGMXM052N
MEX,2013-02-01,165392.8474487812,TRESEGMXM052N
MEX,2013-03-01,164908.5312122023,TRESEGMXM052N
MEX,2013-04-01,166839.6767334544,TRESEGMXM052N
MEX,2013-05-01,164538.1157844604,TRESEGMXM052N
MEX,2013-06-01,164152.9001751672,TRESEGMXM052N
MEX,2013-07-01,167581.6519850131,TRESEGMXM052N
MEX,2013-08-01,167975.9199889645,TRESEGMXM052N
MEX,2013-09-01,169734.345500812,TRESEGMXM052N
MEX,2013-10-01,171908.9686592447,TRESEGMXM052N
MEX,2013-11-01,173971.828343486,TRESEGMXM052N
MEX,2013-12-01,175432.415284167,TRESEGMXM052N
MEX,2014-01-01,178053.9138471313,TRESEGMXM052N
MEX,2014-02-01,178520.901423742,TRESEGMXM052N
MEX,2014-03-01,180368.5925447256,TRESEGMXM052N
MEX,2014-04-01,183758.3322846882,TRESEGMXM052N
MEX,2014-05-01,185647.9017798984,TRESEGMXM052N
MEX,2014-06-01,187324.0817592255,TRESEGMXM052N
MEX,2014-07-01,187798.1596666152,TRESEGMXM052N
MEX,2014-08-01,188281.0122490948,TRESEGMXM052N
MEX,2014-09-01,188516.1403497446,TRESEGMXM052N
MEX,2014-10-01,192421.6936941983,TRESEGMXM052N
MEX,2014-11-01,192047.1881813531,TRESEGMXM052N
MEX,2014-12-01,190923.1909934277,TRESEGMXM052N
MEX,2015-01-01,194191.7068009714,TRESEGMXM052N
MEX,2015-02-01,193439.0803747321,TRESEGMXM052N
MEX,2015-03-01,193092.3813627595,TRESEGMXM052N
MEX,2015-04-01,193676.7774080958,TRESEGMXM052N
MEX,2015-05-01,191770.0447761533,TRESEGMXM052N
MEX,2015-06-01,189704.4050643838,TRESEGMXM052N
MEX,2015-07-01,189024.5380800297,TRESEGMXM052N
MEX,2015-08-01,182713.3833795534,TRESEGMXM052N
MEX,2015-09-01,177567.1375135821,TRESEGMXM052N
MEX,2015-10-01,172655.08450321,TRESEGMXM052N
MEX,2015-11-01,168527.99065682,TRESEGMXM052N
MEX,2015-12-01,173457.7472181761,TRESEGMXM052N
MEX,2016-01-01,171983.1794769318,TRESEGMXM052N
MEX,2016-02-01,173636.3699612766,TRESEGMXM052N
MEX,2016-03-01,174891.5289115742,TRESEGMXM052N
MEX,2016-04-01,177108.1070904655,TRESEGMXM052N
MEX,2016-05-01,174629.0832156343,TRESEGMXM052N
MEX,2016-06-01,173686.1638767105,TRESEGMXM052N
MEX,2016-07-01,174427.3923834206,TRESEGMXM052N
MEX,2016-08-01,172744.2551174399,TRESEGMXM052N
MEX,2016-09-01,175358.6310982765,TRESEGMXM052N
MEX,2016-10-01,171915.6259218869,TRESEGMXM052N
MEX,2016-11-01,171340.8410884224,TRESEGMXM052N
MEX,2016-12-01,173535.8191216027,TRESEGMXM052N
MEX,2017-01-01,171995.840089809,TRESEGMXM052N
MEX,2017-02-01,174893.3635309228,TRESEGMXM052N
MEX,2017-03-01,173896.486689747,TRESEGMXM052N
MEX,2017-04-01,171851.9705676244,TRESEGMXM052N
MEX,2017-05-01,171223.4674642627,TRESEGMXM052N
MEX,2017-06-01,170598.290349148,TRESEGMXM052N
MEX,2017-07-01,170385.2393165243,TRESEGMXM052N
MEX,2017-08-01,169616.5940096815,TRESEGMXM052N
MEX,2017-09-01,169916.2307792482,TRESEGMXM052N
MEX,2017-10-01,171523.149372555,TRESEGMXM052N
MEX,2017-11-01,169014.5280524345,TRESEGMXM052N
MEX,2017-12-01,170458.3643625429,TRESEGMXM052N
MEX,2018-01-01,174115.1519411929,TRESEGMXM052N
MEX,2018-02-01,172526.15886187,TRESEGMXM052N
MEX,2018-03-01,172435.0327954737,TRESEGMXM052N
MEX,2018-04-01,172106.0793457794,TRESEGMXM052N
MEX,2018-05-01,173386.7232833448,TRESEGMXM052N
MEX,2018-06-01,173171.73048679,TRESEGMXM052N
MEX,2018-07-01,171901.5816923694,TRESEGMXM052N
MEX,2018-08-01,171850.5734116853,TRESEGMXM052N
MEX,2018-09-01,172447.695723829,TRESEGMXM052N
MEX,2018-10-01,171883.9041938712,TRESEGMXM052N
MEX,2018-11-01,171870.8165542391,TRESEGMXM052N
MEX,2018-12-01,171444.9024674954,TRESEGMXM052N
MEX,2019-01-01,175242.5230809097,TRESEGMXM052N
MEX,2019-02-01,175921.8322246541,TRESEGMXM052N
MEX,2019-03-01,177071.3729637827,TRESEGMXM052N
MEX,2019-04-01,179699.0252139991,TRESEGMXM052N
MEX,2019-05-01,180409.8377368948,TRESEGMXM052N
MEX,2019-06-01,180762.3449565853,TRESEGMXM052N
MEX,2019-07-01,182438.292894656,TRESEGMXM052N
MEX,2019-08-01,183455.9953673122,TRESEGMXM052N
MEX,2019-09-01,177177.6115635964,TRESEGMXM052N
MEX,2019-10-01,177880.799523445,TRESEGMXM052N
MEX,2019-11-01,179654.6899810101,TRESEGMXM052N
MEX,2019-12-01,177176.6535722796,TRESEGMXM052N
MEX,2020-01-01,183040.3588828584,TRESEGMXM052N
MEX,2020-02-01,182192.7644692135,TRESEGMXM052N
MEX,2020-03-01,183566.7956816637,TRESEGMXM052N
MEX,2020-04-01,189571.7641748605,TRESEGMXM052N
MEX,2020-05-01,190725.0932014283,TRESEGMXM052N
MEX,2020-06-01,190232.5666218954,TRESEGMXM052N
MEX,2020-07-01,190313.1092421124,TRESEGMXM052N
MEX,2020-08-01,191089.5887864571,TRESEGMXM052N
MEX,2020-09-01,192538.7419321489,TRESEGMXM052N
MEX,2020-10-01,191458.5341498402,TRESEGMXM052N
MEX,2020-11-01,194486.9496513052,TRESEGMXM052N
MEX,2020-12-01,191769.269928007,TRESEGMXM052N
MEX,2021-01-01,195996.0734538731,TRESEGMXM052N
MEX,2021-02-01,193500.2494046888,TRESEGMXM052N
MEX,2021-03-01,192784.1477643497,TRESEGMXM052N
MEX,2021-04-01,195086.6101241449,TRESEGMXM052N
MEX,2021-05-01,192802.0744759777,TRESEGMXM052N
MEX,2021-06-01,192774.9209961389,TRESEGMXM052N
MEX,2021-07-01,193419.085311474,TRESEGMXM052N
MEX,2021-08-01,204670.01344075,TRESEGMXM052N
MEX,2021-09-01,205282.2070149227,TRESEGMXM052N
MEX,2021-10-01,204767.8178190564,TRESEGMXM052N
MEX,2021-11-01,205805.9864959045,TRESEGMXM052N
MEX,2021-12-01,200775.4556807675,TRESEGMXM052N
MEX,2022-01-01,202805.6768081157,TRESEGMXM052N
MEX,2022-02-01,202638.6608590574,TRESEGMXM052N
MEX,2022-03-01,202087.012883132,TRESEGMXM052N
MEX,2022-04-01,199740.3392814945,TRESEGMXM052N
MEX,2022-05-01,198957.3179612754,TRESEGMXM052N
MEX,2022-06-01,196579.893298817,TRESEGMXM052N
MEX,2022-07-01,196786.7012453577,TRESEGMXM052N
MEX,2022-08-01,198477.8645075502,TRESEGMXM052N
MEX,2022-09-01,195672.7808495943,TRESEGMXM052N
MEX,2022-10-01,194914.8141781793,TRESEGMXM052N
MEX,2022-11-01,195474.226385597,TRESEGMXM052N
MEX,2022-12-01,194124.9132505382,TRESEGMXM052N
MEX,2023-01-01,198898.6616436237,TRESEGMXM052N
MEX,2023-02-01,197619.1941754178,TRESEGMXM052N
MEX,2023-03-01,198635.6837786354,TRESEGMXM052N
MEX,2023-04-01,200031.2577105909,TRESEGMXM052N
MEX,2023-05-01,199855.5429978945,TRESEGMXM052N
MEX,2023-06-01,203021.6532649711,TRESEGMXM052N
MEX,2023-07-01,203603.3096753365,TRESEGMXM052N
MEX,2023-08-01,202874.2363098984,TRESEGMXM052N
MEX,2023-09-01,202375.5908500294,TRESEGMXM052N
MEX,2023-10-01,201269.6350251404,TRESEGMXM052N
MEX,2023-11-01,202940.3941926865,TRESEGMXM052N
MEX,2023-12-01,206351.156443452,TRESEGMXM052N
MEX,2024-01-01,214037.477757989,TRESEGMXM052N
MEX,2024-02-01,211591.5371513296,TRESEGMXM052N
MEX,2024-03-01,210986.1287753839,TRESEGMXM052N
MEX,2024-04-01,212512.3581374842,TRESEGMXM052N
MEX,2024-05-01,213673.9489177331,TRESEGMXM052N
MEX,2024-06-01,216845.4023806349,TRESEGMXM052N
MEX,2024-07-01,217198.7809654357,TRESEGMXM052N
MEX,2024-08-01,221002.2164085719,TRESEGMXM052N
MEX,2024-09-01,221663.1937608242,TRESEGMXM052N
MEX,2024-10-01,219857.6606919691,TRESEGMXM052N
MEX,2024-11-01,221896.1198865219,TRESEGMXM052N
MEX,2024-12-01,221944.1769778123,TRESEGMXM052N
MEX,2025-01-01,229882.8180161904,TRESEGMXM052N
MEX,2025-02-01,234579.9396463067,TRESEGMXM052N
MEX,2025-03-01,234759.193488973,TRESEGMXM052N
MEX,2025-04-01,234259.6106037964,TRESEGMXM052N
MEX,2025-05-01,233559.4277636869,TRESEGMXM052N
MEX,2025-06-01,236659.5823878359,TRESEGMXM052N
MEX,2025-07-01,234704.1796440711,TRESEGMXM052N
MEX,2025-08-01,235703.1360409348,TRESEGMXM052N
MEX,2025-09-01,244782.0287811456,TRESEGMXM052N
MEX,2025-10-01,241630.7704184252,TRESEGMXM052N
MEX,2025-11-01,239516.7541364752,TRESEGMXM052N
MEX,2025-12-01,239309.63519622,TRESEGMXM052N
MEX,2026-01-01,252886.1951464186,TRESEGMXM052N
MEX,2026-02-01,252453.6210175681,TRESEGMXM052N
MEX,2026-03-01,250843.3986881402,TRESEGMXM052N
MEX,2026-04-01,251760.8691913117,TRESEGMXM052N
MEX,2026-05-01,250305.9901075501,TRESEGMXM052N
MEX,2026-06-01,255766.137054305,TRESEGMXM052N
RUS,1993-12-01,5835.0049031422,TRESEGRUM052N
RUS,1994-03-01,4601.848973042,TRESEGRUM052N
RUS,1994-06-01,8047.5448924731,TRESEGRUM052N
RUS,1994-09-01,4161.2851207508,TRESEGRUM052N
RUS,1994-12-01,3980.4119781957,TRESEGRUM052N
RUS,1995-01-01,2092.9891190577,TRESEGRUM052N
RUS,1995-02-01,3109.7851809787,TRESEGRUM052N
RUS,1995-03-01,4148.0260738958,TRESEGRUM052N
RUS,1995-04-01,5830.0847266464,TRESEGRUM052N
RUS,1995-05-01,8661.1944679255,TRESEGRUM052N
RUS,1995-06-01,10085.4626409725,TRESEGRUM052N
RUS,1995-07-01,10320.6809374688,TRESEGRUM052N
RUS,1995-08-01,10916.226608161,TRESEGRUM052N
RUS,1995-09-01,11154.3029885369,TRESEGRUM052N
RUS,1995-10-01,12702.8706021259,TRESEGRUM052N
RUS,1995-11-01,12341.7747577577,TRESEGRUM052N
RUS,1995-12-01,14382.7762099987,TRESEGRUM052N
RUS,1996-01-01,11897.5169073808,TRESEGRUM052N
RUS,1996-02-01,12688.6634667975,TRESEGRUM052N
RUS,1996-03-01,16331.1358500216,TRESEGRUM052N
RUS,1996-04-01,14269.018129748,TRESEGRUM052N
RUS,1996-05-01,12004.2686999562,TRESEGRUM052N
RUS,1996-06-01,12792.3483787673,TRESEGRUM052N
RUS,1996-07-01,12496.9055195195,TRESEGRUM052N
RUS,1996-08-01,12088.6538848714,TRESEGRUM052N
RUS,1996-09-01,11398.5460467567,TRESEGRUM052N
RUS,1996-10-01,10514.809836388,TRESEGRUM052N
RUS,1996-11-01,11652.9318155224,TRESEGRUM052N
RUS,1996-12-01,11276.4348192203,TRESEGRUM052N
RUS,1997-01-01,9929.4591355065,TRESEGRUM052N
RUS,1997-02-01,11126.8235754162,TRESEGRUM052N
RUS,1997-03-01,12428.7462968023,TRESEGRUM052N
RUS,1997-04-01,14067.7178605469,TRESEGRUM052N
RUS,1997-05-01,15884.1178394621,TRESEGRUM052N
RUS,1997-06-01,20395.7254785956,TRESEGRUM052N
RUS,1997-07-01,20186.0866961577,TRESEGRUM052N
RUS,1997-08-01,19603.9242683735,TRESEGRUM052N
RUS,1997-09-01,18736.9665671882,TRESEGRUM052N
RUS,1997-10-01,18447.7240962889,TRESEGRUM052N
RUS,1997-11-01,12201.41812472,TRESEGRUM052N
RUS,1997-12-01,12894.7007067376,TRESEGRUM052N
RUS,1998-01-01,10479.69566592,TRESEGRUM052N
RUS,1998-02-01,10212.1282290862,TRESEGRUM052N
RUS,1998-03-01,11910.4828221121,TRESEGRUM052N
RUS,1998-04-01,10956.6181583129,TRESEGRUM052N
RUS,1998-05-01,9625.5771794156,TRESEGRUM052N
RUS,1998-06-01,11160.4611162598,TRESEGRUM052N
RUS,1998-07-01,13805.1185958209,TRESEGRUM052N
RUS,1998-08-01,8197.6413006655,TRESEGRUM052N
RUS,1998-09-01,8840.2725509206,TRESEGRUM052N
RUS,1998-10-01,9656.0941660529,TRESEGRUM052N
RUS,1998-11-01,8174.8303821263,TRESEGRUM052N
RUS,1998-12-01,7801.3766549566,TRESEGRUM052N
RUS,1999-01-01,7078.1980216555,TRESEGRUM052N
RUS,1999-02-01,7284.2362248702,TRESEGRUM052N
RUS,1999-03-01,6678.5528657923,TRESEGRUM052N
RUS,1999-04-01,7074.3302316406,TRESEGRUM052N
RUS,1999-05-01,8033.7029327182,TRESEGRUM052N
RUS,1999-06-01,8189.5064771152,TRESEGRUM052N
RUS,1999-07-01,7826.9187403994,TRESEGRUM052N
RUS,1999-08-01,6823.7524002608,TRESEGRUM052N
RUS,1999-09-01,6633.4846905655,TRESEGRUM052N
RUS,1999-10-01,7080.8782343357,TRESEGRUM052N
RUS,1999-11-01,7598.5270298551,TRESEGRUM052N
RUS,1999-12-01,8457.2308790529,TRESEGRUM052N
RUS,2000-01-01,8912.4046852804,TRESEGRUM052N
RUS,2000-02-01,9606.1926527114,TRESEGRUM052N
RUS,2000-03-01,11456.4011192522,TRESEGRUM052N
RUS,2000-04-01,13409.8702848172,TRESEGRUM052N
RUS,2000-05-01,15877.6906182556,TRESEGRUM052N
RUS,2000-06-01,17684.6397729567,TRESEGRUM052N
RUS,2000-07-01,19955.2268450541,TRESEGRUM052N
RUS,2000-08-01,20288.9434766611,TRESEGRUM052N
RUS,2000-09-01,21473.9342491249,TRESEGRUM052N
RUS,2000-10-01,22289.9094649658,TRESEGRUM052N
RUS,2000-11-01,24035.2111923308,TRESEGRUM052N
RUS,2000-12-01,24264.3391461263,TRESEGRUM052N
RUS,2001-01-01,25888.5323114539,TRESEGRUM052N
RUS,2001-02-01,24590.7131903597,TRESEGRUM052N
RUS,2001-03-01,25942.1702215342,TRESEGRUM052N
RUS,2001-04-01,27868.2884528094,TRESEGRUM052N
RUS,2001-05-01,29748.6136973931,TRESEGRUM052N
RUS,2001-06-01,31251.1593937431,TRESEGRUM052N
RUS,2001-07-01,32694.5796269606,TRESEGRUM052N
RUS,2001-08-01,33685.7620152243,TRESEGRUM052N
RUS,2001-09-01,34043.9984892819,TRESEGRUM052N
RUS,2001-10-01,34016.3637287105,TRESEGRUM052N
RUS,2001-11-01,33276.9023242653,TRESEGRUM052N
RUS,2001-12-01,32542.40076937,TRESEGRUM052N
RUS,2002-01-01,32316.6505089272,TRESEGRUM052N
RUS,2002-02-01,32768.2966898271,TRESEGRUM052N
RUS,2002-03-01,33179.2200958626,TRESEGRUM052N
RUS,2002-04-01,35024.5121514757,TRESEGRUM052N
RUS,2002-05-01,38495.8991233844,TRESEGRUM052N
RUS,2002-06-01,39847.9865379575,TRESEGRUM052N
RUS,2002-07-01,39563.5272320549,TRESEGRUM052N
RUS,2002-08-01,40596.2392017396,TRESEGRUM052N
RUS,2002-09-01,41887.3375746826,TRESEGRUM052N
RUS,2002-10-01,43034.3302576262,TRESEGRUM052N
RUS,2002-11-01,44469.6967439619,TRESEGRUM052N
RUS,2002-12-01,44053.6011670147,TRESEGRUM052N
RUS,2003-01-01,45533.6362341663,TRESEGRUM052N
RUS,2003-02-01,49325.9323270402,TRESEGRUM052N
RUS,2003-03-01,51790.0360443679,TRESEGRUM052N
RUS,2003-04-01,56110.8144772478,TRESEGRUM052N
RUS,2003-05-01,61144.4070746284,TRESEGRUM052N
RUS,2003-06-01,60690.6918074996,TRESEGRUM052N
RUS,2003-07-01,60709.8743775908,TRESEGRUM052N
RUS,2003-08-01,59010.59108479,TRESEGRUM052N
RUS,2003-09-01,58330.3249501717,TRESEGRUM052N
RUS,2003-10-01,61183.7899990264,TRESEGRUM052N
RUS,2003-11-01,64414.6754738959,TRESEGRUM052N
RUS,2003-12-01,73174.9467206866,TRESEGRUM052N
RUS,2004-01-01,80226.8962485761,TRESEGRUM052N
RUS,2004-02-01,82558.0610808683,TRESEGRUM052N
RUS,2004-03-01,79638.7372635992,TRESEGRUM052N
RUS,2004-04-01,78904.4634421481,TRESEGRUM052N
RUS,2004-05-01,81849.2442418616,TRESEGRUM052N
RUS,2004-06-01,84463.6804669917,TRESEGRUM052N
RUS,2004-07-01,84857.5895117393,TRESEGRUM052N
RUS,2004-08-01,84948.4645442222,TRESEGRUM052N
RUS,2004-09-01,91328.282441703,TRESEGRUM052N
RUS,2004-10-01,103607.1469672217,TRESEGRUM052N
RUS,2004-11-01,113702.6575684783,TRESEGRUM052N
RUS,2004-12-01,120808.7982957299,TRESEGRUM052N
RUS,2005-01-01,121198.5102549716,TRESEGRUM052N
RUS,2005-02-01,130426.5924785445,TRESEGRUM052N
RUS,2005-03-01,133651.322126033,TRESEGRUM052N
RUS,2005-04-01,140524.0221340804,TRESEGRUM052N
RUS,2005-05-01,143628.596120745,TRESEGRUM052N
RUS,2005-06-01,147775.9019635147,TRESEGRUM052N
RUS,2005-07-01,140895.5513288829,TRESEGRUM052N
RUS,2005-08-01,146025.5871181066,TRESEGRUM052N
RUS,2005-09-01,155830.304235335,TRESEGRUM052N
RUS,2005-10-01,161240.7503094006,TRESEGRUM052N
RUS,2005-11-01,164666.2626178473,TRESEGRUM052N
RUS,2005-12-01,175891.4099176743,TRESEGRUM052N
RUS,2006-01-01,181400.8546536754,TRESEGRUM052N
RUS,2006-02-01,189049.8916723948,TRESEGRUM052N
RUS,2006-03-01,198676.5865252141,TRESEGRUM052N
RUS,2006-04-01,218520.7644204531,TRESEGRUM052N
RUS,2006-05-01,239270.5778701348,TRESEGRUM052N
RUS,2006-06-01,243174.2267401814,TRESEGRUM052N
RUS,2006-07-01,257859.0151306691,TRESEGRUM052N
RUS,2006-08-01,252184.1195666606,TRESEGRUM052N
RUS,2006-09-01,258705.0259945227,TRESEGRUM052N
RUS,2006-10-01,264956.6832098488,TRESEGRUM052N
RUS,2006-11-01,280969.2545390124,TRESEGRUM052N
RUS,2006-12-01,295567.5703000981,TRESEGRUM052N
RUS,2007-01-01,295560.7191359496,TRESEGRUM052N
RUS,2007-02-01,305869.4045680185,TRESEGRUM052N
RUS,2007-03-01,330334.414452482,TRESEGRUM052N
RUS,2007-04-01,360410.4191521272,TRESEGRUM052N
RUS,2007-05-01,394749.1611042948,TRESEGRUM052N
RUS,2007-06-01,397398.2156291583,TRESEGRUM052N
RUS,2007-07-01,407494.9733585271,TRESEGRUM052N
RUS,2007-08-01,407110.7624518372,TRESEGRUM052N
RUS,2007-09-01,415263.6561958578,TRESEGRUM052N
RUS,2007-10-01,436007.047952856,TRESEGRUM052N
RUS,2007-11-01,452162.3747670388,TRESEGRUM052N
RUS,2007-12-01,466750.4198820503,TRESEGRUM052N
RUS,2008-01-01,475071.9808432572,TRESEGRUM052N
RUS,2008-02-01,481010.7960750776,TRESEGRUM052N
RUS,2008-03-01,498889.5320664114,TRESEGRUM052N
RUS,2008-04-01,519757.6008523221,TRESEGRUM052N
RUS,2008-05-01,533109.2726619148,TRESEGRUM052N
RUS,2008-06-01,555181.6253009529,TRESEGRUM052N
RUS,2008-07-01,582679.0030511486,TRESEGRUM052N
RUS,2008-08-01,569122.6857139717,TRESEGRUM052N
RUS,2008-09-01,542839.2817987165,TRESEGRUM052N
RUS,2008-10-01,472005.394301907,TRESEGRUM052N
RUS,2008-11-01,442391.5313260631,TRESEGRUM052N
RUS,2008-12-01,411749.599971659,TRESEGRUM052N
RUS,2009-01-01,371428.0101501471,TRESEGRUM052N
RUS,2009-02-01,368157.1113929103,TRESEGRUM052N
RUS,2009-03-01,368064.9617266914,TRESEGRUM052N
RUS,2009-04-01,368347.9543389172,TRESEGRUM052N
RUS,2009-05-01,387280.338446439,TRESEGRUM052N
RUS,2009-06-01,395890.3099739847,TRESEGRUM052N
RUS,2009-07-01,384875.4221787635,TRESEGRUM052N
RUS,2009-08-01,391875.5494412288,TRESEGRUM052N
RUS,2009-09-01,394516.326153266,TRESEGRUM052N
RUS,2009-10-01,414024.0445983459,TRESEGRUM052N
RUS,2009-11-01,424690.1677557934,TRESEGRUM052N
RUS,2009-12-01,416648.892265015,TRESEGRUM052N
RUS,2010-01-01,413508.8937802776,TRESEGRUM052N
RUS,2010-02-01,413332.6692796704,TRESEGRUM052N
RUS,2010-03-01,423317.9329723969,TRESEGRUM052N
RUS,2010-04-01,435560.2741181875,TRESEGRUM052N
RUS,2010-05-01,428988.832935019,TRESEGRUM052N
RUS,2010-06-01,432990.6773211275,TRESEGRUM052N
RUS,2010-07-01,448037.2740118262,TRESEGRUM052N
RUS,2010-08-01,447068.4405370823,TRESEGRUM052N
RUS,2010-09-01,458314.5424487547,TRESEGRUM052N
RUS,2010-10-01,463760.0352620717,TRESEGRUM052N
RUS,2010-11-01,448775.5865554681,TRESEGRUM052N
RUS,2010-12-01,443585.871721266,TRESEGRUM052N
RUS,2011-01-01,450757.6169099903,TRESEGRUM052N
RUS,2011-02-01,458041.8746912104,TRESEGRUM052N
RUS,2011-03-01,465447.8177075505,TRESEGRUM052N
RUS,2011-04-01,483217.1497852003,TRESEGRUM052N
RUS,2011-05-01,480136.4048327197,TRESEGRUM052N
RUS,2011-06-01,484004.4612159405,TRESEGRUM052N
RUS,2011-07-01,490248.4644230569,TRESEGRUM052N
RUS,2011-08-01,496362.0827806523,TRESEGRUM052N
RUS,2011-09-01,472488.2248518409,TRESEGRUM052N
RUS,2011-10-01,476956.5759589949,TRESEGRUM052N
RUS,2011-11-01,462683.3162826564,TRESEGRUM052N
RUS,2011-12-01,453948.1847893538,TRESEGRUM052N
RUS,2012-01-01,456544.8349071676,TRESEGRUM052N
RUS,2012-02-01,463808.6832366524,TRESEGRUM052N
RUS,2012-03-01,465660.6933349031,TRESEGRUM052N
RUS,2012-04-01,476453.8293657956,TRESEGRUM052N
RUS,2012-05-01,465126.2247138441,TRESEGRUM052N
RUS,2012-06-01,467989.576517168,TRESEGRUM052N
RUS,2012-07-01,461861.7301642272,TRESEGRUM052N
RUS,2012-08-01,464856.5929208065,TRESEGRUM052N
RUS,2012-09-01,476378.5950930634,TRESEGRUM052N
RUS,2012-10-01,475257.4927916686,TRESEGRUM052N
RUS,2012-11-01,476240.0432472918,TRESEGRUM052N
RUS,2012-12-01,486576.8208071288,TRESEGRUM052N
RUS,2013-01-01,480193.2786287662,TRESEGRUM052N
RUS,2013-02-01,475649.0610340231,TRESEGRUM052N
RUS,2013-03-01,477265.3376115402,TRESEGRUM052N
RUS,2013-04-01,486346.9041667987,TRESEGRUM052N
RUS,2013-05-01,473392.0390271502,TRESEGRUM052N
RUS,2013-06-01,475222.9790378276,TRESEGRUM052N
RUS,2013-07-01,470202.3456764716,TRESEGRUM052N
RUS,2013-08-01,464200.7790588927,TRESEGRUM052N
RUS,2013-09-01,479449.4623750681,TRESEGRUM052N
RUS,2013-10-01,480235.8429565442,TRESEGRUM052N
RUS,2013-11-01,474948.6510815533,TRESEGRUM052N
RUS,2013-12-01,469602.7008888875,TRESEGRUM052N
RUS,2014-01-01,457207.1497265286,TRESEGRUM052N
RUS,2014-02-01,448737.2010921571,TRESEGRUM052N
RUS,2014-03-01,442773.4503204088,TRESEGRUM052N
RUS,2014-04-01,427970.811864433,TRESEGRUM052N
RUS,2014-05-01,423767.1340364044,TRESEGRUM052N
RUS,2014-06-01,431956.0424699633,TRESEGRUM052N
RUS,2014-07-01,422650.6889251019,TRESEGRUM052N
RUS,2014-08-01,419237.8421928535,TRESEGRUM052N
RUS,2014-09-01,409222.8655992023,TRESEGRUM052N
RUS,2014-10-01,383281.401227012,TRESEGRUM052N
RUS,2014-11-01,373657.2442486887,TRESEGRUM052N
RUS,2014-12-01,339369.9219357492,TRESEGRUM052N
RUS,2015-01-01,327146.0674279312,TRESEGRUM052N
RUS,2015-02-01,313431.1063458441,TRESEGRUM052N
RUS,2015-03-01,309092.4367068788,TRESEGRUM052N
RUS,2015-04-01,307716.6219496587,TRESEGRUM052N
RUS,2015-05-01,308895.0243184805,TRESEGRUM052N
RUS,2015-06-01,313341.1383281433,TRESEGRUM052N
RUS,2015-07-01,312661.7276680614,TRESEGRUM052N
RUS,2015-08-01,318660.41084885,TRESEGRUM052N
RUS,2015-09-01,322373.6802810278,TRESEGRUM052N
RUS,2015-10-01,319060.1581641718,TRESEGRUM052N
RUS,2015-11-01,317027.9077122569,TRESEGRUM052N
RUS,2015-12-01,319835.2102588406,TRESEGRUM052N
RUS,2016-01-01,320178.5484746203,TRESEGRUM052N
RUS,2016-02-01,323274.7130161282,TRESEGRUM052N
RUS,2016-03-01,328870.5525331988,TRESEGRUM052N
RUS,2016-04-01,331013.5099808377,TRESEGRUM052N
RUS,2016-05-01,329785.9988875172,TRESEGRUM052N
RUS,2016-06-01,329258.3150890504,TRESEGRUM052N
RUS,2016-07-01,329391.2112515484,TRESEGRUM052N
RUS,2016-08-01,330487.9182393918,TRESEGRUM052N
RUS,2016-09-01,332231.014943302,TRESEGRUM052N
RUS,2016-10-01,326308.3832788831,TRESEGRUM052N
RUS,2016-11-01,323630.1095857216,TRESEGRUM052N
RUS,2016-12-01,317544.4714079455,TRESEGRUM052N
RUS,2017-01-01,327643.860405094,TRESEGRUM052N
RUS,2017-02-01,330469.3207167237,TRESEGRUM052N
RUS,2017-03-01,330332.3011145153,TRESEGRUM052N
RUS,2017-04-01,332336.0431049848,TRESEGRUM052N
RUS,2017-05-01,336421.8667184403,TRESEGRUM052N
RUS,2017-06-01,343460.2769462382,TRESEGRUM052N
RUS,2017-07-01,348396.0045847563,TRESEGRUM052N
RUS,2017-08-01,350473.7928589904,TRESEGRUM052N
RUS,2017-09-01,351154.1415899012,TRESEGRUM052N
RUS,2017-10-01,351138.9457737922,TRESEGRUM052N
RUS,2017-11-01,355512.8560385277,TRESEGRUM052N
RUS,2017-12-01,356084.0209641104,TRESEGRUM052N
RUS,2018-01-01,367339.3475837991,TRESEGRUM052N
RUS,2018-02-01,373056.270287746,TRESEGRUM052N
RUS,2018-03-01,377500.4928161646,TRESEGRUM052N
RUS,2018-04-01,378718.4132517472,TRESEGRUM052N
RUS,2018-05-01,376122.0129977759,TRESEGRUM052N
RUS,2018-06-01,378567.9848619027,TRESEGRUM052N
RUS,2018-07-01,380599.1536535682,TRESEGRUM052N
RUS,2018-08-01,383342.5422490604,TRESEGRUM052N
RUS,2018-09-01,381656.9393212384,TRESEGRUM052N
RUS,2018-10-01,378484.8311457963,TRESEGRUM052N
RUS,2018-11-01,379170.7583283998,TRESEGRUM052N
RUS,2018-12-01,381575.0416827187,TRESEGRUM052N
RUS,2019-01-01,386458.5184443853,TRESEGRUM052N
RUS,2019-02-01,390960.2042875916,TRESEGRUM052N
RUS,2019-03-01,397773.8460124582,TRESEGRUM052N
RUS,2019-04-01,401052.7901694229,TRESEGRUM052N
RUS,2019-05-01,405341.0030996432,TRESEGRUM052N
RUS,2019-06-01,418067.1016369741,TRESEGRUM052N
RUS,2019-07-01,417846.5758099833,TRESEGRUM052N
RUS,2019-08-01,419597.7475720875,TRESEGRUM052N
RUS,2019-09-01,423060.7845946414,TRESEGRUM052N
RUS,2019-10-01,432991.5997117074,TRESEGRUM052N
RUS,2019-11-01,436125.7415432772,TRESEGRUM052N
RUS,2019-12-01,443970.0016389249,TRESEGRUM052N
RUS,2020-01-01,446468.6621459514,TRESEGRUM052N
RUS,2020-02-01,450623.091162249,TRESEGRUM052N
RUS,2020-03-01,443625.7761774456,TRESEGRUM052N
RUS,2020-04-01,439919.1439735519,TRESEGRUM052N
RUS,2020-05-01,438567.7377838878,TRESEGRUM052N
RUS,2020-06-01,438081.1012594493,TRESEGRUM052N
RUS,2020-07-01,447429.2197758874,TRESEGRUM052N
RUS,2020-08-01,449833.0713386732,TRESEGRUM052N
RUS,2020-09-01,444307.31106072,TRESEGRUM052N
RUS,2020-10-01,444185.1483452758,TRESEGRUM052N
RUS,2020-11-01,449005.4001573103,TRESEGRUM052N
RUS,2020-12-01,457017.5727695642,TRESEGRUM052N
RUS,2021-01-01,453897.3097406845,TRESEGRUM052N
RUS,2021-02-01,455962.1372756896,TRESEGRUM052N
RUS,2021-03-01,448033.7400589275,TRESEGRUM052N
RUS,2021-04-01,459619.7726135686,TRESEGRUM052N
RUS,2021-05-01,465732.6279944698,TRESEGRUM052N
RUS,2021-06-01,461304.6014506728,TRESEGRUM052N
RUS,2021-07-01,466127.4377335684,TRESEGRUM052N
RUS,2021-08-01,485482.902033695,TRESEGRUM052N
RUS,2021-09-01,485461.6970470056,TRESEGRUM052N
RUS,2021-10-01,491375.0822007462,TRESEGRUM052N
RUS,2021-11-01,489760.5818863114,TRESEGRUM052N
RUS,2021-12-01,497554.4247964641,TRESEGRUM052N
RUS,2022-01-01,497945.9970263172,TRESEGRUM052N
RUS,2022-02-01,475894.3455975316,TRESEGRUM052N
RUS,2022-03-01,464318.8124830656,TRESEGRUM052N
RUS,2022-04-01,452047.3934720654,TRESEGRUM052N
RUS,2022-05-01,449255.1176237169,TRESEGRUM052N
RUS,2022-06-01,448189.2679853307,TRESEGRUM052N
RUS,2022-07-01,445690.3457231879,TRESEGRUM052N
RUS,2022-08-01,434569.1758090459,TRESEGRUM052N
RUS,2022-09-01,416863.352021628,TRESEGRUM052N
RUS,2022-10-01,422646.5008161746,TRESEGRUM052N
RUS,2022-11-01,436230.5027251403,TRESEGRUM052N
RUS,2022-12-01,445783.706946206,TRESEGRUM052N
RUS,2023-01-01,452889.0177587913,TRESEGRUM052N
RUS,2023-02-01,438610.4411191296,TRESEGRUM052N
RUS,2023-03-01,446712.7816863003,TRESEGRUM052N
RUS,2023-04-01,446948.6027516683,TRESEGRUM052N
RUS,2023-05-01,438254.2499686718,TRESEGRUM052N
RUS,2023-06-01,439325.177461368,TRESEGRUM052N
RUS,2023-07-01,443906.0101720704,TRESEGRUM052N
RUS,2023-08-01,436823.6250809602,TRESEGRUM052N
RUS,2023-09-01,428333.2343051008,TRESEGRUM052N
RUS,2023-10-01,427116.4343659817,TRESEGRUM052N
RUS,2023-11-01,440376.558647222,TRESEGRUM052N
RUS,2023-12-01,442537.0638191966,TRESEGRUM052N
RUS,2024-01-01,433640.3424971241,TRESEGRUM052N
RUS,2024-02-01,430022.3188345576,TRESEGRUM052N
RUS,2024-03-01,424146.0812052554,TRESEGRUM052N
RUS,2024-04-01,421734.7673828295,TRESEGRUM052N
RUS,2024-05-01,423064.3677929985,TRESEGRUM052N
RUS,2024-06-01,418782.6649890761,TRESEGRUM052N
RUS,2024-07-01,421625.3685763172,TRESEGRUM052N
RUS,2024-08-01,424246.5890138539,TRESEGRUM052N
RUS,2024-09-01,433226.5988030019,TRESEGRUM052N
RUS,2024-10-01,423065.0114343431,TRESEGRUM052N
RUS,2024-11-01,417658.9000798856,TRESEGRUM052N
RUS,2024-12-01,412678.2678849023,TRESEGRUM052N
RUS,2025-01-01,413479.1095481724,TRESEGRUM052N
RUS,2025-02-01,414370.872459879,TRESEGRUM052N
RUS,2025-03-01,417720.6688258851,TRESEGRUM052N
RUS,2025-04-01,432437.7908340238,TRESEGRUM052N
RUS,2025-05-01,431517.3478695606,TRESEGRUM052N
RUS,2025-06-01,439270.7797719154,TRESEGRUM052N
RUS,2025-07-01,432165.7652367842,TRESEGRUM052N
RUS,2025-08-01,433818.5494783419,TRESEGRUM052N
RUS,2025-09-01,430351.2971568763,TRESEGRUM052N
RUS,2025-10-01,425224.0741492034,TRESEGRUM052N
RUS,2025-11-01,423209.7267066991,TRESEGRUM052N
TUR,1950-12-01,70.75,TRESEGTRM052N
TUR,1951-12-01,71.75,TRESEGTRM052N
TUR,1952-12-01,47.75,TRESEGTRM052N
TUR,1953-12-01,69.0,TRESEGTRM052N
TUR,1954-12-01,62.0,TRESEGTRM052N
TUR,1955-12-01,67.0,TRESEGTRM052N
TUR,1956-12-01,86.0,TRESEGTRM052N
TUR,1957-01-01,84.84,TRESEGTRM052N
TUR,1957-02-01,88.84,TRESEGTRM052N
TUR,1957-03-01,97.84,TRESEGTRM052N
TUR,1957-04-01,106.84,TRESEGTRM052N
TUR,1957-05-01,100.84,TRESEGTRM052N
TUR,1957-06-01,150.84,TRESEGTRM052N
TUR,1957-07-01,173.0,TRESEGTRM052N
TUR,1957-08-01,173.0,TRESEGTRM052N
TUR,1957-09-01,167.0,TRESEGTRM052N
TUR,1957-10-01,170.0,TRESEGTRM052N
TUR,1957-11-01,165.0,TRESEGTRM052N
TUR,1957-12-01,172.0,TRESEGTRM052N
TUR,1958-01-01,173.0,TRESEGTRM052N
TUR,1958-02-01,156.0,TRESEGTRM052N
TUR,1958-03-01,161.0,TRESEGTRM052N
TUR,1958-04-01,150.0,TRESEGTRM052N
TUR,1958-05-01,131.0,TRESEGTRM052N
TUR,1958-06-01,118.0,TRESEGTRM052N
TUR,1958-07-01,109.0,TRESEGTRM052N
TUR,1958-08-01,131.0,TRESEGTRM052N
TUR,1958-09-01,131.0,TRESEGTRM052N
TUR,1958-10-01,125.0,TRESEGTRM052N
TUR,1958-11-01,131.0,TRESEGTRM052N
TUR,1958-12-01,154.0,TRESEGTRM052N
TUR,1959-01-01,166.0,TRESEGTRM052N
TUR,1959-02-01,178.0,TRESEGTRM052N
TUR,1959-03-01,182.0,TRESEGTRM052N
TUR,1959-04-01,179.0,TRESEGTRM052N
TUR,1959-05-01,183.0,TRESEGTRM052N
TUR,1959-06-01,168.0,TRESEGTRM052N
TUR,1959-07-01,143.0,TRESEGTRM052N
TUR,1959-08-01,133.0,TRESEGTRM052N
TUR,1959-09-01,130.0,TRESEGTRM052N
TUR,1959-10-01,133.0,TRESEGTRM052N
TUR,1959-11-01,136.0,TRESEGTRM052N
TUR,1959-12-01,136.0,TRESEGTRM052N
TUR,1960-01-01,108.0,TRESEGTRM052N
TUR,1960-02-01,104.0,TRESEGTRM052N
TUR,1960-03-01,93.0,TRESEGTRM052N
TUR,1960-04-01,91.0,TRESEGTRM052N
TUR,1960-05-01,83.0,TRESEGTRM052N
TUR,1960-06-01,74.0,TRESEGTRM052N
TUR,1960-07-01,68.0,TRESEGTRM052N
TUR,1960-08-01,70.0,TRESEGTRM052N
TUR,1960-09-01,70.0,TRESEGTRM052N
TUR,1960-10-01,76.0,TRESEGTRM052N
TUR,1960-11-01,77.0,TRESEGTRM052N
TUR,1960-12-01,78.0,TRESEGTRM052N
TUR,1961-01-01,63.0,TRESEGTRM052N
TUR,1961-02-01,60.0,TRESEGTRM052N
TUR,1961-03-01,59.0,TRESEGTRM052N
TUR,1961-04-01,61.0,TRESEGTRM052N
TUR,1961-05-01,64.0,TRESEGTRM052N
TUR,1961-06-01,53.0,TRESEGTRM052N
TUR,1961-07-01,54.0,TRESEGTRM052N
TUR,1961-08-01,58.0,TRESEGTRM052N
TUR,1961-09-01,57.0,TRESEGTRM052N
TUR,1961-10-01,65.0,TRESEGTRM052N
TUR,1961-11-01,68.0,TRESEGTRM052N
TUR,1961-12-01,62.0,TRESEGTRM052N
TUR,1962-01-01,73.0,TRESEGTRM052N
TUR,1962-02-01,70.0,TRESEGTRM052N
TUR,1962-03-01,57.0,TRESEGTRM052N
TUR,1962-04-01,49.0,TRESEGTRM052N
TUR,1962-05-01,51.0,TRESEGTRM052N
TUR,1962-06-01,53.0,TRESEGTRM052N
TUR,1962-07-01,68.0,TRESEGTRM052N
TUR,1962-08-01,47.0,TRESEGTRM052N
TUR,1962-09-01,63.0,TRESEGTRM052N
TUR,1962-10-01,57.0,TRESEGTRM052N
TUR,1962-11-01,60.0,TRESEGTRM052N
TUR,1962-12-01,50.0,TRESEGTRM052N
TUR,1963-01-01,46.0,TRESEGTRM052N
TUR,1963-02-01,49.0,TRESEGTRM052N
TUR,1963-03-01,50.0,TRESEGTRM052N
TUR,1963-04-01,43.0,TRESEGTRM052N
TUR,1963-05-01,39.0,TRESEGTRM052N
TUR,1963-06-01,49.0,TRESEGTRM052N
TUR,1963-07-01,39.0,TRESEGTRM052N
TUR,1963-08-01,51.0,TRESEGTRM052N
TUR,1963-09-01,51.0,TRESEGTRM052N
TUR,1963-10-01,46.0,TRESEGTRM052N
TUR,1963-11-01,64.0,TRESEGTRM052N
TUR,1963-12-01,63.0,TRESEGTRM052N
TUR,1964-01-01,10.0,TRESEGTRM052N
TUR,1964-02-01,9.0,TRESEGTRM052N
TUR,1964-03-01,20.0,TRESEGTRM052N
TUR,1964-04-01,8.0,TRESEGTRM052N
TUR,1964-05-01,9.0,TRESEGTRM052N
TUR,1964-06-01,19.0,TRESEGTRM052N
TUR,1964-07-01,6.0,TRESEGTRM052N
TUR,1964-08-01,13.0,TRESEGTRM052N
TUR,1964-09-01,10.0,TRESEGTRM052N
TUR,1964-10-01,13.0,TRESEGTRM052N
TUR,1964-11-01,18.0,TRESEGTRM052N
TUR,1964-12-01,40.0,TRESEGTRM052N
TUR,1965-01-01,19.0,TRESEGTRM052N
TUR,1965-02-01,15.0,TRESEGTRM052N
TUR,1965-03-01,16.0,TRESEGTRM052N
TUR,1965-04-01,12.0,TRESEGTRM052N
TUR,1965-05-01,16.0,TRESEGTRM052N
TUR,1965-06-01,20.0,TRESEGTRM052N
TUR,1965-07-01,11.0,TRESEGTRM052N
TUR,1965-08-01,14.0,TRESEGTRM052N
TUR,1965-09-01,16.0,TRESEGTRM052N
TUR,1965-10-01,25.0,TRESEGTRM052N
TUR,1965-11-01,14.0,TRESEGTRM052N
TUR,1965-12-01,25.0,TRESEGTRM052N
TUR,1966-01-01,38.0,TRESEGTRM052N
TUR,1966-02-01,24.0,TRESEGTRM052N
TUR,1966-03-01,19.0,TRESEGTRM052N
TUR,1966-04-01,17.0,TRESEGTRM052N
TUR,1966-05-01,15.0,TRESEGTRM052N
TUR,1966-06-01,18.0,TRESEGTRM052N
TUR,1966-07-01,21.0,TRESEGTRM052N
TUR,1966-08-01,14.0,TRESEGTRM052N
TUR,1966-09-01,15.0,TRESEGTRM052N
TUR,1966-10-01,14.0,TRESEGTRM052N
TUR,1966-11-01,15.0,TRESEGTRM052N
TUR,1966-12-01,29.0,TRESEGTRM052N
TUR,1967-01-01,17.0,TRESEGTRM052N
TUR,1967-02-01,14.0,TRESEGTRM052N
TUR,1967-03-01,16.0,TRESEGTRM052N
TUR,1967-04-01,15.0,TRESEGTRM052N
TUR,1967-05-01,24.0,TRESEGTRM052N
TUR,1967-06-01,20.0,TRESEGTRM052N
TUR,1967-07-01,12.0,TRESEGTRM052N
TUR,1967-08-01,11.0,TRESEGTRM052N
TUR,1967-09-01,15.0,TRESEGTRM052N
TUR,1967-10-01,14.0,TRESEGTRM052N
TUR,1967-11-01,13.0,TRESEGTRM052N
TUR,1967-12-01,22.0,TRESEGTRM052N
TUR,1968-01-01,20.0,TRESEGTRM052N
TUR,1968-02-01,14.0,TRESEGTRM052N
TUR,1968-03-01,21.0,TRESEGTRM052N
TUR,1968-04-01,25.0,TRESEGTRM052N
TUR,1968-05-01,12.0,TRESEGTRM052N
TUR,1968-06-01,27.0,TRESEGTRM052N
TUR,1968-07-01,15.0,TRESEGTRM052N
TUR,1968-08-01,13.0,TRESEGTRM052N
TUR,1968-09-01,15.0,TRESEGTRM052N
TUR,1968-10-01,18.0,TRESEGTRM052N
TUR,1968-11-01,25.0,TRESEGTRM052N
TUR,1968-12-01,26.0,TRESEGTRM052N
TUR,1969-01-01,29.0,TRESEGTRM052N
TUR,1969-02-01,17.0,TRESEGTRM052N
TUR,1969-03-01,12.0,TRESEGTRM052N
TUR,1969-04-01,14.0,TRESEGTRM052N
TUR,1969-05-01,26.0,TRESEGTRM052N
TUR,1969-06-01,53.0,TRESEGTRM052N
TUR,1969-07-01,45.0,TRESEGTRM052N
TUR,1969-08-01,62.0,TRESEGTRM052N
TUR,1969-09-01,80.0,TRESEGTRM052N
TUR,1969-10-01,107.0,TRESEGTRM052N
TUR,1969-11-01,121.0,TRESEGTRM052N
TUR,1969-12-01,128.0,TRESEGTRM052N
TUR,1970-01-01,110.14,TRESEGTRM052N
TUR,1970-02-01,131.14,TRESEGTRM052N
TUR,1970-03-01,122.14,TRESEGTRM052N
TUR,1970-04-01,123.14,TRESEGTRM052N
TUR,1970-05-01,108.14,TRESEGTRM052N
TUR,1970-06-01,91.14,TRESEGTRM052N
TUR,1970-07-01,93.14,TRESEGTRM052N
TUR,1970-08-01,114.14,TRESEGTRM052N
TUR,1970-09-01,155.14,TRESEGTRM052N
TUR,1970-10-01,190.14,TRESEGTRM052N
TUR,1970-11-01,272.14,TRESEGTRM052N
TUR,1970-12-01,304.14,TRESEGTRM052N
TUR,1971-01-01,307.3,TRESEGTRM052N
TUR,1971-02-01,333.3,TRESEGTRM052N
TUR,1971-03-01,308.3,TRESEGTRM052N
TUR,1971-04-01,286.0,TRESEGTRM052N
TUR,1971-05-01,313.0,TRESEGTRM052N
TUR,1971-06-01,316.0,TRESEGTRM052N
TUR,1971-07-01,350.0,TRESEGTRM052N
TUR,1971-08-01,386.5,TRESEGTRM052N
TUR,1971-09-01,434.5,TRESEGTRM052N
TUR,1971-10-01,483.5,TRESEGTRM052N
TUR,1971-11-01,530.0,TRESEGTRM052N
TUR,1971-12-01,631.4285869447,TRESEGTRM052N
TUR,1972-01-01,719.1429347236,TRESEGTRM052N
TUR,1972-02-01,807.6652190724,TRESEGTRM052N
TUR,1972-03-01,814.8652625176,TRESEGTRM052N
TUR,1972-04-01,758.972205713,TRESEGTRM052N
TUR,1972-05-01,774.5379187574,TRESEGTRM052N
TUR,1972-06-01,737.5379187574,TRESEGTRM052N
TUR,1972-07-01,803.5379187574,TRESEGTRM052N
TUR,1972-08-01,953.5379187574,TRESEGTRM052N
TUR,1972-09-01,1012.0807774519,TRESEGTRM052N
TUR,1972-10-01,1088.0807774519,TRESEGTRM052N
TUR,1972-11-01,1219.0807774519,TRESEGTRM052N
TUR,1972-12-01,1262.0807774519,TRESEGTRM052N
TUR,1973-01-01,1349.0807774519,TRESEGTRM052N
TUR,1973-02-01,1492.0892696545,TRESEGTRM052N
TUR,1973-03-01,1578.0892696545,TRESEGTRM052N
TUR,1973-04-01,1566.8721274864,TRESEGTRM052N
TUR,1973-05-01,1607.8721274864,TRESEGTRM052N
TUR,1973-06-01,1675.8721274864,TRESEGTRM052N
TUR,1973-07-01,1826.8721274864,TRESEGTRM052N
TUR,1973-08-01,1971.8721274864,TRESEGTRM052N
TUR,1973-09-01,1976.8721274864,TRESEGTRM052N
TUR,1973-10-01,2001.8721274864,TRESEGTRM052N
TUR,1973-11-01,1931.8721274864,TRESEGTRM052N
TUR,1973-12-01,1985.8721274864,TRESEGTRM052N
TUR,1974-01-01,2097.8721274864,TRESEGTRM052N
TUR,1974-02-01,2071.8721274864,TRESEGTRM052N
TUR,1974-03-01,2104.8721274864,TRESEGTRM052N
TUR,1974-04-01,2083.7527596125,TRESEGTRM052N
TUR,1974-05-01,2101.7527596125,TRESEGTRM052N
TUR,1974-06-01,2018.7527596125,TRESEGTRM052N
TUR,1974-07-01,2111.5264171886,TRESEGTRM052N
TUR,1974-08-01,2047.2968241933,TRESEGTRM052N
TUR,1974-09-01,1992.9954652777,TRESEGTRM052N
TUR,1974-10-01,1935.5699468039,TRESEGTRM052N
TUR,1974-11-01,1783.4287922268,TRESEGTRM052N
TUR,1974-12-01,1561.6919047072,TRESEGTRM052N
TUR,1975-01-01,1545.7456546821,TRESEGTRM052N
TUR,1975-02-01,1383.3021011725,TRESEGTRM052N
TUR,1975-03-01,1227.5638083413,TRESEGTRM052N
TUR,1975-04-01,1033.4018274424,TRESEGTRM052N
TUR,1975-05-01,947.571542617,TRESEGTRM052N
TUR,1975-06-01,1015.2329406153,TRESEGTRM052N
TUR,1975-07-01,1063.7547044433,TRESEGTRM052N
TUR,1975-08-01,1116.9542293236,TRESEGTRM052N
TUR,1975-09-01,1004.265627406,TRESEGTRM052N
TUR,1975-10-01,1113.917138055,TRESEGTRM052N
TUR,1975-11-01,1005.2475526199,TRESEGTRM052N
TUR,1975-12-01,943.818501126,TRESEGTRM052N
TUR,1976-01-01,883.7664384093,TRESEGTRM052N
TUR,1976-02-01,753.7660671456,TRESEGTRM052N
TUR,1976-03-01,756.5320590968,TRESEGTRM052N
TUR,1976-04-01,749.2358464814,TRESEGTRM052N
TUR,1976-05-01,817.5191793945,TRESEGTRM052N
TUR,1976-06-01,769.6382244985,TRESEGTRM052N
TUR,1976-07-01,766.6541077678,TRESEGTRM052N
TUR,1976-08-01,948.7266220416,TRESEGTRM052N
TUR,1976-09-01,913.6438026655,TRESEGTRM052N
TUR,1976-10-01,705.6116487097,TRESEGTRM052N
TUR,1976-11-01,705.6417155659,TRESEGTRM052N
TUR,1976-12-01,990.4706463518,TRESEGTRM052N
TUR,1977-01-01,871.2949839496,TRESEGTRM052N
TUR,1977-02-01,844.363173982,TRESEGTRM052N
TUR,1977-03-01,630.6184261109,TRESEGTRM052N
TUR,1977-04-01,580.2108248436,TRESEGTRM052N
TUR,1977-05-01,593.0,TRESEGTRM052N
TUR,1977-06-01,721.0,TRESEGTRM052N
TUR,1977-07-01,726.0,TRESEGTRM052N
TUR,1977-08-01,675.0116188551,TRESEGTRM052N
TUR,1977-09-01,666.0116353482,TRESEGTRM052N
TUR,1977-10-01,659.796780977,TRESEGTRM052N
TUR,1977-11-01,569.0355021183,TRESEGTRM052N
TUR,1977-12-01,638.036441378,TRESEGTRM052N
TUR,1978-01-01,691.0841839301,TRESEGTRM052N
TUR,1978-02-01,704.0613353943,TRESEGTRM052N
TUR,1978-03-01,743.0618337415,TRESEGTRM052N
TUR,1978-04-01,920.887199632,TRESEGTRM052N
TUR,1978-05-01,814.024397087,TRESEGTRM052N
TUR,1978-06-01,786.0247905201,TRESEGTRM052N
TUR,1978-07-01,812.0251971679,TRESEGTRM052N
TUR,1978-08-01,981.0254161901,TRESEGTRM052N
TUR,1978-09-01,1154.5757109936,TRESEGTRM052N
TUR,1978-10-01,1103.0753968925,TRESEGTRM052N
TUR,1978-11-01,987.2926543756,TRESEGTRM052N
TUR,1978-12-01,801.2996430343,TRESEGTRM052N
TUR,1979-01-01,819.1782891114,TRESEGTRM052N
TUR,1979-02-01,752.1418074,TRESEGTRM052N
TUR,1979-03-01,782.1415501025,TRESEGTRM052N
TUR,1979-04-01,776.1145417061,TRESEGTRM052N
TUR,1979-05-01,1180.3299199314,TRESEGTRM052N
TUR,1979-06-01,1231.3356831156,TRESEGTRM052N
TUR,1979-07-01,1323.5587374788,TRESEGTRM052N
TUR,1979-08-01,1209.1040244459,TRESEGTRM052N
TUR,1979-09-01,1031.1054199008,TRESEGTRM052N
TUR,1979-10-01,895.1031822682,TRESEGTRM052N
TUR,1979-11-01,800.1962066713,TRESEGTRM052N
TUR,1979-12-01,658.1975998211,TRESEGTRM052N
TUR,1980-01-01,590.131534283,TRESEGTRM052N
TUR,1980-02-01,824.8461538642,TRESEGTRM052N
TUR,1980-03-01,969.2876232587,TRESEGTRM052N
TUR,1980-04-01,948.9026348571,TRESEGTRM052N
TUR,1980-05-01,858.040205648,TRESEGTRM052N
TUR,1980-06-01,800.3727204781,TRESEGTRM052N
TUR,1980-07-01,854.1571766481,TRESEGTRM052N
TUR,1980-08-01,1186.159162992,TRESEGTRM052N
TUR,1980-09-01,1190.2491797665,TRESEGTRM052N
TUR,1980-10-01,1181.715843016,TRESEGTRM052N
TUR,1980-11-01,1157.8359931834,TRESEGTRM052N
TUR,1980-12-01,1077.0,TRESEGTRM052N
TUR,1981-01-01,1305.3810264701,TRESEGTRM052N
TUR,1981-02-01,1212.812225586,TRESEGTRM052N
TUR,1981-03-01,1102.025184646,TRESEGTRM052N
TUR,1981-04-01,1102.5599770359,TRESEGTRM052N
TUR,1981-05-01,903.0803777356,TRESEGTRM052N
TUR,1981-06-01,861.6619875581,TRESEGTRM052N
TUR,1981-07-01,1030.1803568814,TRESEGTRM052N
TUR,1981-08-01,1344.0679624848,TRESEGTRM052N
TUR,1981-09-01,1476.0686758159,TRESEGTRM052N
TUR,1981-10-01,1458.5171524699,TRESEGTRM052N
TUR,1981-11-01,1352.2125298135,TRESEGTRM052N
TUR,1981-12-01,928.2095118377,TRESEGTRM052N
TUR,1982-01-01,1281.2066115705,TRESEGTRM052N
TUR,1982-02-01,1179.2028397568,TRESEGTRM052N
TUR,1982-03-01,1290.1892252896,TRESEGTRM052N
TUR,1982-04-01,1261.8571299543,TRESEGTRM052N
TUR,1982-05-01,1271.9442446054,TRESEGTRM052N
TUR,1982-06-01,1084.0109223964,TRESEGTRM052N
TUR,1982-07-01,1170.5477896269,TRESEGTRM052N
TUR,1982-08-01,1263.0147300981,TRESEGTRM052N
TUR,1982-09-01,1229.9649344853,TRESEGTRM052N
TUR,1982-10-01,1113.9187816772,TRESEGTRM052N
TUR,1982-11-01,945.1187481784,TRESEGTRM052N
TUR,1982-12-01,1080.12134182,TRESEGTRM052N
TUR,1983-01-01,1069.4752344083,TRESEGTRM052N
TUR,1983-02-01,1013.0817892511,TRESEGTRM052N
TUR,1983-03-01,1059.790587552,TRESEGTRM052N
TUR,1983-04-01,1107.0403989108,TRESEGTRM052N
TUR,1983-05-01,1158.023464266,TRESEGTRM052N
TUR,1983-06-01,1152.3619581423,TRESEGTRM052N
TUR,1983-07-01,824.7637496102,TRESEGTRM052N
TUR,1983-08-01,907.2667920216,TRESEGTRM052N
TUR,1983-09-01,1123.2933355903,TRESEGTRM052N
TUR,1983-10-01,1126.5950171683,TRESEGTRM052N
TUR,1983-11-01,1274.3342298251,TRESEGTRM052N
TUR,1983-12-01,1288.1253730148,TRESEGTRM052N
TUR,1984-01-01,1033.995687868,TRESEGTRM052N
TUR,1984-02-01,1149.2528199837,TRESEGTRM052N
TUR,1984-03-01,1206.3844115853,TRESEGTRM052N
TUR,1984-04-01,1133.0471204681,TRESEGTRM052N
TUR,1984-05-01,1002.0939859819,TRESEGTRM052N
TUR,1984-06-01,1161.7014942304,TRESEGTRM052N
TUR,1984-07-01,1049.1852865177,TRESEGTRM052N
TUR,1984-08-01,1078.2743686715,TRESEGTRM052N
TUR,1984-09-01,978.6973026973,TRESEGTRM052N
TUR,1984-10-01,1040.8033234761,TRESEGTRM052N
TUR,1984-11-01,1127.9756225452,TRESEGTRM052N
TUR,1984-12-01,1270.6803732949,TRESEGTRM052N
TUR,1985-01-01,1017.6571442896,TRESEGTRM052N
TUR,1985-02-01,1040.5028302792,TRESEGTRM052N
TUR,1985-03-01,1030.6153846497,TRESEGTRM052N
TUR,1985-04-01,1046.5564619243,TRESEGTRM052N
TUR,1985-05-01,1087.3503127793,TRESEGTRM052N
TUR,1985-06-01,1182.5240586192,TRESEGTRM052N
TUR,1985-07-01,1112.3909002261,TRESEGTRM052N
TUR,1985-08-01,1205.9333222894,TRESEGTRM052N
TUR,1985-09-01,1199.7441759453,TRESEGTRM052N
TUR,1985-10-01,1262.5157425467,TRESEGTRM052N
TUR,1985-11-01,1132.7580130307,TRESEGTRM052N
TUR,1985-12-01,1055.9292618629,TRESEGTRM052N
TUR,1986-01-01,1298.5682522717,TRESEGTRM052N
TUR,1986-02-01,1357.8248396465,TRESEGTRM052N
TUR,1986-03-01,1195.2344232445,TRESEGTRM052N
TUR,1986-04-01,1253.3568270717,TRESEGTRM052N
TUR,1986-05-01,1156.146834036,TRESEGTRM052N
TUR,1986-06-01,1418.2954450854,TRESEGTRM052N
TUR,1986-07-01,1311.2465204765,TRESEGTRM052N
TUR,1986-08-01,1689.2255459437,TRESEGTRM052N
TUR,1986-09-01,1375.4310051934,TRESEGTRM052N
TUR,1986-10-01,1356.8779561663,TRESEGTRM052N
TUR,1986-11-01,1412.1774786987,TRESEGTRM052N
TUR,1986-12-01,1411.5948772522,TRESEGTRM052N
TUR,1987-01-01,1485.4105716821,TRESEGTRM052N
TUR,1987-02-01,1505.5400116306,TRESEGTRM052N
TUR,1987-03-01,1551.2613810216,TRESEGTRM052N
TUR,1987-04-01,1465.9297750607,TRESEGTRM052N
TUR,1987-05-01,1432.659697652,TRESEGTRM052N
TUR,1987-06-01,1355.6890320272,TRESEGTRM052N
TUR,1987-07-01,1319.1912105737,TRESEGTRM052N
TUR,1987-08-01,1513.1558992396,TRESEGTRM052N
TUR,1987-09-01,1323.7162527032,TRESEGTRM052N
TUR,1987-10-01,1202.7878988044,TRESEGTRM052N
TUR,1987-11-01,1535.3873555797,TRESEGTRM052N
TUR,1987-12-01,1775.8369390969,TRESEGTRM052N
TUR,1988-01-01,1602.5589199825,TRESEGTRM052N
TUR,1988-02-01,1714.3824430078,TRESEGTRM052N
TUR,1988-03-01,1708.2395155585,TRESEGTRM052N
TUR,1988-04-01,1565.9273306111,TRESEGTRM052N
TUR,1988-05-01,1846.7665451965,TRESEGTRM052N
TUR,1988-06-01,1745.1979030144,TRESEGTRM052N
TUR,1988-07-01,1553.2842918633,TRESEGTRM052N
TUR,1988-08-01,1591.5952801144,TRESEGTRM052N
TUR,1988-09-01,1984.6666666667,TRESEGTRM052N
TUR,1988-10-01,2179.4595351216,TRESEGTRM052N
TUR,1988-11-01,2526.1608482381,TRESEGTRM052N
TUR,1988-12-01,2344.4928879977,TRESEGTRM052N
TUR,1989-01-01,2355.0884350174,TRESEGTRM052N
TUR,1989-02-01,2526.0145892801,TRESEGTRM052N
TUR,1989-03-01,2060.0776400326,TRESEGTRM052N
TUR,1989-04-01,2374.8402974825,TRESEGTRM052N
TUR,1989-05-01,2246.2064419848,TRESEGTRM052N
TUR,1989-06-01,2672.2956426364,TRESEGTRM052N
TUR,1989-07-01,2983.4486931891,TRESEGTRM052N
TUR,1989-08-01,3145.5370031038,TRESEGTRM052N
TUR,1989-09-01,3714.6192072898,TRESEGTRM052N
TUR,1989-10-01,4346.5321884025,TRESEGTRM052N
TUR,1989-11-01,4657.6060368029,TRESEGTRM052N
TUR,1989-12-01,4780.4606407864,TRESEGTRM052N
TUR,1990-01-01,5113.1968769055,TRESEGTRM052N
TUR,1990-02-01,5351.6383639931,TRESEGTRM052N
TUR,1990-03-01,5040.120873117,TRESEGTRM052N
TUR,1990-04-01,5201.6516925642,TRESEGTRM052N
TUR,1990-05-01,5229.7058869836,TRESEGTRM052N
TUR,1990-06-01,5722.8731201017,TRESEGTRM052N
TUR,1990-07-01,6095.9884194139,TRESEGTRM052N
TUR,1990-08-01,6537.2510637118,TRESEGTRM052N
TUR,1990-09-01,6404.4672051246,TRESEGTRM052N
TUR,1990-10-01,6502.477880158,TRESEGTRM052N
TUR,1990-11-01,6343.66923483,TRESEGTRM052N
TUR,1990-12-01,6049.5351182939,TRESEGTRM052N
TUR,1991-01-01,5255.647077391,TRESEGTRM052N
TUR,1991-02-01,4330.5935564521,TRESEGTRM052N
TUR,1991-03-01,3760.1590263473,TRESEGTRM052N
TUR,1991-04-01,4256.0354777292,TRESEGTRM052N
TUR,1991-05-01,4583.0734781443,TRESEGTRM052N
TUR,1991-06-01,5077.2079291216,TRESEGTRM052N
TUR,1991-07-01,4988.8237240202,TRESEGTRM052N
TUR,1991-08-01,4964.0403770306,TRESEGTRM052N
TUR,1991-09-01,5035.0752393981,TRESEGTRM052N
TUR,1991-10-01,4599.0265786633,TRESEGTRM052N
TUR,1991-11-01,4912.569629691,TRESEGTRM052N
TUR,1991-12-01,5144.1743123203,TRESEGTRM052N
TUR,1992-01-01,4720.1240830015,TRESEGTRM052N
TUR,1992-02-01,4292.8795846222,TRESEGTRM052N
TUR,1992-03-01,3786.5816186557,TRESEGTRM052N
TUR,1992-04-01,3482.5031915185,TRESEGTRM052N
TUR,1992-05-01,3658.5199184551,TRESEGTRM052N
TUR,1992-06-01,4387.6560760236,TRESEGTRM052N
TUR,1992-07-01,5156.2172607013,TRESEGTRM052N
TUR,1992-08-01,5843.8520693388,TRESEGTRM052N
TUR,1992-09-01,5721.5285731118,TRESEGTRM052N
TUR,1992-10-01,5718.8299379982,TRESEGTRM052N
TUR,1992-11-01,5675.5404200865,TRESEGTRM052N
TUR,1992-12-01,6159.4126665475,TRESEGTRM052N
TUR,1993-01-01,6492.8458508948,TRESEGTRM052N
TUR,1993-02-01,7212.5031581555,TRESEGTRM052N
TUR,1993-03-01,7178.202320218,TRESEGTRM052N
TUR,1993-04-01,6811.9966521908,TRESEGTRM052N
TUR,1993-05-01,7103.1109879451,TRESEGTRM052N
TUR,1993-06-01,6864.3048738722,TRESEGTRM052N
TUR,1993-07-01,7052.8799167236,TRESEGTRM052N
TUR,1993-08-01,7096.5295950814,TRESEGTRM052N
TUR,1993-09-01,6994.6299220305,TRESEGTRM052N
TUR,1993-10-01,6907.7606604695,TRESEGTRM052N
TUR,1993-11-01,7257.8378973008,TRESEGTRM052N
TUR,1993-12-01,6271.5129093137,TRESEGTRM052N
TUR,1994-01-01,5540.7434984067,TRESEGTRM052N
TUR,1994-02-01,4496.4071601984,TRESEGTRM052N
TUR,1994-03-01,3349.8387718317,TRESEGTRM052N
TUR,1994-04-01,3382.8010521064,TRESEGTRM052N
TUR,1994-05-01,3653.1483948693,TRESEGTRM052N
TUR,1994-06-01,4279.1481159622,TRESEGTRM052N
TUR,1994-07-01,5498.0393608055,TRESEGTRM052N
TUR,1994-08-01,6278.8635541079,TRESEGTRM052N
TUR,1994-09-01,6790.5001599446,TRESEGTRM052N
TUR,1994-10-01,6821.9937040721,TRESEGTRM052N
TUR,1994-11-01,7282.2101377494,TRESEGTRM052N
TUR,1994-12-01,7169.3129606732,TRESEGTRM052N
TUR,1995-01-01,9368.7776128792,TRESEGTRM052N
TUR,1995-02-01,10870.6662477379,TRESEGTRM052N
TUR,1995-03-01,11402.8189447599,TRESEGTRM052N
TUR,1995-04-01,12346.3357416452,TRESEGTRM052N
TUR,1995-05-01,12394.7432921391,TRESEGTRM052N
TUR,1995-06-01,13482.8549353907,TRESEGTRM052N
TUR,1995-07-01,14693.9006543817,TRESEGTRM052N
TUR,1995-08-01,15566.8071445629,TRESEGTRM052N
TUR,1995-09-01,16245.6923087351,TRESEGTRM052N
TUR,1995-10-01,16759.2182691273,TRESEGTRM052N
TUR,1995-11-01,14738.8338336702,TRESEGTRM052N
TUR,1995-12-01,12441.8453193564,TRESEGTRM052N
TUR,1996-01-01,13760.9135504963,TRESEGTRM052N
TUR,1996-02-01,14460.2700556044,TRESEGTRM052N
TUR,1996-03-01,13984.0193011039,TRESEGTRM052N
TUR,1996-04-01,15489.3150099546,TRESEGTRM052N
TUR,1996-05-01,15203.565234384,TRESEGTRM052N
TUR,1996-06-01,15922.8218282222,TRESEGTRM052N
TUR,1996-07-01,15511.3659938858,TRESEGTRM052N
TUR,1996-08-01,16247.8213059722,TRESEGTRM052N
TUR,1996-09-01,17294.2090245932,TRESEGTRM052N
TUR,1996-10-01,17388.115996315,TRESEGTRM052N
TUR,1996-11-01,17597.0410271227,TRESEGTRM052N
TUR,1996-12-01,16435.819484867,TRESEGTRM052N
TUR,1997-01-01,16747.7476294279,TRESEGTRM052N
TUR,1997-02-01,16255.6466838307,TRESEGTRM052N
TUR,1997-03-01,15636.7108769429,TRESEGTRM052N
TUR,1997-04-01,15336.8527156235,TRESEGTRM052N
TUR,1997-05-01,15941.2405897311,TRESEGTRM052N
TUR,1997-06-01,16055.3191137011,TRESEGTRM052N
TUR,1997-07-01,16425.4857066775,TRESEGTRM052N
TUR,1997-08-01,17852.9058819198,TRESEGTRM052N
TUR,1997-09-01,20239.9597699345,TRESEGTRM052N
TUR,1997-10-01,21006.5595067119,TRESEGTRM052N
TUR,1997-11-01,19567.7494120259,TRESEGTRM052N
TUR,1997-12-01,18658.3357610855,TRESEGTRM052N
TUR,1998-01-01,19610.4692120894,TRESEGTRM052N
TUR,1998-02-01,19527.6988679633,TRESEGTRM052N
TUR,1998-03-01,21264.7028241961,TRESEGTRM052N
TUR,1998-04-01,24628.62930728,TRESEGTRM052N
TUR,1998-05-01,25784.3468289758,TRESEGTRM052N
TUR,1998-06-01,26455.562438749,TRESEGTRM052N
TUR,1998-07-01,25644.1395537439,TRESEGTRM052N
TUR,1998-08-01,22069.0347299586,TRESEGTRM052N
TUR,1998-09-01,21583.0111721654,TRESEGTRM052N
TUR,1998-10-01,21098.5910871191,TRESEGTRM052N
TUR,1998-11-01,19875.8837942395,TRESEGTRM052N
TUR,1998-12-01,19488.8099786684,TRESEGTRM052N
TUR,1999-01-01,19712.0674846882,TRESEGTRM052N
TUR,1999-02-01,20281.777107134,TRESEGTRM052N
TUR,1999-03-01,21372.9017791797,TRESEGTRM052N
TUR,1999-04-01,21885.5051704638,TRESEGTRM052N
TUR,1999-05-01,21925.0554336609,TRESEGTRM052N
TUR,1999-06-01,21621.3753469931,TRESEGTRM052N
TUR,1999-07-01,23485.3145413669,TRESEGTRM052N
TUR,1999-08-01,23302.2427534644,TRESEGTRM052N
TUR,1999-09-01,23652.26412497,TRESEGTRM052N
TUR,1999-10-01,23988.8108289841,TRESEGTRM052N
TUR,1999-11-01,22668.6422110704,TRESEGTRM052N
TUR,1999-12-01,23345.8606858992,TRESEGTRM052N
TUR,2000-01-01,22930.4388405311,TRESEGTRM052N
TUR,2000-02-01,23149.3871777358,TRESEGTRM052N
TUR,2000-03-01,23111.2455943755,TRESEGTRM052N
TUR,2000-04-01,22301.3089191721,TRESEGTRM052N
TUR,2000-05-01,23039.3952983697,TRESEGTRM052N
TUR,2000-06-01,24742.3839836745,TRESEGTRM052N
TUR,2000-07-01,24621.9657781444,TRESEGTRM052N
TUR,2000-08-01,24541.2091435043,TRESEGTRM052N
TUR,2000-09-01,24255.4192160482,TRESEGTRM052N
TUR,2000-10-01,23629.4884161857,TRESEGTRM052N
TUR,2000-11-01,19002.5632380918,TRESEGTRM052N
TUR,2000-12-01,22488.4402551615,TRESEGTRM052N
TUR,2001-01-01,25119.2178962573,TRESEGTRM052N
TUR,2001-02-01,21665.9443266138,TRESEGTRM052N
TUR,2001-03-01,18560.3014884506,TRESEGTRM052N
TUR,2001-04-01,18349.5427211244,TRESEGTRM052N
TUR,2001-05-01,19917.5308119227,TRESEGTRM052N
TUR,2001-06-01,16587.9376478429,TRESEGTRM052N
TUR,2001-07-01,17245.5081257781,TRESEGTRM052N
TUR,2001-08-01,18908.2607357577,TRESEGTRM052N
TUR,2001-09-01,18987.3507482695,TRESEGTRM052N
TUR,2001-10-01,18826.8039597355,TRESEGTRM052N
TUR,2001-11-01,17431.2169145436,TRESEGTRM052N
TUR,2001-12-01,18879.205044262,TRESEGTRM052N
TUR,2002-01-01,19192.1781623971,TRESEGTRM052N
TUR,2002-02-01,20625.6105878351,TRESEGTRM052N
TUR,2002-03-01,20496.3243081819,TRESEGTRM052N
TUR,2002-04-01,22509.7159474967,TRESEGTRM052N
TUR,2002-05-01,21317.9822392417,TRESEGTRM052N
TUR,2002-06-01,22425.8852953033,TRESEGTRM052N
TUR,2002-07-01,23481.6033077962,TRESEGTRM052N
TUR,2002-08-01,25135.3712086214,TRESEGTRM052N
TUR,2002-09-01,25194.7017947629,TRESEGTRM052N
TUR,2002-10-01,26084.4488269835,TRESEGTRM052N
TUR,2002-11-01,26189.7905336428,TRESEGTRM052N
TUR,2002-12-01,27068.6035929479,TRESEGTRM052N
TUR,2003-01-01,29708.8093737009,TRESEGTRM052N
TUR,2003-02-01,27852.0527392265,TRESEGTRM052N
TUR,2003-03-01,26934.4541278228,TRESEGTRM052N
TUR,2003-04-01,27554.6351217636,TRESEGTRM052N
TUR,2003-05-01,28855.9505416408,TRESEGTRM052N
TUR,2003-06-01,29197.9563548543,TRESEGTRM052N
TUR,2003-07-01,29097.3492646342,TRESEGTRM052N
TUR,2003-08-01,30074.9417072042,TRESEGTRM052N
TUR,2003-09-01,34447.7578345501,TRESEGTRM052N
TUR,2003-10-01,33230.5023237767,TRESEGTRM052N
TUR,2003-11-01,31438.3900651371,TRESEGTRM052N
TUR,2003-12-01,33990.9870037045,TRESEGTRM052N
TUR,2004-01-01,33718.7501722026,TRESEGTRM052N
TUR,2004-02-01,33490.1092945672,TRESEGTRM052N
TUR,2004-03-01,33130.1605526455,TRESEGTRM052N
TUR,2004-04-01,34257.6518725001,TRESEGTRM052N
TUR,2004-05-01,33359.1156269141,TRESEGTRM052N
TUR,2004-06-01,33974.8183541659,TRESEGTRM052N
TUR,2004-07-01,32759.6678110049,TRESEGTRM052N
TUR,2004-08-01,33858.0122350962,TRESEGTRM052N
TUR,2004-09-01,34982.9567939501,TRESEGTRM052N
TUR,2004-10-01,36331.6362194811,TRESEGTRM052N
TUR,2004-11-01,35525.0599432944,TRESEGTRM052N
TUR,2004-12-01,35669.1428657953,TRESEGTRM052N
TUR,2005-01-01,37568.6670072573,TRESEGTRM052N
TUR,2005-02-01,37009.6256614365,TRESEGTRM052N
TUR,2005-03-01,38231.9783559202,TRESEGTRM052N
TUR,2005-04-01,37817.8124485243,TRESEGTRM052N
TUR,2005-05-01,35695.6581178806,TRESEGTRM052N
TUR,2005-06-01,40212.0373009538,TRESEGTRM052N
TUR,2005-07-01,43156.9889252498,TRESEGTRM052N
TUR,2005-08-01,41130.2416351342,TRESEGTRM052N
TUR,2005-09-01,41925.9183371744,TRESEGTRM052N
TUR,2005-10-01,44982.320027181,TRESEGTRM052N
TUR,2005-11-01,47957.8179754479,TRESEGTRM052N
TUR,2005-12-01,50579.0014449876,TRESEGTRM052N
TUR,2006-01-01,53416.8089689832,TRESEGTRM052N
TUR,2006-02-01,56787.2568727031,TRESEGTRM052N
TUR,2006-03-01,58548.570040214,TRESEGTRM052N
TUR,2006-04-01,60446.380173909,TRESEGTRM052N
TUR,2006-05-01,59952.0165804425,TRESEGTRM052N
TUR,2006-06-01,57422.7037562149,TRESEGTRM052N
TUR,2006-07-01,57598.5291439943,TRESEGTRM052N
TUR,2006-08-01,58257.6572686608,TRESEGTRM052N
TUR,2006-09-01,58561.2567936535,TRESEGTRM052N
TUR,2006-10-01,57786.6047811311,TRESEGTRM052N
TUR,2006-11-01,58211.3781399082,TRESEGTRM052N
TUR,2006-12-01,60891.8827348823,TRESEGTRM052N
TUR,2007-01-01,63007.2961410996,TRESEGTRM052N
TUR,2007-02-01,64651.1267813963,TRESEGTRM052N
TUR,2007-03-01,67433.8215307247,TRESEGTRM052N
TUR,2007-04-01,67262.0095200499,TRESEGTRM052N
TUR,2007-05-01,66336.5213925546,TRESEGTRM052N
TUR,2007-06-01,68374.8773252624,TRESEGTRM052N
TUR,2007-07-01,70083.0541303256,TRESEGTRM052N
TUR,2007-08-01,72149.1156934989,TRESEGTRM052N
TUR,2007-09-01,71798.4745339463,TRESEGTRM052N
TUR,2007-10-01,72412.9497908008,TRESEGTRM052N
TUR,2007-11-01,72462.6245973604,TRESEGTRM052N
TUR,2007-12-01,73383.889194709,TRESEGTRM052N
TUR,2008-01-01,74492.7998011217,TRESEGTRM052N
TUR,2008-02-01,75098.9018467688,TRESEGTRM052N
TUR,2008-03-01,76583.2428617081,TRESEGTRM052N
TUR,2008-04-01,74574.0136274759,TRESEGTRM052N
TUR,2008-05-01,73892.5407536916,TRESEGTRM052N
TUR,2008-06-01,75953.8219892922,TRESEGTRM052N
TUR,2008-07-01,75874.3421803129,TRESEGTRM052N
TUR,2008-08-01,75847.3174087859,TRESEGTRM052N
TUR,2008-09-01,76682.4744548034,TRESEGTRM052N
TUR,2008-10-01,70977.4385423447,TRESEGTRM052N
TUR,2008-11-01,70672.7066892224,TRESEGTRM052N
TUR,2008-12-01,70428.0650151764,TRESEGTRM052N
TUR,2009-01-01,67149.4951888306,TRESEGTRM052N
TUR,2009-02-01,67289.1653024381,TRESEGTRM052N
TUR,2009-03-01,67417.6426212152,TRESEGTRM052N
TUR,2009-04-01,64456.1727843561,TRESEGTRM052N
TUR,2009-05-01,67965.5244144593,TRESEGTRM052N
TUR,2009-06-01,66106.1037215741,TRESEGTRM052N
TUR,2009-07-01,67142.375143556,TRESEGTRM052N
TUR,2009-08-01,70194.4904626776,TRESEGTRM052N
TUR,2009-09-01,71102.4566577739,TRESEGTRM052N
TUR,2009-10-01,71371.841245654,TRESEGTRM052N
TUR,2009-11-01,71393.7908613956,TRESEGTRM052N
TUR,2009-12-01,70873.6586976394,TRESEGTRM052N
TUR,2010-01-01,70629.8521092471,TRESEGTRM052N
TUR,2010-02-01,67906.3208799235,TRESEGTRM052N
TUR,2010-03-01,69410.9936584208,TRESEGTRM052N
TUR,2010-04-01,73166.4905108111,TRESEGTRM052N
TUR,2010-05-01,72290.1716172983,TRESEGTRM052N
TUR,2010-06-01,71215.9506051605,TRESEGTRM052N
TUR,2010-07-01,74087.5742140539,TRESEGTRM052N
TUR,2010-08-01,76454.9024874078,TRESEGTRM052N
TUR,2010-09-01,77782.4139005366,TRESEGTRM052N
TUR,2010-10-01,79244.2501883064,TRESEGTRM052N
TUR,2010-11-01,79094.3070964223,TRESEGTRM052N
TUR,2010-12-01,80712.9816589094,TRESEGTRM052N
TUR,2011-01-01,82901.4422494347,TRESEGTRM052N
TUR,2011-02-01,83066.0653511335,TRESEGTRM052N
TUR,2011-03-01,86802.3497991264,TRESEGTRM052N
TUR,2011-04-01,90221.3642532508,TRESEGTRM052N
TUR,2011-05-01,91863.3924533856,TRESEGTRM052N
TUR,2011-06-01,93737.1013203617,TRESEGTRM052N
TUR,2011-07-01,93002.5266916006,TRESEGTRM052N
TUR,2011-08-01,89100.2692194837,TRESEGTRM052N
TUR,2011-09-01,87519.1141655996,TRESEGTRM052N
TUR,2011-10-01,84765.373720363,TRESEGTRM052N
TUR,2011-11-01,85055.7434124485,TRESEGTRM052N
TUR,2011-12-01,78322.3800314294,TRESEGTRM052N
TUR,2012-01-01,76422.3846630814,TRESEGTRM052N
TUR,2012-02-01,78389.3595498339,TRESEGTRM052N
TUR,2012-03-01,80316.9396297855,TRESEGTRM052N
TUR,2012-04-01,80343.9868254852,TRESEGTRM052N
TUR,2012-05-01,78613.6827566825,TRESEGTRM052N
TUR,2012-06-01,83542.2069400779,TRESEGTRM052N
TUR,2012-07-01,85031.8062593247,TRESEGTRM052N
TUR,2012-08-01,93022.623720945,TRESEGTRM052N
TUR,2012-09-01,95016.06787803,TRESEGTRM052N
TUR,2012-10-01,99663.419881607,TRESEGTRM052N
TUR,2012-11-01,100210.2462362036,TRESEGTRM052N
TUR,2012-12-01,99942.6316089645,TRESEGTRM052N
TUR,2013-01-01,104393.8675783184,TRESEGTRM052N
TUR,2013-02-01,103996.9571602397,TRESEGTRM052N
TUR,2013-03-01,105650.6964265574,TRESEGTRM052N
TUR,2013-04-01,113792.3571351612,TRESEGTRM052N
TUR,2013-05-01,108774.2251164311,TRESEGTRM052N
TUR,2013-06-01,105565.5460547051,TRESEGTRM052N
TUR,2013-07-01,104457.0235229416,TRESEGTRM052N
TUR,2013-08-01,108608.0549130406,TRESEGTRM052N
TUR,2013-09-01,109789.5796738871,TRESEGTRM052N
TUR,2013-10-01,112659.9627375906,TRESEGTRM052N
TUR,2013-11-01,114282.4616607657,TRESEGTRM052N
TUR,2013-12-01,110926.748052956,TRESEGTRM052N
TUR,2014-01-01,104624.6100113417,TRESEGTRM052N
TUR,2014-02-01,106459.4299199365,TRESEGTRM052N
TUR,2014-03-01,105989.0117207612,TRESEGTRM052N
TUR,2014-04-01,109106.1797662577,TRESEGTRM052N
TUR,2014-05-01,110336.0797242152,TRESEGTRM052N
TUR,2014-06-01,111854.8568645132,TRESEGTRM052N
TUR,2014-07-01,111546.3207010837,TRESEGTRM052N
TUR,2014-08-01,112927.6195633502,TRESEGTRM052N
TUR,2014-09-01,111394.9681235414,TRESEGTRM052N
TUR,2014-10-01,106938.2571652037,TRESEGTRM052N
TUR,2014-11-01,113157.0998290711,TRESEGTRM052N
TUR,2014-12-01,106906.3976422087,TRESEGTRM052N
TUR,2015-01-01,109640.1645707475,TRESEGTRM052N
TUR,2015-02-01,108633.453457489,TRESEGTRM052N
TUR,2015-03-01,101207.198248694,TRESEGTRM052N
TUR,2015-04-01,103449.0901259279,TRESEGTRM052N
TUR,2015-05-01,101330.1672197193,TRESEGTRM052N
TUR,2015-06-01,100752.3797937338,TRESEGTRM052N
TUR,2015-07-01,102532.5498242678,TRESEGTRM052N
TUR,2015-08-01,102434.6730256633,TRESEGTRM052N
TUR,2015-09-01,101536.2843165225,TRESEGTRM052N
TUR,2015-10-01,100119.4785437868,TRESEGTRM052N
TUR,2015-11-01,99196.9146021015,TRESEGTRM052N
TUR,2015-12-01,92920.8273786929,TRESEGTRM052N
TUR,2016-01-01,92854.3557561094,TRESEGTRM052N
TUR,2016-02-01,93721.0928262903,TRESEGTRM052N
TUR,2016-03-01,95705.9213955929,TRESEGTRM052N
TUR,2016-04-01,96197.4851656235,TRESEGTRM052N
TUR,2016-05-01,98049.1381447751,TRESEGTRM052N
TUR,2016-06-01,101659.226809775,TRESEGTRM052N
TUR,2016-07-01,99929.3718845442,TRESEGTRM052N
TUR,2016-08-01,103736.4852572309,TRESEGTRM052N
TUR,2016-09-01,99006.1917577741,TRESEGTRM052N
TUR,2016-10-01,101035.2287157506,TRESEGTRM052N
TUR,2016-11-01,99344.6885102881,TRESEGTRM052N
TUR,2016-12-01,90919.2048182566,TRESEGTRM052N
TUR,2017-01-01,90512.5259852547,TRESEGTRM052N
TUR,2017-02-01,90929.4932722788,TRESEGTRM052N
TUR,2017-03-01,88574.5582460723,TRESEGTRM052N
TUR,2017-04-01,84988.4248929334,TRESEGTRM052N
TUR,2017-05-01,87443.1838312881,TRESEGTRM052N
TUR,2017-06-01,90196.711887515,TRESEGTRM052N
TUR,2017-07-01,87976.2152451298,TRESEGTRM052N
TUR,2017-08-01,91472.589064164,TRESEGTRM052N
TUR,2017-09-01,91506.5024503896,TRESEGTRM052N
TUR,2017-10-01,96174.4416803098,TRESEGTRM052N
TUR,2017-11-01,92267.4700894294,TRESEGTRM052N
TUR,2017-12-01,84115.0535010138,TRESEGTRM052N
TUR,2018-01-01,90007.5556942719,TRESEGTRM052N
TUR,2018-02-01,89422.3508373748,TRESEGTRM052N
TUR,2018-03-01,84700.0454000235,TRESEGTRM052N
TUR,2018-04-01,86836.7059076931,TRESEGTRM052N
TUR,2018-05-01,82836.4407708786,TRESEGTRM052N
TUR,2018-06-01,75565.7059810491,TRESEGTRM052N
TUR,2018-07-01,78335.456328369,TRESEGTRM052N
TUR,2018-08-01,70271.5305021669,TRESEGTRM052N
TUR,2018-09-01,66976.3222972145,TRESEGTRM052N
TUR,2018-10-01,67645.5750290046,TRESEGTRM052N
TUR,2018-11-01,71684.5604090617,TRESEGTRM052N
TUR,2018-12-01,72866.830470308,TRESEGTRM052N
TUR,2019-01-01,76300.6243419131,TRESEGTRM052N
TUR,2019-02-01,79085.6424162227,TRESEGTRM052N
TUR,2019-03-01,75403.8932288704,TRESEGTRM052N
TUR,2019-04-01,72186.9601231057,TRESEGTRM052N
TUR,2019-05-01,75033.4435245817,TRESEGTRM052N
TUR,2019-06-01,73542.4445979575,TRESEGTRM052N
TUR,2019-07-01,75787.2577436432,TRESEGTRM052N
TUR,2019-08-01,75788.6662488376,TRESEGTRM052N
TUR,2019-09-01,75223.6790417006,TRESEGTRM052N
TUR,2019-10-01,77965.2481035661,TRESEGTRM052N
TUR,2019-11-01,78269.3139784677,TRESEGTRM052N
TUR,2019-12-01,78532.2720332221,TRESEGTRM052N
TUR,2020-01-01,74947.4011527838,TRESEGTRM052N
TUR,2020-02-01,77317.3617826838,TRESEGTRM052N
TUR,2020-03-01,60730.4673151278,TRESEGTRM052N
TUR,2020-04-01,51559.1957931213,TRESEGTRM052N
TUR,2020-05-01,54253.2833383412,TRESEGTRM052N
TUR,2020-06-01,47273.2904808744,TRESEGTRM052N
TUR,2020-07-01,46688.020555901,TRESEGTRM052N
TUR,2020-08-01,40312.3854348613,TRESEGTRM052N
TUR,2020-09-01,37860.0285779839,TRESEGTRM052N
TUR,2020-10-01,42373.4591824347,TRESEGTRM052N
TUR,2020-11-01,42694.564743906,TRESEGTRM052N
TUR,2020-12-01,50030.6538170715,TRESEGTRM052N
TUR,2021-01-01,53508.2350379939,TRESEGTRM052N
TUR,2021-02-01,54582.5608077767,TRESEGTRM052N
TUR,2021-03-01,47740.514875718,TRESEGTRM052N
TUR,2021-04-01,47030.9558591871,TRESEGTRM052N
TUR,2021-05-01,48089.4111753667,TRESEGTRM052N
TUR,2021-06-01,57255.7824703946,TRESEGTRM052N
TUR,2021-07-01,64263.4962751928,TRESEGTRM052N
TUR,2021-08-01,77280.6638143568,TRESEGTRM052N
TUR,2021-09-01,82802.188099827,TRESEGTRM052N
TUR,2021-10-01,84353.773169772,TRESEGTRM052N
TUR,2021-11-01,86399.8031195719,TRESEGTRM052N
TUR,2021-12-01,72697.0477821336,TRESEGTRM052N
TUR,2022-01-01,71125.1414078995,TRESEGTRM052N
TUR,2022-02-01,68801.4700285668,TRESEGTRM052N
TUR,2022-03-01,63915.408928917,TRESEGTRM052N
TUR,2022-04-01,65406.1752890251,TRESEGTRM052N
TUR,2022-05-01,59791.5573656542,TRESEGTRM052N
TUR,2022-06-01,57171.350955206,TRESEGTRM052N
TUR,2022-07-01,61119.8401688383,TRESEGTRM052N
TUR,2022-08-01,71039.8795722741,TRESEGTRM052N
TUR,2022-09-01,68078.2292739366,TRESEGTRM052N
TUR,2022-10-01,74356.4140084312,TRESEGTRM052N
TUR,2022-11-01,79363.0323963774,TRESEGTRM052N
TUR,2022-12-01,82887.9854458926,TRESEGTRM052N
TUR,2023-01-01,74744.058452066,TRESEGTRM052N
TUR,2023-02-01,68759.8676423495,TRESEGTRM052N
TUR,2023-03-01,70239.315628754,TRESEGTRM052N
TUR,2023-04-01,68440.2106922814,TRESEGTRM052N
TUR,2023-05-01,55733.8773993915,TRESEGTRM052N
TUR,2023-06-01,67123.5482896581,TRESEGTRM052N
TUR,2023-07-01,70200.8597988013,TRESEGTRM052N
TUR,2023-08-01,74880.4254175683,TRESEGTRM052N
TUR,2023-09-01,81591.2875432299,TRESEGTRM052N
TUR,2023-10-01,81918.5656700256,TRESEGTRM052N
TUR,2023-11-01,90346.893093182,TRESEGTRM052N
TUR,2023-12-01,92703.1904016959,TRESEGTRM052N
TUR,2024-01-01,85479.9230848001,TRESEGTRM052N
TUR,2024-02-01,79065.5524700004,TRESEGTRM052N
TUR,2024-03-01,68737.7829539271,TRESEGTRM052N
TUR,2024-04-01,66096.3130424927,TRESEGTRM052N
TUR,2024-05-01,83907.5184739594,TRESEGTRM052N
TUR,2024-06-01,84828.4332140316,TRESEGTRM052N
TUR,2024-07-01,90707.9778153574,TRESEGTRM052N
TUR,2024-08-01,89311.9249132786,TRESEGTRM052N
TUR,2024-09-01,88713.8549536731,TRESEGTRM052N
TUR,2024-10-01,92447.719427344,TRESEGTRM052N
TUR,2024-11-01,92806.6348135827,TRESEGTRM052N
TUR,2024-12-01,90858.6574781688,TRESEGTRM052N
TUR,2025-01-01,97288.9167546749,TRESEGTRM052N
TUR,2025-02-01,94726.5944642249,TRESEGTRM052N
TUR,2025-03-01,80617.3686106365,TRESEGTRM052N
TUR,2025-04-01,56653.574569332,TRESEGTRM052N
TUR,2025-05-01,70034.4444984113,TRESEGTRM052N
TUR,2025-06-01,66799.7429596043,TRESEGTRM052N
TUR,2025-07-01,84843.3307255818,TRESEGTRM052N
TUR,2025-08-01,91026.1726487749,TRESEGTRM052N
TUR,2025-09-01,82355.2841053511,TRESEGTRM052N
TUR,2025-10-01,80361.5178201023,TRESEGTRM052N
TUR,2025-11-01,75599.9906530629,TRESEGTRM052N
TUR,2025-12-01,71620.524300458,TRESEGTRM052N
TUR,2026-01-01,84392.1092022878,TRESEGTRM052N
TUR,2026-02-01,73420.6239536319,TRESEGTRM052N
TUR,2026-03-01,49220.2306202365,TRESEGTRM052N
TUR,2026-04-01,56605.1248137487,TRESEGTRM052N
TUR,2026-05-01,53224.2374991788,TRESEGTRM052N
TUR,2026-06-01,53168.0546265495,TRESEGTRM052N
TUR,2026-07-01,63785.0546265495,TRESEGTRM052N
ZAF,1950-12-01,261.01,TRESEGZAM052N
ZAF,1951-12-01,222.0,TRESEGZAM052N
ZAF,1952-12-01,236.0,TRESEGZAM052N
ZAF,1953-12-01,144.01,TRESEGZAM052N
ZAF,1954-12-01,242.01,TRESEGZAM052N
ZAF,1955-12-01,179.01,TRESEGZAM052N
ZAF,1956-12-01,173.01,TRESEGZAM052N
ZAF,1957-01-01,178.01,TRESEGZAM052N
ZAF,1957-02-01,181.01,TRESEGZAM052N
ZAF,1957-03-01,174.01,TRESEGZAM052N
ZAF,1957-04-01,155.01,TRESEGZAM052N
ZAF,1957-05-01,150.01,TRESEGZAM052N
ZAF,1957-06-01,146.01,TRESEGZAM052N
ZAF,1957-07-01,126.01,TRESEGZAM052N
ZAF,1957-08-01,112.01,TRESEGZAM052N
ZAF,1957-09-01,120.01,TRESEGZAM052N
ZAF,1957-10-01,109.01,TRESEGZAM052N
ZAF,1957-11-01,96.01,TRESEGZAM052N
ZAF,1957-12-01,97.01,TRESEGZAM052N
ZAF,1958-01-01,104.02,TRESEGZAM052N
ZAF,1958-02-01,80.02,TRESEGZAM052N
ZAF,1958-03-01,62.02,TRESEGZAM052N
ZAF,1958-04-01,43.02,TRESEGZAM052N
ZAF,1958-05-01,45.02,TRESEGZAM052N
ZAF,1958-06-01,59.0,TRESEGZAM052N
ZAF,1958-07-01,56.0,TRESEGZAM052N
ZAF,1958-08-01,50.0,TRESEGZAM052N
ZAF,1958-09-01,62.0,TRESEGZAM052N
ZAF,1958-10-01,70.0,TRESEGZAM052N
ZAF,1958-11-01,69.0,TRESEGZAM052N
ZAF,1958-12-01,105.0,TRESEGZAM052N
ZAF,1959-01-01,99.0,TRESEGZAM052N
ZAF,1959-02-01,116.0,TRESEGZAM052N
ZAF,1959-03-01,137.0,TRESEGZAM052N
ZAF,1959-04-01,143.0,TRESEGZAM052N
ZAF,1959-05-01,124.02,TRESEGZAM052N
ZAF,1959-06-01,138.02,TRESEGZAM052N
ZAF,1959-07-01,160.02,TRESEGZAM052N
ZAF,1959-08-01,167.02,TRESEGZAM052N
ZAF,1959-09-01,169.52,TRESEGZAM052N
ZAF,1959-10-01,194.52,TRESEGZAM052N
ZAF,1959-11-01,206.02,TRESEGZAM052N
ZAF,1959-12-01,230.5,TRESEGZAM052N
ZAF,1960-01-01,229.5,TRESEGZAM052N
ZAF,1960-02-01,213.5,TRESEGZAM052N
ZAF,1960-03-01,192.5,TRESEGZAM052N
ZAF,1960-04-01,146.5,TRESEGZAM052N
ZAF,1960-05-01,110.5,TRESEGZAM052N
ZAF,1960-06-01,109.5,TRESEGZAM052N
ZAF,1960-07-01,108.5,TRESEGZAM052N
ZAF,1960-08-01,97.5,TRESEGZAM052N
ZAF,1960-09-01,105.5,TRESEGZAM052N
ZAF,1960-10-01,102.5,TRESEGZAM052N
ZAF,1960-11-01,99.5,TRESEGZAM052N
ZAF,1960-12-01,91.0,TRESEGZAM052N
ZAF,1961-01-01,92.5,TRESEGZAM052N
ZAF,1961-02-01,75.0,TRESEGZAM052N
ZAF,1961-03-01,66.0,TRESEGZAM052N
ZAF,1961-04-01,59.0,TRESEGZAM052N
ZAF,1961-05-01,67.0,TRESEGZAM052N
ZAF,1961-06-01,64.0,TRESEGZAM052N
ZAF,1961-07-01,69.0,TRESEGZAM052N
ZAF,1961-08-01,68.0,TRESEGZAM052N
ZAF,1961-09-01,75.0,TRESEGZAM052N
ZAF,1961-10-01,95.0,TRESEGZAM052N
ZAF,1961-11-01,100.0,TRESEGZAM052N
ZAF,1961-12-01,95.01,TRESEGZAM052N
ZAF,1962-01-01,86.0,TRESEGZAM052N
ZAF,1962-02-01,111.0,TRESEGZAM052N
ZAF,1962-03-01,134.5,TRESEGZAM052N
ZAF,1962-04-01,156.5,TRESEGZAM052N
ZAF,1962-05-01,176.5,TRESEGZAM052N
ZAF,1962-06-01,180.5,TRESEGZAM052N
ZAF,1962-07-01,185.5,TRESEGZAM052N
ZAF,1962-08-01,165.5,TRESEGZAM052N
ZAF,1962-09-01,166.5,TRESEGZAM052N
ZAF,1962-10-01,175.5,TRESEGZAM052N
ZAF,1962-11-01,157.5,TRESEGZAM052N
ZAF,1962-12-01,147.5,TRESEGZAM052N
ZAF,1963-01-01,165.5,TRESEGZAM052N
ZAF,1963-02-01,171.5,TRESEGZAM052N
ZAF,1963-03-01,151.5,TRESEGZAM052N
ZAF,1963-04-01,123.5,TRESEGZAM052N
ZAF,1963-05-01,132.5,TRESEGZAM052N
ZAF,1963-06-01,126.5,TRESEGZAM052N
ZAF,1963-07-01,138.5,TRESEGZAM052N
ZAF,1963-08-01,131.5,TRESEGZAM052N
ZAF,1963-09-01,127.5,TRESEGZAM052N
ZAF,1963-10-01,135.5,TRESEGZAM052N
ZAF,1963-11-01,135.5,TRESEGZAM052N
ZAF,1963-12-01,143.5,TRESEGZAM052N
ZAF,1964-01-01,144.5,TRESEGZAM052N
ZAF,1964-02-01,156.5,TRESEGZAM052N
ZAF,1964-03-01,149.5,TRESEGZAM052N
ZAF,1964-04-01,149.5,TRESEGZAM052N
ZAF,1964-05-01,142.5,TRESEGZAM052N
ZAF,1964-06-01,162.5,TRESEGZAM052N
ZAF,1964-07-01,147.5,TRESEGZAM052N
ZAF,1964-08-01,121.5,TRESEGZAM052N
ZAF,1964-09-01,140.5,TRESEGZAM052N
ZAF,1964-10-01,131.5,TRESEGZAM052N
ZAF,1964-11-01,128.5,TRESEGZAM052N
ZAF,1964-12-01,130.51,TRESEGZAM052N
ZAF,1965-01-01,130.5,TRESEGZAM052N
ZAF,1965-02-01,126.5,TRESEGZAM052N
ZAF,1965-03-01,141.5,TRESEGZAM052N
ZAF,1965-04-01,123.5,TRESEGZAM052N
ZAF,1965-05-01,130.5,TRESEGZAM052N
ZAF,1965-06-01,125.5,TRESEGZAM052N
ZAF,1965-07-01,152.5,TRESEGZAM052N
ZAF,1965-08-01,154.5,TRESEGZAM052N
ZAF,1965-09-01,147.5,TRESEGZAM052N
ZAF,1965-10-01,143.5,TRESEGZAM052N
ZAF,1965-11-01,162.5,TRESEGZAM052N
ZAF,1965-12-01,174.51,TRESEGZAM052N
ZAF,1966-01-01,164.5,TRESEGZAM052N
ZAF,1966-02-01,165.5,TRESEGZAM052N
ZAF,1966-03-01,186.01,TRESEGZAM052N
ZAF,1966-04-01,165.01,TRESEGZAM052N
ZAF,1966-05-01,179.01,TRESEGZAM052N
ZAF,1966-06-01,174.01,TRESEGZAM052N
ZAF,1966-07-01,175.01,TRESEGZAM052N
ZAF,1966-08-01,180.01,TRESEGZAM052N
ZAF,1966-09-01,182.01,TRESEGZAM052N
ZAF,1966-10-01,177.01,TRESEGZAM052N
ZAF,1966-11-01,178.01,TRESEGZAM052N
ZAF,1966-12-01,194.02,TRESEGZAM052N
ZAF,1967-01-01,189.01,TRESEGZAM052N
ZAF,1967-02-01,184.01,TRESEGZAM052N
ZAF,1967-03-01,195.01,TRESEGZAM052N
ZAF,1967-04-01,165.01,TRESEGZAM052N
ZAF,1967-05-01,178.02,TRESEGZAM052N
ZAF,1967-06-01,211.02,TRESEGZAM052N
ZAF,1967-07-01,206.02,TRESEGZAM052N
ZAF,1967-08-01,205.02,TRESEGZAM052N
ZAF,1967-09-01,210.02,TRESEGZAM052N
ZAF,1967-10-01,218.02,TRESEGZAM052N
ZAF,1967-11-01,191.02,TRESEGZAM052N
ZAF,1967-12-01,196.02,TRESEGZAM052N
ZAF,1968-01-01,200.02,TRESEGZAM052N
ZAF,1968-02-01,185.02,TRESEGZAM052N
ZAF,1968-03-01,238.02,TRESEGZAM052N
ZAF,1968-04-01,228.02,TRESEGZAM052N
ZAF,1968-05-01,220.02,TRESEGZAM052N
ZAF,1968-06-01,259.02,TRESEGZAM052N
ZAF,1968-07-01,311.0,TRESEGZAM052N
ZAF,1968-08-01,327.0,TRESEGZAM052N
ZAF,1968-09-01,270.0,TRESEGZAM052N
ZAF,1968-10-01,222.16,TRESEGZAM052N
ZAF,1968-11-01,216.16,TRESEGZAM052N
ZAF,1968-12-01,228.16,TRESEGZAM052N
ZAF,1969-01-01,247.16,TRESEGZAM052N
ZAF,1969-02-01,267.16,TRESEGZAM052N
ZAF,1969-03-01,310.17,TRESEGZAM052N
ZAF,1969-04-01,250.0,TRESEGZAM052N
ZAF,1969-05-01,288.0,TRESEGZAM052N
ZAF,1969-06-01,294.0,TRESEGZAM052N
ZAF,1969-07-01,323.79,TRESEGZAM052N
ZAF,1969-08-01,309.0,TRESEGZAM052N
ZAF,1969-09-01,313.0,TRESEGZAM052N
ZAF,1969-10-01,279.15,TRESEGZAM052N
ZAF,1969-11-01,275.15,TRESEGZAM052N
ZAF,1969-12-01,283.16,TRESEGZAM052N
ZAF,1970-01-01,367.76,TRESEGZAM052N
ZAF,1970-02-01,381.76,TRESEGZAM052N
ZAF,1970-03-01,381.76,TRESEGZAM052N
ZAF,1970-04-01,376.27,TRESEGZAM052N
ZAF,1970-05-01,358.27,TRESEGZAM052N
ZAF,1970-06-01,403.27,TRESEGZAM052N
ZAF,1970-07-01,342.27,TRESEGZAM052N
ZAF,1970-08-01,293.27,TRESEGZAM052N
ZAF,1970-09-01,268.53,TRESEGZAM052N
ZAF,1970-10-01,295.53,TRESEGZAM052N
ZAF,1970-11-01,313.53,TRESEGZAM052N
ZAF,1970-12-01,345.53,TRESEGZAM052N
ZAF,1971-01-01,333.93,TRESEGZAM052N
ZAF,1971-02-01,322.94,TRESEGZAM052N
ZAF,1971-03-01,313.94,TRESEGZAM052N
ZAF,1971-04-01,293.91,TRESEGZAM052N
ZAF,1971-05-01,283.91,TRESEGZAM052N
ZAF,1971-06-01,302.91,TRESEGZAM052N
ZAF,1971-07-01,330.91,TRESEGZAM052N
ZAF,1971-08-01,281.91,TRESEGZAM052N
ZAF,1971-09-01,274.91,TRESEGZAM052N
ZAF,1971-10-01,270.99,TRESEGZAM052N
ZAF,1971-11-01,223.99,TRESEGZAM052N
ZAF,1971-12-01,265.9431085044,TRESEGZAM052N
ZAF,1972-01-01,327.7706423373,TRESEGZAM052N
ZAF,1972-02-01,344.7706423373,TRESEGZAM052N
ZAF,1972-03-01,402.7706423373,TRESEGZAM052N
ZAF,1972-04-01,466.0214973389,TRESEGZAM052N
ZAF,1972-05-01,521.0323545128,TRESEGZAM052N
ZAF,1972-06-01,562.0323545128,TRESEGZAM052N
ZAF,1972-07-01,648.0323545128,TRESEGZAM052N
ZAF,1972-08-01,632.2895066796,TRESEGZAM052N
ZAF,1972-09-01,637.2895066796,TRESEGZAM052N
ZAF,1972-10-01,626.2895066796,TRESEGZAM052N
ZAF,1972-11-01,602.2895066796,TRESEGZAM052N
ZAF,1972-12-01,608.928939937,TRESEGZAM052N
ZAF,1973-01-01,643.928939937,TRESEGZAM052N
ZAF,1973-02-01,732.2535136537,TRESEGZAM052N
ZAF,1973-03-01,843.2535136537,TRESEGZAM052N
ZAF,1973-04-01,917.2884373512,TRESEGZAM052N
ZAF,1973-05-01,1000.300500805,TRESEGZAM052N
ZAF,1973-06-01,1039.300500805,TRESEGZAM052N
ZAF,1973-07-01,1136.300500805,TRESEGZAM052N
ZAF,1973-08-01,992.300500805,TRESEGZAM052N
ZAF,1973-09-01,850.300500805,TRESEGZAM052N
ZAF,1973-10-01,830.300500805,TRESEGZAM052N
ZAF,1973-11-01,631.300500805,TRESEGZAM052N
ZAF,1973-12-01,448.8720671921,TRESEGZAM052N
ZAF,1974-01-01,424.8720671921,TRESEGZAM052N
ZAF,1974-02-01,527.8720671921,TRESEGZAM052N
ZAF,1974-03-01,660.8720671921,TRESEGZAM052N
ZAF,1974-04-01,519.7019121753,TRESEGZAM052N
ZAF,1974-05-01,480.7139756291,TRESEGZAM052N
ZAF,1974-06-01,441.7139756291,TRESEGZAM052N
ZAF,1974-07-01,449.4400925049,TRESEGZAM052N
ZAF,1974-08-01,364.9522372223,TRESEGZAM052N
ZAF,1974-09-01,377.3443974706,TRESEGZAM052N
ZAF,1974-10-01,391.0066446354,TRESEGZAM052N
ZAF,1974-11-01,500.9789515533,TRESEGZAM052N
ZAF,1974-12-01,377.0483864881,TRESEGZAM052N
ZAF,1975-01-01,403.5843504461,TRESEGZAM052N
ZAF,1975-02-01,426.1785711702,TRESEGZAM052N
ZAF,1975-03-01,436.619994699,TRESEGZAM052N
ZAF,1975-04-01,384.9335586341,TRESEGZAM052N
ZAF,1975-05-01,440.6006684911,TRESEGZAM052N
ZAF,1975-06-01,388.2937105495,TRESEGZAM052N
ZAF,1975-07-01,451.710018766,TRESEGZAM052N
ZAF,1975-08-01,493.1854570617,TRESEGZAM052N
ZAF,1975-09-01,469.552444436,TRESEGZAM052N
ZAF,1975-10-01,522.4863695724,TRESEGZAM052N
ZAF,1975-11-01,526.8454729154,TRESEGZAM052N
ZAF,1975-12-01,488.8299970158,TRESEGZAM052N
ZAF,1976-01-01,511.1230453427,TRESEGZAM052N
ZAF,1976-02-01,396.1223894161,TRESEGZAM052N
ZAF,1976-03-01,960.4919578352,TRESEGZAM052N
ZAF,1976-04-01,805.1506030254,TRESEGZAM052N
ZAF,1976-05-01,661.8888991032,TRESEGZAM052N
ZAF,1976-06-01,508.1586650914,TRESEGZAM052N
ZAF,1976-07-01,377.1969515102,TRESEGZAM052N
ZAF,1976-08-01,309.7273125408,TRESEGZAM052N
ZAF,1976-09-01,369.0737758621,TRESEGZAM052N
ZAF,1976-10-01,387.9687998556,TRESEGZAM052N
ZAF,1976-11-01,430.8332758995,TRESEGZAM052N
ZAF,1976-12-01,425.2276260857,TRESEGZAM052N
ZAF,1977-01-01,402.7178184715,TRESEGZAM052N
ZAF,1977-02-01,317.8706187551,TRESEGZAM052N
ZAF,1977-03-01,320.7089916942,TRESEGZAM052N
ZAF,1977-04-01,548.7693130676,TRESEGZAM052N
ZAF,1977-05-01,529.4959401983,TRESEGZAM052N
ZAF,1977-06-01,535.4694251483,TRESEGZAM052N
ZAF,1977-07-01,547.6660809895,TRESEGZAM052N
ZAF,1977-08-01,499.4290030226,TRESEGZAM052N
ZAF,1977-09-01,489.2537088269,TRESEGZAM052N
ZAF,1977-10-01,467.9788545205,TRESEGZAM052N
ZAF,1977-11-01,442.7917919656,TRESEGZAM052N
ZAF,1977-12-01,416.0297362228,TRESEGZAM052N
ZAF,1978-01-01,401.046077632,TRESEGZAM052N
ZAF,1978-02-01,409.7630368905,TRESEGZAM052N
ZAF,1978-03-01,414.1104845825,TRESEGZAM052N
ZAF,1978-04-01,417.362923051,TRESEGZAM052N
ZAF,1978-05-01,423.4120912383,TRESEGZAM052N
ZAF,1978-06-01,419.9670286516,TRESEGZAM052N
ZAF,1978-07-01,432.7377731508,TRESEGZAM052N
ZAF,1978-08-01,429.0895921402,TRESEGZAM052N
ZAF,1978-09-01,438.5342045293,TRESEGZAM052N
ZAF,1978-10-01,540.4696727296,TRESEGZAM052N
ZAF,1978-11-01,667.9675536002,TRESEGZAM052N
ZAF,1978-12-01,423.1607911243,TRESEGZAM052N
ZAF,1979-01-01,476.7362299065,TRESEGZAM052N
ZAF,1979-02-01,732.444759637,TRESEGZAM052N
ZAF,1979-03-01,736.353231911,TRESEGZAM052N
ZAF,1979-04-01,717.9948584086,TRESEGZAM052N
ZAF,1979-05-01,760.176545283,TRESEGZAM052N
ZAF,1979-06-01,566.8958350013,TRESEGZAM052N
ZAF,1979-07-01,403.2015008417,TRESEGZAM052N
ZAF,1979-08-01,483.2667577365,TRESEGZAM052N
ZAF,1979-09-01,814.7666794547,TRESEGZAM052N
ZAF,1979-10-01,812.8498875434,TRESEGZAM052N
ZAF,1979-11-01,535.2243296707,TRESEGZAM052N
ZAF,1979-12-01,434.4602363735,TRESEGZAM052N
ZAF,1980-01-01,667.4437589193,TRESEGZAM052N
ZAF,1980-02-01,971.6701435315,TRESEGZAM052N
ZAF,1980-03-01,649.0933387782,TRESEGZAM052N
ZAF,1980-04-01,679.2706675436,TRESEGZAM052N
ZAF,1980-05-01,846.2771382377,TRESEGZAM052N
ZAF,1980-06-01,846.6788909342,TRESEGZAM052N
ZAF,1980-07-01,1068.4298087017,TRESEGZAM052N
ZAF,1980-08-01,1106.2773155037,TRESEGZAM052N
ZAF,1980-09-01,1224.9593409152,TRESEGZAM052N
ZAF,1980-10-01,1038.256447248,TRESEGZAM052N
ZAF,1980-11-01,1005.0538010508,TRESEGZAM052N
ZAF,1980-12-01,725.8384565095,TRESEGZAM052N
ZAF,1981-01-01,934.4121309728,TRESEGZAM052N
ZAF,1981-02-01,1088.8904550196,TRESEGZAM052N
ZAF,1981-03-01,1196.4629544398,TRESEGZAM052N
ZAF,1981-04-01,806.9533994858,TRESEGZAM052N
ZAF,1981-05-01,891.9551600744,TRESEGZAM052N
ZAF,1981-06-01,736.8126361954,TRESEGZAM052N
ZAF,1981-07-01,681.8151570185,TRESEGZAM052N
ZAF,1981-08-01,920.0096509526,TRESEGZAM052N
ZAF,1981-09-01,406.8781121555,TRESEGZAM052N
ZAF,1981-10-01,716.2962658842,TRESEGZAM052N
ZAF,1981-11-01,676.9348008866,TRESEGZAM052N
ZAF,1981-12-01,666.2243409214,TRESEGZAM052N
ZAF,1982-01-01,587.635904793,TRESEGZAM052N
ZAF,1982-02-01,862.1555106267,TRESEGZAM052N
ZAF,1982-03-01,647.5618879436,TRESEGZAM052N
ZAF,1982-04-01,440.5601948595,TRESEGZAM052N
ZAF,1982-05-01,502.9635792423,TRESEGZAM052N
ZAF,1982-06-01,458.9211403025,TRESEGZAM052N
ZAF,1982-07-01,734.9205836143,TRESEGZAM052N
ZAF,1982-08-01,303.8883112424,TRESEGZAM052N
ZAF,1982-09-01,601.8497008213,TRESEGZAM052N
ZAF,1982-10-01,250.8139149506,TRESEGZAM052N
ZAF,1982-11-01,907.9813134703,TRESEGZAM052N
ZAF,1982-12-01,485.317948782,TRESEGZAM052N
ZAF,1983-01-01,903.6670687697,TRESEGZAM052N
ZAF,1983-02-01,1128.6941623738,TRESEGZAM052N
ZAF,1983-03-01,498.7146063336,TRESEGZAM052N
ZAF,1983-04-01,734.5843510493,TRESEGZAM052N
ZAF,1983-05-01,435.504815735,TRESEGZAM052N
ZAF,1983-06-01,446.9922865548,TRESEGZAM052N
ZAF,1983-07-01,587.2660192761,TRESEGZAM052N
ZAF,1983-08-01,1026.8163585562,TRESEGZAM052N
ZAF,1983-09-01,915.3528566785,TRESEGZAM052N
ZAF,1983-10-01,491.4598958163,TRESEGZAM052N
ZAF,1983-11-01,656.63866538,TRESEGZAM052N
ZAF,1983-12-01,822.8269382839,TRESEGZAM052N
ZAF,1984-01-01,922.5759905076,TRESEGZAM052N
ZAF,1984-02-01,899.7645662855,TRESEGZAM052N
ZAF,1984-03-01,617.0940543873,TRESEGZAM052N
ZAF,1984-04-01,584.4659686864,TRESEGZAM052N
ZAF,1984-05-01,654.0536319438,TRESEGZAM052N
ZAF,1984-06-01,574.3296897074,TRESEGZAM052N
ZAF,1984-07-01,698.7907483407,TRESEGZAM052N
ZAF,1984-08-01,648.6623968118,TRESEGZAM052N
ZAF,1984-09-01,531.4195804196,TRESEGZAM052N
ZAF,1984-10-01,289.1492359782,TRESEGZAM052N
ZAF,1984-11-01,555.5296259287,TRESEGZAM052N
ZAF,1984-12-01,241.8691518941,TRESEGZAM052N
ZAF,1985-01-01,599.0667382509,TRESEGZAM052N
ZAF,1985-02-01,485.8573347405,TRESEGZAM052N
ZAF,1985-03-01,326.1439334567,TRESEGZAM052N
ZAF,1985-04-01,487.9463975974,TRESEGZAM052N
ZAF,1985-05-01,359.0455764075,TRESEGZAM052N
ZAF,1985-06-01,503.4271453101,TRESEGZAM052N
ZAF,1985-07-01,362.8213863358,TRESEGZAM052N
ZAF,1985-08-01,380.6931997018,TRESEGZAM052N
ZAF,1985-09-01,269.3805155043,TRESEGZAM052N
ZAF,1985-10-01,368.9944702831,TRESEGZAM052N
ZAF,1985-11-01,315.047531593,TRESEGZAM052N
ZAF,1985-12-01,314.5601933216,TRESEGZAM052N
ZAF,1986-01-01,594.0117781704,TRESEGZAM052N
ZAF,1986-02-01,650.0577921102,TRESEGZAM052N
ZAF,1986-03-01,367.0569132528,TRESEGZAM052N
ZAF,1986-04-01,310.0030574926,TRESEGZAM052N
ZAF,1986-05-01,258.0124374128,TRESEGZAM052N
ZAF,1986-06-01,275.1332532589,TRESEGZAM052N
ZAF,1986-07-01,344.7315264087,TRESEGZAM052N
ZAF,1986-08-01,468.9189456661,TRESEGZAM052N
ZAF,1986-09-01,753.92933068,TRESEGZAM052N
ZAF,1986-10-01,787.7647882477,TRESEGZAM052N
ZAF,1986-11-01,619.0242060418,TRESEGZAM052N
ZAF,1986-12-01,370.024463934,TRESEGZAM052N
ZAF,1987-01-01,748.0253517556,TRESEGZAM052N
ZAF,1987-02-01,1066.6282268464,TRESEGZAM052N
ZAF,1987-03-01,1055.6897522595,TRESEGZAM052N
ZAF,1987-04-01,967.5212790971,TRESEGZAM052N
ZAF,1987-05-01,940.1836603409,TRESEGZAM052N
ZAF,1987-06-01,763.8275694604,TRESEGZAM052N
ZAF,1987-07-01,868.1482138558,TRESEGZAM052N
ZAF,1987-08-01,871.2715564061,TRESEGZAM052N
ZAF,1987-09-01,731.2687243272,TRESEGZAM052N
ZAF,1987-10-01,847.2039764846,TRESEGZAM052N
ZAF,1987-11-01,628.607341567,TRESEGZAM052N
ZAF,1987-12-01,640.6598334492,TRESEGZAM052N
ZAF,1988-01-01,658.9029296021,TRESEGZAM052N
ZAF,1988-02-01,581.4971078598,TRESEGZAM052N
ZAF,1988-03-01,474.5260186174,TRESEGZAM052N
ZAF,1988-04-01,450.2355872379,TRESEGZAM052N
ZAF,1988-05-01,560.3958017716,TRESEGZAM052N
ZAF,1988-06-01,736.4849279161,TRESEGZAM052N
ZAF,1988-07-01,567.0173728154,TRESEGZAM052N
ZAF,1988-08-01,512.7729070322,TRESEGZAM052N
ZAF,1988-09-01,596.7742335088,TRESEGZAM052N
ZAF,1988-10-01,664.1912004199,TRESEGZAM052N
ZAF,1988-11-01,830.1204175605,TRESEGZAM052N
ZAF,1988-12-01,780.1034705494,TRESEGZAM052N
ZAF,1989-01-01,772.7774835479,TRESEGZAM052N
ZAF,1989-02-01,772.4404271065,TRESEGZAM052N
ZAF,1989-03-01,569.4090515403,TRESEGZAM052N
ZAF,1989-04-01,567.087236496,TRESEGZAM052N
ZAF,1989-05-01,530.4550429051,TRESEGZAM052N
ZAF,1989-06-01,572.4582710141,TRESEGZAM052N
ZAF,1989-07-01,663.4288657139,TRESEGZAM052N
ZAF,1989-08-01,726.5706218915,TRESEGZAM052N
ZAF,1989-09-01,809.612552312,TRESEGZAM052N
ZAF,1989-10-01,867.6158348028,TRESEGZAM052N
ZAF,1989-11-01,944.738413794,TRESEGZAM052N
ZAF,1989-12-01,959.7741214813,TRESEGZAM052N
ZAF,1990-01-01,1086.4175084175,TRESEGZAM052N
ZAF,1990-02-01,1010.9752176031,TRESEGZAM052N
ZAF,1990-03-01,1041.9512448942,TRESEGZAM052N
ZAF,1990-04-01,859.4009534105,TRESEGZAM052N
ZAF,1990-05-01,876.0598538422,TRESEGZAM052N
ZAF,1990-06-01,860.0784791358,TRESEGZAM052N
ZAF,1990-07-01,901.9722229809,TRESEGZAM052N
ZAF,1990-08-01,1071.2868072014,TRESEGZAM052N
ZAF,1990-09-01,976.2977301212,TRESEGZAM052N
ZAF,1990-10-01,1170.5146797917,TRESEGZAM052N
ZAF,1990-11-01,1228.3398821498,TRESEGZAM052N
ZAF,1990-12-01,1008.3331578723,TRESEGZAM052N
ZAF,1991-01-01,1173.6702918305,TRESEGZAM052N
ZAF,1991-02-01,1172.6421955793,TRESEGZAM052N
ZAF,1991-03-01,1129.5041399087,TRESEGZAM052N
ZAF,1991-04-01,949.8034914591,TRESEGZAM052N
ZAF,1991-05-01,980.0514883347,TRESEGZAM052N
ZAF,1991-06-01,857.0111996214,TRESEGZAM052N
ZAF,1991-07-01,826.043061818,TRESEGZAM052N
ZAF,1991-08-01,887.40109633,TRESEGZAM052N
ZAF,1991-09-01,940.4103967168,TRESEGZAM052N
ZAF,1991-10-01,969.2425149291,TRESEGZAM052N
ZAF,1991-11-01,1136.6982851462,TRESEGZAM052N
ZAF,1991-12-01,898.7594301163,TRESEGZAM052N
ZAF,1992-01-01,1270.336616363,TRESEGZAM052N
ZAF,1992-02-01,1283.4559772593,TRESEGZAM052N
ZAF,1992-03-01,1064.7814158764,TRESEGZAM052N
ZAF,1992-04-01,1334.9269389413,TRESEGZAM052N
ZAF,1992-05-01,1605.7354101752,TRESEGZAM052N
ZAF,1992-06-01,1570.3338952062,TRESEGZAM052N
ZAF,1992-07-01,1919.7625803773,TRESEGZAM052N
ZAF,1992-08-01,2154.9306768509,TRESEGZAM052N
ZAF,1992-09-01,1732.3437727955,TRESEGZAM052N
ZAF,1992-10-01,1695.2099023742,TRESEGZAM052N
ZAF,1992-11-01,1384.1469414041,TRESEGZAM052N
ZAF,1992-12-01,991.6160323908,TRESEGZAM052N
ZAF,1993-01-01,888.908651317,TRESEGZAM052N
ZAF,1993-02-01,882.7652950848,TRESEGZAM052N
ZAF,1993-03-01,719.7587198517,TRESEGZAM052N
ZAF,1993-04-01,886.8218483757,TRESEGZAM052N
ZAF,1993-05-01,729.9449714041,TRESEGZAM052N
ZAF,1993-06-01,588.2420267977,TRESEGZAM052N
ZAF,1993-07-01,475.4220195844,TRESEGZAM052N
ZAF,1993-08-01,518.089036484,TRESEGZAM052N
ZAF,1993-09-01,517.1288338498,TRESEGZAM052N
ZAF,1993-10-01,585.7499404031,TRESEGZAM052N
ZAF,1993-11-01,594.3829335049,TRESEGZAM052N
ZAF,1993-12-01,1019.7209667098,TRESEGZAM052N
ZAF,1994-01-01,1038.6910653707,TRESEGZAM052N
ZAF,1994-02-01,955.9724934542,TRESEGZAM052N
ZAF,1994-03-01,588.0793485556,TRESEGZAM052N
ZAF,1994-04-01,531.789680427,TRESEGZAM052N
ZAF,1994-05-01,446.9996160633,TRESEGZAM052N
ZAF,1994-06-01,474.54327063,TRESEGZAM052N
ZAF,1994-07-01,620.0848669499,TRESEGZAM052N
ZAF,1994-08-01,906.234054505,TRESEGZAM052N
ZAF,1994-09-01,964.2802824319,TRESEGZAM052N
ZAF,1994-10-01,1312.6978646084,TRESEGZAM052N
ZAF,1994-11-01,1307.6633181999,TRESEGZAM052N
ZAF,1994-12-01,1685.218535334,TRESEGZAM052N
ZAF,1995-01-01,1690.3420059856,TRESEGZAM052N
ZAF,1995-02-01,1889.0145040606,TRESEGZAM052N
ZAF,1995-03-01,1834.8515196251,TRESEGZAM052N
ZAF,1995-04-01,1242.8408214022,TRESEGZAM052N
ZAF,1995-05-01,1878.1252786023,TRESEGZAM052N
ZAF,1995-06-01,1788.5510299962,TRESEGZAM052N
ZAF,1995-07-01,1728.2965691681,TRESEGZAM052N
ZAF,1995-08-01,1654.5151351889,TRESEGZAM052N
ZAF,1995-09-01,1663.8151009081,TRESEGZAM052N
ZAF,1995-10-01,1755.3685907897,TRESEGZAM052N
ZAF,1995-11-01,2186.0375596456,TRESEGZAM052N
ZAF,1995-12-01,2819.869227104,TRESEGZAM052N
ZAF,1996-01-01,2624.8290153156,TRESEGZAM052N
ZAF,1996-02-01,2097.581784551,TRESEGZAM052N
ZAF,1996-03-01,1824.3653149775,TRESEGZAM052N
ZAF,1996-04-01,1043.0214642335,TRESEGZAM052N
ZAF,1996-05-01,875.9756534264,TRESEGZAM052N
ZAF,1996-06-01,1068.9669256977,TRESEGZAM052N
ZAF,1996-07-01,855.0929664166,TRESEGZAM052N
ZAF,1996-08-01,852.0928269825,TRESEGZAM052N
ZAF,1996-09-01,895.8535531486,TRESEGZAM052N
ZAF,1996-10-01,866.8299310175,TRESEGZAM052N
ZAF,1996-11-01,1093.4881152645,TRESEGZAM052N
ZAF,1996-12-01,941.5569327149,TRESEGZAM052N
ZAF,1997-01-01,1366.2162106689,TRESEGZAM052N
ZAF,1997-02-01,1606.2704861037,TRESEGZAM052N
ZAF,1997-03-01,1824.0861050034,TRESEGZAM052N
ZAF,1997-04-01,2048.748534763,TRESEGZAM052N
ZAF,1997-05-01,3698.8078326746,TRESEGZAM052N
ZAF,1997-06-01,4240.78313181,TRESEGZAM052N
ZAF,1997-07-01,4253.5183685421,TRESEGZAM052N
ZAF,1997-08-01,4351.3270972434,TRESEGZAM052N
ZAF,1997-09-01,4523.5800923985,TRESEGZAM052N
ZAF,1997-10-01,4598.0855816174,TRESEGZAM052N
ZAF,1997-11-01,4399.6823647984,TRESEGZAM052N
ZAF,1997-12-01,4799.4149244435,TRESEGZAM052N
ZAF,1998-01-01,4527.8322476697,TRESEGZAM052N
ZAF,1998-02-01,5195.5600344601,TRESEGZAM052N
ZAF,1998-03-01,5449.693787809,TRESEGZAM052N
ZAF,1998-04-01,5392.3152781781,TRESEGZAM052N
ZAF,1998-05-01,5291.2020899979,TRESEGZAM052N
ZAF,1998-06-01,4609.9544217198,TRESEGZAM052N
ZAF,1998-07-01,4256.1799016565,TRESEGZAM052N
ZAF,1998-08-01,4052.7926200456,TRESEGZAM052N
ZAF,1998-09-01,4144.7802001897,TRESEGZAM052N
ZAF,1998-10-01,4326.032165897,TRESEGZAM052N
ZAF,1998-11-01,4358.6553161198,TRESEGZAM052N
ZAF,1998-12-01,4356.8532707168,TRESEGZAM052N
ZAF,1999-01-01,4350.3763017869,TRESEGZAM052N
ZAF,1999-02-01,4269.2984233427,TRESEGZAM052N
ZAF,1999-03-01,4303.1102156432,TRESEGZAM052N
ZAF,1999-04-01,4505.5087522684,TRESEGZAM052N
ZAF,1999-05-01,4541.1364959662,TRESEGZAM052N
ZAF,1999-06-01,4858.1336310257,TRESEGZAM052N
ZAF,1999-07-01,4868.0634829961,TRESEGZAM052N
ZAF,1999-08-01,5225.0431297904,TRESEGZAM052N
ZAF,1999-09-01,5480.2500665738,TRESEGZAM052N
ZAF,1999-10-01,6191.1403083622,TRESEGZAM052N
ZAF,1999-11-01,6583.0979186366,TRESEGZAM052N
ZAF,1999-12-01,6353.0954796089,TRESEGZAM052N
ZAF,2000-01-01,6344.7626325292,TRESEGZAM052N
ZAF,2000-02-01,6356.3962651578,TRESEGZAM052N
ZAF,2000-03-01,6378.0743075006,TRESEGZAM052N
ZAF,2000-04-01,6329.1310380501,TRESEGZAM052N
ZAF,2000-05-01,6310.8417877212,TRESEGZAM052N
ZAF,2000-06-01,6506.1446777792,TRESEGZAM052N
ZAF,2000-07-01,6236.0282932369,TRESEGZAM052N
ZAF,2000-08-01,6056.5724744299,TRESEGZAM052N
ZAF,2000-09-01,6114.5603632095,TRESEGZAM052N
ZAF,2000-10-01,6092.5102967905,TRESEGZAM052N
ZAF,2000-11-01,6091.1077227567,TRESEGZAM052N
ZAF,2000-12-01,6082.8061317716,TRESEGZAM052N
ZAF,2001-01-01,6052.8262362194,TRESEGZAM052N
ZAF,2001-02-01,6103.0134889847,TRESEGZAM052N
ZAF,2001-03-01,6154.2633607454,TRESEGZAM052N
ZAF,2001-04-01,6105.0420321115,TRESEGZAM052N
ZAF,2001-05-01,6056.0188746976,TRESEGZAM052N
ZAF,2001-06-01,6058.6039849784,TRESEGZAM052N
ZAF,2001-07-01,6062.5790811139,TRESEGZAM052N
ZAF,2001-08-01,6042.1041579717,TRESEGZAM052N
ZAF,2001-09-01,5984.5681098185,TRESEGZAM052N
ZAF,2001-10-01,6109.3265917924,TRESEGZAM052N
ZAF,2001-11-01,6108.8148593289,TRESEGZAM052N
ZAF,2001-12-01,6045.2769191502,TRESEGZAM052N
ZAF,2002-01-01,5980.5251931909,TRESEGZAM052N
ZAF,2002-02-01,6026.5846465809,TRESEGZAM052N
ZAF,2002-03-01,5995.7071977004,TRESEGZAM052N
ZAF,2002-04-01,5955.0474928172,TRESEGZAM052N
ZAF,2002-05-01,5913.6298545807,TRESEGZAM052N
ZAF,2002-06-01,5963.8177278175,TRESEGZAM052N
ZAF,2002-07-01,5970.4763873271,TRESEGZAM052N
ZAF,2002-08-01,6010.5269658038,TRESEGZAM052N
ZAF,2002-09-01,5972.3357921618,TRESEGZAM052N
ZAF,2002-10-01,5950.699777593,TRESEGZAM052N
ZAF,2002-11-01,5946.9717079033,TRESEGZAM052N
ZAF,2002-12-01,5904.2398584102,TRESEGZAM052N
ZAF,2003-01-01,5909.2140702,TRESEGZAM052N
ZAF,2003-02-01,6074.7693633253,TRESEGZAM052N
ZAF,2003-03-01,6103.8520919596,TRESEGZAM052N
ZAF,2003-04-01,5935.5987374097,TRESEGZAM052N
ZAF,2003-05-01,5967.381326635,TRESEGZAM052N
ZAF,2003-06-01,6429.5919142647,TRESEGZAM052N
ZAF,2003-07-01,6473.5618101876,TRESEGZAM052N
ZAF,2003-08-01,6461.253326363,TRESEGZAM052N
ZAF,2003-09-01,6506.6660317715,TRESEGZAM052N
ZAF,2003-10-01,6440.772750422,TRESEGZAM052N
ZAF,2003-11-01,6467.8166670553,TRESEGZAM052N
ZAF,2003-12-01,6495.5202825803,TRESEGZAM052N
ZAF,2004-01-01,6516.0611162028,TRESEGZAM052N
ZAF,2004-02-01,6768.1071354178,TRESEGZAM052N
ZAF,2004-03-01,8271.2703568532,TRESEGZAM052N
ZAF,2004-04-01,8600.4802659883,TRESEGZAM052N
ZAF,2004-05-01,8866.519370197,TRESEGZAM052N
ZAF,2004-06-01,9775.4487871217,TRESEGZAM052N
ZAF,2004-07-01,10243.88636704,TRESEGZAM052N
ZAF,2004-08-01,10408.6098813346,TRESEGZAM052N
ZAF,2004-09-01,10668.7399940958,TRESEGZAM052N
ZAF,2004-10-01,11217.6876045679,TRESEGZAM052N
ZAF,2004-11-01,12610.5305899093,TRESEGZAM052N
ZAF,2004-12-01,13141.2516281943,TRESEGZAM052N
ZAF,2005-01-01,13438.3275965479,TRESEGZAM052N
ZAF,2005-02-01,13762.8222777058,TRESEGZAM052N
ZAF,2005-03-01,14148.4693273072,TRESEGZAM052N
ZAF,2005-04-01,14303.9524401909,TRESEGZAM052N
ZAF,2005-05-01,15518.2593282501,TRESEGZAM052N
ZAF,2005-06-01,16917.360563719,TRESEGZAM052N
ZAF,2005-07-01,17159.1608270659,TRESEGZAM052N
ZAF,2005-08-01,17220.0138901759,TRESEGZAM052N
ZAF,2005-09-01,17627.4122974477,TRESEGZAM052N
ZAF,2005-10-01,17790.677851284,TRESEGZAM052N
ZAF,2005-11-01,18014.9418766166,TRESEGZAM052N
ZAF,2005-12-01,18579.1296952026,TRESEGZAM052N
ZAF,2006-01-01,19865.1604254283,TRESEGZAM052N
ZAF,2006-02-01,20356.7216401039,TRESEGZAM052N
ZAF,2006-03-01,20607.2286984976,TRESEGZAM052N
ZAF,2006-04-01,21761.134203073,TRESEGZAM052N
ZAF,2006-05-01,21457.1968094953,TRESEGZAM052N
ZAF,2006-06-01,21511.6213060421,TRESEGZAM052N
ZAF,2006-07-01,21604.9357692542,TRESEGZAM052N
ZAF,2006-08-01,21919.9716899278,TRESEGZAM052N
ZAF,2006-09-01,22228.7485340998,TRESEGZAM052N
ZAF,2006-10-01,22122.4483214384,TRESEGZAM052N
ZAF,2006-11-01,22851.8224719318,TRESEGZAM052N
ZAF,2006-12-01,23056.9184311639,TRESEGZAM052N
ZAF,2007-01-01,23634.8934746051,TRESEGZAM052N
ZAF,2007-02-01,23612.4548569217,TRESEGZAM052N
ZAF,2007-03-01,23849.2601289772,TRESEGZAM052N
ZAF,2007-04-01,24278.462562945,TRESEGZAM052N
ZAF,2007-05-01,25196.5367383897,TRESEGZAM052N
ZAF,2007-06-01,25494.8344988105,TRESEGZAM052N
ZAF,2007-07-01,26638.4143861238,TRESEGZAM052N
ZAF,2007-08-01,27116.9383717775,TRESEGZAM052N
ZAF,2007-09-01,27533.668870836,TRESEGZAM052N
ZAF,2007-10-01,28586.6915084047,TRESEGZAM052N
ZAF,2007-11-01,29137.9044289764,TRESEGZAM052N
ZAF,2007-12-01,29588.572400564,TRESEGZAM052N
ZAF,2008-01-01,29884.5087832997,TRESEGZAM052N
ZAF,2008-02-01,30304.3090077931,TRESEGZAM052N
ZAF,2008-03-01,30615.4241711847,TRESEGZAM052N
ZAF,2008-04-01,30763.4180631298,TRESEGZAM052N
ZAF,2008-05-01,30831.4291483572,TRESEGZAM052N
ZAF,2008-06-01,31102.6726680102,TRESEGZAM052N
ZAF,2008-07-01,31299.8200409668,TRESEGZAM052N
ZAF,2008-08-01,30966.3228488357,TRESEGZAM052N
ZAF,2008-09-01,30832.1749110905,TRESEGZAM052N
ZAF,2008-10-01,29934.9873858178,TRESEGZAM052N
ZAF,2008-11-01,29938.4158916079,TRESEGZAM052N
ZAF,2008-12-01,30583.5438569593,TRESEGZAM052N
ZAF,2009-01-01,30009.1769698851,TRESEGZAM052N
ZAF,2009-02-01,29931.761260346,TRESEGZAM052N
ZAF,2009-03-01,30375.9301977581,TRESEGZAM052N
ZAF,2009-04-01,30475.8818135348,TRESEGZAM052N
ZAF,2009-05-01,31904.5324623148,TRESEGZAM052N
ZAF,2009-06-01,31949.13956158,TRESEGZAM052N
ZAF,2009-07-01,31961.1647981809,TRESEGZAM052N
ZAF,2009-08-01,34122.5434090036,TRESEGZAM052N
ZAF,2009-09-01,35086.6410740136,TRESEGZAM052N
ZAF,2009-10-01,35566.9641559915,TRESEGZAM052N
ZAF,2009-11-01,35752.1445291026,TRESEGZAM052N
ZAF,2009-12-01,35237.4195764756,TRESEGZAM052N
ZAF,2010-01-01,35091.1487655921,TRESEGZAM052N
ZAF,2010-02-01,34953.1444637653,TRESEGZAM052N
ZAF,2010-03-01,37496.384403091,TRESEGZAM052N
ZAF,2010-04-01,37592.0579318973,TRESEGZAM052N
ZAF,2010-05-01,37039.4882551308,TRESEGZAM052N
ZAF,2010-06-01,37202.2390160835,TRESEGZAM052N
ZAF,2010-07-01,38397.5378396002,TRESEGZAM052N
ZAF,2010-08-01,38122.9856113594,TRESEGZAM052N
ZAF,2010-09-01,38764.9408610545,TRESEGZAM052N
ZAF,2010-10-01,38750.6735005725,TRESEGZAM052N
ZAF,2010-11-01,37833.3735792569,TRESEGZAM052N
ZAF,2010-12-01,38175.0577490238,TRESEGZAM052N
ZAF,2011-01-01,40133.7128823627,TRESEGZAM052N
ZAF,2011-02-01,41638.8929870836,TRESEGZAM052N
ZAF,2011-03-01,43511.7305787111,TRESEGZAM052N
ZAF,2011-04-01,44426.2644340198,TRESEGZAM052N
ZAF,2011-05-01,43965.9887865012,TRESEGZAM052N
ZAF,2011-06-01,43984.0633800532,TRESEGZAM052N
ZAF,2011-07-01,43610.6429206695,TRESEGZAM052N
ZAF,2011-08-01,44113.4207734307,TRESEGZAM052N
ZAF,2011-09-01,43208.2172238232,TRESEGZAM052N
ZAF,2011-10-01,43261.3033797042,TRESEGZAM052N
ZAF,2011-11-01,42759.0951904206,TRESEGZAM052N
ZAF,2011-12-01,42595.1712460381,TRESEGZAM052N
ZAF,2012-01-01,44467.9391249436,TRESEGZAM052N
ZAF,2012-02-01,44714.3023539469,TRESEGZAM052N
ZAF,2012-03-01,43982.322930245,TRESEGZAM052N
ZAF,2012-04-01,43275.4334173054,TRESEGZAM052N
ZAF,2012-05-01,42625.585582413,TRESEGZAM052N
ZAF,2012-06-01,42916.982545474,TRESEGZAM052N
ZAF,2012-07-01,42866.7659607493,TRESEGZAM052N
ZAF,2012-08-01,43315.2679262201,TRESEGZAM052N
ZAF,2012-09-01,43849.1687039041,TRESEGZAM052N
ZAF,2012-10-01,43754.1463564728,TRESEGZAM052N
ZAF,2012-11-01,43854.940977861,TRESEGZAM052N
ZAF,2012-12-01,43995.4704050297,TRESEGZAM052N
ZAF,2013-01-01,44489.7794623765,TRESEGZAM052N
ZAF,2013-02-01,43979.4171958908,TRESEGZAM052N
ZAF,2013-03-01,43569.128922981,TRESEGZAM052N
ZAF,2013-04-01,44598.6978842757,TRESEGZAM052N
ZAF,2013-05-01,42500.3206232729,TRESEGZAM052N
ZAF,2013-06-01,41819.9867818684,TRESEGZAM052N
ZAF,2013-07-01,42179.1652073542,TRESEGZAM052N
ZAF,2013-08-01,42348.3625059008,TRESEGZAM052N
ZAF,2013-09-01,44731.0769658182,TRESEGZAM052N
ZAF,2013-10-01,44901.1174502429,TRESEGZAM052N
ZAF,2013-11-01,44594.9999234864,TRESEGZAM052N
ZAF,2013-12-01,44863.6758935691,TRESEGZAM052N
ZAF,2014-01-01,44418.4056886917,TRESEGZAM052N
ZAF,2014-02-01,44902.3559440188,TRESEGZAM052N
ZAF,2014-03-01,44347.2579638144,TRESEGZAM052N
ZAF,2014-04-01,44442.6201070064,TRESEGZAM052N
ZAF,2014-05-01,44453.825125929,TRESEGZAM052N
ZAF,2014-06-01,43478.6519860339,TRESEGZAM052N
ZAF,2014-07-01,44810.3473358652,TRESEGZAM052N
ZAF,2014-08-01,44591.7089076675,TRESEGZAM052N
ZAF,2014-09-01,44267.1051061538,TRESEGZAM052N
ZAF,2014-10-01,43974.3706744888,TRESEGZAM052N
ZAF,2014-11-01,44009.2070683981,TRESEGZAM052N
ZAF,2014-12-01,44267.4183804854,TRESEGZAM052N
ZAF,2015-01-01,42525.0380273623,TRESEGZAM052N
ZAF,2015-02-01,42306.410932695,TRESEGZAM052N
ZAF,2015-03-01,41656.5467817398,TRESEGZAM052N
ZAF,2015-04-01,42175.3626229458,TRESEGZAM052N
ZAF,2015-05-01,41657.8558938385,TRESEGZAM052N
ZAF,2015-06-01,42112.0210687698,TRESEGZAM052N
ZAF,2015-07-01,41450.9334813646,TRESEGZAM052N
ZAF,2015-08-01,41525.5550823537,TRESEGZAM052N
ZAF,2015-09-01,41610.7282783594,TRESEGZAM052N
ZAF,2015-10-01,41430.8560974804,TRESEGZAM052N
ZAF,2015-11-01,40884.0870655991,TRESEGZAM052N
ZAF,2015-12-01,41619.5057567249,TRESEGZAM052N
ZAF,2016-01-01,40623.8543647026,TRESEGZAM052N
ZAF,2016-02-01,40767.6696292443,TRESEGZAM052N
ZAF,2016-03-01,41797.6703545391,TRESEGZAM052N
ZAF,2016-04-01,41519.3634968546,TRESEGZAM052N
ZAF,2016-05-01,41058.4905652294,TRESEGZAM052N
ZAF,2016-06-01,40944.6515792175,TRESEGZAM052N
ZAF,2016-07-01,40722.4809510934,TRESEGZAM052N
ZAF,2016-08-01,40386.6355883171,TRESEGZAM052N
ZAF,2016-09-01,41839.1352305756,TRESEGZAM052N
ZAF,2016-10-01,41829.7500348606,TRESEGZAM052N
ZAF,2016-11-01,42222.0233319829,TRESEGZAM052N
ZAF,2016-12-01,42565.5880008565,TRESEGZAM052N
ZAF,2017-01-01,41755.9127356013,TRESEGZAM052N
ZAF,2017-02-01,41627.641254277,TRESEGZAM052N
ZAF,2017-03-01,41546.1689704711,TRESEGZAM052N
ZAF,2017-04-01,41541.3263654716,TRESEGZAM052N
ZAF,2017-05-01,42104.0715951026,TRESEGZAM052N
ZAF,2017-06-01,42297.8721758769,TRESEGZAM052N
ZAF,2017-07-01,41636.038855275,TRESEGZAM052N
ZAF,2017-08-01,41660.3765142703,TRESEGZAM052N
ZAF,2017-09-01,44195.1924258656,TRESEGZAM052N
ZAF,2017-10-01,43771.4671717917,TRESEGZAM052N
ZAF,2017-11-01,45139.1905039596,TRESEGZAM052N
ZAF,2017-12-01,45499.2928632361,TRESEGZAM052N
ZAF,2018-01-01,45089.9156384237,TRESEGZAM052N
ZAF,2018-02-01,44734.3854792465,TRESEGZAM052N
ZAF,2018-03-01,44649.4277981803,TRESEGZAM052N
ZAF,2018-04-01,44248.2989530904,TRESEGZAM052N
ZAF,2018-05-01,45903.2199337007,TRESEGZAM052N
ZAF,2018-06-01,45542.8766013829,TRESEGZAM052N
ZAF,2018-07-01,45583.1561973614,TRESEGZAM052N
ZAF,2018-08-01,44997.4931878505,TRESEGZAM052N
ZAF,2018-09-01,45623.1140171086,TRESEGZAM052N
ZAF,2018-10-01,45266.9016575838,TRESEGZAM052N
ZAF,2018-11-01,45746.6626064392,TRESEGZAM052N
ZAF,2018-12-01,46478.2741166735,TRESEGZAM052N
ZAF,2019-01-01,45505.3773395151,TRESEGZAM052N
ZAF,2019-02-01,45498.4802745624,TRESEGZAM052N
ZAF,2019-03-01,44454.4975837497,TRESEGZAM052N
ZAF,2019-04-01,44369.4083735896,TRESEGZAM052N
ZAF,2019-05-01,43099.8316521787,TRESEGZAM052N
ZAF,2019-06-01,44109.858988065,TRESEGZAM052N
ZAF,2019-07-01,43599.7133520023,TRESEGZAM052N
ZAF,2019-08-01,43796.8741086981,TRESEGZAM052N
ZAF,2019-09-01,48880.7426528028,TRESEGZAM052N
ZAF,2019-10-01,48455.8148472049,TRESEGZAM052N
ZAF,2019-11-01,49026.2682674684,TRESEGZAM052N
ZAF,2019-12-01,48919.726656867,TRESEGZAM052N
ZAF,2020-01-01,48252.5890295521,TRESEGZAM052N
ZAF,2020-02-01,48187.4392687003,TRESEGZAM052N
ZAF,2020-03-01,45976.7224641706,TRESEGZAM052N
ZAF,2020-04-01,46087.0902153313,TRESEGZAM052N
ZAF,2020-05-01,45808.6028376092,TRESEGZAM052N
ZAF,2020-06-01,45186.7762376101,TRESEGZAM052N
ZAF,2020-07-01,49947.1677679177,TRESEGZAM052N
ZAF,2020-08-01,47834.4354728172,TRESEGZAM052N
ZAF,2020-09-01,46824.0520619558,TRESEGZAM052N
ZAF,2020-10-01,46085.3308163795,TRESEGZAM052N
ZAF,2020-11-01,46630.7670678079,TRESEGZAM052N
ZAF,2020-12-01,47387.3589955568,TRESEGZAM052N
ZAF,2021-01-01,47285.5133101268,TRESEGZAM052N
ZAF,2021-02-01,46674.2997239478,TRESEGZAM052N
ZAF,2021-03-01,46203.5980714641,TRESEGZAM052N
ZAF,2021-04-01,46555.1118978726,TRESEGZAM052N
ZAF,2021-05-01,46467.9186060118,TRESEGZAM052N
ZAF,2021-06-01,47377.5198729342,TRESEGZAM052N
ZAF,2021-07-01,47097.5902383477,TRESEGZAM052N
ZAF,2021-08-01,51105.0392809786,TRESEGZAM052N
ZAF,2021-09-01,50100.2458410117,TRESEGZAM052N
ZAF,2021-10-01,50306.3247490531,TRESEGZAM052N
ZAF,2021-11-01,50403.2545890066,TRESEGZAM052N
ZAF,2021-12-01,50262.1466172517,TRESEGZAM052N
ZAF,2022-01-01,49978.4478018881,TRESEGZAM052N
ZAF,2022-02-01,50007.1742170631,TRESEGZAM052N
ZAF,2022-03-01,50385.826568332,TRESEGZAM052N
ZAF,2022-04-01,52558.5558517503,TRESEGZAM052N
ZAF,2022-05-01,51795.3090801115,TRESEGZAM052N
ZAF,2022-06-01,51650.9782111066,TRESEGZAM052N
ZAF,2022-07-01,52421.7335675221,TRESEGZAM052N
ZAF,2022-08-01,52852.4924287774,TRESEGZAM052N
ZAF,2022-09-01,52187.4601643622,TRESEGZAM052N
ZAF,2022-10-01,52096.1558559888,TRESEGZAM052N
ZAF,2022-11-01,52777.2400229834,TRESEGZAM052N
ZAF,2022-12-01,53247.5301562544,TRESEGZAM052N
ZAF,2023-01-01,54194.0619499934,TRESEGZAM052N
ZAF,2023-02-01,53732.839436223,TRESEGZAM052N
ZAF,2023-03-01,53866.6645950116,TRESEGZAM052N
ZAF,2023-04-01,53723.612743236,TRESEGZAM052N
ZAF,2023-05-01,53390.6534774252,TRESEGZAM052N
ZAF,2023-06-01,53868.9183454414,TRESEGZAM052N
ZAF,2023-07-01,54315.2996963621,TRESEGZAM052N
ZAF,2023-08-01,54108.0101075523,TRESEGZAM052N
ZAF,2023-09-01,53543.4623745841,TRESEGZAM052N
ZAF,2023-10-01,52904.2225858,TRESEGZAM052N
ZAF,2023-11-01,53506.4740882662,TRESEGZAM052N
ZAF,2023-12-01,54176.0790203129,TRESEGZAM052N
ZAF,2024-01-01,52969.5674909734,TRESEGZAM052N
ZAF,2024-02-01,53480.4287529256,TRESEGZAM052N
ZAF,2024-03-01,53414.7700537167,TRESEGZAM052N
ZAF,2024-04-01,52474.8073503557,TRESEGZAM052N
ZAF,2024-05-01,52691.4422301635,TRESEGZAM052N
ZAF,2024-06-01,52686.7161367801,TRESEGZAM052N
ZAF,2024-07-01,52512.3042152149,TRESEGZAM052N
ZAF,2024-08-01,53051.9276913257,TRESEGZAM052N
ZAF,2024-09-01,52977.6867052509,TRESEGZAM052N
ZAF,2024-10-01,51824.6491756519,TRESEGZAM052N
ZAF,2024-11-01,55128.3064297427,TRESEGZAM052N
ZAF,2024-12-01,54912.4568592265,TRESEGZAM052N
ZAF,2025-01-01,54560.8784939255,TRESEGZAM052N
ZAF,2025-02-01,54700.6249260413,TRESEGZAM052N
ZAF,2025-03-01,54862.6359640615,TRESEGZAM052N
ZAF,2025-04-01,54393.5312930143,TRESEGZAM052N
ZAF,2025-05-01,54842.7789012832,TRESEGZAM052N
ZAF,2025-06-01,55176.0815320143,TRESEGZAM052N
ZAF,2025-07-01,55828.6002078433,TRESEGZAM052N
ZAF,2025-08-01,56701.1841960115,TRESEGZAM052N
ZAF,2025-09-01,54356.1701555643,TRESEGZAM052N
ZAF,2025-10-01,55339.4785000061,TRESEGZAM052N
ZAF,2025-11-01,55279.6804950616,TRESEGZAM052N
ZAF,2025-12-01,58399.3253336109,TRESEGZAM052N
ZAF,2026-01-01,59520.3817595905,TRESEGZAM052N
ZAF,2026-02-01,60177.3660614493,TRESEGZAM052N
ZAF,2026-03-01,59256.5546225098,TRESEGZAM052N
ZAF,2026-04-01,58389.006172704,TRESEGZAM052N
ZAF,2026-05-01,58355.4583283146,TRESEGZAM052N
ZAF,2026-06-01,57852.0699315304,TRESEGZAM052N
ZAF,2026-07-01,57036.0699315304,TRESEGZAM052N
